CASE_ID,ACCIDENT_YEAR,PROC_DATE,JURIS,COLLISION_DATE,COLLISION_TIME,OFFICER_ID,REPORTING_DISTRICT,DAY_OF_WEEK,CHP_SHIFT,POPULATION,CNTY_CITY_LOC,SPECIAL_COND,BEAT_TYPE,CHP_BEAT_TYPE,CITY_DIVISION_LAPD,CHP_BEAT_CLASS,BEAT_NUMBER,PRIMARY_RD,SECONDARY_RD,DISTANCE,DIRECTION,INTERSECTION,WEATHER_1,WEATHER_2,STATE_HWY_IND,CALTRANS_COUNTY,CALTRANS_DISTRICT,STATE_ROUTE,ROUTE_SUFFIX,POSTMILE_PREFIX,POSTMILE,LOCATION_TYPE,RAMP_INTERSECTION,SIDE_OF_HWY,TOW_AWAY,COLLISION_SEVERITY,NUMBER_KILLED,NUMBER_INJURED,PARTY_COUNT,PRIMARY_COLL_FACTOR,PCF_CODE_OF_VIOL,PCF_VIOL_CATEGORY,PCF_VIOLATION,PCF_VIOL_SUBSECTION,HIT_AND_RUN,TYPE_OF_COLLISION,MVIW,PED_ACTION,ROAD_SURFACE,ROAD_COND_1,ROAD_COND_2,LIGHTING,CONTROL_DEVICE,CHP_ROAD_TYPE,PEDESTRIAN_ACCIDENT,BICYCLE_ACCIDENT,MOTORCYCLE_ACCIDENT,TRUCK_ACCIDENT,NOT_PRIVATE_PROPERTY,ALCOHOL_INVOLVED,STWD_VEHTYPE_AT_FAULT,CHP_VEHTYPE_AT_FAULT,COUNT_SEVERE_INJ,COUNT_VISIBLE_INJ,COUNT_COMPLAINT_PAIN,COUNT_PED_KILLED,COUNT_PED_INJURED,COUNT_BICYCLIST_KILLED,COUNT_BICYCLIST_INJURED,COUNT_MC_KILLED,COUNT_MC_INJURED,PRIMARY_RAMP,SECONDARY_RAMP,LATITUDE,LONGITUDE,COUNTY,CITY,POINT_X,POINT_Y
91905382,2022,2022-10-31,9650,2022-10-19,1445,021338,NA,3,2,3,3783,0,1,1,NA,2,007,I-5 N/B,LOMAS SANTA FE DRIVE,4066,S,N,A,-,Y,SD,NA,5,NA,R,36.622,H,NA,R,Y,4,0,2,3,A,-,03,22350,NA,N,C,C,A,A,H,-,A,D,0,NA,NA,NA,NA,Y,NA,A,01,0,0,2,0,0,0,0,0,0,-,-,32.984771728515625,-117.25475311279295,SAN DIEGO,SOLANA BEACH,-117.2546844482422,32.984779357910156
91911758,2022,2022-11-07,9645,2022-10-27,0810,019054,NA,4,1,7,3711,0,1,1,NA,2,010,I-8 W/B,I-15,560,E,N,A,-,Y,SD,NA,8,NA,NA,5.751,H,NA,L,N,4,0,1,2,A,-,03,22350,NA,N,C,C,A,A,H,-,A,D,0,NA,NA,NA,NA,Y,NA,A,01,0,0,1,0,0,0,0,0,0,-,-,32.778629302978516,-117.11042785644533,SAN DIEGO,SAN DIEGO,-117.11043548583984,32.77876663208008
91964706,2022,2023-01-10,9650,2022-11-12,1946,022588,NA,6,2,9,3700,0,3,5,NA,2,190,S. SANTA FE AVE W/B,ROBELINI DR,120,E,N,A,-,N,NA,NA,NA,NA,NA,NA,NA,NA,NA,N,2,0,1,2,A,-,11,21950,B,N,G,B,E,A,H,-,C,D,0,Y,NA,NA,NA,Y,NA,N,60,1,0,0,0,0,0,0,0,0,-,-,33.173561096191406,-117.2089614868164,SAN DIEGO,UNINCORPORATED,-117.20906066894533,33.17362594604492
91980401,2023,2023-01-27,9645,2023-01-19,905,016156,NA,4,1,7,3711,0,1,1,NA,2,010,I-8 W/B,70TH STREET,2640,W,N,A,-,Y,SD,NA,8,NA,NA,9.071,H,NA,L,Y,4,0,1,3,A,-,07,21658,A,N,B,C,A,A,H,-,A,D,0,NA,NA,Y,NA,Y,NA,-,-,0,0,1,0,0,0,0,0,1,-,-,32.777339935302734,-117.05403900146484,SAN DIEGO,SAN DIEGO,-117.05405426025392,32.77727127075195
92027954,2023,2023-03-24,9645,2023-03-17,745,015698,NA,5,1,7,3711,0,1,3,NA,2,023,SR-163 FROM WASHINGTON ST,WASHINGTON ST,500,N,N,B,-,Y,NA,NA,NA,NA,NA,NA,NA,NA,NA,Y,4,0,1,3,A,-,03,22350,NA,N,C,C,A,D,H,-,A,D,0,NA,NA,NA,NA,Y,NA,A,01,0,0,1,0,0,0,0,0,0,-,-,32.75136947631836,-117.15337371826172,SAN DIEGO,SAN DIEGO,-117.15337371826172,32.75136947631836
92036030,2023,2023-04-03,9645,2023-03-24,1351,022479,NA,5,1,7,3711,0,1,3,NA,2,006,SR-94 W/B,SR-15,180,E,N,A,-,Y,SD,NA,94,NA,NA,3.236,H,NA,L,Y,3,0,1,2,A,-,07,21658,A,N,B,C,A,A,H,-,A,D,0,NA,NA,NA,Y,Y,NA,F,21,0,1,0,0,0,0,0,0,0,-,-,32.71726989746094,-117.11715698242188,SAN DIEGO,SAN DIEGO,-117.1171646118164,32.7172966003418
92042141,2022,2023-04-11,9680,2022-10-22,1350,020500,BARON,6,1,9,3700,0,2,4,NA,1,094,WILDCAT CANYON ROAD,SAN VICENTE ROAD,6336,S,N,B,-,N,NA,NA,NA,NA,NA,NA,NA,NA,NA,N,1,1,1,2,A,-,05,21460,A,N,A,C,A,A,H,-,A,A,0,NA,NA,Y,NA,Y,Y,C,02,0,1,0,0,0,0,0,1,0,-,-,32.98809051513672,-116.82816314697266,SAN DIEGO,UNINCORPORATED,-116.83051300048828,32.98957824707031
92054780,2023,2023-04-27,9645,2023-03-29,651,020623,NA,3,1,6,3702,0,1,1,NA,2,009,I-805 N/B,PALM AVE,1584,S,N,B,-,Y,SD,NA,805,NA,NA,2.585,H,NA,R,N,3,0,1,2,A,-,08,22107,NA,N,B,C,A,A,H,-,A,D,0,NA,NA,NA,Y,Y,NA,A,01,0,1,0,0,0,0,0,0,0,-,-,32.57933044433594,-117.03785705566406,SAN DIEGO,CHULA VISTA,-117.03791809082033,32.57933807373047
92059544,2023,2023-05-02,9645,2023-04-21,34,022932,NA,5,3,7,3711,0,1,1,NA,2,010,I-8 E/B,TEXAS ST O/C,1000,W,N,A,-,Y,SD,NA,8,NA,NA,3.591,H,NA,R,Y,4,0,1,1,A,-,08,22107,NA,N,E,I,A,A,H,-,C,D,0,NA,NA,NA,NA,Y,NA,D,22,0,0,1,0,0,0,0,0,0,-,-,32.76789855957031,-117.14463806152344,SAN DIEGO,SAN DIEGO,-117.14466857910156,32.7679443359375
92103933,2023,2024-04-02,9650,2023-06-27,648,019594,NA,2,1,9,3700,0,1,1,NA,2,021,I-15 S/B,MESA ROCK ROAD U/C,3538,N,N,B,-,Y,SD,NA,15,NA,R,35.58,H,NA,L,Y,3,0,1,2,A,-,07,21658,A,N,B,C,A,A,D,-,A,D,0,NA,NA,Y,NA,Y,NA,A,07,0,1,0,0,0,0,0,0,1,-,-,33.18347930908203,-117.1179428100586,SAN DIEGO,UNINCORPORATED,-117.11799621582033,33.18345642089844
9210529,2020,2021-02-03,3702,2020-11-10,2032,CV1267,NA,2,5,6,3702,0,0,0,NA,0,041,OLYMPIC PKWY,HERITAGE RD,60,E,N,A,-,N,NA,NA,NA,NA,NA,NA,NA,NA,NA,N,4,0,1,2,A,-,03,22350,NA,N,C,C,A,A,H,-,C,A,0,NA,NA,NA,NA,Y,NA,D,22,0,0,1,0,0,0,0,0,0,-,-,NA,NA,SAN DIEGO,CHULA VISTA,-117.00193786621094,32.61703872680664
92121841,2023,2023-07-20,9645,2023-07-10,855,022814,NA,1,1,6,3702,0,1,1,NA,2,001,I-5 NORTHBOUND,H STREET,615,S,N,A,-,Y,SD,NA,5,NA,NA,7.686,H,NA,R,N,4,0,2,2,D,-,00,NA,NA,N,C,C,A,A,H,-,A,D,0,NA,NA,NA,NA,Y,NA,-,-,0,0,2,0,0,0,0,0,0,-,-,32.62746810913086,-117.09513092041016,SAN DIEGO,CHULA VISTA,-117.09508514404295,32.62748336791992
92133209,2023,2023-08-01,9680,2023-07-21,1300,018322,NA,5,1,9,3700,0,1,3,NA,2,028,SR-125 S/B,JAMACHA RD,361,N,N,A,-,Y,SD,NA,125,NA,NA,10.715,H,NA,L,Y,4,0,2,1,A,-,08,22107,NA,N,E,I,A,A,H,-,A,D,0,NA,NA,NA,NA,Y,NA,A,01,0,0,2,0,0,0,0,0,0,-,-,32.7158317565918,-117.01480865478516,SAN DIEGO,UNINCORPORATED,-117.01470947265624,32.71583938598633
92141089,2023,2023-08-10,9645,2023-07-12,1726,023210,NA,3,2,7,3711,0,1,1,NA,2,003,I-5 S/B,IMPERIAL U/C,210,N,N,A,-,Y,SD,NA,5,NA,R,14.57,H,NA,L,N,3,0,2,1,A,-,03,22350,NA,N,F,A,A,A,H,-,A,D,0,NA,NA,Y,NA,Y,NA,C,02,0,2,0,0,0,0,0,0,2,-,-,32.70695877075195,-117.1476593017578,SAN DIEGO,SAN DIEGO,-117.14773559570313,32.70695877075195
92144591,2023,2023-08-15,9645,2023-08-08,820,019054,NA,2,1,7,3711,0,1,1,NA,2,021,SR-15 N/B TO I-805 N/B,SR-15,200,N,N,A,-,Y,NA,NA,NA,NA,NA,NA,NA,NA,NA,N,3,0,2,2,A,-,03,22350,NA,N,B,C,A,A,H,-,A,D,0,NA,NA,NA,NA,Y,NA,A,01,0,1,1,0,0,0,0,0,0,-,-,32.7400016784668,-117.11441802978516,SAN DIEGO,SAN DIEGO,-117.11441802978516,32.7400016784668
92146496,2023,2023-08-17,9680,2023-04-03,2125,022653,NA,1,2,5,3708,0,1,3,NA,2,028,SR-125 N/B,GROSSMONT BLVD,528,S,N,A,-,Y,SD,NA,125,NA,R,14.967,H,NA,R,Y,4,0,1,2,A,-,03,22350,NA,N,C,C,A,A,D,-,C,A,0,NA,NA,NA,NA,Y,NA,A,01,0,0,1,0,0,0,0,0,0,-,-,32.77159118652344,-117.00169372558594,SAN DIEGO,LA MESA,-117.0017547607422,32.771583557128906
92152223,2023,2023-08-24,9680,2023-08-13,2125,022161,NA,7,2,9,3700,0,3,5,NA,2,004,JAPATUL RD.,JAPATUL SPUR RD.,770,W,N,A,-,N,NA,NA,NA,NA,NA,NA,NA,NA,NA,Y,3,0,1,1,A,-,01,23152,A,N,E,I,A,A,H,-,D,D,0,NA,NA,NA,NA,Y,Y,A,01,0,1,0,0,0,0,0,0,0,-,-,32.766971588134766,-116.6943588256836,SAN DIEGO,UNINCORPORATED,-116.69419097900392,32.766929626464844
92172746,2023,2023-09-18,9680,2023-09-07,1850,023113,NA,4,2,9,3700,0,1,3,NA,1,040,SR-94 (CAMPO RD.),COCHERA VIA DR,1056,E,N,A,-,Y,SD,NA,94,NA,NA,34.201,H,NA,R,Y,4,0,1,1,A,-,08,22107,NA,N,F,I,A,A,H,-,D,D,0,NA,NA,NA,NA,Y,NA,D,22,0,0,1,0,0,0,0,0,0,-,-,32.613548278808594,-116.71286010742188,SAN DIEGO,UNINCORPORATED,-116.71282958984376,32.61362838745117
9220980,2021,2021-04-05,3711,2021-02-01,1505,SD7127,NA,1,5,7,3711,0,0,0,NA,0,442,NATIONAL AV,S 39TH ST,0,NA,Y,B,-,N,NA,NA,NA,NA,NA,NA,NA,NA,NA,N,4,0,1,2,A,-,08,22107,NA,N,D,C,A,A,H,-,A,A,0,NA,NA,NA,NA,Y,NA,A,07,0,0,1,0,0,0,0,0,0,-,-,NA,NA,SAN DIEGO,SAN DIEGO,-117.11029052734376,32.69606399536133
9223196,2020,2021-02-20,3700,2020-12-06,1446,SH0595,NA,7,5,5,3782,0,0,0,NA,0,215,VIA CANTEBRIA,VIA MONTORO,9,N,N,A,-,N,NA,NA,NA,NA,NA,NA,NA,NA,NA,Y,3,0,1,2,A,-,10,21950,A,N,G,B,B,A,H,-,A,A,0,Y,NA,NA,NA,Y,NA,A,01,0,1,0,0,1,0,0,0,0,-,-,NA,NA,SAN DIEGO,ENCINITAS,-117.267333984375,33.05292510986328
92234514,2023,2023-11-13,9645,2023-11-01,834,023306,NA,3,1,7,3711,0,1,1,NA,2,011,I-805 NB,HOME AVENUE,1000,N,N,A,-,Y,SD,NA,805,NA,NA,14.079,H,NA,R,Y,4,0,1,2,A,-,07,21658,A,N,B,C,A,A,H,-,A,D,0,NA,NA,NA,Y,Y,NA,G,25,0,0,1,0,0,0,0,0,0,-,-,32.727359771728516,-117.1040267944336,SAN DIEGO,SAN DIEGO,-117.1041259765625,32.727298736572266
92244568,2023,2024-03-05,9680,2023-11-11,1715,021353,NA,6,2,4,3720,0,1,3,NA,2,027,SR-94 EB,COLLEGE AVENUE,110,E,N,A,-,Y,SD,NA,94,NA,NA,7.794,H,NA,R,Y,4,0,1,3,A,-,07,21658,A,N,B,C,A,A,H,-,C,D,0,NA,NA,NA,NA,Y,NA,A,01,0,0,1,0,0,0,0,0,0,-,-,32.74201965332031,-117.05019378662108,SAN DIEGO,LEMON GROVE,-117.05021667480467,32.74204635620117
92249465,2023,2023-11-30,9645,2023-11-26,1100,015676,NA,7,1,7,3711,0,1,1,NA,2,010,I-8 EB,WARING ROAD U/C,100,E,N,A,-,Y,SD,NA,8,NA,NA,7.116,H,NA,R,Y,4,0,2,1,A,-,08,22107,NA,M,E,I,A,A,A,-,A,D,0,NA,NA,NA,NA,Y,NA,A,01,0,0,2,0,0,0,0,0,0,-,-,32.78076171875,-117.08724212646484,SAN DIEGO,SAN DIEGO,-117.08724212646484,32.78064727783203
92251274,2023,2023-12-04,9680,2023-11-22,1233,018672,NA,3,1,9,3700,0,1,3,NA,1,052,STATE ROUTE 78,WILLIAMS RANCH RD,75,E,N,A,-,Y,SD,NA,78,NA,NA,55.241,H,NA,R,Y,3,0,1,1,A,-,08,22107,NA,N,E,I,A,A,H,-,A,D,0,NA,NA,NA,NA,Y,NA,A,07,0,1,0,0,0,0,0,0,0,-,-,33.08060073852539,-116.6443328857422,SAN DIEGO,UNINCORPORATED,-116.64429473876952,33.080650329589844
92295180,2024,2024-01-23,9645,2024-01-16,725,022814,NA,2,1,5,3709,0,1,1,NA,2,009,I-805 NORTHBOUND,E. 16TH STREET,225,S,N,A,-,Y,SD,NA,805,NA,NA,10.067,H,NA,R,Y,4,0,1,2,A,-,07,21658,A,N,B,C,A,A,H,-,A,D,0,NA,NA,Y,NA,Y,NA,A,01,0,0,1,0,0,0,0,0,1,-,-,32.674171447753906,-117.08309173583984,SAN DIEGO,NATIONAL CITY,-117.08293914794922,32.67421340942383
92344815,2024,2024-03-22,9645,2024-03-18,825,017916,NA,1,1,6,3702,0,1,1,NA,2,009,I-805 S/B,EAST 'H' STREET,900,N,N,A,-,Y,SD,NA,805,NA,NA,7.348,H,NA,L,N,3,0,1,2,A,-,03,22350,NA,N,C,C,A,A,H,-,A,D,0,NA,NA,NA,NA,Y,NA,A,01,0,1,0,0,0,0,0,0,0,-,-,32.642738342285156,-117.05735778808594,SAN DIEGO,CHULA VISTA,-117.05731201171876,32.642757415771484
92350625,2024,2024-03-29,9680,2024-03-19,1307,015877,NA,2,1,5,3705,0,1,1,NA,2,082,I-8 E/B,FIRST ST.,210,E,N,A,-,Y,SD,NA,8,NA,NA,16.891,H,NA,R,Y,3,0,1,2,A,-,03,22350,NA,N,C,C,A,A,H,-,A,D,0,NA,NA,NA,Y,Y,NA,A,08,0,1,0,0,0,0,0,0,0,-,-,32.802940368652344,-116.94384002685548,SAN DIEGO,EL CAJON,-116.94384002685548,32.80295944213867
92356534,2024,2024-04-04,9680,2024-03-24,1700,016102,NA,7,2,9,3700,0,3,5,NA,2,006,BUCKMAN SPRINGS ROAD (S1),LAKE MORENA DRIVE,528,N,N,B,C,N,NA,NA,NA,NA,NA,NA,NA,NA,NA,Y,4,0,1,1,A,-,03,22350,NA,N,E,8,A,B,H,-,A,A,0,NA,NA,NA,NA,Y,NA,A,07,0,0,1,0,0,0,0,0,0,-,-,32.64665985107422,-116.48726654052734,SAN DIEGO,UNINCORPORATED,-116.48725128173828,32.647132873535156
92402321,2024,2024-05-30,9650,2024-05-20,710,019426,NA,1,1,6,3706,0,1,1,NA,2,023,I-15 S/B,DEL LAGO BLVD,200,N,N,B,-,Y,SD,NA,15,NA,M,27.327,H,NA,L,N,4,0,1,2,A,-,03,22350,NA,N,C,C,A,A,H,-,A,D,0,NA,NA,NA,NA,Y,NA,D,22,0,0,1,0,0,0,0,0,0,-,-,33.0743293762207,-117.07042694091795,SAN DIEGO,ESCONDIDO,-117.07034301757813,33.0743408203125
92426172,2024,2024-06-28,9650,2024-06-21,1620,021992,NA,5,2,5,3701,0,1,1,NA,2,005,I-5 N/B,SR-78,1500,S,N,A,-,Y,SD,NA,5,NA,R,50.91,H,NA,R,N,4,0,1,2,A,-,03,22350,NA,F,C,C,A,A,H,-,A,D,0,NA,NA,NA,Y,Y,NA,F,26,0,0,1,0,0,0,0,0,0,-,-,33.17348098754883,-117.34853363037108,SAN DIEGO,CARLSBAD,-117.34847259521484,33.17350769042969
92441910,2024,2024-07-17,9645,2024-06-13,1435,022506,NA,4,2,7,3711,0,1,1,NA,2,021,SR-15 S/B (ESCONDIDO FWY),WIGHTMAN STREET,2059,S,N,A,-,Y,SD,NA,15,NA,M,4.134,H,NA,L,Y,4,0,2,3,A,-,03,22350,NA,N,C,C,A,A,H,-,A,D,0,NA,NA,NA,NA,Y,NA,A,01,0,0,2,0,0,0,0,0,0,-,-,32.742759704589844,-117.11174011230467,SAN DIEGO,SAN DIEGO,-117.11171722412108,32.74274444580078
9248536,2021,2021-04-21,3711,2021-03-27,1155,SD7862,NA,6,5,7,3711,0,0,0,NA,0,313,BALBOA AV,VIEWRIDGE AV,0,NA,Y,A,-,N,NA,NA,NA,NA,NA,NA,NA,NA,NA,N,3,0,2,2,A,-,12,21453,A,N,D,C,A,A,H,-,C,A,0,NA,NA,NA,NA,Y,NA,A,01,0,2,0,0,0,0,0,0,0,-,-,NA,NA,SAN DIEGO,SAN DIEGO,-117.12484741210938,32.822227478027344
9258360,2021,2021-05-17,3711,2021-04-21,2026,SD1045,NA,3,5,7,3711,0,0,0,NA,0,521,J ST,7TH AVE,0,NA,Y,A,-,N,NA,NA,NA,NA,NA,NA,NA,NA,NA,N,3,0,1,2,A,-,12,22450,A,M,-,-,A,-,-,-,C,-,0,NA,Y,NA,NA,Y,NA,L,04,0,1,0,0,0,0,1,0,0,-,-,NA,NA,SAN DIEGO,SAN DIEGO,-117.15827941894533,32.70940017700195
9262341,2021,2021-05-13,3705,2021-03-25,2246,EC0413,NA,4,5,5,3705,0,0,0,NA,0,001,CHAMBERS ST,W MAIN,13,N,N,C,-,N,NA,NA,NA,NA,NA,NA,NA,NA,NA,Y,4,0,1,2,A,-,10,21950,A,N,B,B,B,B,H,-,C,D,0,Y,NA,NA,NA,Y,NA,D,22,0,0,1,0,1,0,0,0,0,-,-,NA,NA,SAN DIEGO,EL CAJON,-116.96658325195313,32.79499435424805
9263905,2021,2021-05-25,3709,2021-04-29,1901,NC0430,NA,4,5,5,3709,0,0,0,NA,0,021,EAST 4TH ST,HARBISON AV,0,NA,Y,A,-,N,NA,NA,NA,NA,NA,NA,NA,NA,NA,N,4,0,1,2,A,-,09,21800,C,N,D,G,A,A,H,-,B,A,0,NA,Y,NA,NA,Y,NA,A,07,0,0,1,0,0,0,1,0,0,-,-,NA,NA,SAN DIEGO,NATIONAL CITY,-117.07654571533205,32.68817901611328
93141369,2024,2024-08-01,9645,2024-07-25,1534,022506,NA,4,2,7,3711,0,1,3,NA,2,012,SR-52 E/B,REGENTS ROAD,1901,W,N,A,-,Y,SD,NA,52,NA,NA,0.99,H,NA,R,Y,3,0,2,2,A,-,03,22350,NA,N,C,C,A,A,H,-,A,D,0,NA,NA,NA,NA,Y,NA,A,01,0,1,1,0,0,0,0,0,0,-,-,32.83982849121094,-117.22348022460938,SAN DIEGO,SAN DIEGO,-117.22348022460938,32.839820861816406
9321890,2021,2021-10-01,3702,2021-07-26,1711,CV1006,NA,1,5,6,3702,0,0,0,NA,0,013,BROADWAY,K ST,150,N,N,B,-,N,NA,NA,NA,NA,NA,NA,NA,NA,NA,N,3,0,1,2,A,-,11,21955,NA,N,B,B,D,A,H,-,A,D,0,Y,NA,NA,NA,Y,NA,N,60,0,1,0,0,1,0,0,0,0,-,-,NA,NA,SAN DIEGO,CHULA VISTA,-117.08556365966795,32.62097930908203
9339700,2021,2021-10-27,3700,2021-09-17,0900,SH0712,NA,5,5,4,3720,0,0,0,NA,0,602,BUENA VISTA AV,LEMON AV,0,NA,Y,A,-,N,NA,NA,NA,NA,NA,NA,NA,NA,NA,N,3,0,1,2,A,-,11,21954,A,N,G,B,D,A,H,-,A,A,0,Y,NA,NA,NA,Y,NA,N,60,0,1,0,0,1,0,0,0,0,-,-,NA,NA,SAN DIEGO,LEMON GROVE,-117.03424835205078,32.74361038208008
9375180,2021,2021-12-16,3711,2021-11-30,2500,SD1586,NA,2,5,7,3711,0,0,0,NA,0,242,MIRA MESA BL,WESTVIEW PKWY,528,E,N,A,-,N,NA,NA,NA,NA,NA,NA,NA,NA,NA,Y,4,0,3,2,A,-,03,22350,NA,N,C,C,A,A,H,-,C,A,0,NA,NA,NA,NA,Y,NA,A,01,0,0,3,0,0,0,0,0,0,-,-,NA,NA,SAN DIEGO,SAN DIEGO,-117.11880493164063,32.91733932495117
9379095,2021,2021-12-31,3711,2021-11-30,1920,SD7953,NA,2,5,7,3711,0,0,0,NA,0,115,LA JOLLA VILLAGE DR,TOWNE CENTRE DR,0,NA,N,A,-,N,NA,NA,NA,NA,NA,NA,NA,NA,NA,Y,4,0,3,2,A,-,04,21703,NA,F,C,C,A,A,H,-,C,A,0,NA,NA,NA,NA,Y,NA,A,01,0,0,3,0,0,0,0,0,0,-,-,NA,NA,SAN DIEGO,SAN DIEGO,-117.20742034912108,32.87410354614258
9384419,2021,2022-01-13,3708,2021-12-14,0750,LM1206,NA,2,5,5,3708,0,0,0,NA,0,004,SEVERIN DR,LOREN DR,400,S,N,B,-,N,NA,NA,NA,NA,NA,NA,NA,NA,NA,N,4,0,1,2,A,-,03,22350,NA,N,C,C,A,A,H,-,A,A,0,NA,NA,NA,NA,Y,NA,A,01,0,0,1,0,0,0,0,0,0,-,-,NA,NA,SAN DIEGO,LA MESA,-116.99777221679688,32.783382415771484
9411911,2022,2022-02-24,3711,2022-02-05,1918,SD1313,NA,6,5,7,3711,0,0,0,NA,0,813,HAMILTON ST,COLLIER ST,100,S,N,A,-,N,NA,NA,NA,NA,NA,NA,NA,NA,NA,N,3,0,1,2,A,-,08,38314,NA,N,B,E,A,A,H,-,E,D,0,NA,NA,NA,NA,Y,Y,A,01,0,1,0,0,0,0,0,0,0,-,-,NA,NA,SAN DIEGO,SAN DIEGO,-117.13638305664063,32.76447677612305
9419589,2022,2022-04-15,3710,2022-03-10,1744,OC1523,NA,4,5,6,3710,0,0,0,NA,0,016,RT 76,DOUGLAS DR,52,W,N,A,-,Y,SD,11,76,-,R,3.745,I,5,W,Y,4,0,1,2,A,-,09,21453,B,N,B,C,A,A,H,-,B,A,0,NA,NA,NA,NA,Y,NA,A,01,0,0,1,0,0,0,0,0,0,-,-,NA,NA,SAN DIEGO,OCEANSIDE,-117.32594299316406,33.225799560546875
9426672,2021,2022-04-05,3700,2021-10-08,0805,SH1706,NA,5,5,5,3782,0,0,0,NA,0,206,GARDEN VIEW RD,VIA CANTEBRIA,1180,N,N,C,-,N,NA,NA,NA,NA,NA,NA,NA,NA,NA,Y,3,0,3,2,A,-,08,22107,NA,N,B,C,A,B,H,-,A,D,0,NA,NA,NA,NA,Y,NA,A,01,0,1,2,0,0,0,0,0,0,-,-,NA,NA,SAN DIEGO,ENCINITAS,-117.26741027832033,33.063079833984375
9429765,2022,2022-04-13,3711,2022-03-28,1450,SD8334,NA,1,5,7,3711,0,0,0,NA,0,446,IMPERIAL AV,EUCLID AV,330,W,N,B,-,N,NA,NA,NA,NA,NA,NA,NA,NA,NA,N,4,0,1,2,A,-,09,21804,A,N,D,C,A,A,H,-,A,D,0,NA,NA,NA,NA,Y,NA,D,22,0,0,1,0,0,0,0,0,0,-,-,NA,NA,SAN DIEGO,SAN DIEGO,-117.08599090576172,32.704166412353516
94356249,2024,2024-08-15,9680,2024-08-05,347,023298,NA,1,3,4,3720,0,1,3,NA,2,027,SR-94 E/B,MASSACHUSETTS AVE,1056,W,N,A,-,Y,SD,NA,94,NA,NA,8.045,H,NA,R,Y,3,0,1,1,A,-,08,22107,NA,M,E,I,A,A,H,-,D,D,0,NA,NA,NA,NA,Y,NA,A,01,0,1,0,0,0,0,0,0,0,-,-,32.74449157714844,-117.04695129394533,SAN DIEGO,LEMON GROVE,-117.04686737060548,32.74434280395508
94376720,2024,2024-08-30,9645,2024-08-03,2309,022252,NA,6,3,7,3711,0,1,3,NA,2,006,SR-94 EASTBOUND TO SR-15 NORTHBOUND,WABASH BLVD,400,E,N,A,-,Y,SD,NA,94,NA,NA,3.101,H,NA,R,Y,2,0,3,2,A,-,03,22350,NA,N,C,C,A,A,H,-,C,D,0,NA,NA,NA,NA,Y,NA,A,01,1,0,2,0,0,0,0,0,0,-,-,32.71625900268555,-117.11930084228516,SAN DIEGO,SAN DIEGO,-117.11927795410156,32.7161750793457
94381774,2024,2024-09-04,9680,2024-08-25,2145,017996,NA,7,2,5,3708,0,1,1,NA,2,081,I-8 EASTBOUND,LA MESA BOULEVARD,80,W,N,A,-,Y,SD,NA,8,NA,NA,12.154,H,NA,R,N,3,0,2,2,A,-,08,22107,NA,N,E,I,A,A,H,-,C,D,0,NA,NA,NA,NA,Y,NA,A,07,0,2,0,0,0,0,0,0,0,-,-,32.776939392089844,-117.00491333007813,SAN DIEGO,LA MESA,-117.00495147705078,32.77701950073242
9440875,2022,2022-05-11,3711,2022-04-26,0945,SD5999,NA,2,5,7,3711,0,0,0,NA,0,446,IMPERIAL AV,S WILLIE JAMES JONES AV,17,W,N,A,-,N,NA,NA,NA,NA,NA,NA,NA,NA,NA,N,4,0,1,2,A,-,12,21453,A,N,B,C,A,A,H,-,A,A,0,NA,NA,NA,NA,Y,NA,A,01,0,0,1,0,0,0,0,0,0,-,-,NA,NA,SAN DIEGO,SAN DIEGO,-117.0883331298828,32.704132080078125
94421406,2024,2024-10-07,9680,2024-09-26,1150,018322,NA,4,1,9,3700,0,2,4,NA,1,026,SR-94 (CAMPO ROAD) E/B,JAMACHA BOULEVARD,195,W,N,A,-,Y,SD,NA,94,NA,NA,14.288,H,NA,R,N,4,0,1,3,A,-,03,22350,NA,N,C,C,A,A,H,-,A,D,0,NA,NA,NA,NA,Y,NA,A,01,0,0,1,0,0,0,0,0,0,-,-,32.740211486816406,-116.95224761962892,SAN DIEGO,UNINCORPORATED,-116.9522705078125,32.74018096923828
94430153,2024,2024-10-14,9680,2024-10-02,2148,023220,NA,3,2,9,3700,0,1,3,NA,1,023,SR-94 W/B,CAMPO ROAD,35,W,N,A,-,Y,SD,NA,94,NA,M,10.652,H,NA,L,Y,4,0,1,1,A,-,03,22350,NA,N,E,I,A,A,H,-,C,D,0,NA,NA,NA,NA,Y,NA,A,01,0,0,1,0,0,0,0,0,0,-,-,32.75278854370117,-117.00621032714844,SAN DIEGO,UNINCORPORATED,-117.0061264038086,32.75286865234375