CASE_ID,ACCIDENT_YEAR,PROC_DATE,JURIS,COLLISION_DATE,COLLISION_TIME,OFFICER_ID,REPORTING_DISTRICT,DAY_OF_WEEK,CHP_SHIFT,POPULATION,CNTY_CITY_LOC,SPECIAL_COND,BEAT_TYPE,CHP_BEAT_TYPE,CITY_DIVISION_LAPD,CHP_BEAT_CLASS,BEAT_NUMBER,PRIMARY_RD,SECONDARY_RD,DISTANCE,DIRECTION,INTERSECTION,WEATHER_1,WEATHER_2,STATE_HWY_IND,CALTRANS_COUNTY,CALTRANS_DISTRICT,STATE_ROUTE,ROUTE_SUFFIX,POSTMILE_PREFIX,POSTMILE,LOCATION_TYPE,RAMP_INTERSECTION,SIDE_OF_HWY,TOW_AWAY,COLLISION_SEVERITY,NUMBER_KILLED,NUMBER_INJURED,PARTY_COUNT,PRIMARY_COLL_FACTOR,PCF_CODE_OF_VIOL,PCF_VIOL_CATEGORY,PCF_VIOLATION,PCF_VIOL_SUBSECTION,HIT_AND_RUN,TYPE_OF_COLLISION,MVIW,PED_ACTION,ROAD_SURFACE,ROAD_COND_1,ROAD_COND_2,LIGHTING,CONTROL_DEVICE,CHP_ROAD_TYPE,PEDESTRIAN_ACCIDENT,BICYCLE_ACCIDENT,MOTORCYCLE_ACCIDENT,TRUCK_ACCIDENT,NOT_PRIVATE_PROPERTY,ALCOHOL_INVOLVED,STWD_VEHTYPE_AT_FAULT,CHP_VEHTYPE_AT_FAULT,COUNT_SEVERE_INJ,COUNT_VISIBLE_INJ,COUNT_COMPLAINT_PAIN,COUNT_PED_KILLED,COUNT_PED_INJURED,COUNT_BICYCLIST_KILLED,COUNT_BICYCLIST_INJURED,COUNT_MC_KILLED,COUNT_MC_INJURED,PRIMARY_RAMP,SECONDARY_RAMP,LATITUDE,LONGITUDE,COUNTY,CITY,POINT_X,POINT_Y
8341486,2017,2017-04-20,3702,2017-03-07,1836,CV1099,NA,2,5,6,3702,0,0,0,NA,0,022,3RD AV,QUINTARD ST,0,NA,Y,A,-,N,NA,NA,NA,NA,NA,NA,NA,NA,NA,Y,4,0,1,2,A,-,09,21801,A,N,D,C,A,A,H,-,C,A,0,NA,NA,NA,NA,Y,NA,A,01,0,0,1,0,0,0,0,0,0,-,-,NA,NA,SAN DIEGO,CHULA VISTA,-117.06504004,32.60332009
8351058,2017,2017-04-28,3711,2017-04-17,2112,6176,NA,1,5,7,3711,0,0,0,NA,0,432,EUCLID AV,MARKET ST,9,S,N,A,-,N,NA,NA,NA,NA,NA,NA,NA,NA,NA,Y,3,0,3,2,A,-,12,21453,A,N,D,C,A,A,H,-,C,A,0,NA,NA,NA,NA,Y,NA,-,NA,0,3,0,0,0,0,0,0,0,-,-,NA,NA,SAN DIEGO,SAN DIEGO,-117.08503024,32.71043535
8359758,2017,2017-05-09,3711,2017-04-30,1820,6986,NA,7,5,7,3711,0,0,0,NA,0,615,NORTH HARBOR DR,ROSECRANS ST,0,NA,Y,A,-,N,NA,NA,NA,NA,NA,NA,NA,NA,NA,N,4,0,1,2,A,-,09,21801,A,N,D,G,A,A,H,-,A,A,0,NA,Y,NA,NA,Y,NA,-,NA,0,0,1,0,0,0,1,0,0,-,-,NA,NA,SAN DIEGO,SAN DIEGO,-117.22790001,32.72618001
8377378,2017,2017-07-12,3711,2017-05-26,0932,5498,NA,5,5,7,3711,0,0,0,NA,0,521,F ST,16TH ST,83,E,N,A,-,N,NA,NA,NA,NA,NA,NA,NA,NA,NA,N,3,0,1,2,B,-,22,NA,NA,N,G,B,E,A,H,-,A,D,0,Y,NA,NA,Y,Y,NA,F,26,0,1,0,0,1,0,0,0,0,-,-,NA,NA,SAN DIEGO,SAN DIEGO,-117.14916105,32.71367
8384367,2017,2017-07-19,3711,2017-06-16,1550,6512,NA,5,5,7,3711,0,0,0,NA,0,231,SABRE SPRINGS PKWY,CARMEL MOUNTAIN EXPRESS DR,30,N,N,A,-,N,NA,NA,NA,NA,NA,NA,NA,NA,NA,Y,4,0,4,2,D,-,00,NA,NA,N,D,C,A,A,H,-,A,A,0,NA,NA,NA,NA,Y,NA,-,-,0,0,4,0,0,0,0,0,0,-,-,NA,NA,SAN DIEGO,SAN DIEGO,-117.09126192,32.963006
8388852,2017,2017-06-13,3711,2017-05-19,2122,6372,NA,5,5,7,3711,0,0,0,NA,0,231,EVENING CREEK DR NORTH,SABRE SPRINGS PKWY,15,W,N,A,-,N,NA,NA,NA,NA,NA,NA,NA,NA,NA,Y,2,0,1,2,A,-,08,22107,NA,F,A,C,A,A,H,-,C,A,0,NA,NA,Y,NA,Y,Y,A,01,1,0,0,0,0,0,0,0,1,-,-,NA,NA,SAN DIEGO,SAN DIEGO,-117.09212519,32.96212538
8390568,2017,2017-06-20,3711,2017-06-08,1508,8447,NA,4,5,7,3711,0,0,0,NA,0,721,DONAX AV,18TH ST,3,W,N,A,-,N,NA,NA,NA,NA,NA,NA,NA,NA,NA,Y,4,0,1,2,A,-,21,22106,NA,N,D,C,A,A,H,-,A,D,0,NA,NA,NA,NA,Y,NA,-,NA,0,0,1,0,0,0,0,0,0,-,-,NA,NA,SAN DIEGO,SAN DIEGO,-117.09485971,32.58198
8394236,2017,2017-07-14,3700,2017-05-30,1409,SH2558,NA,2,5,5,3712,0,0,0,NA,0,359,WEST SAN MARCOS BL,DAISY LN,0,NA,Y,A,-,N,NA,NA,NA,NA,NA,NA,NA,NA,NA,N,4,0,1,2,A,-,03,22350,NA,N,C,C,A,A,H,-,A,D,0,NA,NA,NA,NA,Y,NA,A,01,0,0,1,0,0,0,0,0,0,-,-,NA,NA,SAN DIEGO,SAN MARCOS,-117.18351,33.1359001
8394295,2017,2017-06-26,3708,2017-03-28,0720,LM1217,NA,2,5,5,3708,0,0,0,NA,0,003,BALTIMORE DR,PARKWAY DR,19,N,N,A,-,N,NA,NA,NA,NA,NA,NA,NA,NA,NA,N,4,0,1,2,A,-,03,22350,NA,F,C,C,A,A,H,-,A,A,0,NA,NA,NA,NA,Y,Y,-,99,0,0,1,0,0,0,0,0,0,-,-,NA,NA,SAN DIEGO,LA MESA,-117.0274387,32.77465203
8402384,2017,2017-07-17,3705,2017-06-29,1809,EC0366,NA,4,5,5,3705,0,0,0,NA,0,007,N MOLLISON,BROADWAY,35,S,N,A,-,N,NA,NA,NA,NA,NA,NA,NA,NA,NA,N,4,0,1,2,A,-,03,22350,NA,N,C,C,A,A,H,-,A,A,0,NA,NA,NA,NA,Y,NA,A,01,0,0,1,0,0,0,0,0,0,-,-,NA,NA,SAN DIEGO,EL CAJON,-116.95097113,32.80760415
8405385,2017,2017-08-14,3711,2017-07-27,1830,7083,NA,4,5,7,3711,0,0,0,NA,0,311,MURPHY CANYON RD,STONECREST BL,462,N,N,A,-,N,NA,NA,NA,NA,NA,NA,NA,NA,NA,N,3,0,1,2,A,-,08,22107,NA,N,B,G,A,A,H,-,A,A,0,NA,Y,NA,NA,Y,NA,A,01,0,1,0,0,0,0,1,0,0,-,-,NA,NA,SAN DIEGO,SAN DIEGO,-117.11414523,32.8056011
8405902,2017,2017-07-25,3706,2017-07-05,2013,464,ESCON,3,5,6,3706,0,0,0,NA,0,044,WASHINGTON AV,ROSE ST,0,NA,Y,A,-,N,NA,NA,NA,NA,NA,NA,NA,NA,NA,Y,4,0,1,2,A,-,09,21801,A,N,D,C,A,A,H,-,C,A,0,NA,NA,NA,NA,Y,NA,A,07,0,0,1,0,0,0,0,0,0,-,-,33.13724,-117.06095,SAN DIEGO,ESCONDIDO,-117.06090006,33.13729001
8405961,2017,2017-07-19,3711,2017-07-02,1640,4386,NA,7,5,7,3711,0,0,0,NA,0,626,OLD TOWN AV,JEFFERSON ST,0,NA,Y,A,-,N,NA,NA,NA,NA,NA,NA,NA,NA,NA,N,4,0,2,2,A,-,09,21802,A,N,D,C,A,A,H,-,A,A,0,NA,NA,NA,NA,Y,NA,A,01,0,0,2,0,0,0,0,0,0,-,-,NA,NA,SAN DIEGO,SAN DIEGO,-117.19259006,32.74892006
8416978,2017,2017-07-28,3702,2017-06-21,1726,CV0882,NA,3,5,6,3702,0,0,0,NA,0,031,EAST H ST,TIERRA DEL REY,0,NA,N,A,-,N,NA,NA,NA,NA,NA,NA,NA,NA,NA,Y,3,0,2,3,A,-,03,22350,NA,N,C,C,A,A,H,-,A,D,0,NA,NA,NA,NA,Y,NA,A,01,0,1,1,0,0,0,0,0,0,-,-,NA,NA,SAN DIEGO,CHULA VISTA,-117.02062002,32.63597011
8417228,2017,2017-07-31,3702,2017-05-30,1846,CV0882,NA,2,5,6,3702,0,0,0,NA,0,042,EASTLAKE PKWY,CAMINITO POSITANO,12,N,N,A,-,N,NA,NA,NA,NA,NA,NA,NA,NA,NA,N,4,0,1,2,A,-,03,22350,NA,N,C,C,A,A,H,-,A,A,0,NA,NA,NA,NA,Y,NA,A,01,0,0,1,0,0,0,0,0,0,-,-,NA,NA,SAN DIEGO,CHULA VISTA,-116.96515665,32.63060969
8424941,2017,2017-08-16,3711,2017-08-03,1335,7547,NA,4,5,7,3711,0,0,0,NA,0,934,CARMEL VALLEY RD,PACIFIC HIGHLANDS RANCH PKWY,528,N,N,A,-,N,NA,NA,NA,NA,NA,NA,NA,NA,NA,Y,3,0,1,1,A,-,08,22107,NA,N,F,I,A,A,H,-,A,D,0,NA,NA,NA,NA,Y,NA,A,01,0,1,0,0,0,0,0,0,0,-,-,NA,NA,SAN DIEGO,SAN DIEGO,-117.18942436,32.96397052
8438787,2017,2018-05-08,3709,2017-08-16,2210,NC0393,NA,3,5,5,3709,0,0,0,NA,0,024,WEST 19TH ST,MCKINLEY AV,51,E,N,A,-,N,NA,NA,NA,NA,NA,NA,NA,NA,NA,Y,4,0,1,1,A,-,08,22107,NA,N,E,I,A,A,H,-,C,D,0,NA,NA,NA,NA,Y,NA,A,08,0,0,1,0,0,0,0,0,0,-,-,NA,NA,SAN DIEGO,NATIONAL CITY,-117.11024708,32.6644532
8443806,2017,2017-09-07,3711,2017-08-24,1600,7211,NA,4,5,7,3711,0,0,0,NA,0,611,CAMINO DEL RIO W,MOORE ST,25,N,N,B,-,N,NA,NA,NA,NA,NA,NA,NA,NA,NA,Y,3,0,1,2,A,-,09,21801,A,N,A,C,A,A,H,-,A,A,0,NA,NA,NA,NA,Y,NA,A,01,0,1,0,0,0,0,0,0,0,-,-,NA,NA,SAN DIEGO,SAN DIEGO,-117.20495781,32.75543771
8444566,2017,2017-09-01,3708,2017-07-13,0725,LM1278,NA,4,5,5,3708,0,0,0,NA,0,004,FLETCHER PKWY,BALTIMORE DR,471,E,N,A,-,N,NA,NA,NA,NA,NA,NA,NA,NA,NA,Y,3,0,2,2,A,-,09,21804,A,N,C,C,A,A,H,-,A,D,0,NA,NA,NA,NA,Y,NA,D,22,0,1,1,0,0,0,0,0,0,-,-,NA,NA,SAN DIEGO,LA MESA,-117.02594487,32.77432446
8445308,2017,2017-09-05,3700,2017-06-21,2300,SH0013,NA,3,5,5,3781,0,0,0,NA,0,514,CUYAMACA ST,TOWN CENTER PKWY,0,NA,Y,A,-,N,NA,NA,NA,NA,NA,NA,NA,NA,NA,N,4,0,1,2,A,-,12,21453,A,N,D,C,A,A,H,-,C,A,0,NA,NA,NA,NA,Y,NA,A,07,0,0,1,0,0,0,0,0,0,-,-,NA,NA,SAN DIEGO,SANTEE,-116.98391009,32.84295003
8445826,2017,2018-06-15,3711,2017-08-29,1719,7581,SDPD,2,5,7,3711,0,0,0,NA,0,723,PALM AV,RT 805,140,E,N,A,-,Y,SD,11,805,-,-,2.731,R,4,S,N,4,0,1,2,A,-,03,22350,NA,N,C,C,A,A,H,-,-,A,0,NA,NA,NA,NA,Y,NA,A,01,0,0,1,0,0,0,0,0,0,-,-,NA,NA,SAN DIEGO,SAN DIEGO,-117.03769386,32.58145918
84462809,2024,2024-11-08,3706,2024-11-01,1703,602,NA,5,5,6,3706,0,0,0,NA,0,042,MISSION AV,FIG ST,0,NA,Y,A,-,N,NA,NA,NA,NA,NA,NA,NA,NA,NA,N,3,0,1,1,A,-,03,22350,NA,N,F,A,A,A,H,-,A,A,0,NA,NA,Y,NA,Y,NA,C,02,0,1,0,0,0,0,0,0,1,-,-,33.13291931152344,-117.07733154296876,SAN DIEGO,ESCONDIDO,-117.07726287841795,33.132877349853516
8448836,2017,2017-09-14,3711,2017-08-22,1232,6620,NA,2,5,7,3711,0,0,0,NA,0,122,SOLEDAD MOUNTAIN RD,LORING ST,16,S,N,A,-,N,NA,NA,NA,NA,NA,NA,NA,NA,NA,Y,3,0,2,2,A,-,21,22106,NA,N,D,C,A,A,H,-,A,D,0,NA,NA,NA,NA,Y,NA,A,01,0,1,1,0,0,0,0,0,0,-,-,NA,NA,SAN DIEGO,SAN DIEGO,-117.23137344,32.81075234
8449817,2017,2018-05-08,3711,2017-09-04,1110,6657,NA,1,5,7,3711,0,0,0,NA,0,443,DIVISION ST,MAIN ST,0,NA,Y,B,-,N,NA,NA,NA,NA,NA,NA,NA,NA,NA,N,4,0,1,2,A,-,03,22350,A,N,C,C,A,A,H,-,A,A,0,NA,NA,NA,NA,Y,NA,-,NA,0,0,1,0,0,0,0,0,0,-,-,NA,NA,SAN DIEGO,SAN DIEGO,-117.11099004,32.68237006
8450477,2017,2017-09-30,3711,2017-09-12,1440,5335,NA,2,5,7,3711,0,0,0,NA,0,233,PASEO MONTALBAN,PASEO MONTALBAN 9800,0,NA,N,A,-,N,NA,NA,NA,NA,NA,NA,NA,NA,NA,N,3,0,1,2,A,-,12,21453,A,N,D,G,A,A,H,-,A,A,0,NA,Y,NA,NA,Y,NA,L,04,0,1,0,0,0,0,1,0,0,-,-,32.5744,-117.74,SAN DIEGO,SAN DIEGO,-117.1178627,32.9623869
84515861,2024,2024-12-25,3706,2024-12-19,2053,582,NA,4,5,6,3706,0,0,0,NA,0,045,VALLEY PY,I-15 SB,30,W,N,A,-,Y,SD,NA,15,NA,R,30.648,H,NA,L,N,4,0,1,2,A,-,10,21950,A,N,G,B,B,A,H,-,C,A,0,Y,NA,NA,NA,Y,NA,-,-,0,0,1,0,1,0,0,0,0,-,-,33.11539077758789,-117.09921264648438,SAN DIEGO,ESCONDIDO,-117.09922027587892,33.115386962890625
8452320,2017,2018-06-14,3700,2017-08-04,2119,SH0029,NA,5,5,5,3713,0,0,0,NA,0,313,CIVIC CENTER DR,RT 78,10,S,N,A,-,Y,SD,11,78,-,-,6.806,R,4,W,Y,4,0,1,2,A,-,17,21451,A,N,D,C,A,A,H,-,C,A,0,NA,NA,NA,NA,Y,NA,A,01,0,0,1,0,0,0,0,0,0,-,WO,NA,NA,SAN DIEGO,VISTA,-117.2412673,33.19034949
8452549,2017,2017-09-27,3710,2017-08-13,1747,OC1063,009,7,5,6,3710,0,0,0,NA,0,003,VISTA WY,ALVARADO ST,0,NA,Y,A,-,N,NA,NA,NA,NA,NA,NA,NA,NA,NA,N,3,0,1,2,A,-,09,21804,NA,N,G,G,A,A,H,-,A,A,0,NA,Y,NA,NA,Y,NA,A,01,0,1,0,0,0,0,1,0,0,-,-,NA,NA,SAN DIEGO,OCEANSIDE,-117.35835004,33.17281005
8454396,2017,2018-06-14,3709,2017-09-21,1200,NC0457,NA,4,5,5,3709,0,0,0,NA,0,024,HIGHLAND AV,RT 54,127,S,N,A,-,Y,SD,11,54,-,-,1.115,R,4,W,Y,3,0,1,2,A,-,08,22107,NA,N,D,C,A,B,H,-,A,A,0,NA,NA,Y,NA,Y,NA,D,22,0,1,0,0,0,0,0,0,1,-,-,NA,NA,SAN DIEGO,NATIONAL CITY,-117.08703904,32.65779365
8456300,2017,2017-09-27,3711,2017-09-05,0030,7591,53,2,5,7,3711,0,0,0,NA,0,721,BAY BL,ADA ST,645,S,N,A,-,N,NA,NA,NA,NA,NA,NA,NA,NA,NA,Y,3,0,1,1,A,-,08,22107,NA,N,E,I,A,A,H,-,D,D,0,NA,NA,NA,NA,Y,NA,-,99,0,1,0,0,0,0,0,0,0,-,-,NA,NA,SAN DIEGO,SAN DIEGO,-117.09235912,32.60099825
84584560,2025,2025-02-20,3701,2025-02-16,2204,CB5614,NA,7,5,5,3701,0,0,0,NA,0,004,EL CAMINO REAL,MARRON RD,0,NA,Y,A,-,N,NA,NA,NA,NA,NA,NA,NA,NA,NA,N,4,0,1,2,A,-,12,21453,A,N,D,C,A,A,H,-,C,A,0,NA,NA,NA,NA,Y,NA,D,82,0,0,1,0,0,0,0,0,0,-,-,33.177669525146484,-117.32649993896484,SAN DIEGO,CARLSBAD,-117.32649993896484,33.17766189575195
84591096,2025,2025-02-27,3706,2025-02-24,1210,441,NA,1,5,6,3706,0,0,0,NA,0,045,VALLEY PY,CENTRE CITY PY,0,NA,Y,A,-,Y,NA,NA,NA,NA,NA,NA,NA,NA,NA,N,4,0,1,2,A,-,08,22100,B,N,D,C,A,A,H,-,A,A,0,NA,NA,NA,NA,Y,NA,A,08,0,0,1,0,0,0,0,0,0,-,-,33.12004852294922,-117.08724975585938,SAN DIEGO,ESCONDIDO,-117.08737182617188,33.119964599609375
8464425,2017,2017-10-12,3706,2017-08-25,1220,510,ESCON,5,5,6,3706,0,0,0,NA,0,054,ROSE ST,VALLEY PKWY,276,S,N,A,-,N,NA,NA,NA,NA,NA,NA,NA,NA,NA,Y,4,0,1,2,A,-,09,21804,A,N,A,C,A,A,H,-,A,D,0,NA,NA,NA,NA,Y,NA,A,01,0,0,1,0,0,0,0,0,0,-,-,33.1339,-117.05955,SAN DIEGO,ESCONDIDO,-117.05905762,33.13330291
8466980,2017,2017-11-01,3710,2017-09-30,2237,OC1095,NA,6,5,6,3710,0,0,0,NA,0,009,FRAZEE RD,COLLEGE BL,57,W,N,A,-,N,NA,NA,NA,NA,NA,NA,NA,NA,NA,Y,4,0,2,2,A,-,01,23152,B,F,C,C,A,A,H,-,C,A,0,NA,NA,NA,NA,Y,Y,D,22,0,0,2,0,0,0,0,0,0,-,-,33.23703,-117.29281,SAN DIEGO,OCEANSIDE,-117.29303947,33.23698053
84673789,2025,2025-05-05,3706,2025-04-23,1335,575,NA,3,5,6,3706,0,0,0,NA,0,052,VALLEY PY,HICKORY ST,15,W,N,A,-,N,NA,NA,NA,NA,NA,NA,NA,NA,NA,N,4,0,1,2,A,-,03,22350,NA,N,C,C,A,A,H,-,A,A,0,NA,NA,NA,NA,Y,NA,A,01,0,0,1,0,0,0,0,0,0,-,-,33.12569046020508,-117.07633972167967,SAN DIEGO,ESCONDIDO,-117.07640075683594,33.12576675415039
8481683,2017,2018-07-09,3700,2017-07-06,1937,SH7366,NA,4,5,4,3707,0,0,0,NA,0,702,PALM AV,9TH ST,0,NA,Y,A,-,Y,SD,11,75,-,-,10.57,I,5,N,Y,4,0,1,2,A,-,12,21453,A,N,D,C,A,A,H,-,B,A,0,NA,NA,NA,NA,Y,NA,A,01,0,0,1,0,0,0,0,0,0,-,-,NA,NA,SAN DIEGO,IMPERIAL BEACH,-117.11432304,32.58400227
84839764,2025,2025-09-11,3701,2025-08-30,1932,CB5618,NA,6,5,5,3701,0,0,0,NA,0,004,TAMARACK AV,CARLSBAD VILLAGE DR,0,NA,Y,A,-,N,NA,NA,NA,NA,NA,NA,NA,NA,NA,Y,2,0,4,2,A,-,09,21453,C,N,D,C,A,A,H,-,B,A,0,NA,NA,NA,NA,Y,NA,A,01,2,2,0,0,0,0,0,0,0,-,-,33.16777038574219,-117.29940032958984,SAN DIEGO,CARLSBAD,-117.30064392089844,33.167259216308594
8487071,2017,2017-11-30,3711,2017-10-28,0224,5699,NA,6,5,7,3711,0,0,0,NA,0,242,GOLD COAST DR,AMBASSADOR DR,15,W,N,E,-,N,NA,NA,NA,NA,NA,NA,NA,NA,NA,Y,3,0,1,3,A,-,08,22107,NA,N,B,E,A,B,H,-,C,D,0,NA,NA,NA,NA,Y,Y,-,NA,0,1,0,0,0,0,0,0,0,-,-,NA,NA,SAN DIEGO,SAN DIEGO,-117.14728871,32.90532
8492452,2017,2017-11-29,3700,2017-10-25,1357,SH3306,NA,3,5,5,3782,0,0,0,NA,0,223,NORTH EL CAMINO REAL,DRIVEWAY TO MICHAELS CRAFT STORE,46,N,N,A,-,N,NA,NA,NA,NA,NA,NA,NA,NA,NA,Y,4,0,1,3,A,-,07,21658,A,N,C,C,A,A,H,-,A,A,0,NA,NA,NA,NA,Y,NA,-,NA,0,0,1,0,0,0,0,0,0,-,-,NA,NA,SAN DIEGO,ENCINITAS,-117.262269,33.05565
84947987,2025,2025-12-01,3706,2025-10-16,1937,455,NA,4,5,6,3706,0,0,0,NA,0,043,EL NORTE PY,COUNTRY CLUB LN,257,E,N,A,-,N,NA,NA,NA,NA,NA,NA,NA,NA,NA,N,1,1,0,2,A,-,11,21954,A,N,G,B,D,A,H,-,C,A,0,Y,NA,NA,NA,Y,NA,N,60,0,0,0,1,0,0,0,0,0,-,-,33.155250549316406,-117.12570190429688,SAN DIEGO,ESCONDIDO,-117.12508392333984,33.154693603515625
84990784,2025,2025-12-30,3706,2025-12-24,1013,440,NA,3,5,6,3706,0,0,0,NA,0,044,VALLEY PY,HARDING ST,178,E,N,B,-,N,NA,NA,NA,NA,NA,NA,NA,NA,NA,Y,4,0,1,2,A,-,09,21804,A,N,D,C,A,A,H,-,A,D,0,NA,NA,NA,NA,Y,NA,D,22,0,0,1,0,0,0,0,0,0,-,-,33.13203048706055,-117.06365966796876,SAN DIEGO,ESCONDIDO,-117.06306457519533,33.13230514526367
8504354,2017,2018-06-15,3711,2017-12-27,2044,4310,SAN D,3,5,7,3711,0,0,0,NA,0,934,CARMEL VALLEY RD,RT 56,191,N,N,A,-,N,NA,NA,NA,NA,NA,NA,NA,NA,NA,Y,4,0,2,2,A,-,03,22350,NA,N,C,C,A,A,H,-,C,D,0,NA,NA,NA,NA,Y,NA,A,01,0,0,2,0,0,0,0,0,0,-,WO,NA,NA,SAN DIEGO,SAN DIEGO,-117.19489127,32.95361047
8511196,2017,2017-12-21,3706,2017-12-07,1016,318,ESCON,4,5,6,3706,0,0,0,NA,0,041,LINCOLN AV,ASH ST,0,NA,Y,A,-,N,NA,NA,NA,NA,NA,NA,NA,NA,NA,Y,4,0,3,2,A,-,12,21453,A,N,D,C,A,A,H,-,A,D,0,NA,NA,NA,NA,Y,NA,A,01,0,0,3,0,0,0,0,0,0,-,-,NA,NA,SAN DIEGO,ESCONDIDO,-117.07293013,33.13905011
8513297,2017,2018-01-20,3709,2017-12-09,1510,NC0494,NA,6,5,5,3709,0,0,0,NA,0,021,EUCLID AV,EUCLID AV 900,0,NA,N,A,-,N,NA,NA,NA,NA,NA,NA,NA,NA,NA,Y,4,0,1,2,A,-,09,21801,A,N,D,C,A,A,H,-,A,A,0,NA,NA,NA,NA,Y,NA,A,01,0,0,1,0,0,0,0,0,0,-,-,NA,NA,SAN DIEGO,NATIONAL CITY,-117.0818907,32.68178056
8516212,2017,2018-01-22,3705,2017-12-07,0611,EC0163,NA,4,5,5,3705,0,0,0,NA,0,007,GREENFIELD,MAIN,0,NA,Y,A,-,N,NA,NA,NA,NA,NA,NA,NA,NA,NA,N,4,0,2,2,A,-,12,21453,A,N,D,C,A,A,H,-,A,A,0,NA,NA,NA,NA,Y,NA,D,22,0,0,2,0,0,0,0,0,0,-,-,NA,NA,SAN DIEGO,EL CAJON,-116.9185501,32.81231002
8516238,2017,2017-12-28,3705,2017-11-22,2051,EC0373,NA,3,5,5,3705,0,0,0,NA,0,007,E MADISON,WALTER WY,317,E,N,A,-,N,NA,NA,NA,NA,NA,NA,NA,NA,NA,Y,4,0,1,2,A,-,08,22107,NA,N,C,E,A,A,H,-,C,D,0,NA,NA,NA,NA,Y,NA,A,01,0,0,1,0,0,0,0,0,0,-,-,NA,NA,SAN DIEGO,EL CAJON,-116.93355211,32.80016798
8516475,2017,2018-01-02,3700,2017-12-12,1929,SH1725,NA,2,5,5,3712,0,0,0,NA,0,354,KNOB HILL DR,PALOMAR DR,0,NA,Y,A,-,N,NA,NA,NA,NA,NA,NA,NA,NA,NA,N,3,0,1,2,A,-,11,21954,A,N,G,B,E,A,H,-,C,D,0,Y,NA,NA,NA,Y,NA,N,60,0,1,0,0,1,0,0,0,0,-,-,NA,NA,SAN DIEGO,SAN MARCOS,-117.12170002,33.14053006
8518140,2017,2017-12-20,3711,2017-12-04,1330,7202,NA,1,5,7,3711,0,0,0,NA,0,438,POTOMAC ST,CALLE TORTUOSA,0,NA,Y,A,-,N,NA,NA,NA,NA,NA,NA,NA,NA,NA,N,4,0,1,2,A,-,09,21800,A,N,D,C,A,A,H,-,A,A,0,NA,NA,NA,NA,Y,NA,A,01,0,0,1,0,0,0,0,0,0,-,-,NA,NA,SAN DIEGO,SAN DIEGO,-117.05593001,32.68022011
8519483,2017,2018-01-04,3711,2017-12-12,0757,5522,NA,2,5,7,3711,0,0,0,NA,0,327,ALVARADO CT,ALVARADO RD,0,NA,N,A,-,N,NA,NA,NA,NA,NA,NA,NA,NA,NA,N,4,0,1,2,A,-,09,21804,A,N,D,G,A,A,H,-,A,D,0,NA,Y,NA,NA,Y,NA,L,04,0,0,1,0,0,0,1,0,0,-,-,NA,NA,SAN DIEGO,SAN DIEGO,-117.06213007,32.77854001
8527705,2017,2018-01-11,3711,2017-12-27,1616,6146,NA,3,5,7,3711,0,0,0,NA,0,233,YAZOO ST,YUKON ST,235,S,N,A,-,N,NA,NA,NA,NA,NA,NA,NA,NA,NA,Y,4,0,1,2,A,-,08,22107,NA,N,B,E,A,A,H,-,A,D,0,NA,NA,NA,NA,Y,Y,A,07,0,0,1,0,0,0,0,0,0,-,-,NA,NA,SAN DIEGO,SAN DIEGO,-117.09502014,32.97717057
8537096,2018,2018-02-15,3701,2018-01-16,2027,CB5486,NA,2,5,5,3701,0,0,0,NA,0,001,CARLSBAD VILLAGE DR,PIO PICO DR,321,E,N,A,-,N,NA,NA,NA,NA,NA,NA,NA,NA,NA,N,3,0,1,2,A,-,11,21954,A,N,G,B,D,A,H,-,C,D,0,Y,NA,NA,NA,Y,Y,N,60,0,1,0,0,1,0,0,0,0,-,-,NA,NA,SAN DIEGO,CARLSBAD,-117.3402099609375,33.16448974609375
8548677,2018,2018-02-20,3711,2018-01-28,1010,7186,NA,7,5,7,3711,0,0,0,NA,0,518,BEECH ST,24TH ST,0,NA,-,A,-,N,NA,NA,NA,NA,NA,NA,NA,NA,NA,N,3,0,1,2,A,-,10,21950,A,N,-,-,-,A,H,-,A,-,0,Y,NA,NA,NA,Y,NA,-,NA,0,1,0,0,1,0,0,0,0,-,-,NA,NA,SAN DIEGO,SAN DIEGO,NA,NA
8549573,2017,2018-06-29,3710,2017-11-21,1815,OC1391,010,2,5,6,3710,0,0,0,NA,0,004,RT 76,LORETTA ST,250,E,N,A,-,Y,SD,11,76,-,R,0.54,H,-,E,N,4,0,3,3,A,-,03,22350,NA,N,C,C,A,A,H,-,C,D,0,NA,NA,NA,NA,Y,NA,A,01,0,0,3,0,0,0,0,0,0,-,-,33.21,-117.378,SAN DIEGO,OCEANSIDE,-117.3771291,33.21079294
8567575,2018,2018-03-14,3705,2018-02-20,1056,EC0324,NA,2,5,5,3705,0,0,0,NA,0,002,MAGNOLIA,WELLS,0,NA,Y,A,-,N,NA,NA,NA,NA,NA,NA,NA,NA,NA,Y,4,0,1,2,A,-,09,21801,A,N,A,C,A,A,H,-,A,A,0,NA,NA,NA,NA,Y,NA,A,01,0,0,1,0,0,0,0,0,0,-,-,NA,NA,SAN DIEGO,EL CAJON,-116.96234130859376,32.799129486083984
8577400,2018,2018-03-22,3706,2018-03-04,1459,322,ESCON,7,5,6,3706,0,0,0,NA,0,041,EL NORTE PY,BROADWAY,19,W,N,A,-,N,NA,NA,NA,NA,NA,NA,NA,NA,NA,Y,3,0,1,2,A,-,03,22350,NA,N,C,C,A,A,H,-,A,A,0,NA,NA,Y,NA,Y,Y,C,02,0,1,0,0,0,0,0,0,1,-,-,33.13990020751953,-117.08950042724608,SAN DIEGO,ESCONDIDO,-117.08950042724608,33.1397705078125
8578979,2018,2018-04-04,3710,2018-01-30,0150,OC1351,037,2,5,6,3710,0,0,0,NA,0,007,COLLEGE BL,MARRON RD,469,S,N,A,-,N,NA,NA,NA,NA,NA,NA,NA,NA,NA,Y,2,0,1,1,A,-,03,22350,NA,N,E,I,A,A,H,-,C,D,0,NA,NA,NA,NA,Y,NA,A,01,1,0,0,0,0,0,0,0,0,-,-,33.1786003112793,-117.29400634765624,SAN DIEGO,OCEANSIDE,-117.29388427734376,33.17733383178711