CASE_ID,ACCIDENT_YEAR,PROC_DATE,JURIS,COLLISION_DATE,COLLISION_TIME,OFFICER_ID,REPORTING_DISTRICT,DAY_OF_WEEK,CHP_SHIFT,POPULATION,CNTY_CITY_LOC,SPECIAL_COND,BEAT_TYPE,CHP_BEAT_TYPE,CITY_DIVISION_LAPD,CHP_BEAT_CLASS,BEAT_NUMBER,PRIMARY_RD,SECONDARY_RD,DISTANCE,DIRECTION,INTERSECTION,WEATHER_1,WEATHER_2,STATE_HWY_IND,CALTRANS_COUNTY,CALTRANS_DISTRICT,STATE_ROUTE,ROUTE_SUFFIX,POSTMILE_PREFIX,POSTMILE,LOCATION_TYPE,RAMP_INTERSECTION,SIDE_OF_HWY,TOW_AWAY,COLLISION_SEVERITY,NUMBER_KILLED,NUMBER_INJURED,PARTY_COUNT,PRIMARY_COLL_FACTOR,PCF_CODE_OF_VIOL,PCF_VIOL_CATEGORY,PCF_VIOLATION,PCF_VIOL_SUBSECTION,HIT_AND_RUN,TYPE_OF_COLLISION,MVIW,PED_ACTION,ROAD_SURFACE,ROAD_COND_1,ROAD_COND_2,LIGHTING,CONTROL_DEVICE,CHP_ROAD_TYPE,PEDESTRIAN_ACCIDENT,BICYCLE_ACCIDENT,MOTORCYCLE_ACCIDENT,TRUCK_ACCIDENT,NOT_PRIVATE_PROPERTY,ALCOHOL_INVOLVED,STWD_VEHTYPE_AT_FAULT,CHP_VEHTYPE_AT_FAULT,COUNT_SEVERE_INJ,COUNT_VISIBLE_INJ,COUNT_COMPLAINT_PAIN,COUNT_PED_KILLED,COUNT_PED_INJURED,COUNT_BICYCLIST_KILLED,COUNT_BICYCLIST_INJURED,COUNT_MC_KILLED,COUNT_MC_INJURED,PRIMARY_RAMP,SECONDARY_RAMP,LATITUDE,LONGITUDE,COUNTY,CITY,POINT_X,POINT_Y
92075681,2023,2023-05-23,9680,2023-05-14,1420,021353,NA,7,2,9,3700,0,1,3,NA,1,024,SR-94 E/B,VIA MERCADO,40,W,N,A,-,Y,SD,NA,94,NA,NA,13.76,H,NA,R,Y,4,0,1,2,A,-,03,22350,NA,F,C,C,A,A,H,-,A,A,0,NA,NA,NA,NA,Y,NA,A,01,0,0,1,0,0,0,0,0,0,-,-,32.745540618896484,-116.95818328857422,SAN DIEGO,UNINCORPORATED,-116.95819854736328,32.745506286621094
92103590,2023,2023-06-27,9680,2023-06-17,1000,019870,NA,6,1,9,3700,0,3,5,NA,2,003,ANDERSON RD,E. VICTORIA DR,3168,N,N,A,-,N,NA,NA,NA,NA,NA,NA,NA,NA,NA,N,4,0,1,1,A,-,08,22107,NA,N,F,A,A,A,H,-,D,D,0,NA,NA,NA,NA,Y,NA,D,22,0,0,1,0,0,0,0,0,0,-,-,32.856380462646484,-116.74228668212892,SAN DIEGO,UNINCORPORATED,-116.74302673339844,32.85224151611328
92109667,2023,2023-07-05,9645,2023-06-15,2120,021231,NA,4,2,7,3711,0,1,1,NA,2,019,I-15 S/B,SR-56,2000,N,N,A,-,Y,SD,NA,15,NA,M,19.779,H,NA,L,N,3,0,1,3,A,-,03,22350,NA,N,C,C,A,A,H,-,D,D,0,NA,NA,NA,NA,Y,NA,D,22,0,1,0,0,0,0,0,0,0,-,-,32.968650817871094,-117.09320068359376,SAN DIEGO,SAN DIEGO,-117.09316253662108,32.968631744384766
92119005,2023,2023-07-17,9650,2023-07-11,830,019652,NA,2,1,9,3700,0,1,1,NA,2,001,I-5 N/B,SCALES,2000,N,N,B,-,Y,SD,NA,5,NA,R,67.789,H,NA,R,N,4,0,1,2,A,-,03,22350,NA,N,C,C,A,A,H,-,A,D,0,NA,NA,NA,NA,Y,NA,A,01,0,0,1,0,0,0,0,0,0,-,-,33.35694885253906,-117.53163146972656,SAN DIEGO,UNINCORPORATED,-117.53166198730467,33.3569221496582
9213548,2021,2021-03-17,3711,2021-01-14,0900,SD6303,NA,4,5,7,3711,0,0,0,NA,0,524,4TH AV,A ST,0,NA,Y,A,-,N,NA,NA,NA,NA,NA,NA,NA,NA,NA,N,3,0,1,2,A,-,08,22107,NA,M,B,G,A,A,H,-,A,A,0,NA,Y,NA,NA,Y,NA,D,22,0,1,0,0,0,0,1,0,0,-,-,NA,NA,SAN DIEGO,SAN DIEGO,-117.16110229492188,32.71885299682617
92137576,2023,2023-08-07,9645,2023-07-26,1925,022512,NA,3,2,5,3709,0,1,3,NA,2,008,SR-54 TO I-805,INTERSTATE 805,1460,W,N,A,-,Y,SD,NA,54,NA,NA,1.569,H,NA,R,Y,3,0,1,2,A,-,08,22107,NA,N,B,C,A,A,H,-,A,D,0,NA,NA,NA,NA,Y,NA,A,01,0,1,0,0,0,0,0,0,0,-,-,32.65793991088867,-117.07900238037108,SAN DIEGO,NATIONAL CITY,-117.07901763916016,32.658206939697266
92141126,2023,2023-08-10,9680,2023-01-13,1840,019384,NA,5,2,5,3708,0,1,1,NA,2,081,INTERSTATE 8 EASTBOUND,SPRING STREET,310,W,N,A,-,Y,SD,NA,8,NA,NA,10.903,H,NA,R,N,2,0,1,2,A,-,03,22350,NA,N,B,C,A,A,H,-,D,D,0,NA,NA,Y,NA,Y,NA,C,02,1,0,0,0,0,0,0,0,1,-,-,32.771060943603516,-117.0248565673828,SAN DIEGO,LA MESA,-117.0248565673828,32.771060943603516
92167955,2023,2023-09-12,9650,2023-08-24,2010,018496,NA,4,2,6,3706,0,1,1,NA,2,023,I-15 N/B,ROCK SPRINGS RD,467,S,N,A,-,Y,SD,NA,15,NA,R,31.912,H,NA,R,Y,4,0,1,2,A,-,08,22107,NA,F,D,C,A,A,D,E,C,D,0,NA,NA,NA,NA,Y,NA,A,01,0,0,1,0,0,0,0,0,0,-,-,33.13264846801758,-117.10504913330078,SAN DIEGO,ESCONDIDO,-117.10505676269533,33.13264846801758
92169235,2023,2023-09-13,9650,2023-09-08,832,017392,NA,5,1,5,3701,0,1,1,NA,2,005,I-5 S/B,CHINQUAPIN AVE,300,S,N,A,-,Y,SD,NA,5,NA,R,49.048,H,NA,L,N,3,0,1,2,A,-,07,21658,A,N,C,C,A,A,H,-,A,D,0,NA,NA,Y,NA,Y,NA,A,01,0,1,0,0,0,0,0,0,1,-,-,33.149131774902344,-117.33479309082033,SAN DIEGO,CARLSBAD,-117.3348388671875,33.149112701416016
92170033,2023,2023-09-14,9645,2023-09-13,1110,018393,NA,3,1,7,3711,0,1,1,NA,2,009,I-805 S/B,DIVISION STREET,800,S,N,A,-,Y,SD,NA,805,NA,NA,11.016,H,NA,L,Y,3,0,2,3,A,-,03,22350,NA,N,C,C,A,A,H,-,A,D,0,NA,NA,NA,NA,Y,NA,A,01,0,1,1,0,0,0,0,0,0,-,-,32.6859016418457,-117.09127044677734,SAN DIEGO,SAN DIEGO,-117.09120941162108,32.68595504760742
92174603,2023,2023-09-20,9650,2023-09-13,1615,020673,NA,3,2,9,3700,0,3,5,NA,2,006,E. ALVARADO ST,EMILIA LN,365,E,N,A,-,N,NA,NA,NA,NA,NA,NA,NA,NA,NA,Y,3,0,1,2,A,-,05,21650,NA,N,B,C,A,A,H,-,A,D,0,NA,NA,Y,NA,Y,NA,A,07,0,1,0,0,0,0,0,0,1,-,-,33.38079071044922,-117.21395111083984,SAN DIEGO,UNINCORPORATED,-117.21398162841795,33.38080978393555
9217502,2021,2021-03-10,3711,2021-01-28,2315,SD1045,NA,4,5,7,3711,0,0,0,NA,0,524,KETTNER BL,B ST,45,N,N,C,-,N,NA,NA,NA,NA,NA,NA,NA,NA,NA,N,3,0,1,1,B,-,22,NA,NA,N,H,A,A,B,H,-,C,A,0,NA,NA,NA,NA,Y,NA,M,94,0,1,0,0,0,0,0,0,0,-,-,NA,NA,SAN DIEGO,SAN DIEGO,-117.1691665649414,32.717872619628906
92177495,2023,2023-09-22,9680,2023-09-12,1710,019555,NA,2,2,9,3700,0,3,5,NA,2,001,WOODSIDE AVE,WINTER GARDENS BLVD,30,E,N,A,-,N,NA,NA,NA,NA,NA,NA,NA,NA,NA,N,4,0,1,2,A,-,08,22107,NA,N,B,G,A,A,H,-,A,A,0,NA,Y,NA,NA,Y,NA,A,07,0,0,1,0,0,0,1,0,0,-,-,32.856021881103516,-116.93089294433594,SAN DIEGO,UNINCORPORATED,-116.93104553222656,32.856075286865234
92183690,2023,2023-10-02,9680,2023-09-21,920,020165,NA,4,1,9,3700,0,1,3,NA,1,022,JAMACHA ROAD,HIDDEN MESA ROAD,0,NA,Y,B,-,N,NA,NA,NA,NA,NA,NA,NA,NA,NA,Y,4,0,2,3,A,-,09,21802,A,N,D,C,A,A,H,-,A,A,0,NA,NA,NA,NA,Y,NA,A,01,0,0,2,0,0,0,0,0,0,-,-,32.77130889892578,-116.9277801513672,SAN DIEGO,UNINCORPORATED,-116.92789459228516,32.77128601074219
9218838,2020,2021-02-19,3700,2020-11-16,1349,SH0304,NA,1,5,2,3704,0,0,0,NA,0,292,CAMINO DEL MAR,DEL MAR,39,N,N,A,-,N,NA,NA,NA,NA,NA,NA,NA,NA,NA,N,4,0,1,2,A,-,03,22350,NA,N,C,C,A,A,H,-,A,A,0,NA,NA,NA,NA,Y,NA,A,01,0,0,1,0,0,0,0,0,0,-,-,NA,NA,SAN DIEGO,DEL MAR,-117.26108551025392,32.948204040527344
92199792,2023,2023-10-16,9645,2023-09-29,1150,019054,NA,5,1,7,3711,0,1,3,NA,2,006,SR-94 E/B TO SR-15 N/B,SR-15,300,E,N,B,-,Y,SD,NA,94,NA,NA,3.25,H,NA,L,Y,2,0,1,1,A,-,03,22350,NA,N,E,8,A,A,H,-,A,D,0,NA,NA,Y,NA,Y,NA,C,02,1,0,0,0,0,0,0,0,1,-,-,32.7171516418457,-117.11688995361328,SAN DIEGO,SAN DIEGO,-117.11693572998048,32.71733474731445
92203965,2023,2023-10-19,9645,2023-10-13,605,017678,NA,5,1,7,3711,0,1,1,NA,2,021,SR-15 NB FROM ADAMS AVE.,ADAMS AVE.,5,N,N,A,-,Y,NA,NA,NA,NA,NA,NA,NA,NA,NA,N,2,0,1,2,A,-,11,21950,B,N,G,B,B,A,H,-,C,A,0,Y,NA,NA,NA,Y,NA,N,60,1,0,0,0,1,0,0,0,0,-,-,32.76337814331055,-117.10875701904295,SAN DIEGO,SAN DIEGO,-117.10875701904295,32.76337814331055
9221110,2021,2021-03-27,3711,2021-02-04,2109,SD7874,NA,4,5,7,3711,0,0,0,NA,0,122,MISSION BAY DR,MISSION BAY DR 4700,0,NA,N,A,-,N,NA,NA,NA,NA,NA,NA,NA,NA,NA,N,4,0,1,2,A,-,-,NA,NA,M,B,G,A,A,H,-,C,A,0,NA,Y,NA,NA,Y,NA,-,99,0,0,1,0,0,0,1,0,0,-,-,NA,NA,SAN DIEGO,SAN DIEGO,-117.21102905273438,32.79828643798828
92223211,2023,2023-10-31,9680,2023-10-18,1843,022030,NA,3,2,9,3700,0,3,5,NA,2,002,AUSTIN DR,CALAVO DR,0,NA,Y,A,-,N,NA,NA,NA,NA,NA,NA,NA,NA,NA,N,4,0,1,2,A,-,11,21950,B,M,G,B,B,A,H,-,C,A,0,Y,NA,NA,NA,Y,NA,N,60,0,0,1,0,1,0,0,0,0,-,-,32.73366165161133,-116.96311950683594,SAN DIEGO,UNINCORPORATED,-116.96305847167967,32.73354721069336
9222723,2021,2021-03-24,3702,2021-01-03,0940,CV1289,NA,7,5,6,3702,0,0,0,NA,0,031,EAST H ST,HIDDEN VISTA DR,300,W,N,A,-,N,NA,NA,NA,NA,NA,NA,NA,NA,NA,Y,3,0,1,1,A,-,08,22107,NA,N,E,I,A,A,H,-,A,A,0,NA,NA,NA,NA,Y,NA,A,01,0,1,0,0,0,0,0,0,0,-,-,NA,NA,SAN DIEGO,CHULA VISTA,-117.05021667480467,32.64105224609375
9222755,2021,2021-03-19,3711,2021-01-23,1149,SD6785,NA,6,5,7,3711,0,0,0,NA,0,243,MIRAMAR RD,KEARNY MESA RD,0,NA,Y,C,-,N,NA,NA,NA,NA,NA,NA,NA,NA,NA,N,4,0,5,2,A,-,03,22350,NA,N,C,C,A,B,H,-,A,A,0,NA,NA,NA,NA,Y,NA,A,01,0,0,5,0,0,0,0,0,0,-,-,NA,NA,SAN DIEGO,SAN DIEGO,-117.11840057373048,32.893741607666016
92242796,2023,2023-11-22,9680,2023-11-10,1725,023220,NA,5,2,9,3700,0,1,3,NA,2,027,SR-94,GROVE STREET,550,E,N,A,-,Y,SD,NA,94,NA,NA,9.365,H,NA,L,N,4,0,1,2,A,-,03,22350,NA,N,C,C,A,A,H,-,C,D,0,NA,NA,NA,Y,Y,NA,D,22,0,0,1,0,0,0,0,0,0,-,-,32.747161865234375,-117.02454376220705,SAN DIEGO,UNINCORPORATED,-117.02455139160156,32.7470817565918
9225014,2021,2021-04-13,3702,2021-02-01,2030,CV1258,NA,1,5,6,3702,0,0,0,NA,0,023,NACION AV,NACION AV 900,0,NA,Y,C,-,N,NA,NA,NA,NA,NA,NA,NA,NA,NA,Y,4,0,2,1,A,-,03,22350,NA,N,E,I,A,B,H,-,C,D,0,NA,NA,NA,NA,Y,NA,D,22,0,0,2,0,0,0,0,0,0,-,-,NA,NA,SAN DIEGO,CHULA VISTA,NA,NA
92275139,2023,2023-12-29,9650,2023-12-22,1155,017328,NA,5,1,9,3700,0,2,4,NA,2,061,S. MISSION RD.,ALMOND ST.,165,N,N,B,-,N,NA,NA,NA,NA,NA,NA,NA,NA,NA,N,4,0,1,2,A,-,03,22350,NA,N,C,C,A,A,H,-,A,D,0,NA,NA,NA,NA,Y,NA,E,22,0,0,1,0,0,0,0,0,0,-,-,33.3667106628418,-117.25007629394533,SAN DIEGO,UNINCORPORATED,-117.25008392333984,33.366695404052734
92278478,2023,2024-01-03,9645,2023-12-22,10,018987,NA,5,3,7,3711,0,1,1,NA,2,017,I-15 SOUTHBOUND,POWAY ROAD,3168,N,N,C,-,Y,SD,NA,15,NA,M,18.843,H,NA,L,Y,4,0,1,1,A,-,03,22350,NA,N,E,I,A,B,H,-,C,D,0,NA,NA,NA,NA,Y,NA,A,07,0,0,1,0,0,0,0,0,0,-,-,32.95692825317383,-117.10099792480467,SAN DIEGO,SAN DIEGO,-117.1008529663086,32.95688247680664
92282755,2023,2024-01-09,9645,2023-12-17,950,017723,NA,7,1,7,3711,0,1,1,NA,2,021,SR-15 SB,UNIVERSITY AVENUE,2640,N,N,A,-,Y,SD,NA,15,NA,M,4.627,H,NA,L,Y,4,0,2,2,A,-,03,22350,NA,N,C,C,A,A,H,-,A,D,0,NA,NA,NA,NA,Y,NA,A,01,0,0,2,0,0,0,0,0,0,-,-,32.749168395996094,-117.10907745361328,SAN DIEGO,SAN DIEGO,-117.10900115966795,32.74917221069336
92290411,2024,2024-01-18,9645,2024-01-11,545,018393,NA,4,3,7,3711,0,1,1,NA,2,010,I-8 E/B,SPORTS ARENA BLVD U/C,200,E,N,B,C,Y,SD,NA,8,NA,L,1.272,H,NA,R,N,3,0,1,1,A,-,08,22107,NA,N,F,A,A,B,H,-,D,D,0,NA,NA,NA,NA,Y,NA,A,07,0,1,0,0,0,0,0,0,0,-,-,32.75693893432617,-117.22261810302734,SAN DIEGO,SAN DIEGO,-117.22261810302734,32.75688934326172
92300950,2024,2024-01-30,9645,2024-01-22,1100,022814,NA,1,1,7,3711,0,1,1,NA,2,009,I-805 NORTHOUND,MAIN STREET,1260,S,N,C,-,Y,SD,NA,805,NA,NA,3.412,H,NA,R,N,4,0,6,2,A,-,03,22350,NA,N,C,C,A,B,H,-,A,D,0,NA,NA,NA,NA,Y,NA,D,22,0,0,6,0,0,0,0,0,0,-,-,32.59128189086914,-117.0361785888672,SAN DIEGO,SAN DIEGO,-117.03620910644533,32.59128189086914
92305073,2024,2024-02-05,9650,2024-01-19,1445,022739,NA,5,2,5,3713,0,1,3,NA,2,017,STATE ROUTE 78 WESTBOUND (SR-78 W/B),SYCAMORE AVENUE,100,E,N,A,-,Y,SD,NA,78,NA,NA,9.135,H,NA,L,Y,4,0,1,2,A,-,08,22107,NA,N,B,C,A,A,H,-,A,D,0,NA,NA,NA,Y,Y,NA,G,25,0,0,1,0,0,0,0,0,0,-,-,33.166709899902344,-117.21421051025392,SAN DIEGO,VISTA,-117.21421813964844,33.16670227050781
92308147,2024,2024-02-07,9680,2024-01-27,834,021441,NA,6,1,9,3700,0,3,5,NA,2,002,ELKELTON PLACE,PARADISE VALLEY ROAD,130,S,N,A,-,N,NA,NA,NA,NA,NA,NA,NA,NA,NA,N,3,0,4,2,A,-,03,22350,NA,N,D,C,A,A,H,-,A,A,0,NA,NA,NA,NA,Y,NA,A,01,0,1,3,0,0,0,0,0,0,-,-,32.7021598815918,-117.01213836669922,SAN DIEGO,UNINCORPORATED,-117.01230621337892,32.7024040222168
92314222,2024,2024-02-14,9645,2024-02-04,412,022988,NA,7,3,7,3711,0,1,3,NA,2,002,BRITANNIA BOULEVARD SOUTHBOUND,STATE ROUTE-905 WESTBOUND,0,NA,Y,B,-,Y,NA,NA,NA,NA,NA,NA,NA,NA,NA,Y,3,0,1,1,A,-,03,22350,NA,F,E,I,A,A,H,-,C,A,0,NA,NA,NA,NA,Y,NA,A,07,0,1,0,0,0,0,0,0,0,-,-,32.565059661865234,-116.9800262451172,SAN DIEGO,SAN DIEGO,-116.97992706298828,32.56441116333008
92327921,2024,2024-03-01,9645,2024-02-26,1205,016156,NA,1,1,7,3711,0,1,3,NA,2,023,SR-163 N/B,I-8 E/B,1742,S,N,B,-,Y,SD,NA,163,NA,NA,3.399,H,NA,R,N,4,0,1,2,D,-,00,NA,NA,N,C,C,A,A,H,-,A,D,0,NA,NA,NA,NA,Y,NA,-,-,0,0,1,0,0,0,0,0,0,-,-,32.75835037231445,-117.1607666015625,SAN DIEGO,SAN DIEGO,-117.16077423095705,32.75835037231445
9234267,2021,2021-03-15,3702,2021-01-18,0945,CV1370,NA,1,5,6,3702,0,0,0,NA,0,032,EAST H ST,RT 125,411,E,N,A,-,N,NA,NA,NA,NA,NA,NA,NA,NA,NA,N,4,0,1,1,D,-,00,NA,NA,N,H,A,A,A,H,-,A,D,0,NA,Y,NA,NA,Y,NA,-,-,0,0,1,0,0,0,1,0,0,-,NO,NA,NA,SAN DIEGO,CHULA VISTA,-116.97610473632813,32.660247802734375
9234747,2021,2021-04-07,3705,2021-02-04,2010,EC0383,NA,4,5,5,3705,0,0,0,NA,0,001,SOUTH JOHNSON AV,BENEDICT AV,161,N,N,A,-,N,NA,NA,NA,NA,NA,NA,NA,NA,NA,NA,4,0,1,2,A,-,00,21760,NA,M,B,G,A,A,H,-,C,D,0,NA,Y,NA,NA,Y,NA,A,01,0,0,1,0,0,0,1,0,0,-,-,NA,NA,SAN DIEGO,EL CAJON,-116.97103881835938,32.79812240600586
92363481,2024,2024-04-12,9645,2024-03-28,1545,022183,NA,4,2,7,3711,0,1,1,NA,2,003,I-5 S/B,S. 30TH ST PED OVERCROSSING,127,N,N,A,-,Y,SD,NA,5,NA,R,13.145,H,NA,L,N,3,0,1,2,A,-,03,22350,NA,N,C,C,A,A,H,-,A,D,0,NA,NA,Y,NA,Y,NA,C,02,0,1,0,0,0,0,0,0,1,-,-,32.69432067871094,-117.12982940673828,SAN DIEGO,SAN DIEGO,-117.12982940673828,32.69436264038086
92372272,2024,2024-04-22,9645,2024-03-28,1735,022845,NA,4,2,7,3711,0,1,1,NA,2,009,I-805 S/B TO SR-905 E/B,SR-905 FREEWAY,1289,N,N,A,-,Y,NA,NA,NA,NA,NA,NA,NA,NA,NA,Y,3,0,2,3,A,-,03,22350,NA,N,C,C,A,A,H,-,A,D,0,NA,NA,NA,NA,Y,NA,A,01,0,2,0,0,0,0,0,0,0,-,-,32.57183074951172,-117.04036712646484,SAN DIEGO,SAN DIEGO,-117.04036712646484,32.57183074951172
92405624,2024,2024-06-04,9680,2024-05-24,1520,021077,NA,5,2,9,3700,0,1,1,NA,2,081,I-8 W/B,GROSSMONT BOULEVARD,260,W,N,A,-,Y,SD,NA,8,NA,NA,12.989,H,NA,L,Y,4,0,2,3,A,-,03,22350,NA,N,C,C,A,A,H,-,A,D,0,NA,NA,NA,NA,Y,NA,D,22,0,0,2,0,0,0,0,0,0,-,-,32.77927017211914,-116.99137878417967,SAN DIEGO,UNINCORPORATED,-116.99137878417967,32.77922821044922
92425888,2024,2024-06-28,9650,2024-06-19,1745,020343,NA,3,2,5,3701,0,1,1,NA,2,005,I-5 NB SO CARLSBAD VILLAGE DR,CARLSBAD VILLAGE DRIVE,898,S,N,A,-,Y,SD,NA,5,NA,R,49.935,H,NA,R,N,4,0,1,3,A,-,03,22350,NA,N,C,D,A,A,H,-,A,D,0,NA,NA,NA,NA,Y,NA,D,22,0,0,1,0,0,0,0,0,0,-,-,33.16093826293945,-117.34087371826172,SAN DIEGO,CARLSBAD,-117.3409423828125,33.160911560058594
9246762,2021,2021-04-08,3711,2021-03-19,1519,SD1388,NA,5,5,7,3711,0,0,0,NA,0,811,EL CAJON BL,36TH ST,9,E,N,A,-,N,NA,NA,NA,NA,NA,NA,NA,NA,NA,Y,3,0,1,2,A,-,12,21453,A,N,D,C,A,A,H,-,A,A,0,NA,NA,NA,NA,Y,NA,D,22,0,1,0,0,0,0,0,0,0,-,-,NA,NA,SAN DIEGO,SAN DIEGO,-117.11575317382813,32.75516891479492
92481360,2024,2024-07-22,9680,2024-07-12,555,017460,NA,5,3,9,3700,0,1,1,NA,2,086,INTERSTATE 8 WESTBOUND,MCCAIN VALLEY ROAD,7392,E,N,A,-,Y,SD,NA,8,NA,R,69.224,H,NA,L,Y,3,0,1,1,A,-,08,22107,NA,N,F,A,A,A,H,-,A,D,0,NA,NA,NA,NA,Y,NA,A,01,0,1,0,0,0,0,0,0,0,-,-,32.661651611328125,-116.23745727539063,SAN DIEGO,UNINCORPORATED,-116.23743438720705,32.661705017089844
9249254,2020,2021-04-22,3700,2020-12-02,1416,SH6068,NA,3,5,4,3707,0,0,0,NA,0,705,ELM AV,GEORGIA CT,0,NA,Y,A,-,N,NA,NA,NA,NA,NA,NA,NA,NA,NA,N,2,0,1,2,A,-,09,21801,A,N,A,C,A,A,H,-,A,D,0,NA,NA,Y,NA,Y,NA,A,01,1,0,0,0,0,0,0,0,1,-,-,NA,NA,SAN DIEGO,IMPERIAL BEACH,-117.10443115234376,32.58066177368164
9256837,2021,2021-05-13,3710,2021-05-02,1210,OC1253,NA,7,5,6,3710,0,0,0,NA,0,009,VISTA WY,SOUTH FREEMAN ST,10,E,N,B,-,N,NA,NA,NA,NA,NA,NA,NA,NA,NA,Y,4,0,1,2,A,-,08,22107,NA,N,D,C,A,A,H,-,A,D,0,NA,NA,NA,NA,Y,NA,A,01,0,0,1,0,0,0,0,0,0,-,-,NA,NA,SAN DIEGO,OCEANSIDE,-117.35875701904295,33.17256546020508
9257280,2021,2021-05-17,3700,2021-04-06,1340,SH2439,NA,2,5,5,3713,0,0,0,NA,0,312,HACIENDA DR,EMERALD DR,1200,E,N,A,-,N,NA,NA,NA,NA,NA,NA,NA,NA,NA,Y,4,0,1,2,A,-,08,22102,NA,N,D,C,A,A,H,-,A,D,0,NA,NA,NA,NA,Y,NA,A,01,0,0,1,0,0,0,0,0,0,-,-,NA,NA,SAN DIEGO,VISTA,-117.27586364746094,33.18744659423828
9259112,2021,2021-05-12,3711,2021-04-28,1845,SD7423,NA,3,5,7,3711,0,0,0,NA,0,436,MEADOWBROOK DR,PARADISE VALLEY RD,90,N,N,B,-,N,NA,NA,NA,NA,NA,NA,NA,NA,NA,N,4,0,1,2,A,-,08,38314,NA,N,D,C,A,A,H,-,A,D,0,NA,NA,NA,NA,Y,NA,A,01,0,0,1,0,0,0,0,0,0,-,-,NA,NA,SAN DIEGO,SAN DIEGO,-117.02601623535156,32.69771194458008
9259659,2021,2021-05-21,3700,2021-04-26,0732,SH0113,NA,1,5,5,3713,0,0,0,NA,0,310,NORTH SANTA FE AV,VISTA VILLAGE DR,0,NA,Y,C,-,N,NA,NA,NA,NA,NA,NA,NA,NA,NA,Y,4,0,1,2,A,-,12,21453,A,N,D,C,A,B,H,-,A,A,0,NA,NA,NA,NA,Y,NA,D,22,0,0,1,0,0,0,0,0,0,-,-,NA,NA,SAN DIEGO,VISTA,-117.243896484375,33.2024040222168
9263880,2021,2021-06-07,3709,2021-04-16,2137,NC0525,NA,5,5,5,3709,0,0,0,NA,0,021,EAST DIVISION ST,PALM AV,0,NA,Y,A,-,N,NA,NA,NA,NA,NA,NA,NA,NA,NA,Y,4,0,2,3,A,-,03,22350,NA,F,C,C,A,A,H,-,C,A,0,NA,NA,Y,NA,Y,NA,A,01,0,0,2,0,0,0,0,0,0,-,-,NA,NA,SAN DIEGO,NATIONAL CITY,-117.0940399169922,32.68706512451172
9266252,2021,2021-06-01,3708,2021-05-06,1217,8288,NA,4,5,5,3708,0,0,0,NA,0,004,MARENGO AV,PARKWAY DR,0,NA,Y,-,-,NA,NA,NA,NA,NA,NA,NA,NA,NA,NA,N,4,0,1,2,A,-,09,21801,A,N,A,C,A,A,H,-,A,D,0,NA,NA,NA,NA,Y,NA,D,23,0,0,1,0,0,0,0,0,0,-,-,NA,NA,SAN DIEGO,LA MESA,-117.02294158935548,32.775596618652344
9266771,2021,2021-06-03,3702,2021-05-11,0812,CV1133,NA,2,5,6,3702,0,0,0,NA,0,042,LANE AV,OTAY LAKES RD,42,N,N,A,-,N,NA,NA,NA,NA,NA,NA,NA,NA,NA,Y,3,0,2,2,A,-,03,22350,NA,N,A,C,A,A,H,-,A,A,0,NA,NA,NA,NA,Y,NA,A,07,0,1,1,0,0,0,0,0,0,-,-,NA,NA,SAN DIEGO,CHULA VISTA,-116.9612045288086,32.64977264404297
9280879,2021,2021-07-01,3702,2021-05-31,0500,CV1326,NA,1,5,6,3702,0,0,0,NA,0,042,CLUBHOUSE DR,EASTLAKE PKWY,15,E,N,A,-,N,NA,NA,NA,NA,NA,NA,NA,NA,NA,Y,3,0,1,1,A,-,03,22350,NA,N,E,I,A,A,H,-,B,A,0,NA,NA,NA,NA,Y,Y,A,01,0,1,0,0,0,0,0,0,0,-,-,NA,NA,SAN DIEGO,CHULA VISTA,-116.96617889404295,32.64051818847656
9284160,2021,2021-07-23,3705,2021-06-05,1211,EC0219,NA,6,5,5,3705,0,0,0,NA,0,001,N JOHNSON AV,W MADISON AV,0,NA,Y,A,-,N,NA,NA,NA,NA,NA,NA,NA,NA,NA,Y,4,0,2,2,A,-,09,21801,A,N,D,C,A,A,H,-,A,A,0,NA,NA,NA,NA,Y,NA,A,01,0,0,2,0,0,0,0,0,0,-,-,NA,NA,SAN DIEGO,EL CAJON,-116.97103881835938,32.800384521484375
9284789,2021,2021-07-23,3711,2021-07-05,0022,SD7682,NA,1,5,7,3711,0,0,0,NA,0,611,ROSECRANS ST,MIDWAY DR,0,NA,Y,A,-,N,NA,NA,NA,NA,NA,NA,NA,NA,NA,N,4,0,1,2,A,-,12,21453,A,M,A,C,A,A,H,-,C,A,0,NA,NA,NA,NA,Y,Y,A,01,0,0,1,0,0,0,0,0,0,-,-,NA,NA,SAN DIEGO,SAN DIEGO,-117.20616912841795,32.74970245361328