CASE_ID,ACCIDENT_YEAR,PROC_DATE,JURIS,COLLISION_DATE,COLLISION_TIME,OFFICER_ID,REPORTING_DISTRICT,DAY_OF_WEEK,CHP_SHIFT,POPULATION,CNTY_CITY_LOC,SPECIAL_COND,BEAT_TYPE,CHP_BEAT_TYPE,CITY_DIVISION_LAPD,CHP_BEAT_CLASS,BEAT_NUMBER,PRIMARY_RD,SECONDARY_RD,DISTANCE,DIRECTION,INTERSECTION,WEATHER_1,WEATHER_2,STATE_HWY_IND,CALTRANS_COUNTY,CALTRANS_DISTRICT,STATE_ROUTE,ROUTE_SUFFIX,POSTMILE_PREFIX,POSTMILE,LOCATION_TYPE,RAMP_INTERSECTION,SIDE_OF_HWY,TOW_AWAY,COLLISION_SEVERITY,NUMBER_KILLED,NUMBER_INJURED,PARTY_COUNT,PRIMARY_COLL_FACTOR,PCF_CODE_OF_VIOL,PCF_VIOL_CATEGORY,PCF_VIOLATION,PCF_VIOL_SUBSECTION,HIT_AND_RUN,TYPE_OF_COLLISION,MVIW,PED_ACTION,ROAD_SURFACE,ROAD_COND_1,ROAD_COND_2,LIGHTING,CONTROL_DEVICE,CHP_ROAD_TYPE,PEDESTRIAN_ACCIDENT,BICYCLE_ACCIDENT,MOTORCYCLE_ACCIDENT,TRUCK_ACCIDENT,NOT_PRIVATE_PROPERTY,ALCOHOL_INVOLVED,STWD_VEHTYPE_AT_FAULT,CHP_VEHTYPE_AT_FAULT,COUNT_SEVERE_INJ,COUNT_VISIBLE_INJ,COUNT_COMPLAINT_PAIN,COUNT_PED_KILLED,COUNT_PED_INJURED,COUNT_BICYCLIST_KILLED,COUNT_BICYCLIST_INJURED,COUNT_MC_KILLED,COUNT_MC_INJURED,PRIMARY_RAMP,SECONDARY_RAMP,LATITUDE,LONGITUDE,COUNTY,CITY,POINT_X,POINT_Y
6378999,2014,2014-06-18,9650,2014-02-07,1755,019227,NA,5,2,9,3700,0,3,5,NA,2,150,HUTCHISON ST,EAST VISTA WY,0,NA,Y,A,-,N,NA,NA,NA,NA,NA,NA,NA,NA,NA,Y,4,0,1,2,A,-,09,21802,A,N,D,C,A,A,H,-,B,A,0,NA,NA,NA,NA,Y,NA,A,01,0,0,1,0,0,0,0,0,0,-,-,33.25067,-117.23054,SAN DIEGO,UNINCORPORATED,-117.23052008,33.25068001
6457886,2014,2016-03-28,9650,2014-04-20,1945,15803,NA,7,2,6,3710,0,1,3,NA,2,017,RT 78,COLLEGE AV,528,W,N,A,-,Y,SD,11,78,-,-,3.22,H,-,E,Y,4,0,1,1,A,-,08,22107,NA,N,E,I,A,A,H,-,D,D,1,NA,NA,NA,NA,Y,NA,A,01,0,0,1,0,0,0,0,0,0,-,-,33.18244,-117.29958,SAN DIEGO,OCEANSIDE,-117.29828996,33.18290581
6439813,2014,2014-06-26,3711,2014-03-23,1745,6247,NA,7,5,7,3711,0,0,0,NA,0,611,MIDWAY DR,ROSECRANS,1,W,N,B,-,N,NA,NA,NA,NA,NA,NA,NA,NA,NA,N,3,0,1,2,A,-,17,21200,A,N,D,G,A,A,H,-,A,A,0,NA,Y,NA,NA,Y,NA,L,04,0,1,0,0,0,0,1,0,0,-,-,NA,NA,SAN DIEGO,SAN DIEGO,-117.20617265999999,32.74970157
6439489,2014,2014-07-01,3705,2014-03-06,1904,EC0324,NA,4,5,5,3705,0,0,0,NA,0,007,E MADISON,TERRA LN,0,NA,Y,A,-,N,NA,NA,NA,NA,NA,NA,NA,NA,NA,N,4,0,1,2,A,-,09,21801,A,N,D,C,A,A,H,-,C,D,0,NA,NA,Y,NA,Y,NA,A,01,0,0,1,0,0,0,0,0,1,-,-,NA,NA,SAN DIEGO,EL CAJON,-116.91997012,32.80019007
6460186,2014,2015-11-30,9645,2014-04-12,1439,018393,NA,6,2,7,3711,0,1,1,NA,2,009,RT 805,PALM AV,50,S,N,A,-,N,NA,NA,805,NA,NA,NA,NA,NA,NA,N,4,0,3,2,A,-,03,22350,NA,N,C,C,A,A,H,-,A,D,0,NA,NA,Y,NA,Y,NA,C,02,0,0,3,0,0,0,0,0,1,-,-,32.58361,-117.03729,SAN DIEGO,SAN DIEGO,-117.0372033,32.58358937
6437120,2014,2014-06-10,3705,2014-01-23,1740,EC0304,NA,4,5,5,3705,0,0,0,NA,0,009,JAMACHA RD,DOROTHY ST,91,N,N,A,-,N,NA,NA,NA,NA,NA,NA,NA,NA,NA,N,4,0,2,2,A,-,03,22350,NA,N,C,C,A,A,H,-,A,D,0,NA,NA,NA,NA,Y,NA,A,01,0,0,2,0,0,0,0,0,0,-,-,NA,NA,SAN DIEGO,EL CAJON,-116.93302824,32.79200655
6477468,2014,2014-07-24,9680,2014-04-21,1715,19870,NA,1,2,9,3700,0,3,5,NA,2,002,TROY ST,CENTRAL AV,0,NA,Y,A,-,N,NA,NA,NA,NA,NA,NA,NA,NA,NA,Y,3,0,1,5,A,-,09,21801,A,N,A,A,A,A,H,-,A,A,0,NA,NA,Y,NA,Y,NA,A,01,0,1,0,0,0,0,0,0,1,-,-,32.73679,-117.0101,SAN DIEGO,UNINCORPORATED,-117.01022006,32.73668009
6483669,2014,2016-03-26,9680,2014-05-05,0425,17460,NA,1,3,9,3700,0,1,1,NA,2,086,RT 8,CARRIZO GORGE RD,4224,E,N,A,-,Y,SD,11,8,-,R,74.77,H,-,E,Y,4,0,1,1,A,-,08,22107,NA,N,E,I,A,A,H,-,D,D,1,NA,NA,NA,NA,Y,NA,A,01,0,0,1,0,0,0,0,0,0,-,-,32.64369,-116.17999,SAN DIEGO,UNINCORPORATED,-116.15220337,32.63425948
6486097,2014,2016-03-28,9645,2014-05-08,0200,020515,NA,4,3,7,3711,0,1,3,NA,2,023,RT 163,WASHINGTON ST,0,N,N,A,-,Y,SD,11,163,-,-,2.83,H,-,N,Y,3,0,1,1,A,-,01,23152,A,N,E,I,A,A,H,-,D,D,1,NA,NA,NA,NA,Y,Y,A,01,0,1,0,0,0,0,0,0,0,-,-,32.7515,-117.15579,SAN DIEGO,SAN DIEGO,-117.15574005,32.75159915
6489984,2014,2014-08-08,3709,2014-06-04,0517,475,NA,3,5,5,3709,0,0,0,NA,0,020,HARBOR DR,WEST 8TH ST,0,NA,Y,B,-,N,NA,NA,NA,NA,NA,NA,NA,NA,NA,Y,4,0,2,4,A,-,12,21453,A,N,A,C,A,A,H,-,A,A,0,NA,NA,NA,NA,Y,NA,A,01,0,0,2,0,0,0,0,0,0,-,-,NA,NA,SAN DIEGO,NATIONAL CITY,-117.11484011,32.67365009
6491884,2014,2014-07-22,3711,2014-04-24,0915,6532,NA,4,5,7,3711,0,0,0,NA,0,615,SHELTER ISLAND DR,2600 SHELTER ISLAND DR,0,NA,Y,A,-,N,NA,NA,NA,NA,NA,NA,NA,NA,NA,N,4,0,1,2,A,-,03,22350,NA,N,C,C,A,A,H,-,A,D,0,NA,NA,NA,NA,Y,NA,-,NA,0,0,1,0,0,0,0,0,0,-,-,NA,NA,SAN DIEGO,SAN DIEGO,-117.22718686,32.7203789
6492283,2014,2016-03-28,9650,2014-05-09,2330,018296,NA,5,3,5,3713,0,1,3,NA,2,017,RT 78,CIVIC CENTER DR,36,E,N,B,-,Y,SD,11,78,-,-,7,R,2,E,Y,4,0,1,1,A,-,08,22107,NA,N,E,I,A,A,H,-,C,D,1,NA,NA,NA,NA,Y,NA,D,22,0,0,1,0,0,0,0,0,0,FR,-,33.18896,-117.23953,SAN DIEGO,VISTA,-117.23869576,33.18860359
6497822,2014,2014-07-16,3701,2014-04-29,1420,5342,79,2,5,5,3701,0,0,0,NA,0,006,PALOMAR AIRPORT RD,CAMINO VIDA ROBLE,332,W,N,A,-,N,NA,NA,NA,NA,NA,NA,NA,NA,NA,Y,4,0,1,2,A,-,03,22350,NA,N,C,C,A,A,H,-,A,A,0,NA,NA,NA,NA,Y,NA,A,07,0,0,1,0,0,0,0,0,0,-,-,NA,NA,SAN DIEGO,CARLSBAD,-117.28281225,33.11996539
6498371,2014,2016-03-26,9680,2014-05-30,0040,015766,NA,5,3,9,3700,0,1,1,NA,2,084,RT 8,RT 79,1056,W,N,A,-,Y,SD,11,8,-,R,37.63,H,-,E,Y,4,0,1,1,A,-,08,22107,NA,N,F,A,A,A,H,-,D,D,1,NA,NA,NA,NA,Y,NA,D,22,0,0,1,0,0,0,0,0,0,-,-,32.83249,-116.63095,SAN DIEGO,UNINCORPORATED,-116.62792159,32.83003974
6501150,2014,2014-07-29,3711,2014-05-16,1630,7088,MC,5,5,7,3711,0,0,0,NA,0,832,UNIVERSITY AV,42ND ST,0,NA,Y,A,-,N,NA,NA,NA,NA,NA,NA,NA,NA,NA,N,4,0,2,2,A,-,04,21703,NA,N,C,C,A,A,H,-,A,A,0,NA,NA,NA,NA,Y,NA,-,NA,0,0,2,0,0,0,0,0,0,-,-,NA,NA,SAN DIEGO,SAN DIEGO,-117.10448001,32.74967001
6508586,2014,2014-07-31,3711,2014-05-02,1527,6372,NA,5,5,7,3711,0,0,0,NA,0,822,EL CAJON BL,59TH ST,31,W,N,A,-,N,NA,NA,NA,NA,NA,NA,NA,NA,NA,N,4,0,1,2,A,-,04,21703,NA,N,C,C,A,A,H,-,A,A,0,NA,NA,NA,NA,Y,NA,-,NA,0,0,1,0,0,0,0,0,0,-,-,NA,NA,SAN DIEGO,SAN DIEGO,-117.07058718,32.75966776
6509513,2014,2014-08-11,3711,2014-05-01,0820,6157,NA,4,5,7,3711,0,0,0,NA,0,934,CARMEL COUNTRY RD,DEL MAR TRAILS,30,S,N,A,-,N,NA,NA,NA,NA,NA,NA,NA,NA,NA,N,4,0,1,2,A,-,03,22350,NA,N,C,C,A,A,H,-,A,A,0,NA,NA,NA,NA,Y,NA,-,NA,0,0,1,0,0,0,0,0,0,-,-,NA,NA,SAN DIEGO,SAN DIEGO,-117.21712,32.94522
6523777,2014,2014-07-22,3705,2014-04-24,1048,EC2078,NA,4,5,5,3705,0,0,0,NA,0,010,MAGNOLIA,E MADISON,30,N,N,A,-,N,NA,NA,NA,NA,NA,NA,NA,NA,NA,N,4,0,1,2,A,-,03,22350,NA,N,C,C,A,A,H,-,A,A,0,NA,NA,NA,NA,Y,NA,A,01,0,0,1,0,0,0,0,0,0,-,-,NA,NA,SAN DIEGO,EL CAJON,-116.96233216,32.80094569
6524222,2014,2014-08-06,3711,2014-05-03,1040,7092,SANDI,6,5,7,3711,0,0,0,NA,0,121,WEST MISSION BAY DR,QUIVIRA ACCESS,2000,E,N,A,-,N,NA,NA,NA,NA,NA,NA,NA,NA,NA,Y,4,0,1,2,A,-,07,21658,A,N,H,A,A,A,H,-,A,D,0,NA,NA,NA,NA,Y,NA,-,NA,0,0,1,0,0,0,0,0,0,-,-,NA,NA,SAN DIEGO,SAN DIEGO,-117.23316,32.76382
6524375,2014,2016-03-25,3711,2014-05-22,1335,6640,SAN D,4,5,7,3711,0,0,0,NA,0,313,KEARNY VILLA RD,BALBOA AV,0,NA,Y,B,-,N,NA,NA,NA,NA,NA,NA,NA,NA,NA,Y,3,0,2,2,A,-,12,21453,A,N,D,C,A,A,H,-,A,A,0,NA,NA,NA,NA,Y,NA,A,01,0,1,1,0,0,0,0,0,0,-,-,NA,NA,SAN DIEGO,SAN DIEGO,-117.14432004,32.82171009
6524489,2014,2016-03-28,9680,2014-05-16,2305,18672,NA,5,3,9,3700,0,1,3,NA,1,052,RT 78,SPRINGVIEW RD,300,E,N,A,-,Y,SD,11,78,-,-,53.66,H,-,W,Y,3,0,2,1,A,-,01,23152,A,N,E,I,A,A,H,-,D,D,0,NA,NA,NA,NA,Y,Y,A,07,0,2,0,0,0,0,0,0,0,-,-,33.10165,-116.64988,SAN DIEGO,UNINCORPORATED,-116.6499598,33.1015692
6524509,2014,2014-08-04,9650,2014-05-26,0620,16103,NA,1,1,9,3700,0,3,5,NA,2,006,MAIN AV,AVIATION RD,408,S,N,A,-,N,NA,NA,NA,NA,NA,NA,NA,NA,NA,Y,4,0,1,1,A,-,08,22107,NA,N,E,I,A,A,H,-,A,D,0,NA,NA,NA,NA,Y,NA,A,01,0,0,1,0,0,0,0,0,0,-,-,33.37302,-117.25163,SAN DIEGO,UNINCORPORATED,-117.251467,33.37280252
6524788,2014,2014-07-18,3700,2014-04-29,2210,SH7548,NA,2,5,5,3713,0,0,0,NA,0,315,SOUTH MELROSE DR,BUENA VISTA DR,725,N,N,A,-,N,NA,NA,NA,NA,NA,NA,NA,NA,NA,Y,3,0,1,2,A,-,01,23152,A,N,D,C,A,A,H,-,C,D,0,NA,NA,NA,NA,Y,Y,A,01,0,1,0,0,0,0,0,0,0,-,-,NA,NA,SAN DIEGO,VISTA,-117.24900483,33.16839284
6529144,2014,2014-09-11,3711,2014-06-19,0655,7152,SANDI,4,5,7,3711,0,0,0,NA,0,446,MARKET,UVAS ST,282,E,N,A,-,N,NA,NA,NA,NA,NA,NA,NA,NA,NA,Y,3,0,1,1,A,-,03,22350,NA,N,F,A,A,A,H,-,A,A,0,NA,NA,NA,NA,Y,NA,-,NA,0,1,0,0,0,0,0,0,0,-,-,NA,NA,SAN DIEGO,SAN DIEGO,-117.09054913,32.71004
6537035,2014,2014-08-19,3706,2014-06-06,1516,0318,ESPD,5,5,6,3706,0,0,0,NA,0,045,MISSION AV,ENTERPRISE ST,645,E,N,A,-,N,NA,NA,NA,NA,NA,NA,NA,NA,NA,Y,3,0,1,2,A,-,09,21804,A,N,D,C,A,A,H,-,A,D,0,NA,NA,NA,NA,Y,NA,A,01,0,1,0,0,0,0,0,0,0,-,-,NA,NA,SAN DIEGO,ESCONDIDO,-117.11071867,33.1255874
6538284,2014,2014-08-14,3709,2014-06-25,1253,413,NA,3,5,5,3709,0,0,0,NA,0,023,GRANGER AV,EAST 20TH ST,74,S,N,A,-,N,NA,NA,NA,NA,NA,NA,NA,NA,NA,Y,4,0,3,2,A,-,21,22106,NA,N,B,C,A,A,H,-,A,D,0,NA,NA,NA,NA,Y,NA,A,01,0,0,3,0,0,0,0,0,0,-,-,NA,NA,SAN DIEGO,NATIONAL CITY,-117.07418439,32.67332766
6539602,2014,2016-04-09,9645,2014-06-17,0121,019035,NA,2,3,6,3702,0,1,1,NA,2,001,RT 5,RT 54,500,E,N,A,-,Y,SD,11,54,-,-,0.09,H,-,E,Y,3,0,1,2,A,-,01,23152,A,N,C,C,A,A,D,H,D,D,1,NA,NA,NA,Y,Y,Y,A,01,0,1,0,0,0,0,0,0,0,TO,-,32.65291,-117.10052,SAN DIEGO,CHULA VISTA,-117.10251143,32.65045846
6540944,2014,2014-09-09,3701,2014-07-22,1855,5407,2,2,5,5,3701,0,0,0,NA,0,001,CARLSBAD VILLAGE DR,MADISON ST,17,W,N,A,-,N,NA,NA,NA,NA,NA,NA,NA,NA,NA,N,4,0,1,2,A,-,10,21950,A,N,G,B,B,A,H,-,A,A,0,Y,NA,NA,NA,Y,NA,-,NA,0,0,1,0,1,0,0,0,0,-,-,33.15996,-117.34796,SAN DIEGO,CARLSBAD,-117.34673588,33.16076391
6543953,2014,2015-10-13,3706,2014-06-15,2355,0417,3706,7,5,6,3706,0,0,0,NA,0,055,VALLEY PKWY,RT 15,172,W,N,A,-,N,NA,NA,NA,NA,NA,NA,NA,NA,NA,Y,3,0,1,2,A,-,08,22107,NA,N,C,E,A,A,H,-,C,D,0,NA,NA,NA,NA,Y,NA,A,07,0,1,0,0,0,0,0,0,0,-,-,NA,NA,SAN DIEGO,ESCONDIDO,-117.0995867,33.11561302
6547005,2014,2014-08-21,3700,2014-06-25,1755,SH2560,NA,3,5,5,3713,0,0,0,NA,0,310,SOUTH SANTA FE AV,GUAJOME ST,0,NA,Y,A,-,N,NA,NA,NA,NA,NA,NA,NA,NA,NA,N,2,0,1,2,A,-,12,21453,A,N,D,D,A,A,H,-,A,A,0,NA,Y,NA,NA,Y,NA,L,04,1,0,0,0,0,0,1,0,0,-,-,NA,NA,SAN DIEGO,VISTA,-117.23983013,33.1974601
6560113,2014,2016-01-05,3711,2014-07-08,0830,7092,NA,2,5,7,3711,0,0,0,NA,0,315,CAMINO DEL RIO S,RT 163,200,E,N,A,-,N,NA,NA,NA,NA,NA,NA,NA,NA,NA,N,4,0,1,2,A,-,21,22106,NA,N,G,B,F,A,H,-,A,D,0,Y,NA,NA,NA,Y,NA,-,NA,0,0,1,0,1,0,0,0,0,-,-,NA,NA,SAN DIEGO,SAN DIEGO,NA,NA
6567011,2014,2016-05-28,9680,2014-07-14,2230,020020,NA,1,3,5,3705,0,1,1,NA,2,083,RT 8,LAKE JENNINGS PARK RD,189,E,N,A,-,Y,SD,11,8,-,R,21.88,H,-,E,Y,4,0,1,1,A,-,01,23152,A,N,E,I,A,A,H,-,D,D,1,NA,NA,NA,NA,Y,Y,A,01,0,0,1,0,0,0,0,0,0,-,-,32.84449,-116.88091,SAN DIEGO,EL CAJON,-116.88080614,32.8446208
6567920,2014,2016-05-16,9645,2014-07-03,1050,015676,NA,4,1,7,3711,0,1,3,NA,2,023,RT 163,WASHINGTON ST,250,N,N,A,-,Y,SD,11,163,-,-,3.07,H,-,S,N,3,0,1,2,A,-,07,21658,A,N,C,C,A,A,H,-,A,D,1,NA,NA,Y,NA,Y,NA,A,07,0,1,0,0,0,0,0,0,1,-,-,32.75423,-117.15866,SAN DIEGO,SAN DIEGO,-117.15858095,32.75429086
6569156,2014,2016-06-06,9645,2014-07-14,1555,015580,NA,1,2,7,3711,0,1,1,NA,2,007,RT 5,VIA DE LA VALLE,1056,S,N,B,-,Y,SD,11,5,-,R,35.89,H,-,N,N,4,0,1,3,A,-,03,22350,NA,N,C,C,A,A,H,-,A,D,1,NA,NA,NA,NA,Y,NA,A,07,0,0,1,0,0,0,0,0,0,-,-,32.97455,-117.251,SAN DIEGO,SAN DIEGO,-117.25097134,32.97464548
6570825,2014,2014-08-28,3711,2014-07-06,2152,4495,NA,7,5,7,3711,0,0,0,NA,0,312,CLAIREMONT MESA BL,SANTO RD,381,W,N,A,-,N,NA,NA,NA,NA,NA,NA,NA,NA,NA,Y,2,0,1,2,A,-,09,21804,B,N,D,C,A,A,H,-,C,D,0,NA,NA,Y,NA,Y,Y,C,02,1,0,0,0,0,0,0,0,1,-,-,NA,NA,SAN DIEGO,SAN DIEGO,-117.10464528,32.82967283
6574769,2014,2014-09-03,9645,2014-07-20,1736,015001,NA,7,2,9,3700,0,3,5,NA,2,024,DOVE CANYON RD,CAMINO SAN BERNARDO,0,NA,Y,A,-,N,NA,NA,NA,NA,NA,NA,NA,NA,NA,Y,3,0,2,3,A,-,12,21453,A,N,D,C,A,A,H,-,A,A,0,NA,NA,NA,NA,Y,NA,A,08,0,1,1,0,0,0,0,0,0,-,-,33.00367,-117.06394,SAN DIEGO,UNINCORPORATED,-117.11156006,33.01021009
6577802,2014,2014-08-28,9650,2014-07-26,1200,015906,NA,6,1,9,3700,0,3,5,NA,2,006,FALLBROOK ST,OLD STAGE RD,0,NA,Y,A,-,N,NA,NA,NA,NA,NA,NA,NA,NA,NA,Y,4,0,4,3,A,-,09,21801,A,N,A,C,A,A,H,-,A,A,0,NA,NA,NA,NA,Y,NA,A,01,0,0,4,0,0,0,0,0,0,-,-,33.37657,-117.24935,SAN DIEGO,UNINCORPORATED,-117.24929004,33.37659008
6580478,2014,2014-08-26,3711,2014-07-24,2043,5051,NA,4,5,7,3711,0,0,0,NA,0,611,ROSECRANS ST,KURTZ ST,150,S,N,A,-,N,NA,NA,NA,NA,NA,NA,NA,NA,NA,N,4,0,2,2,A,-,04,21703,NA,N,C,C,A,A,H,-,C,D,0,NA,NA,NA,NA,Y,NA,A,01,0,0,2,0,0,0,0,0,0,-,-,NA,NA,SAN DIEGO,SAN DIEGO,-117.20415894,32.75197349
6433881,2014,2015-09-24,9650,2014-04-01,0853,16103,NA,2,1,9,3700,0,3,5,NA,1,160,CAMINO DEL REY,OLD HIGHWAY 395,6336,W,N,B,-,N,NA,NA,NA,NA,NA,NA,NA,NA,NA,Y,3,0,3,3,A,-,03,22350,NA,N,A,C,A,B,H,-,A,D,0,NA,NA,NA,NA,Y,NA,A,01,0,3,0,0,0,0,0,0,0,-,-,33.2713,-117.17472,SAN DIEGO,UNINCORPORATED,-117.15812,33.26666
6426084,2014,2014-06-27,9645,2014-03-11,2200,16864,NA,2,3,9,3700,0,3,5,NA,2,018,BONITA RD,ANDORRA WY,0,NA,Y,A,-,N,NA,NA,NA,NA,NA,NA,NA,NA,NA,Y,4,0,2,2,A,-,09,21801,A,N,-,C,A,A,H,-,C,D,0,NA,NA,NA,NA,Y,NA,A,07,0,0,2,0,0,0,0,0,0,-,-,NA,NA,SAN DIEGO,UNINCORPORATED,-117.05468012,32.64865004
6418249,2014,2014-07-01,3711,2014-03-09,1312,6648,NA,7,5,7,3711,0,0,0,NA,0,821,EL CAJON BL,ROLANDO BL,0,NA,Y,A,-,N,NA,NA,NA,NA,NA,NA,NA,NA,NA,Y,4,0,2,2,A,-,09,21801,A,N,A,C,A,A,H,-,A,A,0,NA,NA,NA,NA,Y,NA,-,NA,0,0,2,0,0,0,0,0,0,-,-,NA,NA,SAN DIEGO,SAN DIEGO,-117.05737007,32.76700003
6414809,2014,2014-06-26,3701,2014-03-10,1455,5210,45,1,5,5,3701,0,0,0,NA,0,004,EL CAMINIO REAL,JACKSPAR DR,0,NA,Y,A,-,N,NA,NA,NA,NA,NA,NA,NA,NA,NA,N,4,0,1,2,A,-,08,22107,NA,N,D,C,A,A,H,-,A,A,0,NA,NA,NA,NA,Y,NA,A,01,0,0,1,0,0,0,0,0,0,-,-,NA,NA,SAN DIEGO,CARLSBAD,-117.28962007,33.14654006
6405863,2014,2015-11-10,3711,2014-02-08,2015,4663,NA,6,5,7,3711,0,0,0,NA,0,235,RT 78,SAN PASQUAL RD,0,NA,Y,A,-,Y,SD,11,78,-,R,22.56,I,5,W,Y,3,0,2,2,A,-,12,21453,A,N,D,C,A,A,H,-,C,A,0,NA,NA,NA,NA,Y,NA,D,22,0,2,0,0,0,0,0,0,0,-,-,NA,NA,SAN DIEGO,SAN DIEGO,-117.02101431,33.09773344
6401484,2014,2014-07-17,3706,2014-01-28,2157,0393,ESCON,2,5,6,3706,0,0,0,NA,0,042,VALLEY BL,GRAND AV,0,NA,Y,A,-,N,NA,NA,NA,NA,NA,NA,NA,NA,NA,Y,4,0,2,2,A,-,12,21453,A,N,D,C,A,A,H,-,C,A,0,NA,NA,NA,NA,Y,NA,-,-,0,0,2,0,0,0,0,0,0,-,-,NA,NA,SAN DIEGO,ESCONDIDO,-117.07663012,33.12408003
6400341,2014,2014-06-19,3711,2014-02-23,0630,5342,NA,7,5,7,3711,0,0,0,NA,0,242,GOLD COAST DR,GLEN ELLEN LN,9,E,N,A,-,N,NA,NA,NA,NA,NA,NA,NA,NA,NA,Y,4,0,2,2,A,-,09,21801,A,N,D,C,A,A,H,-,A,D,0,NA,NA,NA,NA,Y,NA,-,NA,0,0,2,0,0,0,0,0,0,-,-,NA,NA,SAN DIEGO,SAN DIEGO,-117.12792078,32.90536965
6399838,2014,2014-06-20,3710,2014-02-07,1215,OC1157,NA,5,5,6,3710,0,0,0,NA,0,030,OLIVE,EMERALD,334,W,N,A,-,N,NA,NA,NA,NA,NA,NA,NA,NA,NA,N,4,0,1,1,A,-,07,21658,A,N,B,I,A,A,H,-,A,D,0,NA,NA,NA,NA,Y,NA,A,01,0,0,1,0,0,0,0,0,0,-,-,NA,NA,SAN DIEGO,OCEANSIDE,-117.28052054,33.204614050000004
6397254,2014,2014-06-06,3709,2014-02-26,0655,418,NA,3,5,5,3709,0,0,0,NA,0,020,WEST PLAZA BL,ROOSEVELT,0,NA,Y,A,-,N,NA,NA,NA,NA,NA,NA,NA,NA,NA,Y,3,0,1,2,A,-,12,21453,A,N,D,C,A,A,H,-,A,A,0,NA,NA,NA,NA,Y,NA,A,01,0,1,0,0,0,0,0,0,0,-,-,NA,NA,SAN DIEGO,NATIONAL CITY,-117.10727011,32.67379003
6393538,2014,2014-06-19,3701,2014-02-06,1732,5291,66,4,5,5,3701,0,0,0,NA,0,002,PASEO DEL NORTE,CAR COUNTRY DR,1310,N,N,C,-,N,NA,NA,NA,NA,NA,NA,NA,NA,NA,Y,4,0,1,2,A,-,09,21804,A,N,D,C,A,B,H,-,C,A,0,NA,NA,NA,NA,Y,NA,A,01,0,0,1,0,0,0,0,0,0,-,-,NA,NA,SAN DIEGO,CARLSBAD,-117.32601155,33.13051512
6388817,2014,2014-06-05,3711,2014-01-02,0915,5300,NA,4,5,7,3711,0,0,0,NA,0,326,MONTEZUMA RD,COLLEGE AV,54,W,N,A,-,N,NA,NA,NA,NA,NA,NA,NA,NA,NA,N,4,0,1,3,A,-,08,22107,NA,N,B,C,A,A,H,-,A,D,0,NA,NA,NA,NA,Y,NA,-,NA,0,0,1,0,0,0,0,0,0,-,-,NA,NA,SAN DIEGO,SAN DIEGO,-117.06998504,32.77071297
6387042,2014,2016-05-11,9645,2014-02-06,0722,014461,NA,4,1,7,3711,0,1,1,NA,2,015,RT 805,BALBOA AV,1830,N,N,B,-,Y,SD,11,805,-,-,22,H,-,N,Y,3,0,2,2,A,-,03,22350,NA,N,C,C,A,A,H,-,A,D,1,NA,NA,NA,NA,Y,NA,A,01,0,1,1,0,0,0,0,0,0,-,-,32.82834,-117.16612,SAN DIEGO,SAN DIEGO,-117.16498207,32.82619618
6381886,2014,2015-08-14,3711,2014-02-15,1134,6405,NA,6,5,7,3711,0,0,0,NA,0,235,SAN PASQUAL VALLEY RD,MILE MARKER 30.5,84,W,N,A,-,N,NA,NA,NA,NA,NA,NA,NA,NA,NA,Y,3,0,1,4,A,-,03,22350,NA,N,D,C,A,A,H,-,A,D,0,NA,NA,NA,NA,Y,NA,-,NA,0,1,0,0,0,0,0,0,0,-,-,NA,NA,SAN DIEGO,SAN DIEGO,NA,NA
6459166,2014,2016-03-26,9645,2014-04-30,0810,014461,NA,3,1,7,3711,0,1,1,NA,2,017,RT 15,AMMO RD,2640,S,N,A,-,Y,SD,11,15,-,M,12.46,H,-,N,Y,4,0,1,1,A,-,08,22107,NA,N,E,I,A,A,H,-,A,D,1,NA,NA,NA,NA,Y,NA,A,01,0,0,1,0,0,0,0,0,0,-,-,32.87012,-117.10703,SAN DIEGO,SAN DIEGO,-117.10801056,32.8679213
6455965,2014,2014-07-10,9650,2014-04-14,1550,015531,NA,1,2,9,3700,0,3,5,NA,2,070,LA BAJADA,LA NORIA,0,NA,Y,A,-,N,NA,NA,NA,NA,NA,NA,NA,NA,NA,Y,4,0,2,2,A,-,09,21801,A,N,D,C,A,A,H,-,A,A,0,NA,NA,NA,NA,Y,NA,D,22,0,0,2,0,0,0,0,0,0,-,-,33.0303,-117.23243,SAN DIEGO,UNINCORPORATED,-117.23261013,33.03033012
6443696,2014,2014-07-02,9650,2014-03-26,0745,015758,NA,3,1,9,3700,0,3,5,NA,2,006,DE LUZ RD,VIEW ST,0,NA,Y,A,-,N,NA,NA,NA,NA,NA,NA,NA,NA,NA,Y,3,0,4,3,A,-,09,21804,A,N,D,C,A,A,H,-,A,D,0,NA,NA,NA,NA,Y,NA,A,08,0,1,3,0,0,0,0,0,0,-,-,33.38645,-117.25237,SAN DIEGO,UNINCORPORATED,-117.25236,33.38645009
6439889,2014,2015-08-14,3711,2014-03-13,1744,6753,SAN D,4,5,7,3711,0,0,0,NA,0,823,STREAMVIEW DR,EGAN,21,S,N,A,-,N,NA,NA,NA,NA,NA,NA,NA,NA,NA,N,3,0,1,2,A,-,05,21202,A,N,B,G,A,A,H,-,A,D,0,NA,Y,NA,NA,Y,NA,L,04,0,1,0,0,0,0,1,0,0,-,-,NA,NA,SAN DIEGO,SAN DIEGO,-117.06206,32.74403
6460092,2014,2016-02-06,9645,2014-04-11,1705,019304,NA,5,2,7,3711,0,1,1,NA,2,003,RT 5,SASSAFRAS ST,1320,N,N,A,-,Y,SD,11,5,-,R,18.05,H,-,S,Y,3,0,1,2,A,-,03,22350,NA,N,C,C,A,A,H,-,A,D,1,NA,NA,Y,NA,Y,NA,C,02,0,1,0,0,0,0,0,0,1,-,-,32.7391,-117.17834,SAN DIEGO,SAN DIEGO,-117.17920417,32.74014853
6461620,2014,2014-07-10,3711,2014-04-19,0930,6693,NA,6,5,7,3711,0,0,0,NA,0,323,BRYNWOOD WY,BRYNWOOD CT,0,NA,Y,A,-,N,NA,NA,NA,NA,NA,NA,NA,NA,NA,Y,4,0,1,3,A,-,08,22107,NA,N,B,E,A,A,H,-,A,D,0,NA,NA,NA,NA,Y,NA,-,NA,0,0,1,0,0,0,0,0,0,-,-,NA,NA,SAN DIEGO,SAN DIEGO,-117.05905013,32.79403003