CASE_ID,ACCIDENT_YEAR,PROC_DATE,JURIS,COLLISION_DATE,COLLISION_TIME,OFFICER_ID,REPORTING_DISTRICT,DAY_OF_WEEK,CHP_SHIFT,POPULATION,CNTY_CITY_LOC,SPECIAL_COND,BEAT_TYPE,CHP_BEAT_TYPE,CITY_DIVISION_LAPD,CHP_BEAT_CLASS,BEAT_NUMBER,PRIMARY_RD,SECONDARY_RD,DISTANCE,DIRECTION,INTERSECTION,WEATHER_1,WEATHER_2,STATE_HWY_IND,CALTRANS_COUNTY,CALTRANS_DISTRICT,STATE_ROUTE,ROUTE_SUFFIX,POSTMILE_PREFIX,POSTMILE,LOCATION_TYPE,RAMP_INTERSECTION,SIDE_OF_HWY,TOW_AWAY,COLLISION_SEVERITY,NUMBER_KILLED,NUMBER_INJURED,PARTY_COUNT,PRIMARY_COLL_FACTOR,PCF_CODE_OF_VIOL,PCF_VIOL_CATEGORY,PCF_VIOLATION,PCF_VIOL_SUBSECTION,HIT_AND_RUN,TYPE_OF_COLLISION,MVIW,PED_ACTION,ROAD_SURFACE,ROAD_COND_1,ROAD_COND_2,LIGHTING,CONTROL_DEVICE,CHP_ROAD_TYPE,PEDESTRIAN_ACCIDENT,BICYCLE_ACCIDENT,MOTORCYCLE_ACCIDENT,TRUCK_ACCIDENT,NOT_PRIVATE_PROPERTY,ALCOHOL_INVOLVED,STWD_VEHTYPE_AT_FAULT,CHP_VEHTYPE_AT_FAULT,COUNT_SEVERE_INJ,COUNT_VISIBLE_INJ,COUNT_COMPLAINT_PAIN,COUNT_PED_KILLED,COUNT_PED_INJURED,COUNT_BICYCLIST_KILLED,COUNT_BICYCLIST_INJURED,COUNT_MC_KILLED,COUNT_MC_INJURED,PRIMARY_RAMP,SECONDARY_RAMP,LATITUDE,LONGITUDE,COUNTY,CITY,POINT_X,POINT_Y
6438043,2014,2016-02-01,3710,2014-02-08,1730,OC1201,NA,6,5,6,3710,0,0,0,NA,0,008,RT 76,GUAJOME LAKE RD,0,NA,Y,A,-,Y,SD,11,76,-,R,7.2,H,-,E,Y,3,0,2,3,A,-,03,22350,NA,N,C,C,A,A,H,-,A,A,0,NA,NA,NA,NA,Y,NA,A,01,0,1,1,0,0,0,0,0,0,-,-,NA,NA,SAN DIEGO,OCEANSIDE,-117.27390117,33.24845299
6400273,2014,2014-06-25,3711,2014-02-23,1144,6044,3711,7,5,7,3711,0,0,0,NA,0,122,GARNET,DAWES ST,50,W,N,A,-,N,NA,NA,NA,NA,NA,NA,NA,NA,NA,N,4,0,1,2,A,-,03,22350,NA,N,C,C,A,A,H,-,A,A,0,NA,NA,NA,NA,Y,NA,-,NA,0,0,1,0,0,0,0,0,0,-,-,NA,NA,SAN DIEGO,SAN DIEGO,-117.25016721,32.79769631
6400270,2014,2014-06-17,3711,2014-02-22,1815,6890,NA,6,5,7,3711,0,0,0,NA,0,627,5TH AV,ROBINSON,70,N,N,A,-,N,NA,NA,NA,NA,NA,NA,NA,NA,NA,NA,4,0,1,2,A,-,04,21703,NA,N,C,C,A,A,H,-,C,D,0,NA,NA,NA,NA,Y,NA,-,NA,0,0,1,0,0,0,0,0,0,-,-,NA,NA,SAN DIEGO,SAN DIEGO,-117.16041,32.74713176
6458026,2014,2014-07-09,3702,2014-03-28,1033,CV0974,NA,5,5,6,3702,0,0,0,NA,0,031,RANCHO DEL REY PKWY,BUENA VISTA WY,300,N,N,A,-,N,NA,NA,NA,NA,NA,NA,NA,NA,NA,N,3,0,1,2,A,-,09,21804,A,N,G,B,D,A,H,-,A,D,0,Y,NA,NA,NA,Y,NA,A,01,0,1,0,0,1,0,0,0,0,-,-,NA,NA,SAN DIEGO,CHULA VISTA,-117.01079551,32.64441456
6459102,2014,2016-03-26,9650,2014-04-26,0233,017056,NA,6,3,5,3701,0,1,1,NA,2,005,RT 5,LA COSTA AV,2640,N,N,B,-,Y,SD,11,5,-,R,44.62,H,-,N,Y,4,0,1,2,A,-,01,23152,A,F,C,C,A,B,H,-,D,D,1,NA,NA,NA,NA,Y,Y,A,01,0,0,1,0,0,0,0,0,0,-,-,33.09083,-117.30224,SAN DIEGO,CARLSBAD,-117.30253155,33.09128767
6582393,2014,2014-08-28,3711,2014-07-24,2257,6863,NA,4,5,7,3711,0,0,0,NA,0,932,CARMEL MOUNTAIN RD,SORRENTO VALLEY RD,9,E,N,A,-,N,NA,NA,NA,NA,NA,NA,NA,NA,NA,Y,4,0,1,1,A,-,21,22106,NA,N,H,A,A,B,B,F,C,A,0,NA,NA,NA,NA,Y,NA,-,NA,0,0,1,0,0,0,0,0,0,-,-,NA,NA,SAN DIEGO,SAN DIEGO,-117.2372278,32.91642604
6583502,2014,2016-05-28,9680,2014-07-19,1815,018427,NA,6,2,5,3708,0,1,1,NA,2,081,RT 8,FLETCHER PKWY,740,W,N,A,-,Y,SD,11,8,-,-,10.315,R,2,E,Y,3,0,1,1,A,-,08,22107,NA,N,E,I,A,A,H,-,A,D,1,NA,NA,Y,NA,Y,NA,C,02,0,1,0,0,0,0,0,0,1,TO,-,32.77366,-117.03256,SAN DIEGO,LA MESA,-117.03431312,32.77387636
6585823,2014,2016-05-21,9645,2014-07-14,2120,16569,NA,1,2,7,3711,0,1,3,NA,2,006,RT 94,WABASH SEPARATION BRIDGE,300,W,N,B,-,Y,SD,11,94,-,-,2.95,H,-,E,Y,4,0,2,3,A,-,03,22350,NA,N,C,C,A,B,H,-,D,D,1,NA,NA,NA,NA,Y,NA,A,07,0,0,2,0,0,0,0,0,0,-,-,32.95122,-117.24367,SAN DIEGO,SAN DIEGO,-117.12160219,32.71573566
6585868,2014,2014-08-19,9650,2014-07-19,1056,015906,NA,6,1,9,3700,0,2,4,NA,1,027,VALLEY CENTER RD,SUNSET RD,390,W,N,B,-,N,NA,NA,NA,NA,NA,NA,NA,NA,NA,Y,2,0,2,2,A,-,06,21750,NA,N,C,C,A,A,H,-,A,D,0,NA,NA,Y,NA,Y,NA,C,02,1,0,1,0,0,0,0,0,1,-,-,33.22828,-116.98149,SAN DIEGO,UNINCORPORATED,-116.9813907,33.22822612
6592211,2014,2014-09-02,3710,2014-07-28,1616,OC1322,NA,1,5,6,3710,0,0,0,NA,0,010,BUSH,HOLLY,4,W,N,A,-,N,NA,NA,NA,NA,NA,NA,NA,NA,NA,N,3,0,1,2,A,-,10,21950,A,N,G,B,B,A,H,-,A,D,0,Y,NA,NA,NA,Y,NA,A,01,0,1,0,0,1,0,0,0,0,-,-,NA,NA,SAN DIEGO,OCEANSIDE,-117.36924096,33.20393407
6592494,2014,2016-05-24,9645,2014-08-07,1620,016766,NA,4,2,7,3711,0,1,1,NA,2,007,RT 5,CARMEL MOUNTAIN RD,500,N,N,A,-,Y,SD,11,5,-,R,31.981,R,1,N,Y,4,0,2,2,A,-,03,22350,NA,N,C,C,A,A,H,-,A,A,1,NA,NA,NA,NA,Y,NA,A,07,0,0,2,0,0,0,0,0,0,FR,-,32.91928,-117.23536,SAN DIEGO,SAN DIEGO,-117.23617354,32.91960115
6592679,2014,2016-05-20,9680,2014-08-01,2155,015766,NA,5,2,9,3700,0,1,1,NA,2,086,RT 8,MCCAIN VALLEY RD,8976,E,N,B,-,Y,SD,11,8,-,R,69.43,H,-,E,Y,2,0,1,1,A,-,01,23152,A,N,E,I,A,A,H,-,D,A,1,NA,NA,NA,NA,Y,Y,A,07,1,0,0,0,0,0,0,0,0,-,-,32.66073,-116.2326,SAN DIEGO,UNINCORPORATED,-116.23253939,32.66079552
6595514,2014,2014-09-08,3711,2014-08-07,1715,4505,NA,4,5,7,3711,0,0,0,NA,0,934,EL CAMINIO REAL,DEL MAR CORPORATE,528,S,N,A,-,N,NA,NA,NA,NA,NA,NA,NA,NA,NA,N,3,0,1,2,A,-,09,21804,A,N,G,B,F,A,H,-,A,D,0,Y,NA,NA,NA,Y,NA,A,01,0,1,0,0,1,0,0,0,0,-,-,NA,NA,SAN DIEGO,SAN DIEGO,-117.24010717,32.93945479
6596407,2014,2014-09-17,3703,2014-08-07,1607,1037,NA,4,5,3,3703,0,0,0,NA,0,003,10TH AV,B AV,0,NA,Y,A,-,N,NA,NA,NA,NA,NA,NA,NA,NA,NA,Y,4,0,2,2,A,-,09,21802,A,N,D,C,A,A,H,-,A,A,0,NA,NA,NA,NA,Y,NA,A,01,0,0,2,0,0,0,0,0,0,-,-,NA,NA,SAN DIEGO,CORONADO,-117.17754003,32.68495006
6596997,2014,2014-09-05,3706,2014-08-06,1717,ES0393,NA,3,5,6,3706,0,0,0,NA,0,042,VALLEY PKWY,BEECH ST,25,E,N,A,-,N,NA,NA,NA,NA,NA,NA,NA,NA,NA,Y,3,0,2,1,A,-,08,22107,NA,N,E,I,A,A,H,-,A,A,0,NA,NA,NA,NA,Y,NA,D,22,0,2,0,0,0,0,0,0,0,-,-,NA,NA,SAN DIEGO,ESCONDIDO,-117.06834859,33.12987284
6601114,2014,2014-09-08,3711,2014-08-16,1419,4849,NA,6,5,7,3711,0,0,0,NA,0,531,PARK BL,PARK BL 2700,0,NA,N,A,-,N,NA,NA,NA,NA,NA,NA,NA,NA,NA,N,3,0,2,2,A,-,08,22107,NA,N,H,C,A,A,H,-,A,D,0,NA,NA,NA,NA,Y,NA,-,NA,0,2,0,0,0,0,0,0,0,-,-,NA,NA,SAN DIEGO,SAN DIEGO,-117.14616537,32.73226207
6601639,2014,2014-09-09,3701,2014-08-25,1035,5303,54,1,5,5,3701,0,0,0,NA,0,005,MELROSE AV,LIONSHEAD AV,0,NA,Y,A,-,N,NA,NA,NA,NA,NA,NA,NA,NA,NA,Y,3,0,2,2,A,-,09,21801,A,N,A,C,A,A,D,-,A,A,0,NA,NA,NA,NA,Y,NA,A,01,0,2,0,0,0,0,0,0,0,-,-,NA,NA,SAN DIEGO,CARLSBAD,-117.24430005,33.13370007
6601744,2014,2016-01-05,3711,2014-08-26,0810,6892,NA,2,5,7,3711,0,0,0,NA,0,611,PACIFIC HWY,BARNETT AV,5280,S,N,A,-,N,NA,NA,NA,NA,NA,NA,NA,NA,NA,Y,4,0,3,4,A,-,04,21703,NA,N,B,C,A,A,-,-,A,D,0,NA,NA,NA,NA,Y,NA,-,NA,0,0,3,0,0,0,0,0,0,-,-,NA,NA,SAN DIEGO,SAN DIEGO,-117.180772,32.738836
6605458,2014,2016-05-21,9650,2014-08-23,1435,015654,NA,6,2,9,3700,0,1,1,NA,2,003,RT 5,ALISO CREEK,739,S,N,A,-,Y,SD,11,5,-,R,59.48,H,-,S,Y,4,0,1,2,A,-,03,22350,NA,N,C,C,A,A,H,-,A,D,1,NA,NA,NA,NA,Y,NA,A,08,0,0,1,0,0,0,0,0,0,-,-,33.26802,-117.43679,SAN DIEGO,UNINCORPORATED,-117.43765394,33.26880287
6607101,2014,2014-09-29,3711,2014-09-02,1750,5698,NA,2,5,7,3711,0,0,0,NA,0,517,28TH ST,G ST,162,N,N,A,-,N,NA,NA,NA,NA,NA,NA,NA,NA,NA,Y,4,0,2,2,A,-,08,22107,NA,N,B,C,A,A,H,-,A,D,0,NA,NA,NA,NA,Y,NA,A,01,0,0,2,0,0,0,0,0,0,-,-,NA,NA,SAN DIEGO,SAN DIEGO,-117.13378877,32.71315335
6608068,2014,2016-02-10,3711,2014-08-10,1530,4491,NA,7,5,7,3711,0,0,0,NA,0,114,RT 52,GENESSE,0,NA,Y,A,-,Y,SD,11,52,-,-,2.463,R,4,E,N,4,0,1,2,A,-,21,22106,NA,N,C,C,A,A,-,-,A,A,0,NA,NA,NA,NA,Y,NA,-,NA,0,0,1,0,0,0,0,0,0,EF,-,NA,NA,SAN DIEGO,SAN DIEGO,-117.20011359,32.84623133
6609213,2014,2016-05-16,9645,2014-08-27,0905,14692,NA,3,1,7,3711,0,1,3,NA,2,002,RT 905,RT 5,415,E,N,A,-,Y,SD,11,5,-,-,3.189,R,2,N,Y,3,0,1,1,A,-,03,22350,NA,N,F,A,A,A,H,-,A,D,1,NA,NA,Y,NA,Y,NA,C,02,0,1,0,0,0,0,0,0,1,TO,-,32.56563,-117.07158,SAN DIEGO,SAN DIEGO,-117.0741703,32.56607934
6611080,2014,2016-01-05,3711,2014-08-31,1411,6552,NA,7,5,7,3711,0,0,0,NA,0,521,F ST,13TH ST,0,NA,Y,A,-,N,NA,NA,NA,NA,NA,NA,NA,NA,NA,NA,4,0,1,3,A,-,12,21453,A,N,D,C,A,A,H,-,A,A,0,NA,NA,NA,NA,Y,NA,D,22,0,0,1,0,0,0,0,0,0,-,-,NA,NA,SAN DIEGO,SAN DIEGO,-117.15283006,32.71365004
6612885,2014,2016-05-21,3700,2014-08-05,1820,SH7146,NA,2,5,5,3712,0,0,0,NA,0,356,NORTH LAS POSAS RD,RT 78,4,N,N,A,-,Y,SD,11,78,-,-,11.336,R,4,E,N,4,0,1,2,A,-,06,21755,NA,N,B,C,A,A,H,-,A,A,0,NA,NA,NA,Y,Y,NA,A,01,0,0,1,0,0,0,0,0,0,-,WF,NA,NA,SAN DIEGO,SAN MARCOS,-117.18935251,33.14260314
6614832,2014,2014-09-16,3700,2014-08-27,1857,SH0535,NA,3,5,5,3713,0,0,0,NA,0,314,TOWER DR,OLLY CT,140,W,N,A,-,N,NA,NA,NA,NA,NA,NA,NA,NA,NA,N,3,0,1,2,A,-,11,21956,NA,N,G,B,E,A,H,-,A,D,0,Y,NA,NA,NA,Y,NA,N,60,0,1,0,0,1,0,0,0,0,-,-,NA,NA,SAN DIEGO,VISTA,-117.23106882,33.18612839
6614841,2014,2016-05-21,9645,2014-08-21,1038,018936,NA,4,1,7,3711,0,1,3,NA,2,0006,RT 94,32 ND ST,15,W,N,A,-,Y,SD,11,94,-,-,2.68,H,-,W,Y,4,0,1,3,A,-,07,21658,A,F,B,C,A,A,H,-,A,D,1,NA,NA,NA,NA,Y,NA,A,07,0,0,1,0,0,0,0,0,0,-,-,32.71448,-117.12758,SAN DIEGO,SAN DIEGO,-117.12619485,32.71479534
6617380,2014,2014-09-15,3705,2014-08-01,0820,EC0344,NA,5,5,5,3705,0,0,0,NA,0,007,MAIN,3RD,1106,N,N,A,-,N,NA,NA,NA,NA,NA,NA,NA,NA,NA,N,4,0,1,2,A,-,10,21954,B,F,G,B,D,A,H,-,A,D,0,Y,NA,NA,NA,Y,NA,A,01,0,0,1,0,1,0,0,0,0,-,-,NA,NA,SAN DIEGO,EL CAJON,-116.92444756,32.80591977
6620742,2014,2016-05-24,9650,2014-08-18,0650,017263,NA,1,1,6,3706,0,1,1,NA,2,023,RT 15,W WASHINGTON AV,100,S,N,A,-,Y,SD,11,15,-,R,3.15,H,-,S,N,3,0,1,2,A,-,07,21658,A,F,F,A,A,A,H,-,A,D,0,NA,NA,Y,NA,Y,NA,A,07,0,1,0,0,0,0,0,0,1,-,-,33.1213,-117.1025,SAN DIEGO,ESCONDIDO,-117.11202817,32.72923914
6629222,2014,2016-06-06,9645,2014-09-14,2050,016439,NA,7,2,7,3711,0,1,1,NA,2,007,RT 5,DEL MAR HEIGHTS RD,1056,S,N,A,-,Y,SD,11,5,-,R,33.77,H,-,S,Y,4,0,3,2,A,-,03,22350,NA,N,D,C,A,A,H,-,C,D,1,NA,NA,NA,NA,Y,NA,A,01,0,0,3,0,0,0,0,0,0,-,-,32.94574,-117.24317,SAN DIEGO,SAN DIEGO,-117.24288309,32.94470427
6629705,2014,2014-10-07,3711,2014-09-12,0715,6394,NA,5,5,7,3711,0,0,0,NA,0,312,TIERRASANTA BL,SANTO RD,1056,W,N,A,-,N,NA,NA,NA,NA,NA,NA,NA,NA,NA,Y,4,0,2,2,A,-,03,22350,NA,N,C,C,A,A,H,-,A,A,0,NA,NA,NA,NA,Y,NA,-,NA,0,0,2,0,0,0,0,0,0,-,-,NA,NA,SAN DIEGO,SAN DIEGO,-117.10761581,32.82339169
6631106,2014,2014-10-02,3700,2014-08-03,1311,SH2581,NA,7,5,3,3783,0,0,0,NA,0,273,S SIERRA  AV,DAHLIA DR,0,NA,Y,A,-,N,NA,NA,NA,NA,NA,NA,NA,NA,NA,N,4,0,1,2,A,-,04,21703,NA,N,C,C,A,A,H,-,A,-,0,NA,NA,NA,NA,Y,NA,A,01,0,0,1,0,0,0,0,0,0,-,-,NA,NA,SAN DIEGO,SOLANA BEACH,-117.27201003,32.98757009
6637907,2014,2016-05-28,9680,2014-09-16,2325,14420,NA,2,3,9,3700,0,1,1,NA,2,084,RT 8,RT 79,422,W,N,A,-,Y,SD,11,8,-,R,36.13,H,-,W,Y,4,0,2,2,A,-,03,22350,NA,N,C,C,A,A,H,-,D,D,1,NA,NA,NA,NA,Y,NA,A,01,0,0,2,0,0,0,0,0,0,-,-,32.83563,-116.63856,SAN DIEGO,UNINCORPORATED,-116.65107141,32.83858977
6637911,2014,2016-05-21,9680,2014-09-15,0850,016139,NA,1,1,9,3700,0,1,3,NA,1,017,RT 67,MAPLEVIEW ST,35,N,N,A,-,Y,SD,11,67,-,R,5.52,H,-,S,Y,3,0,2,2,A,-,03,22350,NA,N,C,C,A,A,H,-,A,A,0,NA,NA,NA,NA,Y,NA,D,22,0,1,1,0,0,0,0,0,0,-,-,32.86286,-116.92301,SAN DIEGO,UNINCORPORATED,-116.9229924,32.86298521
6651905,2014,2014-10-16,3700,2014-09-29,1901,SH5502,NA,1,5,5,3713,0,0,0,NA,0,309,NORTH MELROSE DR,OLIVE AV,252,S,N,A,-,N,NA,NA,NA,NA,NA,NA,NA,NA,NA,N,4,0,1,2,A,-,04,21703,NA,N,C,C,A,A,H,-,C,A,0,NA,NA,NA,NA,Y,NA,A,07,0,0,1,0,0,0,0,0,0,-,-,NA,NA,SAN DIEGO,VISTA,-117.2545359,33.20403232
6661586,2014,2016-05-21,9645,2014-09-29,1705,16061,NA,1,2,7,3711,0,1,3,NA,2,006,RT 94,28TH ST,528,E,N,A,-,Y,SD,11,94,-,-,2.33,H,-,E,Y,4,0,1,4,A,-,03,22350,NA,N,C,C,A,A,H,-,A,D,1,NA,NA,NA,NA,Y,NA,A,07,0,0,1,0,0,0,0,0,0,-,-,NA,NA,SAN DIEGO,SAN DIEGO,-117.13188726,32.71325144
6666818,2014,2014-12-02,3711,2014-10-04,1513,6521,NA,6,5,7,3711,0,0,0,NA,0,832,POLK AV,VAN DYKE AV,50,W,N,A,-,N,NA,NA,NA,NA,NA,NA,NA,NA,NA,N,3,0,1,2,A,-,09,21801,A,N,D,C,A,A,H,-,A,D,0,NA,NA,NA,NA,Y,NA,-,-,0,1,0,0,0,0,0,0,0,-,-,NA,NA,SAN DIEGO,SAN DIEGO,-117.10337201,32.75141395
6673613,2014,2016-05-24,3710,2014-12-09,0551,OC1177,NA,2,5,6,3710,0,0,0,NA,0,006,RT 76,RT 5,0,NA,Y,A,-,Y,SD,11,76,-,R,0.078,I,5,W,Y,4,0,2,3,A,-,08,22101,D,N,D,C,A,A,H,-,B,A,0,NA,NA,NA,NA,Y,NA,A,01,0,0,2,0,0,0,0,0,0,-,NO,NA,NA,SAN DIEGO,OCEANSIDE,-117.38288084,33.20602314
6676736,2014,2014-12-16,9650,2014-10-16,0325,019308,NA,4,3,9,3700,0,1,3,NA,1,028,RT 76,MAGEE RD,2640,E,N,A,-,Y,NA,NA,76,NA,NA,NA,NA,NA,NA,Y,3,0,1,1,A,-,08,22107,NA,N,F,A,A,A,H,-,D,D,0,NA,NA,NA,NA,Y,NA,A,01,0,1,0,0,0,0,0,0,0,-,-,33.3624,-117.04943,SAN DIEGO,UNINCORPORATED,-117.04942079,33.36242856
6680464,2014,2014-12-12,3711,2014-10-18,2209,6892,NA,6,5,7,3711,0,0,0,NA,0,614,VOLTAIRE,SUNSET CLIFFS BL,15,E,N,A,-,N,NA,NA,NA,NA,NA,NA,NA,NA,NA,Y,4,0,2,2,A,-,09,21801,A,N,A,C,A,A,-,-,C,A,0,NA,NA,NA,NA,Y,NA,-,NA,0,0,2,0,0,0,0,0,0,-,-,NA,NA,SAN DIEGO,SAN DIEGO,-117.24311047,32.74988606
6680808,2014,2014-12-12,3711,2014-10-15,1120,5491,NA,3,5,7,3711,0,0,0,NA,0,531,8TH AV,2300 8TH AV,1,S,N,A,-,N,NA,NA,NA,NA,NA,NA,NA,NA,NA,N,3,0,1,1,A,-,08,22107,NA,N,E,I,A,A,H,-,A,D,0,NA,Y,NA,NA,Y,NA,L,04,0,1,0,0,0,0,1,0,0,-,-,NA,NA,SAN DIEGO,SAN DIEGO,-117.15765595,32.72758691
6681341,2014,2014-12-11,3711,2014-10-13,1258,4653,NA,1,5,7,3711,0,0,0,NA,0,315,CAMINO DEL RIO S,TEXAS ST,2112,E,N,A,-,N,NA,NA,NA,NA,NA,NA,NA,NA,NA,Y,3,0,1,3,A,-,06,21755,NA,N,B,C,A,A,H,-,A,D,0,NA,NA,Y,NA,Y,NA,C,02,0,1,0,0,0,0,0,0,1,-,-,NA,NA,SAN DIEGO,SAN DIEGO,-117.13410608,32.77009427
6683542,2014,2014-12-19,3706,2014-10-17,1726,ES0477,NA,5,5,6,3706,0,0,0,NA,0,043,MORNING VIEW DR,EL NORTE PKWY,1320,S,N,A,-,N,NA,NA,NA,NA,NA,NA,NA,NA,NA,N,4,0,1,1,A,-,03,22350,NA,N,H,A,A,A,H,-,C,D,0,NA,NA,Y,NA,Y,NA,C,02,0,0,1,0,0,0,0,0,1,-,-,NA,NA,SAN DIEGO,ESCONDIDO,-117.09719241,33.13998391
6683545,2014,2014-12-19,3706,2014-10-21,1810,ES0412,NA,2,5,6,3706,0,0,0,NA,0,042,WASHINGTON AV,CEDAR ST,100,E,N,A,-,N,NA,NA,NA,NA,NA,NA,NA,NA,NA,Y,3,0,2,2,A,-,03,22350,NA,N,C,C,A,A,H,-,C,D,0,NA,NA,NA,NA,Y,NA,A,08,0,1,1,0,0,0,0,0,0,-,-,NA,NA,SAN DIEGO,ESCONDIDO,-117.07089334,33.13139711
6690677,2014,2014-12-29,3701,2014-10-18,0435,5379,17,6,5,5,3701,0,0,0,NA,0,004,CARLSBAD VILLAGE DR,APPIAN RD,0,NA,Y,A,-,N,NA,NA,NA,NA,NA,NA,NA,NA,NA,Y,3,0,1,2,A,-,09,21802,A,N,D,C,A,A,H,-,C,D,0,NA,NA,NA,NA,Y,Y,A,01,0,1,0,0,0,0,0,0,0,-,-,NA,NA,SAN DIEGO,CARLSBAD,-117.32085009,33.1716001
6690786,2014,2014-12-29,9650,2014-10-18,1435,017328,NA,6,2,9,3700,0,1,1,NA,2,003,RT 5,COCKLEBURR RD,1000,S,N,A,-,Y,NA,NA,5,NA,NA,NA,NA,NA,NA,N,4,0,1,2,A,-,03,22350,NA,N,C,C,A,A,H,-,A,D,0,NA,NA,NA,NA,Y,NA,A,01,0,0,1,0,0,0,0,0,0,-,-,33.25099,-117.42105,SAN DIEGO,UNINCORPORATED,-117.42106621,33.25097706
6693262,2014,2014-12-22,3708,2014-10-09,1903,LM1241,NA,4,5,5,3708,0,0,0,NA,0,003,70TH ST,ALVARADO RD,341,S,N,A,-,N,NA,NA,NA,NA,NA,NA,NA,NA,NA,N,4,0,1,3,A,-,03,22350,NA,N,C,C,A,A,H,-,D,D,0,NA,NA,NA,NA,Y,NA,A,01,0,0,1,0,0,0,0,0,0,-,-,NA,NA,SAN DIEGO,LA MESA,-117.04687085,32.77235875
6693902,2014,2014-11-12,3706,2014-09-23,1958,ES0403,NA,2,5,6,3706,0,0,0,NA,0,054,EAST VALLEY PKWY,MIDWAY DR,528,W,N,A,-,N,NA,NA,NA,NA,NA,NA,NA,NA,NA,N,3,0,1,2,A,-,11,21955,NA,N,G,B,D,A,H,-,C,D,0,Y,NA,NA,NA,Y,NA,N,60,0,1,0,0,1,0,0,0,0,-,-,NA,NA,SAN DIEGO,ESCONDIDO,-117.05331765,33.13681539
6694200,2014,2014-12-30,3710,2014-10-14,1758,OC1274,NA,2,5,6,3710,0,0,0,NA,0,030,OLIVE DR,JOANN ST,0,NA,Y,A,-,N,NA,NA,NA,NA,NA,NA,NA,NA,NA,N,4,0,1,2,A,-,09,21802,A,N,D,C,A,A,H,-,A,A,0,NA,NA,Y,NA,Y,NA,A,01,0,0,1,0,0,0,0,0,1,-,-,NA,NA,SAN DIEGO,OCEANSIDE,-117.28426001,33.20406007
6702239,2014,2014-12-03,3710,2014-10-24,0825,OC1234,NA,5,5,6,3710,0,0,0,NA,0,027,COLLEGE,MARVIN ST,83,S,N,A,-,N,NA,NA,NA,NA,NA,NA,NA,NA,NA,Y,2,0,1,2,A,-,04,21703,NA,N,E,I,A,A,H,-,A,A,0,NA,NA,Y,NA,Y,NA,C,02,1,0,0,0,0,0,0,0,1,-,-,NA,NA,SAN DIEGO,OCEANSIDE,-117.2934205,33.19514082
6703702,2014,2016-05-21,9645,2014-11-03,1800,018950,NA,1,2,7,3711,0,1,1,NA,2,013,RT 805,MURRAY RIDGE RD,1573,S,N,A,-,Y,SD,11,805,-,-,18.59,H,-,S,Y,3,0,1,2,A,-,03,22350,NA,F,C,C,A,A,H,-,D,D,1,NA,NA,Y,NA,Y,NA,C,02,0,1,0,0,0,0,0,0,1,-,-,32.78286,-117.14122,SAN DIEGO,SAN DIEGO,-117.14151388,32.7829458
6707310,2014,2014-11-21,9650,2014-10-18,0224,017331,9650,6,3,9,3700,0,1,3,NA,2,065,RT 76,E VISTA WAY,438,E,N,B,-,Y,NA,NA,76,NA,NA,NA,NA,NA,NA,Y,3,0,1,1,A,-,01,23152,A,N,E,I,A,A,H,-,C,D,0,NA,NA,NA,NA,Y,Y,A,01,0,1,0,0,0,0,0,0,0,-,-,33.25823,-117.23692,SAN DIEGO,UNINCORPORATED,-117.23711747,33.25839766
6707314,2014,2016-06-11,9650,2014-10-18,1203,016103,NA,6,1,6,3710,0,1,1,NA,2,003,RT 5,HARBOR DR,16896,N,N,A,-,Y,SD,11,5,-,R,57.6,H,-,S,Y,4,0,4,3,A,-,03,22350,NA,N,C,C,A,A,H,-,A,D,1,NA,NA,NA,NA,Y,NA,A,07,0,0,4,0,0,0,0,0,0,-,-,33.2461,-117.41765,SAN DIEGO,OCEANSIDE,-117.41822205,33.2472039
6708580,2014,2015-01-08,3711,2014-11-07,1800,587,WESTE,5,5,7,3711,0,0,0,NA,0,611,HANCOCK ST,CAMINO DEL RIO W,45,W,N,A,-,N,NA,NA,NA,NA,NA,NA,NA,NA,NA,N,3,0,1,1,A,-,03,22350,NA,N,F,A,A,A,H,-,C,A,0,NA,Y,NA,NA,Y,Y,L,04,0,1,0,0,0,0,1,0,0,-,-,NA,NA,SAN DIEGO,SAN DIEGO,-117.20519838,32.75432206
6710397,2014,2015-01-07,3711,2014-11-06,2145,7664,SOUTH,4,5,7,3711,0,0,0,NA,0,713,OTAY MESA RD,PIPER RANCH RD,30,E,N,A,-,N,NA,NA,NA,NA,NA,NA,NA,NA,NA,Y,4,0,1,2,A,-,03,22350,NA,N,C,C,A,A,H,-,C,A,0,NA,NA,NA,NA,Y,NA,-,NA,0,0,1,0,0,0,0,0,0,-,-,NA,NA,SAN DIEGO,SAN DIEGO,-116.95362301,32.56774764
6711485,2014,2015-01-12,9645,2014-11-13,1846,017953,NA,4,2,7,3711,0,1,1,NA,2,007,RT 5,CARMEL MOUNTAIN RD,3700,S,N,A,-,Y,NA,NA,5,NA,NA,NA,NA,NA,NA,Y,4,0,1,2,A,-,03,22350,NA,N,C,C,A,A,H,-,C,D,0,NA,NA,NA,NA,Y,NA,A,01,0,0,1,0,0,0,0,0,0,-,-,32.90915,-117.22761,SAN DIEGO,SAN DIEGO,-117.22737503,32.90929456
6712585,2014,2015-01-15,9680,2014-11-08,1735,019870,NA,6,2,5,3708,0,1,3,NA,2,028,RT 125,MERRITT BL,336,S,N,A,-,Y,NA,NA,125,NA,NA,NA,NA,NA,NA,Y,4,0,1,2,A,-,03,22350,NA,N,C,C,A,A,H,-,D,D,0,NA,NA,NA,NA,Y,NA,D,22,0,0,1,0,0,0,0,0,0,-,-,32.75844,-117.0062,SAN DIEGO,LA MESA,-117.0060895,32.75828857
6714489,2014,2015-01-13,3700,2014-11-17,1822,SH2560,NA,1,5,5,3713,0,0,0,NA,0,310,WEST VISTA WY,VISTA VILLAGE DR,38,W,N,A,-,N,NA,NA,NA,NA,NA,NA,NA,NA,NA,Y,4,0,2,3,A,-,03,22350,NA,N,C,C,A,A,H,-,C,A,0,NA,NA,NA,NA,Y,NA,D,22,0,0,2,0,0,0,0,0,0,-,-,NA,NA,SAN DIEGO,VISTA,-117.2489436,33.19754858