CASE_ID,ACCIDENT_YEAR,PROC_DATE,JURIS,COLLISION_DATE,COLLISION_TIME,OFFICER_ID,REPORTING_DISTRICT,DAY_OF_WEEK,CHP_SHIFT,POPULATION,CNTY_CITY_LOC,SPECIAL_COND,BEAT_TYPE,CHP_BEAT_TYPE,CITY_DIVISION_LAPD,CHP_BEAT_CLASS,BEAT_NUMBER,PRIMARY_RD,SECONDARY_RD,DISTANCE,DIRECTION,INTERSECTION,WEATHER_1,WEATHER_2,STATE_HWY_IND,CALTRANS_COUNTY,CALTRANS_DISTRICT,STATE_ROUTE,ROUTE_SUFFIX,POSTMILE_PREFIX,POSTMILE,LOCATION_TYPE,RAMP_INTERSECTION,SIDE_OF_HWY,TOW_AWAY,COLLISION_SEVERITY,NUMBER_KILLED,NUMBER_INJURED,PARTY_COUNT,PRIMARY_COLL_FACTOR,PCF_CODE_OF_VIOL,PCF_VIOL_CATEGORY,PCF_VIOLATION,PCF_VIOL_SUBSECTION,HIT_AND_RUN,TYPE_OF_COLLISION,MVIW,PED_ACTION,ROAD_SURFACE,ROAD_COND_1,ROAD_COND_2,LIGHTING,CONTROL_DEVICE,CHP_ROAD_TYPE,PEDESTRIAN_ACCIDENT,BICYCLE_ACCIDENT,MOTORCYCLE_ACCIDENT,TRUCK_ACCIDENT,NOT_PRIVATE_PROPERTY,ALCOHOL_INVOLVED,STWD_VEHTYPE_AT_FAULT,CHP_VEHTYPE_AT_FAULT,COUNT_SEVERE_INJ,COUNT_VISIBLE_INJ,COUNT_COMPLAINT_PAIN,COUNT_PED_KILLED,COUNT_PED_INJURED,COUNT_BICYCLIST_KILLED,COUNT_BICYCLIST_INJURED,COUNT_MC_KILLED,COUNT_MC_INJURED,PRIMARY_RAMP,SECONDARY_RAMP,LATITUDE,LONGITUDE,COUNTY,CITY,POINT_X,POINT_Y
8300988,2017,2017-02-09,3706,2017-01-23,1115,342,ESCON,1,5,6,3706,0,0,0,NA,0,045,ROCKSPRINGS RD,MISSION AV,340,S,N,A,-,N,NA,NA,NA,NA,NA,NA,NA,NA,NA,Y,3,0,1,2,A,-,09,21804,A,N,D,C,A,B,H,-,A,D,0,NA,NA,NA,NA,Y,NA,A,01,0,1,0,0,0,0,0,0,0,-,-,NA,NA,SAN DIEGO,ESCONDIDO,-117.09706008,33.12569842
8304024,2017,2017-03-23,3711,2017-01-30,1332,7428,SANDI,1,5,7,3711,0,0,0,NA,0,124,TORREY PINES RD,EXCHANGE PL,0,NA,Y,A,-,N,NA,NA,NA,NA,NA,NA,NA,NA,NA,Y,4,0,1,2,A,-,09,21802,A,N,D,C,A,A,H,-,A,A,0,NA,NA,Y,NA,Y,NA,-,NA,0,0,1,0,0,0,0,0,1,-,-,NA,NA,SAN DIEGO,SAN DIEGO,-117.26865006,32.84601003
8310900,2017,2017-02-27,3701,2017-01-22,1434,5444,34,7,5,5,3701,0,0,0,NA,0,003,ADAMS ST,TAMARACK AV,0,NA,Y,B,C,N,NA,NA,NA,NA,NA,NA,NA,NA,NA,N,4,0,1,2,A,-,03,22350,NA,M,D,C,A,B,H,-,A,A,0,NA,NA,NA,NA,Y,NA,A,08,0,0,1,0,0,0,0,0,0,-,-,NA,NA,SAN DIEGO,CARLSBAD,-117.33400012,33.15326003
8313386,2017,2017-02-27,3711,2017-02-09,0525,5747,SAN D,4,5,7,3711,0,0,0,NA,0,628,INDIA ST,VINE ST,31,S,N,A,-,N,NA,NA,NA,NA,NA,NA,NA,NA,NA,Y,4,0,1,2,A,-,08,22107,NA,N,B,C,A,A,H,-,B,D,0,NA,NA,NA,NA,Y,NA,-,NA,0,0,1,0,0,0,0,0,0,-,-,NA,NA,SAN DIEGO,SAN DIEGO,-117.17816049,32.73977157
8316123,2017,2017-02-23,3711,2017-02-10,1128,7247,NA,5,5,7,3711,0,0,0,NA,0,313,MURPHY CANYON RD,MURPHY CANYON RD 5095,0,NA,Y,A,-,N,NA,NA,NA,NA,NA,NA,NA,NA,NA,Y,3,0,1,2,A,-,09,21801,A,N,A,C,A,A,H,-,A,D,0,NA,NA,NA,NA,Y,NA,A,01,0,1,0,0,0,0,0,0,0,-,-,32.830799999999996,-117.1203,SAN DIEGO,SAN DIEGO,-117.12037683,32.83096221
8319386,2017,2017-03-07,3711,2017-02-19,1600,6018,NA,7,5,7,3711,0,0,0,NA,0,623,FASHION VALLEY RD,RIVERWALK,450,S,N,B,-,N,NA,NA,NA,NA,NA,NA,NA,NA,NA,Y,4,0,3,2,A,-,09,21804,A,N,-,C,A,A,H,-,A,D,0,NA,NA,NA,NA,Y,NA,-,NA,0,0,3,0,0,0,0,0,0,-,-,NA,NA,SAN DIEGO,SAN DIEGO,-117.17006994,32.76399757
8319394,2017,2017-03-14,3711,2017-02-14,1329,7374,NA,2,5,7,3711,0,0,0,NA,0,114,CLAIREMONT MESA BL,CLAIREMONT MESA BL 4000,0,NA,N,A,-,N,NA,NA,NA,NA,NA,NA,NA,NA,NA,N,3,0,1,2,A,-,-,NA,NA,N,B,C,A,A,H,-,A,-,0,NA,NA,Y,NA,Y,NA,-,-,0,1,0,0,0,0,0,0,1,-,-,32.8283,-117.2024,SAN DIEGO,SAN DIEGO,-117.20244706,32.82831622
8326194,2017,2017-12-28,3708,2017-01-31,1128,LM1225,NA,2,5,5,3708,0,0,0,NA,0,003,ALVARADO RD,COMANCH DR,194,W,N,A,-,N,NA,NA,NA,NA,NA,NA,NA,NA,NA,N,4,0,1,2,A,-,09,21804,A,N,B,C,A,A,H,-,A,D,0,NA,NA,Y,NA,Y,NA,A,01,0,0,1,0,0,0,0,0,1,-,-,NA,NA,SAN DIEGO,LA MESA,-117.03225195,32.77305851
8328931,2017,2017-03-27,3711,2017-03-14,1306,6876,NA,2,5,7,3711,0,0,0,NA,0,813,EL CAJON LN,TEXAS ST,8,W,N,A,-,N,NA,NA,NA,NA,NA,NA,NA,NA,NA,Y,4,0,3,3,A,-,12,21453,A,N,D,C,A,A,H,-,A,A,0,NA,NA,NA,NA,Y,NA,A,01,0,0,3,0,0,0,0,0,0,-,-,NA,NA,SAN DIEGO,SAN DIEGO,-117.13887593,32.75537979
8329319,2017,2017-03-30,3702,2017-02-21,0842,CV1026,NA,2,5,6,3702,0,0,0,NA,0,031,EAST H ST,TERRA NOVA DR,0,NA,Y,A,-,N,NA,NA,NA,NA,NA,NA,NA,NA,NA,Y,3,0,2,2,A,-,12,21453,A,N,D,C,A,A,H,-,A,A,0,NA,NA,NA,NA,Y,NA,A,01,0,1,1,0,0,0,0,0,0,-,-,NA,NA,SAN DIEGO,CHULA VISTA,-117.04311002,32.63863002
8330134,2017,2017-03-29,3711,2017-03-19,1419,5619,SDPD,7,5,7,3711,0,0,0,NA,0,721,PALM AV,SATURN,155,W,N,A,-,N,NA,NA,NA,NA,NA,NA,NA,NA,NA,N,4,0,1,2,A,-,04,21703,NA,M,C,C,A,A,H,-,A,A,0,NA,NA,NA,NA,Y,NA,-,NA,0,0,1,0,0,0,0,0,0,-,-,NA,NA,SAN DIEGO,SAN DIEGO,-117.09313148,32.58374
8330537,2017,2017-04-06,3705,2017-03-17,0832,EC0277,NA,5,5,5,3705,0,0,0,NA,0,009,DOMINGUEZ,MADISON AV,45,S,N,A,-,N,NA,NA,NA,NA,NA,NA,NA,NA,NA,N,3,0,1,1,C,-,18,NA,NA,N,H,I,A,A,H,-,A,D,0,NA,Y,NA,NA,Y,NA,-,-,0,1,0,0,0,0,1,0,0,-,-,NA,NA,SAN DIEGO,EL CAJON,-116.95006,32.80002676
8330973,2017,2017-04-05,3711,2017-03-26,1939,6856,NA,7,5,7,3711,0,0,0,NA,0,613,VOLTAIRE ST,WORDEN ST,124,E,N,A,-,N,NA,NA,NA,NA,NA,NA,NA,NA,NA,N,4,0,1,2,C,-,18,NA,NA,N,H,C,A,A,H,-,C,D,0,NA,NA,NA,NA,Y,NA,-,-,0,0,1,0,0,0,0,0,0,-,-,NA,NA,SAN DIEGO,SAN DIEGO,-117.2299863,32.74073859
8334723,2017,2017-03-30,3711,2017-03-20,1615,4849,NA,1,5,7,3711,0,0,0,NA,0,521,IMPERIAL AV,16TH ST,90,W,N,A,-,N,NA,NA,NA,NA,NA,NA,NA,NA,NA,N,4,0,1,1,A,-,03,22350,NA,N,F,A,A,A,H,-,A,A,0,NA,Y,NA,NA,Y,NA,L,04,0,0,1,0,0,0,1,0,0,-,-,NA,NA,SAN DIEGO,SAN DIEGO,-117.14974158,32.70628324
8335106,2017,2017-04-11,3711,2017-03-16,0634,6642,SD,4,5,7,3711,0,0,0,NA,0,446,LOGAN AV,49TH ST,10,W,N,A,-,N,NA,NA,NA,NA,NA,NA,NA,NA,NA,Y,3,0,2,4,A,-,03,22350,NA,N,C,C,A,A,H,-,A,A,0,NA,NA,NA,NA,Y,NA,A,01,0,1,1,0,0,0,0,0,0,-,-,NA,NA,SAN DIEGO,SAN DIEGO,-117.08947239,32.6968
8335142,2017,2017-04-01,3709,2017-03-08,2302,490,NA,3,5,5,3709,0,0,0,NA,0,NA,EAST 16TH ST,E 16TH ST 2800,0,NA,N,A,-,N,NA,NA,NA,NA,NA,NA,NA,NA,NA,Y,4,0,1,3,A,-,08,22107,NA,N,C,E,A,A,H,-,C,D,0,NA,NA,NA,NA,Y,NA,A,07,0,0,1,0,0,0,0,0,0,-,-,32.67721,-117.07468,SAN DIEGO,NATIONAL CITY,-117.07467914,32.67721715
8337603,2017,2017-04-10,3710,2017-03-02,1103,OC1426,NA,4,5,6,3710,0,0,0,NA,0,010,MISSION AV,SAN DIEGO ST,510,W,N,A,-,N,NA,NA,NA,NA,NA,NA,NA,NA,NA,Y,4,0,3,4,A,-,03,22350,NA,N,C,C,A,A,H,-,A,A,0,NA,NA,NA,NA,Y,NA,A,01,0,0,3,0,0,0,0,0,0,-,-,NA,NA,SAN DIEGO,OCEANSIDE,-117.37049252,33.20105749
8337928,2017,2017-04-04,3710,2017-03-11,1515,OC0740,035,6,5,6,3710,0,0,0,NA,0,007,LAKE BL,RIDGE RD,0,NA,Y,A,-,N,NA,NA,NA,NA,NA,NA,NA,NA,NA,N,4,0,1,2,A,-,11,21950,B,N,G,B,B,A,H,-,A,A,0,Y,NA,NA,NA,Y,NA,N,60,0,0,1,0,1,0,0,0,0,-,-,NA,NA,SAN DIEGO,OCEANSIDE,-117.26869013,33.17668002
8346902,2017,2017-04-20,3706,2017-04-01,1927,496,ESCON,6,5,6,3706,0,0,0,NA,0,044,MISSION AV,BUCHANAN ST E,42,W,N,A,-,N,NA,NA,NA,NA,NA,NA,NA,NA,NA,N,4,0,1,2,A,-,04,21703,NA,F,C,C,A,A,H,-,C,D,0,NA,NA,NA,NA,Y,NA,D,22,0,0,1,0,0,0,0,0,0,-,-,33.13853,-117.06629,SAN DIEGO,ESCONDIDO,-117.06670214,33.13828418
8349817,2017,2017-05-04,3708,2017-03-22,1555,LM1210,NA,3,5,5,3708,0,0,0,NA,0,004,SEVERIN DR,CAMPINA DR,58,S,N,A,-,N,NA,NA,NA,NA,NA,NA,NA,NA,NA,Y,4,0,2,2,A,-,03,22350,NA,N,C,C,A,A,H,-,A,D,0,NA,NA,NA,NA,Y,NA,D,22,0,0,2,0,0,0,0,0,0,-,-,NA,NA,SAN DIEGO,LA MESA,-116.99833722,32.78506753
8353607,2017,2017-05-02,3705,2017-03-24,1521,EC0337,NA,5,5,5,3705,0,0,0,NA,0,007,PEPPER,JASMIN,0,NA,Y,A,-,N,NA,NA,NA,NA,NA,NA,NA,NA,NA,Y,4,0,1,2,A,-,09,21802,A,N,D,C,A,A,H,-,A,A,0,NA,NA,NA,NA,Y,NA,D,22,0,0,1,0,0,0,0,0,0,-,-,NA,NA,SAN DIEGO,EL CAJON,-116.91803994,32.81646006
8359726,2017,2017-05-09,3711,2017-04-29,1436,7298,SANDI,6,5,7,3711,0,0,0,NA,0,122,BALBOA AV,OLNEY ST,0,NA,Y,A,-,N,NA,NA,NA,NA,NA,NA,NA,NA,NA,Y,4,0,2,2,A,-,12,21453,A,N,D,C,A,A,H,-,A,A,0,NA,NA,NA,NA,Y,NA,A,07,0,0,2,0,0,0,0,0,0,-,-,NA,NA,SAN DIEGO,SAN DIEGO,-117.22959001,32.80144007
8361545,2017,2017-05-17,3711,2017-05-08,1550,7535,NA,1,5,7,3711,0,0,0,NA,0,934,EAST OCEAN AIR,CARMEL MOUNTAIN RD,0,NA,Y,A,-,N,NA,NA,NA,NA,NA,NA,NA,NA,NA,Y,4,0,1,2,A,-,06,21755,NA,N,B,C,A,A,H,-,A,A,0,NA,NA,NA,NA,Y,NA,-,NA,0,0,1,0,0,0,0,0,0,-,-,NA,NA,SAN DIEGO,SAN DIEGO,-117.21614004,32.92144009
8371563,2017,2017-05-23,3711,2017-05-11,1655,7233,NA,4,5,7,3711,0,0,0,NA,0,315,CAMINO DE LA REINA,WESTFIELD DRIVEWAY,750,W,N,A,-,N,NA,NA,NA,NA,NA,NA,NA,NA,NA,Y,3,0,1,2,A,-,09,21804,A,N,D,C,A,A,H,-,A,D,0,NA,NA,NA,NA,Y,NA,D,22,0,1,0,0,0,0,0,0,0,-,-,NA,NA,SAN DIEGO,SAN DIEGO,-117.15202332,32.76868772
8374661,2017,2017-06-21,3711,2017-06-01,2105,4884,SDPD,4,5,7,3711,0,0,0,NA,0,234,STONE CANYON RD,POMERADO RD,11,N,N,B,-,N,NA,NA,NA,NA,NA,NA,NA,NA,NA,Y,4,0,2,2,A,-,09,21801,A,N,D,C,A,A,H,-,C,A,0,NA,NA,NA,NA,Y,NA,D,22,0,0,2,0,0,0,0,0,0,-,-,NA,NA,SAN DIEGO,SAN DIEGO,-117.05788,33.00409
8381139,2017,2017-06-08,3710,2017-05-25,0800,OC0646,015,4,5,6,3710,0,0,0,NA,0,004,CAROLYN CIR,MISSION AV,41,S,N,B,-,N,NA,NA,NA,NA,NA,NA,NA,NA,NA,Y,3,0,3,2,-,-,-,NA,NA,N,C,C,A,A,H,-,A,D,0,NA,NA,NA,NA,Y,NA,-,-,0,1,2,0,0,0,0,0,0,-,-,NA,NA,SAN DIEGO,OCEANSIDE,-117.34821222,33.2132853
8384632,2017,2017-07-05,3711,2017-06-21,1143,7298,SANDI,3,5,7,3711,0,0,0,NA,0,115,GENESEE AV,EXECUTIVE SQ,0,NA,Y,A,-,N,NA,NA,NA,NA,NA,NA,NA,NA,NA,Y,4,0,3,3,A,-,03,22350,NA,N,C,C,A,A,D,-,A,A,0,NA,NA,NA,NA,Y,NA,A,01,0,0,3,0,0,0,0,0,0,-,-,NA,NA,SAN DIEGO,SAN DIEGO,-117.21415001,32.87404006
8388897,2017,2017-06-15,3711,2017-06-04,1212,7326,NA,7,5,7,3711,0,0,0,NA,0,833,UNIVERSITY AV,EUCLID AV,200,W,N,B,-,N,NA,NA,NA,NA,NA,NA,NA,NA,NA,Y,4,0,3,2,A,-,09,21801,A,N,D,C,A,A,H,-,A,D,0,NA,NA,NA,NA,Y,NA,-,NA,0,0,3,0,0,0,0,0,0,-,-,NA,NA,SAN DIEGO,SAN DIEGO,-117.09293812,32.74956232
8390232,2017,2017-06-19,3702,2017-05-03,1651,CV1038,NA,3,5,6,3702,0,0,0,NA,0,022,4TH AV,MOSS ST,0,NA,Y,A,-,N,NA,NA,NA,NA,NA,NA,NA,NA,NA,Y,4,0,3,3,A,-,09,21801,A,N,D,C,A,A,H,-,A,A,0,NA,NA,NA,NA,Y,NA,A,01,0,0,3,0,0,0,0,0,0,-,-,NA,NA,SAN DIEGO,CHULA VISTA,-117.07454005,32.61598002
8400363,2017,2017-07-17,3711,2017-06-21,1400,6018,NA,3,5,7,3711,0,0,0,NA,0,623,FRIARS RD,AVE DE LAS TIENDAS,0,NA,Y,A,-,N,NA,NA,NA,NA,NA,NA,NA,NA,NA,N,4,0,1,2,A,-,04,21703,NA,M,C,C,A,A,H,-,A,A,0,NA,NA,NA,NA,Y,NA,-,NA,0,0,1,0,0,0,0,0,0,-,-,NA,NA,SAN DIEGO,SAN DIEGO,-117.16541991,32.77001002
8405178,2017,2018-04-13,3711,2017-06-14,1400,6193,NA,3,5,7,3711,0,0,0,NA,0,313,CONVOY ST,RT 52,0,NA,Y,A,-,Y,SD,11,52,-,-,5.636,R,4,E,N,4,0,1,3,A,-,03,22350,NA,N,C,C,A,A,H,-,A,A,0,NA,NA,NA,NA,Y,NA,A,01,0,0,1,0,0,0,0,0,0,-,-,NA,NA,SAN DIEGO,SAN DIEGO,-117.1497847,32.83809219
8407193,2017,2018-04-19,3705,2017-06-30,1015,EC0337,NA,5,5,5,3705,0,0,0,NA,0,006,W CHASE,RT 8,0,NA,Y,A,-,Y,SD,11,8,-,-,13.651,R,4,E,Y,4,0,1,2,A,-,12,21453,A,N,D,C,A,A,H,-,A,A,0,NA,NA,NA,NA,Y,NA,A,01,0,0,1,0,0,0,0,0,0,-,EF,NA,NA,SAN DIEGO,EL CAJON,-116.98116365,32.7824354
8408043,2017,2017-07-24,3700,2017-07-02,1100,SH3079,NA,7,5,5,3713,0,0,0,NA,0,306,EAST VISTA WY,FRANKLIN LN,12,N,N,A,-,N,NA,NA,NA,NA,NA,NA,NA,NA,NA,Y,4,0,1,4,A,-,03,22350,NA,N,C,C,A,A,H,-,A,D,0,NA,NA,NA,NA,Y,NA,A,01,0,0,1,0,0,0,0,0,0,-,-,NA,NA,SAN DIEGO,VISTA,-117.2357687,33.20805147
8410578,2017,2017-07-27,3711,2017-07-14,1529,7260,323,5,5,7,3711,0,0,0,NA,0,323,COLLEGE AV,CAMINO RICO,0,NA,Y,A,-,N,NA,NA,NA,NA,NA,NA,NA,NA,NA,Y,4,0,2,2,A,-,12,21453,A,N,D,C,A,A,H,-,A,A,0,NA,NA,NA,NA,Y,NA,A,01,0,0,2,0,0,0,0,0,0,-,-,NA,NA,SAN DIEGO,SAN DIEGO,-117.06668004,32.79250002
8417285,2017,2017-07-31,3702,2017-05-12,1355,CV1069,NA,5,5,6,3702,0,0,0,NA,0,013,3RD AV,J ST,320,N,N,A,-,N,NA,NA,NA,NA,NA,NA,NA,NA,NA,N,4,0,1,2,A,-,09,21804,A,F,D,G,A,A,H,-,A,D,0,NA,Y,NA,NA,Y,NA,-,NA,0,0,1,0,0,0,1,0,0,-,-,NA,NA,SAN DIEGO,CHULA VISTA,-117.07480942,32.62831101
8417730,2017,2017-08-23,3711,2017-07-25,1242,7321,NA,2,5,7,3711,0,0,0,NA,0,826,EL CAJON BL,WINONA AV,0,NA,Y,A,-,N,NA,NA,NA,NA,NA,NA,NA,NA,NA,Y,3,0,1,2,A,-,09,21800,D,N,D,C,A,A,H,-,A,B,0,NA,NA,NA,NA,Y,NA,-,NA,0,1,0,0,0,0,0,0,0,-,-,NA,NA,SAN DIEGO,SAN DIEGO,-117.08789008,32.75665009
8424190,2017,2017-08-17,3702,2017-06-17,1103,CV1207,NA,6,5,6,3702,0,0,0,NA,0,023,OLYMPIC PKWY,OLEANDER AV,0,NA,Y,A,-,N,NA,NA,NA,NA,NA,NA,NA,NA,NA,Y,2,0,3,3,A,-,12,21453,A,N,D,C,A,A,H,-,A,A,0,NA,NA,NA,NA,Y,NA,D,22,1,1,1,0,0,0,0,0,0,-,-,NA,NA,SAN DIEGO,CHULA VISTA,-117.03328009,32.60659011
8424213,2017,2017-08-16,3702,2017-07-12,1417,CV0777,NA,3,5,6,3702,0,0,0,NA,0,024,CONNOLEY AV,SUZANNE LN,0,NA,Y,A,-,N,NA,NA,NA,NA,NA,NA,NA,NA,NA,N,3,0,1,2,A,-,09,21801,A,N,D,G,A,A,H,-,A,D,0,NA,Y,NA,NA,Y,NA,L,04,0,1,0,0,0,0,1,0,0,-,-,NA,NA,SAN DIEGO,CHULA VISTA,-117.05553009,32.60025004
8432697,2017,2017-08-23,3711,2017-08-11,0747,8192,NA,5,5,7,3711,0,0,0,NA,0,824,MONROE AV,ALTADENA AV,0,NA,Y,B,-,N,NA,NA,NA,NA,NA,NA,NA,NA,NA,Y,3,0,1,2,A,-,09,21801,A,N,D,C,A,A,H,-,A,A,0,NA,NA,NA,NA,Y,NA,-,NA,0,1,0,0,0,0,0,0,0,-,-,NA,NA,SAN DIEGO,SAN DIEGO,-117.08573009,32.75897001
84356547,2024,2024-08-16,3701,2024-08-09,1312,CB5499,NA,5,5,5,3701,0,0,0,NA,0,006,PALOMAR AIRPORT RD,AVENIDA ENCINAS,0,NA,Y,A,-,N,NA,NA,NA,NA,NA,NA,NA,NA,NA,Y,4,0,1,2,A,-,12,21453,A,N,A,C,A,A,H,-,A,A,0,NA,NA,NA,NA,Y,NA,A,01,0,0,1,0,0,0,0,0,0,-,-,33.12247085571289,-117.32496643066406,SAN DIEGO,CARLSBAD,-117.32495880126952,33.12232208251953
8437964,2017,2018-05-08,3700,2017-07-11,1042,SH5502,NA,2,5,5,3782,0,0,0,NA,0,240,RT 101,CARDIFF STATE BEACH,61,N,N,A,-,N,NA,NA,NA,NA,NA,NA,NA,NA,NA,Y,4,0,1,2,A,-,03,22350,NA,N,C,C,A,A,H,-,A,A,0,NA,NA,NA,NA,Y,NA,A,07,0,0,1,0,0,0,0,0,0,-,-,NA,NA,SAN DIEGO,ENCINITAS,-117.27894,33.00972
84392546,2024,2024-09-13,3706,2024-09-06,2036,592,NA,5,5,6,3706,0,0,0,NA,0,044,WASHINGTON AV,BEGONIA ST,0,NA,Y,A,-,N,NA,NA,NA,NA,NA,NA,NA,NA,NA,Y,3,0,1,2,A,-,03,22350,NA,F,C,C,A,A,H,-,C,D,0,NA,NA,NA,NA,Y,NA,A,01,0,1,0,0,0,0,0,0,0,-,-,33.13862991333008,-117.05825042724608,SAN DIEGO,ESCONDIDO,-117.0580825805664,33.138954162597656
84406922,2024,2024-09-25,3706,2024-09-23,1025,605,NA,1,5,6,3706,0,0,0,NA,0,044,EL NORTE PY,KAILE LN,71,S,N,A,-,N,NA,NA,NA,NA,NA,NA,NA,NA,NA,N,3,0,1,1,A,-,03,22350,NA,N,F,A,A,A,H,-,A,A,0,NA,Y,NA,NA,Y,NA,L,04,0,1,0,0,0,0,1,0,0,-,-,33.150108337402344,-117.03888702392578,SAN DIEGO,ESCONDIDO,-117.03897857666016,33.150089263916016
84427186,2024,2024-10-11,3701,2024-09-11,1717,CB5574,NA,3,5,5,3701,0,0,0,NA,0,002,CARLSBAD BL,TIERRA DEL ORO ST,593,N,N,A,-,N,NA,NA,NA,NA,NA,NA,NA,NA,NA,N,3,0,1,2,A,-,03,22350,NA,N,B,G,A,A,H,-,A,D,0,NA,Y,NA,NA,Y,NA,M,91,0,1,0,0,0,0,1,0,0,-,-,33.133338928222656,-117.33602905273438,SAN DIEGO,CARLSBAD,-117.33695220947266,33.134788513183594
8446436,2017,2017-09-13,3711,2017-09-04,0020,8861,NA,1,5,7,3711,0,0,0,NA,0,611,WASHINGTON ST,INDIA ST,99,W,N,A,-,N,NA,NA,NA,NA,NA,NA,NA,NA,NA,Y,4,0,1,2,A,-,08,22107,NA,N,-,-,A,A,H,-,C,-,0,NA,NA,NA,NA,Y,NA,A,01,0,0,1,0,0,0,0,0,0,-,-,NA,NA,SAN DIEGO,SAN DIEGO,-117.1815197,32.74309099
84489720,2024,2024-12-03,3706,2024-11-24,18,600,NA,7,5,6,3706,0,0,0,NA,0,056,BEAR VALLEY PY,BOYLE AV,224,S,N,A,-,N,NA,NA,NA,NA,NA,NA,NA,NA,NA,Y,3,0,1,2,A,-,08,22107,NA,F,C,E,A,B,H,-,C,D,0,NA,NA,NA,NA,Y,NA,D,22,0,1,0,0,0,0,0,0,0,-,-,33.12239074707031,-117.04801940917967,SAN DIEGO,ESCONDIDO,-117.04813385009766,33.12171936035156
84499312,2024,2024-12-13,3701,2024-11-12,1,CB5574,NA,2,5,5,3701,0,0,0,NA,0,007,POINSETTIA LN,SNAPDRAGON DR,320,W,N,A,-,N,NA,NA,NA,NA,NA,NA,NA,NA,NA,N,3,0,1,1,A,-,03,22350,NA,N,E,I,A,A,H,-,C,A,0,NA,NA,NA,NA,Y,NA,A,01,0,1,0,0,0,0,0,0,0,-,-,33.10673904418945,-117.30191802978516,SAN DIEGO,CARLSBAD,-117.30272674560548,33.106048583984375
84499389,2024,2024-12-13,3706,2024-12-06,759,587,NA,5,5,6,3706,0,0,0,NA,0,051,SAN PASQUAL RD,BEAR VALLEY PY,458,E,N,A,-,N,NA,NA,NA,NA,NA,NA,NA,NA,NA,N,4,0,2,2,A,-,09,21801,A,N,D,C,A,A,H,-,A,D,0,NA,NA,NA,NA,Y,NA,A,01,0,0,2,0,0,0,0,0,0,-,-,33.07381057739258,-117.05898284912108,SAN DIEGO,ESCONDIDO,-117.05745697021484,33.073646545410156
8452053,2017,2017-09-18,3711,2017-09-04,0620,7367,NA,1,5,7,3711,0,0,0,NA,0,437,SKYLINE  DR,LAUSANNE DR,150,E,N,A,-,N,NA,NA,NA,NA,NA,NA,NA,NA,NA,Y,3,0,1,3,A,-,08,22107,NA,N,C,E,A,A,H,-,A,A,0,NA,NA,NA,NA,Y,Y,-,NA,0,1,0,0,0,0,0,0,0,-,-,NA,NA,SAN DIEGO,SAN DIEGO,-117.03987076,32.70384283
8453769,2017,2017-09-28,3706,2017-09-12,1607,223,ESCON,2,5,6,3706,0,0,0,NA,0,055,9TH AV,QUINCE ST,0,NA,Y,B,-,N,NA,NA,NA,NA,NA,NA,NA,NA,NA,Y,4,0,1,3,A,-,12,21453,A,N,D,C,A,A,H,-,A,A,0,NA,NA,NA,NA,Y,NA,A,01,0,0,1,0,0,0,0,0,0,-,-,33.1111,-117.08319,SAN DIEGO,ESCONDIDO,-117.08313012,33.11108003
8455929,2017,2017-09-27,3711,2017-09-17,2500,7199,NA,7,5,7,3711,0,0,0,NA,0,511,E HARBOR DR,32ND ST,0,NA,Y,A,-,N,NA,NA,NA,NA,NA,NA,NA,NA,NA,N,3,0,1,2,C,-,18,NA,NA,N,D,G,A,A,E,-,A,B,0,NA,Y,NA,NA,Y,NA,-,-,0,1,0,0,0,0,1,0,0,-,-,NA,NA,SAN DIEGO,SAN DIEGO,-117.12543008,32.68584009
84565467,2025,2025-02-05,3706,2025-01-24,2348,596,NA,5,5,6,3706,0,0,0,NA,0,044,ROSE ST,STANLEY WAY,175,S,N,A,-,N,NA,NA,NA,NA,NA,NA,NA,NA,NA,Y,3,0,1,5,A,-,01,23152,A,N,D,E,A,A,H,-,C,D,0,NA,NA,NA,NA,Y,Y,A,01,0,1,0,0,0,0,0,0,0,-,-,33.14609909057617,-117.06822967529295,SAN DIEGO,ESCONDIDO,-117.06849670410156,33.146263122558594
8456841,2017,2017-09-27,3711,2017-09-19,1053,4274,NA,2,5,7,3711,0,0,0,NA,0,324,NAVAJO RD,LAKE MURRAY BL,0,NA,Y,A,-,N,NA,NA,NA,NA,NA,NA,NA,NA,NA,Y,4,0,1,2,A,-,12,21453,A,N,A,C,A,A,H,-,A,-,0,NA,NA,NA,NA,Y,NA,-,NA,0,0,1,0,0,0,0,0,0,-,-,NA,NA,SAN DIEGO,SAN DIEGO,-117.01046011,32.80293007
84596650,2025,2025-03-05,3706,2025-02-26,959,526,NA,3,5,6,3706,0,0,0,NA,0,042,FIG ST,MISSION AV,186,S,N,A,-,N,NA,NA,NA,NA,NA,NA,NA,NA,NA,Y,4,0,1,2,A,-,09,21804,A,N,D,C,A,A,H,-,A,D,0,NA,NA,NA,NA,Y,NA,A,01,0,0,1,0,0,0,0,0,0,-,-,33.13264846801758,-117.07746124267578,SAN DIEGO,ESCONDIDO,-117.07704925537108,33.13240432739258
8460117,2017,2017-10-04,3702,2017-08-23,0943,CV0815,NA,3,5,6,3702,0,0,0,NA,0,014,BONITA RD,BONITA GLEN DR,0,NA,Y,B,-,N,NA,NA,NA,NA,NA,NA,NA,NA,NA,Y,4,0,1,2,A,-,12,21453,A,N,D,C,A,B,H,-,A,A,0,NA,NA,NA,NA,Y,NA,A,01,0,0,1,0,0,0,0,0,0,-,-,NA,NA,SAN DIEGO,CHULA VISTA,-117.06412007,32.64798002
8464720,2017,2018-01-18,3711,2017-09-25,1834,6424,NA,1,5,7,3711,0,0,0,NA,0,242,GOLD COAST DR,SALUDA  AV,50,W,N,A,-,N,NA,NA,NA,NA,NA,NA,NA,NA,NA,Y,3,0,3,2,A,-,08,22107,NA,N,C,E,A,A,-,-,A,D,0,NA,NA,NA,NA,Y,Y,-,NA,0,3,0,0,0,0,0,0,0,-,-,NA,NA,SAN DIEGO,SAN DIEGO,-117.14295235,32.9053482