CASE_ID,ACCIDENT_YEAR,PROC_DATE,JURIS,COLLISION_DATE,COLLISION_TIME,OFFICER_ID,REPORTING_DISTRICT,DAY_OF_WEEK,CHP_SHIFT,POPULATION,CNTY_CITY_LOC,SPECIAL_COND,BEAT_TYPE,CHP_BEAT_TYPE,CITY_DIVISION_LAPD,CHP_BEAT_CLASS,BEAT_NUMBER,PRIMARY_RD,SECONDARY_RD,DISTANCE,DIRECTION,INTERSECTION,WEATHER_1,WEATHER_2,STATE_HWY_IND,CALTRANS_COUNTY,CALTRANS_DISTRICT,STATE_ROUTE,ROUTE_SUFFIX,POSTMILE_PREFIX,POSTMILE,LOCATION_TYPE,RAMP_INTERSECTION,SIDE_OF_HWY,TOW_AWAY,COLLISION_SEVERITY,NUMBER_KILLED,NUMBER_INJURED,PARTY_COUNT,PRIMARY_COLL_FACTOR,PCF_CODE_OF_VIOL,PCF_VIOL_CATEGORY,PCF_VIOLATION,PCF_VIOL_SUBSECTION,HIT_AND_RUN,TYPE_OF_COLLISION,MVIW,PED_ACTION,ROAD_SURFACE,ROAD_COND_1,ROAD_COND_2,LIGHTING,CONTROL_DEVICE,CHP_ROAD_TYPE,PEDESTRIAN_ACCIDENT,BICYCLE_ACCIDENT,MOTORCYCLE_ACCIDENT,TRUCK_ACCIDENT,NOT_PRIVATE_PROPERTY,ALCOHOL_INVOLVED,STWD_VEHTYPE_AT_FAULT,CHP_VEHTYPE_AT_FAULT,COUNT_SEVERE_INJ,COUNT_VISIBLE_INJ,COUNT_COMPLAINT_PAIN,COUNT_PED_KILLED,COUNT_PED_INJURED,COUNT_BICYCLIST_KILLED,COUNT_BICYCLIST_INJURED,COUNT_MC_KILLED,COUNT_MC_INJURED,PRIMARY_RAMP,SECONDARY_RAMP,LATITUDE,LONGITUDE,COUNTY,CITY,POINT_X,POINT_Y
90366682,2016,2017-01-11,9645,2016-11-07,0835,015847,NA,1,1,7,3711,0,1,1,NA,2,010,I-8 W/B,I-15,75,E,N,A,-,Y,NA,NA,8,NA,NA,NA,NA,NA,W,Y,4,0,1,2,A,-,03,22350,NA,N,C,C,A,A,H,-,A,D,0,NA,NA,NA,NA,Y,NA,A,01,0,0,1,0,0,0,0,0,0,-,-,32.77883,-117.1117,SAN DIEGO,SAN DIEGO,-117.11169675,32.778719530000004
90370582,2017,2017-03-13,9645,2017-01-05,2215,018149,NA,4,3,7,3711,0,1,3,NA,2,023,I-8 E/B FROM SR-163 N/B,SR-163,273,E,N,B,-,Y,NA,NA,8,NA,NA,NA,R,NA,E,Y,4,0,2,2,A,-,01,23152,A,N,B,C,A,B,H,-,C,D,0,NA,NA,NA,NA,Y,Y,D,22,0,0,2,0,0,0,0,0,0,-,-,32.76229,-117.16206,SAN DIEGO,SAN DIEGO,-117.16206,32.76229
90374364,2017,2017-01-23,9650,2017-01-14,1210,015276,NA,6,1,9,3700,0,1,1,NA,2,001,I-5 N/B,BASILONE RD,3696,S,N,A,-,Y,NA,NA,5,NA,NA,NA,NA,NA,N,Y,4,0,1,2,A,-,03,22350,NA,M,B,C,A,A,H,-,A,D,0,NA,NA,Y,NA,Y,NA,C,02,0,0,1,0,0,0,0,0,1,-,-,33.38068,-117.57068,SAN DIEGO,UNINCORPORATED,-117.57064783,33.38076234
9037709,2020,2020-03-18,3711,2020-01-09,1344,SD7955,NA,4,5,7,3711,0,0,0,NA,0,451,FEDERAL BL,EUCLID AV,157,E,N,A,-,N,NA,NA,NA,NA,NA,NA,NA,NA,NA,N,3,0,1,1,B,-,22,NA,NA,N,H,I,A,A,H,-,A,D,0,NA,NA,NA,NA,Y,NA,A,01,0,1,0,0,0,0,0,0,0,-,-,NA,NA,SAN DIEGO,SAN DIEGO,-117.08444213867188,32.721458435058594
90385628,2017,2017-02-03,9650,2017-01-21,2010,017328,NA,6,2,9,3700,0,3,5,NA,1,160,W. LILAC RD.,OLD HIGHWAY 395,1685,W,N,B,-,N,NA,NA,NA,NA,NA,NA,NA,NA,NA,Y,3,0,1,1,A,-,01,23152,A,N,F,A,A,A,H,-,D,D,0,NA,NA,NA,NA,Y,Y,A,01,0,1,0,0,0,0,0,0,0,-,-,33.29958,-117.15864,SAN DIEGO,UNINCORPORATED,-117.15844134,33.29955971
90388698,2017,2017-02-08,9645,2017-02-01,0720,014922,NA,3,1,5,3709,0,1,3,NA,2,008,SR-54 WESTBOUND,I-805 O/C,50,W,N,A,-,Y,NA,NA,54,NA,NA,NA,NA,NA,W,Y,4,0,1,2,A,-,03,22350,NA,N,C,C,A,A,H,-,A,D,0,NA,NA,NA,NA,Y,NA,A,07,0,0,1,0,0,0,0,0,0,-,-,32.65836,-117.0752,SAN DIEGO,NATIONAL CITY,-117.07520499,32.65846936
90397145,2017,2017-02-21,9645,2017-02-17,0710,017139,NA,5,1,6,3702,0,1,1,NA,2,009,I-805 N/B,BONITA RD U/C,900,N,N,A,-,Y,NA,NA,805,NA,NA,NA,NA,NA,N,Y,4,0,2,3,A,-,08,22107,NA,N,B,C,A,A,H,-,A,D,0,NA,NA,NA,Y,Y,NA,G,25,0,0,2,0,0,0,0,0,0,-,-,32.65328,-117.06956,SAN DIEGO,CHULA VISTA,-117.06968251,32.65315968
9040012,2020,2020-03-03,3711,2020-01-15,0030,SD7296,NA,3,5,7,3711,0,0,0,NA,0,124,COUNTRY CLUB DR,LA JOLLA KNLS,0,NA,Y,-,-,N,NA,NA,NA,NA,NA,NA,NA,NA,NA,N,3,0,1,4,A,-,03,22350,NA,N,-,-,A,-,-,-,-,-,0,NA,NA,NA,NA,Y,NA,-,NA,0,1,0,0,0,0,0,0,0,-,-,NA,NA,SAN DIEGO,SAN DIEGO,-117.2663803100586,32.84346008300781
90409250,2017,2017-03-09,9645,2017-02-28,0656,019410,NA,2,1,7,3711,0,1,1,NA,2,030,I-15 N/B (HOV LANE),SCRIPPS POWAY PARKWAY U/C,800,S,N,B,-,Y,NA,NA,15,NA,NA,NA,NA,NA,N,Y,3,0,2,1,A,-,08,22107,NA,N,E,I,A,A,H,-,A,D,0,NA,NA,NA,NA,Y,NA,D,22,0,2,0,0,0,0,0,0,0,-,-,32.9321,-117.11266,SAN DIEGO,SAN DIEGO,-117.11249806,32.93205453
9041620,2020,2020-03-02,3705,2020-01-24,1351,EC0219,NA,5,5,5,3705,0,0,0,NA,0,002,GREENFIELD DR,N MOLLISON AV,396,E,N,A,-,N,NA,NA,NA,NA,NA,NA,NA,NA,NA,Y,4,0,3,2,A,-,05,21460,A,N,A,C,A,-,A,H,A,D,0,NA,NA,NA,NA,Y,NA,A,01,0,0,3,0,0,0,0,0,0,-,-,NA,NA,SAN DIEGO,EL CAJON,-116.9494171142578,32.81332015991211
90424127,2017,2017-03-30,9680,2017-03-23,0120,021574,NA,4,3,9,3700,0,3,5,NA,2,002,PARADISE VALLEY RD,WORTHINGTON ST,476,W,N,B,-,N,NA,NA,NA,NA,NA,NA,NA,NA,NA,Y,3,0,1,1,A,-,01,23152,A,N,E,I,A,B,H,-,C,D,0,NA,NA,NA,NA,Y,Y,A,01,0,1,0,0,0,0,0,0,0,-,-,32.69844,-117.01724,SAN DIEGO,UNINCORPORATED,-117.02001744,32.69720383
90435822,2017,2017-04-17,9645,2017-04-05,1950,021600,NA,3,2,7,3711,0,1,3,NA,2,023,SR-163 SB,ASH AVE,45,N,N,A,-,Y,NA,NA,163,NA,NA,NA,NA,NA,S,Y,4,0,1,2,A,-,08,22107,NA,N,B,C,A,A,H,-,A,D,0,NA,NA,NA,NA,Y,NA,A,07,0,0,1,0,0,0,0,0,0,-,-,32.719970000000004,-117.15554,SAN DIEGO,SAN DIEGO,-117.15565627,32.71997704
90435848,2017,2017-04-17,9645,2017-04-04,1610,013033,NA,2,2,7,3711,0,1,1,NA,2,030,I-15 N/B (FASTRAK LANES),MERCY RD. U/C,212,S,N,A,-,Y,NA,NA,15,NA,NA,NA,NA,NA,N,Y,3,0,2,2,A,-,03,22350,NA,N,C,C,A,A,H,-,A,D,0,NA,NA,NA,NA,Y,NA,D,22,0,1,1,0,0,0,0,0,0,-,-,32.73267,-117.11252,SAN DIEGO,SAN DIEGO,-117.11164988,32.73288284
9043873,2020,2020-02-25,3705,2020-01-16,2023,EC0369,NA,4,5,5,3705,0,0,0,NA,0,002,N MOLLISON AV,E PARK AV,0,NA,Y,A,-,N,NA,NA,NA,NA,NA,NA,NA,NA,NA,Y,4,0,2,2,A,-,12,21453,A,N,D,C,A,A,H,-,C,A,0,NA,NA,NA,NA,Y,NA,A,01,0,0,2,0,0,0,0,0,0,-,-,NA,NA,SAN DIEGO,EL CAJON,-116.95098114013672,32.79819869995117
90439755,2017,2017-04-21,9680,2017-04-16,0439,020625,NA,7,3,4,3720,0,1,3,NA,2,027,SR-94 W/B,COLLEGE GROVE WAY,300,W,N,A,-,Y,NA,NA,94,NA,NA,NA,NA,NA,W,Y,4,0,1,2,A,-,07,21658,A,N,C,C,A,A,H,-,D,D,0,NA,NA,NA,NA,Y,NA,A,07,0,0,1,0,0,0,0,0,0,-,-,32.73556,-117.0573,SAN DIEGO,LEMON GROVE,-117.05726479,32.73552729
90440902,2017,2017-04-24,9680,2017-04-14,1750,020049,NA,5,2,9,3700,0,3,5,NA,2,002,TROY ST,SWEETWATER RD,30,E,N,A,-,N,NA,NA,NA,NA,NA,NA,NA,NA,NA,N,4,0,1,2,A,-,03,22350,NA,F,C,C,A,A,H,-,A,D,0,NA,NA,NA,NA,Y,NA,-,99,0,0,1,0,0,0,0,0,0,-,-,32.73664,-117.01407,SAN DIEGO,UNINCORPORATED,-117.01437278,32.73668
90447115,2017,2017-05-02,9645,2017-04-18,1530,017667,NA,2,2,7,3711,0,1,3,NA,2,023,SR-163 S/B,FRIARS RD.,90,N,N,A,-,Y,NA,NA,163,NA,NA,NA,NA,NA,S,Y,4,0,1,2,A,-,03,22350,NA,N,C,C,A,A,H,-,A,D,0,NA,NA,NA,NA,Y,NA,D,22,0,0,1,0,0,0,0,0,0,-,-,32.7767,-117.16243,SAN DIEGO,SAN DIEGO,-117.16235918,32.77673276
9045392,2019,2020-02-12,3711,2019-09-30,1613,SD6293,NA,1,5,7,3711,0,0,0,NA,0,838,EL CAJON BL,36TH ST,0,NA,Y,A,-,N,NA,NA,NA,NA,NA,NA,NA,NA,NA,N,4,0,2,2,A,-,09,21801,A,N,D,C,A,A,H,-,A,D,0,NA,NA,NA,NA,Y,NA,A,01,0,0,2,0,0,0,0,0,0,-,-,NA,NA,SAN DIEGO,SAN DIEGO,-117.11578369140624,32.75529098510742
90463967,2017,2017-05-25,9680,2017-05-21,1610,016822,NA,7,2,9,3700,0,2,4,NA,1,096,DYE ROAD,SERENA HILLS DRIVE,36,W,N,A,-,N,NA,NA,NA,NA,NA,NA,NA,NA,NA,N,3,0,1,2,A,-,03,22350,NA,N,G,B,E,A,H,-,A,D,0,Y,NA,NA,NA,Y,NA,A,01,0,1,0,0,1,0,0,0,0,-,-,33.0085,-116.89928,SAN DIEGO,UNINCORPORATED,-116.899217,33.00849077
90466034,2017,2017-05-29,9650,2017-05-24,0700,015273,NA,3,1,6,3706,0,1,1,NA,2,023,I-15 S/B,W. MISSION AVE.,250,S,N,A,-,Y,NA,NA,15,NA,NA,NA,NA,NA,S,Y,3,0,1,2,A,-,03,22350,NA,N,B,C,A,A,H,-,A,D,0,NA,NA,Y,NA,Y,NA,C,02,0,1,0,0,0,0,0,0,1,-,-,33.12368,-117.1038,SAN DIEGO,ESCONDIDO,-117.103836,33.123664
90475070,2017,2017-06-12,9645,2017-06-06,1715,017270,NA,2,2,7,3711,0,1,1,NA,2,015,I-805 S/B,GOVERNOR DRIVE,10,N,N,A,-,Y,NA,NA,805,NA,NA,NA,NA,NA,S,Y,4,0,1,4,A,-,03,22350,NA,N,C,C,A,A,H,-,A,D,0,NA,NA,NA,NA,Y,NA,A,01,0,0,1,0,0,0,0,0,0,-,-,32.8573,-117.1843,SAN DIEGO,SAN DIEGO,-117.18425994,32.85732429
90475077,2017,2017-06-12,9650,2017-06-09,0730,013570,NA,5,1,5,3712,0,1,3,NA,2,019,SR-78 W/B,MISSION RD,300,W,N,A,-,Y,NA,NA,78,NA,NA,NA,NA,NA,W,Y,4,0,1,4,A,-,03,22350,NA,N,C,C,A,A,H,-,A,D,0,NA,NA,NA,NA,Y,NA,A,01,0,0,1,0,0,0,0,0,0,-,-,33.13511,-117.13113,SAN DIEGO,SAN MARCOS,-117.1311095,33.13524158
90498950,2017,2017-07-12,9680,2017-07-02,1740,017928,NA,7,2,9,3700,0,3,5,NA,2,009,DAY ST,LA BREA ST,0,NA,Y,A,-,N,NA,NA,NA,NA,NA,NA,NA,NA,NA,Y,4,0,1,2,A,-,09,21803,A,N,D,C,A,A,H,-,A,A,0,NA,NA,NA,NA,Y,NA,A,01,0,0,1,0,0,0,0,0,0,-,-,33.03663,-116.88221,SAN DIEGO,UNINCORPORATED,-116.88220012,33.03657002
90520678,2017,2017-08-10,9645,2017-08-01,1715,017499,NA,2,2,5,3709,0,1,3,NA,2,008,SR-54 EASTBOUND,I-805 O/C,300,E,N,A,-,Y,NA,NA,54,NA,NA,NA,NA,NA,E,N,3,0,1,2,A,-,07,21658,A,N,B,C,A,A,H,-,A,D,0,NA,NA,Y,NA,Y,NA,A,01,0,1,0,0,0,0,0,0,1,-,-,32.659,-117.07127,SAN DIEGO,NATIONAL CITY,-117.07125345,32.6589551
90525100,2017,2017-10-13,9650,2017-08-01,1328,018383,NA,2,1,9,3700,0,3,5,NA,2,230,DEL DIOS HWY,ELM LN.,1600,W,N,B,-,N,NA,NA,NA,NA,NA,NA,NA,NA,NA,Y,3,0,3,3,A,-,01,23152,G,N,B,C,A,A,H,-,A,D,0,NA,NA,NA,NA,Y,Y,A,01,0,3,0,0,0,0,0,0,0,-,-,33.07683,-117.12088,SAN DIEGO,UNINCORPORATED,-117.12092845,33.07646405
90530434,2017,2017-08-24,9645,2017-08-14,1700,018678,NA,1,2,7,3711,0,1,1,NA,2,010,I-8 E/B,MORENA BLVD U/C,1584,E,N,A,-,Y,NA,NA,8,NA,NA,NA,NA,NA,E,N,4,0,1,2,A,-,03,22350,NA,N,C,C,A,A,H,-,A,D,0,NA,NA,NA,NA,Y,NA,D,22,0,0,1,0,0,0,0,0,0,-,-,32.75975,-117.19107,SAN DIEGO,SAN DIEGO,-117.19101747,32.76008128
90536349,2017,2017-08-29,9645,2017-08-04,0925,017025,NA,5,1,7,3711,0,1,1,NA,2,007,I-5 N/B,CARMEL VALLEY RD. U/D,500,N,N,A,-,Y,NA,NA,5,NA,NA,NA,NA,NA,N,Y,3,0,1,2,A,-,07,21658,A,N,B,C,A,A,H,-,A,D,0,NA,NA,NA,NA,Y,NA,A,01,0,1,0,0,0,0,0,0,0,-,-,32.93616,-117.24129,SAN DIEGO,SAN DIEGO,-117.24137434,32.93615359
90539218,2017,2017-09-01,9645,2017-06-15,2240,021651,NA,4,3,6,3702,0,1,1,NA,2,009,I-805 S/B,H ST. O/C,800,N,N,A,-,Y,NA,NA,805,NA,NA,NA,NA,NA,S,Y,4,0,1,2,A,-,03,22350,NA,N,C,C,A,A,H,-,D,D,0,NA,NA,NA,NA,Y,NA,A,01,0,0,1,0,0,0,0,0,0,-,-,32.64326,-117.0576,SAN DIEGO,CHULA VISTA,-117.05755919,32.64328607
90548286,2017,2017-09-15,9645,2017-09-12,1440,017270,NA,2,2,7,3711,0,1,1,NA,2,015,I-805 S/B,GOVERNOR DRIVE,375,N,N,A,-,Y,NA,NA,805,NA,NA,NA,NA,NA,S,Y,4,0,2,3,A,-,03,22350,NA,N,C,C,A,A,H,-,A,D,0,NA,NA,NA,NA,Y,NA,A,08,0,0,2,0,0,0,0,0,0,-,-,32.862,-117.1878,SAN DIEGO,SAN DIEGO,-117.18775604,32.86204004
90548654,2017,2017-09-15,9645,2017-09-05,1635,021768,NA,2,2,7,3711,0,1,1,NA,2,003,I-5 S/B,SR-75 (CBB),500,S,N,A,-,Y,NA,NA,5,NA,NA,NA,NA,NA,S,N,4,0,1,2,A,-,03,22350,NA,N,C,C,A,A,H,-,A,D,0,NA,NA,NA,NA,Y,NA,A,07,0,0,1,0,0,0,0,0,0,-,-,32.7,-117.14099,SAN DIEGO,SAN DIEGO,-117.1410176,32.69996079
90549249,2017,2017-09-18,9650,2017-09-03,1750,020966,NA,7,2,9,3700,0,3,5,NA,2,070,HIGHLAND DR,EL CAMINO REAL,0,NA,Y,A,-,N,NA,NA,NA,NA,NA,NA,NA,NA,NA,Y,2,0,1,1,A,-,01,23152,A,N,E,I,A,A,H,-,A,D,0,NA,NA,NA,NA,Y,Y,A,07,1,0,0,0,0,0,0,0,0,-,-,33.00417,-117.23535,SAN DIEGO,UNINCORPORATED,-117.23540006,33.00419008
90551323,2017,2017-09-19,9650,2017-09-07,1350,015373,NA,4,1,9,3700,0,1,1,NA,2,003,I-5 SOUTHBOUND,HARBOR DR,900,N,N,A,-,Y,NA,NA,NA,NA,NA,NA,NA,NA,NA,N,4,0,1,2,A,-,07,21658,A,N,B,C,A,A,H,-,A,D,0,NA,NA,NA,NA,Y,NA,D,22,0,0,1,0,0,0,0,0,0,-,-,33.12455,-117.23199,SAN DIEGO,UNINCORPORATED,-117.38873859,33.21251173
90554373,2017,2017-09-25,9650,2017-09-22,1255,013636,NA,5,1,5,3782,0,1,1,NA,2,007,I-5 S/B,ENCINITAS BLVD,1320,N,N,A,-,Y,NA,NA,NA,NA,NA,NA,NA,NA,NA,N,4,0,1,2,A,-,03,22350,NA,N,C,C,A,A,H,-,A,D,0,NA,NA,NA,NA,Y,NA,A,01,0,0,1,0,0,0,0,0,0,-,-,NA,NA,SAN DIEGO,ENCINITAS,-117.28841565,33.0519055
90554803,2017,2017-09-25,9680,2017-09-17,1040,017717,NA,7,1,9,3700,0,1,3,NA,1,040,SR-94 (CAMPO RD),BARRETT SMITH RD,2640,E,N,A,-,Y,NA,NA,94,NA,NA,NA,NA,NA,NA,Y,2,0,2,2,A,-,03,22350,NA,N,F,A,A,A,H,-,A,A,0,NA,NA,Y,NA,Y,NA,C,02,1,0,1,0,0,0,0,0,2,-,-,32.59622,-116.67491,SAN DIEGO,UNINCORPORATED,-116.67490039,32.59624185
9055875,2020,2020-05-14,3700,2020-02-18,1017,3157,NA,2,5,5,3713,0,0,0,NA,0,311,CIVIC CENTER DR,EAST VISTA WY,0,NA,Y,A,-,N,NA,NA,NA,NA,NA,NA,NA,NA,NA,Y,4,0,1,2,A,-,04,21703,NA,N,C,C,A,A,H,-,A,A,0,NA,NA,NA,NA,Y,NA,-,NA,0,0,1,0,0,0,0,0,0,-,-,NA,NA,SAN DIEGO,VISTA,-117.23712921142578,33.20532989501953
90561447,2017,2017-10-02,9680,2017-09-25,2005,020249,NA,1,2,9,3700,0,1,3,NA,1,024,STATE ROUTE 94 WESTBOUND,STATE ROUTE 54 (JAMACHA RD),154,W,N,A,-,Y,NA,NA,94,NA,NA,NA,NA,NA,W,N,4,0,1,2,A,-,11,21954,A,N,G,B,E,A,H,-,C,D,0,Y,NA,NA,NA,Y,Y,N,60,0,0,1,0,1,0,0,0,0,-,-,32.73974,-116.94312,SAN DIEGO,UNINCORPORATED,-116.94312655,32.73960489
90568775,2017,2017-10-12,9645,2017-10-02,1245,019563,NA,1,1,6,3702,0,1,1,NA,2,009,I-805 S/B,EAST H STREET,1610,N,N,A,-,Y,NA,NA,805,NA,NA,NA,NA,NA,S,Y,4,0,2,2,A,-,04,21703,NA,N,C,C,A,A,H,-,A,D,0,NA,NA,NA,NA,Y,NA,A,07,0,0,2,0,0,0,0,0,0,-,-,32.64478,-117.05845,SAN DIEGO,CHULA VISTA,-117.05844097,32.64478522
90571542,2017,2017-10-16,9680,2017-10-07,1930,020249,NA,6,2,9,3700,0,3,5,NA,2,001,PINKARD LN,HIGHWAY 8 BUSINESS,8,N,N,A,-,N,NA,NA,NA,NA,NA,NA,NA,NA,NA,N,4,0,1,2,A,-,10,21950,A,M,G,B,B,A,H,-,C,D,0,Y,NA,NA,NA,Y,NA,A,01,0,0,1,0,1,0,0,0,0,-,-,32.84186,-116.88866,SAN DIEGO,UNINCORPORATED,-116.88866,32.84186
90572044,2017,2017-10-18,9645,2017-09-26,0935,015847,NA,2,1,7,3711,0,1,1,NA,2,015,I-805 N/B,LINDA VISTA RD.,1056,N,N,A,-,Y,NA,NA,805,NA,NA,NA,NA,NA,N,Y,4,0,1,2,A,-,08,22107,NA,N,E,I,A,A,H,-,A,D,0,NA,NA,NA,NA,Y,NA,A,01,0,0,1,0,0,0,0,0,0,-,-,32.81385,-117.15751,SAN DIEGO,SAN DIEGO,-117.15746254,32.81389196
90572887,2017,2017-10-18,9645,2017-10-04,0650,017723,NA,3,1,6,3702,0,1,1,NA,2,009,I-805 S/B,E. PALOMAR ST. O/C,440,S,N,A,-,Y,NA,NA,805,NA,NA,NA,NA,NA,S,Y,4,0,1,1,A,-,08,22107,NA,N,E,I,A,A,H,-,A,D,0,NA,NA,NA,NA,Y,NA,A,07,0,0,1,0,0,0,0,0,0,-,-,32.6134,-117.0378,SAN DIEGO,CHULA VISTA,-117.03763356,32.61346266
90575638,2017,2017-10-23,9650,2017-10-04,1600,018383,NA,3,2,6,3706,0,1,1,NA,2,023,I-15 N/B,AUTOPARK WAY,960,S,N,A,-,Y,NA,NA,15,NA,NA,NA,NA,NA,N,Y,3,0,1,2,A,-,07,21658,A,N,C,C,A,A,H,-,C,D,0,NA,NA,Y,NA,Y,NA,A,01,0,1,0,0,0,0,0,0,1,-,-,33.10604,-117.09336,SAN DIEGO,ESCONDIDO,-117.09335154,33.10604497
90410254,2017,2017-03-10,9645,2017-02-27,2115,019010,NA,1,2,7,3711,0,1,1,NA,2,030,I-15 NORTHBOUND HOV,BERNARDO CENTER DR.,150,N,N,C,-,Y,NA,NA,15,NA,NA,NA,NA,NA,N,Y,4,0,1,1,A,-,03,22350,NA,N,E,I,A,B,H,-,C,D,0,NA,NA,NA,NA,Y,NA,A,07,0,0,1,0,0,0,0,0,0,-,-,33.02266,-117.0788,SAN DIEGO,SAN DIEGO,-117.07869704,33.02265608
9040809,2019,2020-02-06,3702,2019-12-26,1926,CV1262,NA,4,5,6,3702,0,0,0,NA,0,031,EAST H ST,DEL REY BL,0,NA,Y,A,-,N,NA,NA,NA,NA,NA,NA,NA,NA,NA,Y,4,0,2,2,A,-,12,21453,A,N,A,C,A,A,H,-,C,A,0,NA,NA,NA,NA,Y,NA,A,01,0,0,2,0,0,0,0,0,0,-,-,NA,NA,SAN DIEGO,CHULA VISTA,-117.03534698486328,32.637840270996094
90403528,2017,2017-03-01,9680,2017-02-24,0806,015578,NA,5,1,9,3700,0,1,3,NA,2,028,SR-125 N/B TO JAMACHA RD.,JAMACHA RD.,0,NA,Y,A,-,Y,NA,NA,125,NA,NA,NA,R,NA,N,Y,4,0,1,2,A,-,12,21453,A,N,D,C,A,A,H,-,A,A,0,NA,NA,NA,NA,Y,NA,-,-,0,0,1,0,0,0,0,0,0,-,-,32.71468,-117.0137,SAN DIEGO,UNINCORPORATED,-117.0137,32.71468
9041055,2020,2020-03-09,3710,2020-01-17,0915,OC1467,NA,5,5,6,3710,0,0,0,NA,0,028,COLLEGE BL,OLD GROVE RD,48,S,N,A,-,N,NA,NA,NA,NA,NA,NA,NA,NA,NA,Y,4,0,5,3,A,-,03,22350,NA,N,C,C,A,B,H,-,A,A,0,NA,NA,NA,NA,Y,NA,A,01,0,0,5,0,0,0,0,0,0,-,-,NA,NA,SAN DIEGO,OCEANSIDE,-117.28749084472656,33.21712112426758
90578916,2017,2017-10-26,9650,2017-10-17,0625,013452,NA,2,1,5,3701,0,1,1,NA,2,005,I-5 S/B,POINSETTIA LANE,20,S,N,A,-,Y,NA,NA,5,NA,NA,NA,NA,NA,S,N,3,0,1,2,A,-,03,22350,NA,N,C,C,A,A,H,-,B,D,0,NA,NA,NA,NA,Y,NA,A,01,0,1,0,0,0,0,0,0,0,-,-,33.10334,-117.31031,SAN DIEGO,CARLSBAD,-117.31057843,33.10316451
90579590,2017,2017-10-26,9680,2017-10-16,1600,021756,NA,1,2,5,3705,0,1,1,NA,2,081,BROADWAY TO SR-67 S/B,I-8 W/B,417,N,N,A,-,Y,NA,NA,NA,NA,NA,NA,NA,NA,NA,Y,3,0,1,1,A,-,08,22107,NA,N,E,I,A,A,D,-,A,D,0,NA,NA,NA,NA,Y,NA,A,01,0,1,0,0,0,0,0,0,0,-,-,32.80441,-116.9635,SAN DIEGO,EL CAJON,-116.96335137,32.80429888
90584070,2017,2017-10-31,9680,2017-10-22,1515,017717,NA,7,2,9,3700,0,1,3,NA,1,030,SR-79,GREEN VALLEY CAMPGROUND ENTRANCE,475,N,N,A,-,Y,NA,NA,79,NA,NA,NA,NA,NA,NA,Y,3,0,1,1,A,-,03,22350,NA,N,F,A,A,A,H,-,A,A,0,NA,NA,Y,NA,Y,NA,C,02,0,1,0,0,0,0,0,0,1,-,-,32.90532,-116.58067,SAN DIEGO,UNINCORPORATED,-116.58059925,32.90529391
90589090,2017,2017-11-07,9680,2017-10-26,0638,015061,NA,4,1,5,3705,0,1,1,NA,2,082,I-8 W/B,GREENFIELD DR.,1584,E,N,A,-,Y,NA,NA,8,NA,NA,NA,NA,NA,W,Y,4,0,2,2,A,-,03,22350,NA,N,C,C,A,A,H,-,B,D,0,NA,NA,NA,NA,Y,NA,A,01,0,0,2,0,0,0,0,0,0,-,-,32.81521,-116.91453,SAN DIEGO,EL CAJON,-116.91454491,32.81522599
9059453,2020,2020-05-15,3711,2020-02-25,0020,7959,NA,2,5,7,3711,0,0,0,NA,0,521,11TH AV,G ST,0,NA,N,A,-,N,NA,NA,NA,NA,NA,NA,NA,NA,NA,N,4,0,1,2,A,-,-,NA,NA,N,G,B,B,A,H,-,C,A,0,Y,NA,Y,NA,Y,Y,C,06,0,0,1,0,1,0,0,0,0,-,-,NA,NA,SAN DIEGO,SAN DIEGO,-117.15469360351563,32.71260070800781
90597582,2017,2017-11-20,9650,2017-11-17,0710,015738,NA,5,1,9,3700,0,3,5,NA,2,210,N. TWIN OAKS VALLEY RD.,DEER SPRINGS RD,4752,N,N,B,-,N,NA,NA,NA,NA,NA,NA,NA,NA,NA,Y,3,0,1,1,A,-,08,22107,NA,N,F,I,A,B,H,-,A,D,0,NA,NA,NA,NA,Y,NA,A,01,0,1,0,0,0,0,0,0,0,-,-,33.19402,-117.16429,SAN DIEGO,UNINCORPORATED,-117.16244944,33.19409638
90601634,2017,2017-11-24,9650,2017-11-17,1410,020673,NA,5,2,6,3706,0,1,1,NA,2,023,I-15 NORTHBOUND,VIA RANCHO PKWY.,800,S,N,B,-,Y,NA,NA,15,NA,NA,NA,NA,NA,N,N,4,0,1,3,A,-,03,22350,NA,F,C,C,A,A,H,-,A,D,0,NA,NA,NA,NA,Y,NA,A,01,0,0,1,0,0,0,0,0,0,-,-,33.06636,-117.06896,SAN DIEGO,ESCONDIDO,-117.06884003,33.06637652
90602758,2017,2017-11-27,9680,2017-11-25,1855,019270,NA,6,2,5,3708,0,1,1,NA,2,081,I-8 W/B FROM JACKSON DR,JACKSON DR,45,W,N,A,-,Y,NA,NA,8,NA,NA,NA,R,NA,W,Y,3,0,1,2,A,-,03,22350,NA,N,C,C,A,A,H,-,C,D,0,NA,NA,NA,NA,Y,NA,A,01,0,1,0,0,0,0,0,0,0,-,-,32.77593,-117.01364,SAN DIEGO,LA MESA,-117.01364,32.77593