CASE_ID,ACCIDENT_YEAR,PROC_DATE,JURIS,COLLISION_DATE,COLLISION_TIME,OFFICER_ID,REPORTING_DISTRICT,DAY_OF_WEEK,CHP_SHIFT,POPULATION,CNTY_CITY_LOC,SPECIAL_COND,BEAT_TYPE,CHP_BEAT_TYPE,CITY_DIVISION_LAPD,CHP_BEAT_CLASS,BEAT_NUMBER,PRIMARY_RD,SECONDARY_RD,DISTANCE,DIRECTION,INTERSECTION,WEATHER_1,WEATHER_2,STATE_HWY_IND,CALTRANS_COUNTY,CALTRANS_DISTRICT,STATE_ROUTE,ROUTE_SUFFIX,POSTMILE_PREFIX,POSTMILE,LOCATION_TYPE,RAMP_INTERSECTION,SIDE_OF_HWY,TOW_AWAY,COLLISION_SEVERITY,NUMBER_KILLED,NUMBER_INJURED,PARTY_COUNT,PRIMARY_COLL_FACTOR,PCF_CODE_OF_VIOL,PCF_VIOL_CATEGORY,PCF_VIOLATION,PCF_VIOL_SUBSECTION,HIT_AND_RUN,TYPE_OF_COLLISION,MVIW,PED_ACTION,ROAD_SURFACE,ROAD_COND_1,ROAD_COND_2,LIGHTING,CONTROL_DEVICE,CHP_ROAD_TYPE,PEDESTRIAN_ACCIDENT,BICYCLE_ACCIDENT,MOTORCYCLE_ACCIDENT,TRUCK_ACCIDENT,NOT_PRIVATE_PROPERTY,ALCOHOL_INVOLVED,STWD_VEHTYPE_AT_FAULT,CHP_VEHTYPE_AT_FAULT,COUNT_SEVERE_INJ,COUNT_VISIBLE_INJ,COUNT_COMPLAINT_PAIN,COUNT_PED_KILLED,COUNT_PED_INJURED,COUNT_BICYCLIST_KILLED,COUNT_BICYCLIST_INJURED,COUNT_MC_KILLED,COUNT_MC_INJURED,PRIMARY_RAMP,SECONDARY_RAMP,LATITUDE,LONGITUDE,COUNTY,CITY,POINT_X,POINT_Y
9573000,2023,2023-05-08,3700,2023-03-01,1436,SH7085,NA,3,5,5,3713,0,0,0,NA,0,308,NORTH EMERALD DR,GALBAR ST,104,N,N,B,-,N,NA,NA,NA,NA,NA,NA,NA,NA,NA,Y,4,0,1,1,A,-,03,22350,NA,N,E,I,A,A,H,-,A,D,0,NA,NA,NA,NA,Y,NA,A,01,0,0,1,0,0,0,0,0,0,-,-,NA,NA,SAN DIEGO,VISTA,-117.27952575683594,33.19816589355469
9577513,2023,2023-05-05,3705,2023-03-26,1912,EC0407,NA,7,5,5,3705,0,0,0,NA,0,003,E WASHINGTON AV,BURNHAM ST,80,E,N,A,-,N,NA,NA,NA,NA,NA,NA,NA,NA,NA,Y,4,0,1,2,A,-,17,22517,NA,N,B,C,A,A,H,-,B,D,0,NA,NA,NA,NA,Y,NA,A,01,0,0,1,0,0,0,0,0,0,-,-,NA,NA,SAN DIEGO,EL CAJON,-116.93421173095705,32.78767395019531
9577958,2023,2023-05-09,3711,2023-04-22,2047,SD4310,NA,6,5,7,3711,0,0,0,NA,0,813,UNIVERSITY AV,2ND ST,13,E,N,A,-,N,NA,NA,NA,NA,NA,NA,NA,NA,NA,Y,4,0,1,2,A,-,08,22107,NA,M,B,C,A,A,H,-,C,A,0,NA,NA,NA,NA,Y,NA,-,99,0,0,1,0,0,0,0,0,0,-,-,NA,NA,SAN DIEGO,SAN DIEGO,-122.30209350585938,37.867210388183594
9579117,2023,2023-05-31,3711,2023-05-21,1538,SD7940,NA,7,5,7,3711,0,0,0,NA,0,628,TORRANCE ST,REYNARD WY,0,NA,Y,B,-,N,NA,NA,NA,NA,NA,NA,NA,NA,NA,Y,3,0,1,2,A,-,21,22106,NA,N,C,J,A,A,H,-,A,D,0,NA,NA,NA,NA,Y,Y,A,01,0,1,0,0,0,0,0,0,0,-,-,NA,NA,SAN DIEGO,SAN DIEGO,-117.1715087890625,32.744232177734375
9579548,2023,2023-05-16,3708,2023-03-16,1625,LM1305,NA,4,5,5,3708,0,0,0,NA,0,003,LAKE PKWY,LAKE MURRAY BL,0,NA,Y,A,-,N,NA,NA,NA,NA,NA,NA,NA,NA,NA,N,4,0,1,2,A,-,03,22350,NA,N,C,C,A,A,H,-,A,D,0,NA,NA,NA,NA,Y,NA,A,01,0,0,1,0,0,0,0,0,0,-,-,NA,NA,SAN DIEGO,LA MESA,-117.04534912109376,32.775047302246094
9579837,2023,2023-05-26,3709,2023-04-10,1440,NC0532,NA,1,5,5,3709,0,0,0,NA,0,023,SWEETWATER RD,ORANGE ST,0,NA,Y,A,-,N,NA,NA,NA,NA,NA,NA,NA,NA,NA,N,4,0,1,2,A,-,08,22107,NA,N,D,G,A,A,H,-,A,D,0,NA,Y,NA,NA,Y,NA,A,07,0,0,1,0,0,0,1,0,0,-,-,NA,NA,SAN DIEGO,NATIONAL CITY,-117.0735092163086,32.660099029541016
9580758,2023,2023-07-26,3711,2023-06-07,1546,SD1771,NA,3,5,7,3711,0,0,0,NA,0,832,MARLBOROUGH,EL CAJON BL,136,N,N,A,-,N,NA,NA,NA,NA,NA,NA,NA,NA,NA,N,4,0,1,2,A,-,08,22107,NA,N,D,C,A,A,H,-,A,D,0,NA,NA,NA,NA,Y,NA,A,01,0,0,1,0,0,0,0,0,0,-,-,NA,NA,SAN DIEGO,SAN DIEGO,-117.10614776611328,32.7554817199707
9581678,2023,2023-07-07,3710,2023-06-20,1653,OC1445,NA,2,5,6,3710,0,0,0,NA,0,001,THE STRAND S,WISCONSIN AV,310,N,N,A,-,N,NA,NA,NA,NA,NA,NA,NA,NA,NA,Y,4,0,1,2,A,-,01,23153,A,N,H,G,A,A,H,-,A,D,0,NA,Y,NA,NA,Y,Y,A,01,0,0,1,0,0,0,1,0,0,-,-,NA,NA,SAN DIEGO,OCEANSIDE,-117.37773895263672,33.18666458129883
9582402,2023,2023-06-13,3711,2023-05-17,805,SD6104,NA,3,5,7,3711,0,0,0,NA,0,822,EL CAJON BL,55TH ST,0,NA,Y,B,-,N,NA,NA,NA,NA,NA,NA,NA,NA,NA,N,3,0,1,2,A,-,09,21802,A,N,D,C,A,A,H,-,A,D,0,NA,NA,NA,NA,Y,NA,D,22,0,1,0,0,0,0,0,0,0,-,-,NA,NA,SAN DIEGO,SAN DIEGO,-117.07611083984376,32.75830841064453
9583571,2023,2023-07-21,3708,2023-06-06,1125,LM1225,NA,2,5,5,3708,0,0,0,NA,0,003,EL CAJON BL,BALTIMORE DR,35,W,N,A,-,N,NA,NA,NA,NA,NA,NA,NA,NA,NA,N,4,0,1,2,A,-,03,22350,NA,N,C,C,A,A,-,-,A,-,0,NA,NA,NA,NA,Y,NA,A,01,0,0,1,0,0,0,0,0,0,-,-,NA,NA,SAN DIEGO,LA MESA,-117.0251693725586,32.76976013183594
9583948,2023,2023-08-11,3711,2023-07-04,1440,SD1674,NA,2,5,7,3711,0,0,0,NA,0,521,7TH ST,J ST,0,NA,Y,A,-,N,NA,NA,NA,NA,NA,NA,NA,NA,NA,N,3,0,1,2,A,-,09,21802,B,N,G,B,B,A,H,-,A,D,0,Y,NA,NA,NA,Y,NA,N,60,0,1,0,0,1,0,0,0,0,-,-,NA,NA,SAN DIEGO,SAN DIEGO,-117.15827941894533,32.70940017700195
9583974,2023,2023-08-16,3711,2023-07-17,1945,SD1863,NA,1,5,7,3711,0,0,0,NA,0,931,MIRA MESA BL,MIRA MESA BL 6600,0,NA,-,A,-,N,NA,NA,NA,NA,NA,NA,NA,NA,NA,N,4,0,1,2,A,-,12,21453,A,N,D,C,A,A,H,-,B,A,0,NA,NA,NA,NA,Y,NA,A,01,0,0,1,0,0,0,0,0,0,-,-,NA,NA,SAN DIEGO,SAN DIEGO,NA,NA
9584378,2023,2023-05-16,3711,2023-02-25,1849,SD7520,NA,6,5,7,3711,0,0,0,NA,0,515,MARKET ST,26TH ST,50,E,N,A,-,N,NA,NA,NA,NA,NA,NA,NA,NA,NA,N,4,0,1,2,A,-,08,22107,NA,N,D,C,A,A,H,-,C,D,0,NA,NA,NA,NA,Y,NA,A,01,0,0,1,0,0,0,0,0,0,-,-,NA,NA,SAN DIEGO,SAN DIEGO,-117.1379852294922,32.71162033081055
9586142,2023,2023-06-21,3700,2023-05-13,741,SH0817,NA,6,5,5,3712,0,0,0,NA,0,352,WOODLAND PKWY,MANGO CT,220,S,N,A,-,N,NA,NA,NA,NA,NA,NA,NA,NA,NA,Y,4,0,1,2,A,-,05,21651,A,N,D,C,A,A,H,-,A,D,0,NA,NA,NA,NA,Y,NA,D,22,0,0,1,0,0,0,0,0,0,-,-,NA,NA,SAN DIEGO,SAN MARCOS,-117.13226318359376,33.1506233215332
9589347,2023,2023-06-08,3711,2023-05-30,1927,SD7672,NA,2,5,7,3711,0,0,0,NA,0,512,30TH ST,OCEAN VIEW BL,0,NA,Y,A,-,N,NA,NA,NA,NA,NA,NA,NA,NA,NA,N,4,0,1,2,A,-,08,22100,B,M,D,C,A,-,-,-,B,-,0,NA,NA,NA,NA,Y,NA,A,01,0,0,1,0,0,0,0,0,0,-,-,NA,NA,SAN DIEGO,SAN DIEGO,-117.1295166015625,32.701168060302734
9591131,2023,2023-07-13,3705,2023-05-24,1512,EC0410,NA,3,5,5,3705,0,0,0,NA,0,002,N 1ST ST,PRINCE ST,160,N,N,A,-,N,NA,NA,NA,NA,NA,NA,NA,NA,NA,N,4,0,1,2,A,-,04,21703,NA,F,C,C,A,A,H,-,A,D,0,NA,NA,NA,NA,Y,NA,A,01,0,0,1,0,0,0,0,0,0,-,-,NA,NA,SAN DIEGO,EL CAJON,-116.94458770751952,32.803138732910156
9593589,2023,2023-07-14,3711,2023-05-25,1945,3711,NA,4,5,7,3711,0,0,0,NA,0,115,NOBEL DR,SHORELINE DR,98,E,N,B,-,N,NA,NA,NA,NA,NA,NA,NA,NA,NA,Y,3,0,1,3,A,-,03,22350,NA,F,C,C,A,A,H,-,C,A,0,NA,NA,Y,NA,Y,Y,A,01,0,1,0,0,0,0,0,0,1,-,-,NA,NA,SAN DIEGO,SAN DIEGO,-117.20062255859376,32.8647346496582
9594179,2023,2023-07-07,3709,2023-05-18,636,NC0473,NA,4,5,5,3709,0,0,0,NA,0,020,EAST 18TH ST,ROOSEVELT AV,148,E,N,B,-,N,NA,NA,NA,NA,NA,NA,NA,NA,NA,N,4,0,1,1,A,-,03,22350,NA,N,E,I,A,A,H,-,A,D,0,NA,NA,NA,NA,Y,NA,A,01,0,0,1,0,0,0,0,0,0,-,-,NA,NA,SAN DIEGO,NATIONAL CITY,-117.10413360595705,32.66701889038086
9596600,2023,2023-08-16,3710,2023-07-09,2300,OC1419,NA,7,5,6,3710,0,0,0,NA,0,008,OCEANSIDE BL,VINE ST,0,NA,Y,A,-,N,NA,NA,NA,NA,NA,NA,NA,NA,NA,Y,3,0,2,2,A,-,01,23153,A,N,D,C,A,A,H,-,C,A,0,NA,NA,NA,NA,Y,Y,A,01,0,1,1,0,0,0,0,0,0,-,-,NA,NA,SAN DIEGO,OCEANSIDE,-117.36424255371094,33.18882369995117
9601074,2023,2023-08-08,3711,2023-07-30,1630,SD1880,NA,7,5,7,3711,0,0,0,NA,0,611,ROSECRANS ST,KURTZ ST,0,NA,Y,A,-,N,NA,NA,NA,NA,NA,NA,NA,NA,NA,N,4,0,1,2,A,-,03,22350,NA,N,C,C,A,A,H,-,A,A,0,NA,NA,NA,NA,Y,NA,A,08,0,0,1,0,0,0,0,0,0,-,-,NA,NA,SAN DIEGO,SAN DIEGO,-117.2038803100586,32.752315521240234
9601510,2023,2023-08-23,3711,2023-08-13,1104,SD1747,NA,7,5,7,3711,0,0,0,NA,0,611,PACIFIC HWY,PACIFIC HWY 3800,0,NA,N,B,-,N,NA,NA,NA,NA,NA,NA,NA,NA,NA,Y,3,0,3,3,A,-,03,22350,NA,N,C,C,A,A,H,-,A,-,0,NA,NA,NA,NA,Y,NA,A,01,0,3,0,0,0,0,0,0,0,-,-,NA,NA,SAN DIEGO,SAN DIEGO,-117.18054962158205,32.7389030456543
9604739,2023,2024-02-23,3711,2023-12-23,815,SD1709,NA,6,5,7,3711,0,0,0,NA,0,827,52ND ST,UNIVERSITY AV,200,S,N,A,-,N,NA,NA,NA,NA,NA,NA,NA,NA,NA,N,4,0,1,2,A,-,03,22350,NA,N,G,B,F,A,H,-,A,D,0,Y,NA,NA,NA,Y,NA,A,01,0,0,1,0,1,0,0,0,0,-,-,NA,NA,SAN DIEGO,SAN DIEGO,-117.08364105224608,32.74855422973633
9606392,2023,2023-10-10,3711,2023-08-10,1415,SD1706,NA,4,5,7,3711,0,0,0,NA,0,625,PACIFIC HWY,TAYLOR ST,96,N,N,A,-,N,NA,NA,NA,NA,NA,NA,NA,NA,NA,N,3,0,1,2,A,-,08,22107,NA,N,H,G,A,A,H,-,A,A,0,NA,Y,NA,NA,Y,NA,-,NA,0,1,0,0,0,0,1,0,0,-,-,NA,NA,SAN DIEGO,SAN DIEGO,-117.20113372802734,32.75564956665039
9606550,2023,2023-10-02,3711,2023-08-22,2124,SD1552,NA,2,5,7,3711,0,0,0,NA,0,524,7TH,MARKET,0,NA,N,A,-,N,NA,NA,NA,NA,NA,NA,NA,NA,NA,N,3,0,1,2,D,-,00,NA,NA,N,D,G,A,A,H,-,C,A,0,NA,Y,NA,NA,Y,NA,-,-,0,1,0,0,0,0,1,0,0,-,-,NA,NA,SAN DIEGO,SAN DIEGO,-117.1583251953125,32.711509704589844
9606875,2023,2023-09-13,3711,2023-08-11,1100,SD1638,NA,5,5,7,3711,0,0,0,NA,0,323,COLLEGE AV,NAVAJO RD,41,N,N,A,-,N,NA,NA,NA,NA,NA,NA,NA,NA,NA,N,4,0,1,2,A,-,12,21453,A,N,D,C,A,A,H,-,A,A,0,NA,NA,NA,NA,Y,NA,A,01,0,0,1,0,0,0,0,0,0,-,-,NA,NA,SAN DIEGO,SAN DIEGO,-117.06771850585938,32.79365158081055
9609680,2023,2023-08-22,3700,2023-07-29,246,SH0876,NA,6,5,5,3713,0,0,0,NA,0,317,POINSETTIA AV,LINDA VISTA DR,38,S,N,A,-,N,NA,NA,NA,NA,NA,NA,NA,NA,NA,Y,2,0,1,1,A,-,00,23103,A,M,E,I,A,A,H,-,C,D,0,NA,NA,NA,NA,Y,NA,A,01,1,0,0,0,0,0,0,0,0,-,-,NA,NA,SAN DIEGO,VISTA,-117.22324371337892,33.136844635009766
9618771,2023,2024-01-20,3711,2023-11-22,2020,SD1914,NA,3,5,7,3711,0,0,0,NA,0,514,MARKET ST,20TH ST,45,E,N,A,-,N,NA,NA,NA,NA,NA,NA,NA,NA,NA,N,2,0,1,2,A,-,11,21954,A,N,G,B,D,A,H,-,C,D,0,Y,NA,NA,NA,Y,NA,N,60,1,0,0,0,1,0,0,0,0,-,-,NA,NA,SAN DIEGO,SAN DIEGO,-117.14569091796876,32.711551666259766
9623900,2023,2023-12-05,3700,2023-08-19,1458,SH0141,NA,6,5,5,3712,0,0,0,NA,0,359,WEST SAN MARCOS BL,VIA VERA CRUZ,65,W,N,A,-,N,NA,NA,NA,NA,NA,NA,NA,NA,NA,Y,4,0,3,4,A,-,03,22350,NA,N,C,C,A,A,H,-,A,A,0,NA,NA,NA,NA,Y,NA,A,01,0,0,3,0,0,0,0,0,0,-,-,NA,NA,SAN DIEGO,SAN MARCOS,-117.18817138671876,33.134796142578125
9628188,2023,2023-10-27,3711,2023-10-01,1808,SD6146,NA,7,5,7,3711,0,0,0,NA,0,233,RANCHO PENASQUITOS BL,RT 15,19,W,N,B,-,N,NA,NA,NA,NA,NA,NA,NA,NA,NA,Y,4,0,1,2,A,-,12,21453,A,N,D,C,A,A,H,-,B,A,0,NA,NA,NA,NA,Y,NA,A,01,0,0,1,0,0,0,0,0,0,-,SF,NA,NA,SAN DIEGO,SAN DIEGO,NA,NA
9630387,2023,2023-12-09,3711,2023-10-14,2310,SD8404,NA,6,5,7,3711,0,0,0,NA,0,621,HYATT ST,N JUDSON ST,110,W,N,B,-,N,NA,NA,NA,NA,NA,NA,NA,NA,NA,Y,3,0,1,3,D,-,00,NA,NA,N,F,E,A,A,H,-,C,D,0,NA,NA,NA,NA,Y,Y,-,-,0,1,0,0,0,0,0,0,0,-,-,NA,NA,SAN DIEGO,SAN DIEGO,-117.16392517089844,32.79054260253906
9633337,2023,2024-02-01,3711,2023-11-05,1530,SD1757,NA,7,5,7,3711,0,0,0,NA,0,813,EL CAJON BL,UTAH ST,0,NA,Y,A,-,N,NA,NA,NA,NA,NA,NA,NA,NA,NA,N,4,0,1,2,A,-,03,22350,NA,N,C,C,A,A,H,-,A,A,0,NA,NA,NA,NA,Y,NA,A,01,0,0,1,0,0,0,0,0,0,-,-,NA,NA,SAN DIEGO,SAN DIEGO,-117.13265228271484,32.7552375793457
9633671,2023,2024-02-01,3711,2023-11-06,1349,SD1639,NA,1,5,7,3711,0,0,0,NA,0,112,MOUNT ETNA DR,GENESEE AV,0,NA,Y,A,-,N,NA,NA,NA,NA,NA,NA,NA,NA,NA,Y,4,0,1,3,A,-,12,21453,A,N,D,C,A,A,H,-,A,A,0,NA,NA,NA,NA,Y,NA,A,01,0,0,1,0,0,0,0,0,0,-,-,NA,NA,SAN DIEGO,SAN DIEGO,-117.18305206298828,32.82136154174805
9638527,2024,2024-01-20,3711,2024-01-03,2235,SD6146,NA,3,5,7,3711,0,0,0,NA,0,327,ALVARADO RD,ALVARADO CT,0,NA,N,B,-,N,NA,NA,NA,NA,NA,NA,NA,NA,NA,Y,4,0,2,2,A,-,05,21460,A,N,A,C,A,B,H,-,D,D,0,NA,NA,NA,NA,Y,NA,A,01,0,0,2,0,0,0,0,0,0,-,-,NA,NA,SAN DIEGO,SAN DIEGO,-117.0621337890625,32.778541564941406
9640069,2023,2025-06-23,3710,2023-06-04,13,OC1334,NA,7,5,6,3710,0,0,0,NA,0,010,MISSION AV,MESA DR,40,E,N,A,-,N,NA,NA,NA,NA,NA,NA,NA,NA,NA,Y,1,1,0,1,D,-,00,NA,NA,N,E,I,A,A,H,-,C,A,0,NA,NA,NA,NA,Y,Y,-,-,0,0,0,0,0,0,0,0,0,-,-,NA,NA,SAN DIEGO,OCEANSIDE,-117.35914611816406,33.20859909057617
9642294,2023,2024-01-23,3700,2023-11-11,1530,SH0712,NA,6,5,4,3720,0,0,0,NA,0,602,CENTRAL AV,OLIVE ST,0,NA,Y,A,-,N,NA,NA,NA,NA,NA,NA,NA,NA,NA,Y,3,0,1,2,A,-,09,21802,A,N,D,C,A,A,H,-,A,A,0,NA,NA,Y,NA,Y,NA,A,01,0,1,0,0,0,0,0,0,1,-,-,NA,NA,SAN DIEGO,LEMON GROVE,-117.0321807861328,32.738975524902344
9642910,2023,2023-12-29,3711,2023-11-19,2034,SD7290,NA,7,5,7,3711,0,0,0,NA,0,614,SARATOGA AV,SUNSET CLIFFS BL,0,NA,Y,A,-,N,NA,NA,NA,NA,NA,NA,NA,NA,NA,N,4,0,1,2,A,-,12,22450,A,N,D,C,A,A,H,-,C,D,0,NA,NA,NA,NA,Y,NA,A,01,0,0,1,0,0,0,0,0,0,-,-,NA,NA,SAN DIEGO,SAN DIEGO,-117.24614715576172,32.746429443359375
9646845,2023,2024-01-16,3705,2023-10-15,1430,EC0371,NA,7,5,5,3705,0,0,0,NA,0,002,EAST MAIN ST,SAFARI DR,235,W,N,A,-,N,NA,NA,NA,NA,NA,NA,NA,NA,NA,N,4,0,1,2,A,-,09,21804,A,N,D,C,A,A,H,-,A,D,0,NA,NA,NA,NA,Y,NA,A,01,0,0,1,0,0,0,0,0,0,-,-,NA,NA,SAN DIEGO,EL CAJON,-116.94296264648438,32.79494094848633
9651561,2023,2024-01-22,3702,2023-11-11,900,CV1484,NA,6,5,6,3702,0,0,0,NA,0,024,MAIN ST,ALBANY AV,0,NA,Y,A,-,N,NA,NA,NA,NA,NA,NA,NA,NA,NA,Y,4,0,2,2,A,-,12,21453,A,N,D,C,A,A,H,-,A,A,0,NA,NA,Y,NA,Y,NA,A,08,0,0,2,0,0,0,0,0,1,-,-,NA,NA,SAN DIEGO,CHULA VISTA,-117.0581283569336,32.59474182128906
9652720,2023,2024-02-05,3705,2023-12-13,1339,EC0383,NA,3,5,5,3705,0,0,0,NA,0,004,E LEXINGTON AV,AVOCADO AV,0,NA,Y,A,-,N,NA,NA,NA,NA,NA,NA,NA,NA,NA,Y,4,0,2,2,A,-,12,21453,A,N,D,C,A,A,H,-,A,A,0,NA,NA,NA,NA,Y,NA,A,01,0,0,2,0,0,0,0,0,0,-,-,NA,NA,SAN DIEGO,EL CAJON,-116.95761871337892,32.79270553588867
9653943,2023,2024-01-05,3702,2023-10-30,1558,CV1357,NA,1,5,6,3702,0,0,0,NA,0,032,OTAY LAKES RD,VILLAGE CENTER DRWY,0,NA,Y,A,-,N,NA,NA,NA,NA,NA,NA,NA,NA,NA,Y,4,0,1,2,A,-,12,21453,A,N,D,C,A,A,H,-,A,A,0,NA,NA,NA,NA,Y,NA,A,07,0,0,1,0,0,0,0,0,0,-,-,NA,NA,SAN DIEGO,CHULA VISTA,NA,NA
9654162,2024,2024-01-31,3710,2024-01-09,933,OC1521,NA,2,5,6,3710,0,0,0,NA,0,018,NORTH RIVER RD,AVENIDA DESCANSO,0,NA,Y,A,-,N,NA,NA,NA,NA,NA,NA,NA,NA,NA,N,4,0,1,2,A,-,10,21950,A,N,G,B,B,A,H,-,A,A,0,Y,NA,NA,NA,Y,NA,A,01,0,0,1,0,1,0,0,0,0,-,-,NA,NA,SAN DIEGO,OCEANSIDE,-117.31459808349608,33.245296478271484
9654554,2023,2024-02-01,3702,2023-12-06,455,CV1487,NA,3,5,6,3702,0,0,0,NA,0,011,E ST,BAY BL,0,NA,Y,A,-,N,NA,NA,NA,NA,NA,NA,NA,NA,NA,N,3,0,1,2,A,-,11,21950,B,N,D,B,D,A,H,-,C,A,0,Y,NA,NA,NA,Y,NA,N,60,0,1,0,0,1,0,0,0,0,-,-,NA,NA,SAN DIEGO,CHULA VISTA,-117.10146331787108,32.6390495300293
9660271,2024,2024-03-04,3700,2024-01-03,915,SH0113,NA,3,5,5,3713,0,0,0,NA,0,316,SYCAMORE AV,RT 78,0,NA,Y,C,-,N,NA,NA,NA,NA,NA,NA,NA,NA,NA,Y,3,0,2,2,A,-,12,21453,A,N,D,C,A,B,H,-,A,A,0,NA,NA,NA,NA,Y,NA,A,01,0,1,1,0,0,0,0,0,0,-,WF,NA,NA,SAN DIEGO,VISTA,-117.21466827392578,33.167179107666016
9660461,2024,2024-03-04,3700,2024-01-24,1519,SH0313,NA,3,5,5,3782,0,0,0,NA,0,221,VULCAN AV,D ST,58,S,N,B,-,N,NA,NA,NA,NA,NA,NA,NA,NA,NA,N,4,0,1,1,A,-,03,22350,NA,N,F,-,A,A,H,-,A,A,0,NA,Y,NA,NA,Y,NA,L,04,0,0,1,0,0,0,1,0,0,-,-,NA,NA,SAN DIEGO,ENCINITAS,-117.29259490966795,33.04594421386719
9665716,2024,2024-05-21,3711,2024-03-13,1429,SD6082,NA,3,5,7,3711,0,0,0,NA,0,126,VILLA LA JOLLA DR,LA JOLLA VILLAGE DR,315,N,N,A,-,N,NA,NA,NA,NA,NA,NA,NA,NA,NA,N,4,0,1,3,A,-,03,22350,NA,N,C,C,A,A,H,-,A,A,0,NA,NA,NA,NA,Y,NA,A,01,0,0,1,0,0,0,0,0,0,-,-,NA,NA,SAN DIEGO,SAN DIEGO,-117.23416900634766,32.87258529663086
9667113,2024,2024-03-25,3702,2024-01-18,1727,CV1456,NA,4,5,6,3702,0,0,0,NA,0,012,H ST,BAY BL,242,W,N,A,-,N,NA,NA,NA,NA,NA,NA,NA,NA,NA,Y,4,0,1,2,A,-,08,22107,NA,N,B,C,A,A,H,-,C,A,0,NA,NA,NA,NA,Y,NA,A,01,0,0,1,0,0,0,0,0,0,-,-,NA,NA,SAN DIEGO,CHULA VISTA,-117.0973892211914,32.62874221801758
9668383,2024,2024-04-30,3711,2024-02-21,2117,SD1529,NA,3,5,7,3711,0,0,0,NA,0,122,GRAND AV,BALBOA AV,0,NA,Y,A,-,N,NA,NA,NA,NA,NA,NA,NA,NA,NA,N,3,0,3,2,A,-,12,21453,A,N,A,C,A,A,H,-,C,A,0,NA,NA,NA,NA,Y,NA,A,01,0,2,1,0,0,0,0,0,0,-,-,NA,NA,SAN DIEGO,SAN DIEGO,-117.23480224609376,32.79918670654297
9673314,2024,2024-05-22,3711,2024-03-01,650,SD1567,NA,5,5,7,3711,0,0,0,NA,0,723,DEL SOL BL,BEYER BL,0,NA,Y,A,-,N,NA,NA,NA,NA,NA,NA,NA,NA,NA,N,3,0,1,2,B,-,22,NA,NA,N,D,C,A,A,H,-,A,A,0,NA,NA,Y,NA,Y,NA,C,02,0,1,0,0,0,0,0,0,1,-,-,NA,NA,SAN DIEGO,SAN DIEGO,-117.06655883789063,32.573997497558594
9673628,2024,2024-04-25,3700,2024-02-12,1102,SH0113,NA,1,5,5,3713,0,0,0,NA,0,310,VISTA VILLAGE DR,LADO DE LOMA,71,N,N,A,-,N,NA,NA,NA,NA,NA,NA,NA,NA,NA,Y,4,0,1,3,A,-,03,22350,NA,N,C,C,A,A,H,-,A,D,0,NA,NA,NA,NA,Y,NA,A,01,0,0,1,0,0,0,0,0,0,-,-,NA,NA,SAN DIEGO,VISTA,-117.24885559082033,33.196773529052734
9674822,2024,2024-06-06,3710,2024-03-05,1456,OC1533,NA,2,5,6,3710,0,0,0,NA,0,010,MISSION AV,CAREY RD,7,W,N,A,-,N,NA,NA,NA,NA,NA,NA,NA,NA,NA,N,3,0,1,2,A,-,10,21950,A,N,G,B,B,A,H,-,A,A,0,Y,NA,NA,NA,Y,NA,A,01,0,1,0,0,1,0,0,0,0,-,-,NA,NA,SAN DIEGO,OCEANSIDE,-117.36155700683594,33.20713806152344
9675559,2023,2024-03-06,3700,2023-11-13,1941,SH0634,NA,1,5,5,3782,0,0,0,NA,0,242,SOUTH EL CAMINO REAL,CALLE RYAN,0,NA,Y,A,-,N,NA,NA,NA,NA,NA,NA,NA,NA,NA,Y,2,0,2,2,A,-,09,21804,A,N,D,C,A,A,H,-,A,D,0,NA,NA,NA,NA,Y,NA,A,01,1,0,1,0,0,0,0,0,0,-,-,NA,NA,SAN DIEGO,ENCINITAS,-117.25579833984376,33.03181838989258
9676147,2024,2024-03-14,3710,2024-01-26,1105,OC1428,NA,5,5,6,3710,0,0,0,NA,0,009,SOUTH COAST HWY,EATON ST,0,NA,Y,A,-,N,NA,NA,NA,NA,NA,NA,NA,NA,NA,Y,4,0,1,2,A,-,09,21802,B,N,D,C,A,A,H,-,A,D,0,NA,NA,Y,NA,Y,NA,A,01,0,0,1,0,0,0,0,0,1,-,-,NA,NA,SAN DIEGO,OCEANSIDE,-117.35832214355467,33.17060852050781
9678571,2023,2024-03-25,3700,2023-12-16,1618,SH5230,NA,6,5,5,3782,0,0,0,NA,0,223,GARDEN VIEW,WANDERING RD,64,W,N,A,-,N,NA,NA,NA,NA,NA,NA,NA,NA,NA,N,2,0,1,2,A,-,10,21950,A,N,G,B,B,A,H,-,A,D,0,Y,NA,NA,NA,Y,NA,A,01,1,0,0,0,1,0,0,0,0,-,-,NA,NA,SAN DIEGO,ENCINITAS,-117.25586700439452,33.059471130371094
9680769,2024,2024-05-23,3711,2024-03-04,1742,SD5690,NA,1,5,7,3711,0,0,0,NA,0,233,CARMEL MOUNTAIN RD,PENASQUITOS DR,0,NA,Y,A,-,N,NA,NA,NA,NA,NA,NA,NA,NA,NA,N,4,0,1,2,B,-,22,NA,NA,N,D,C,A,A,H,-,A,A,0,NA,NA,NA,NA,Y,NA,A,01,0,0,1,0,0,0,0,0,0,-,-,NA,NA,SAN DIEGO,SAN DIEGO,-117.09037017822266,32.97751235961914
9684480,2024,2024-06-24,3702,2024-04-08,752,CV1522,NA,1,5,6,3702,0,0,0,NA,0,022,L ST,2ND AVE,505,W,N,A,-,N,NA,NA,NA,NA,NA,NA,NA,NA,NA,Y,4,0,1,3,A,-,08,22107,NA,N,F,E,A,A,H,-,A,D,0,NA,NA,NA,NA,Y,NA,A,07,0,0,1,0,0,0,0,0,0,-,-,NA,NA,SAN DIEGO,CHULA VISTA,-117.06944274902344,32.621742248535156