CASE_ID,ACCIDENT_YEAR,PROC_DATE,JURIS,COLLISION_DATE,COLLISION_TIME,OFFICER_ID,REPORTING_DISTRICT,DAY_OF_WEEK,CHP_SHIFT,POPULATION,CNTY_CITY_LOC,SPECIAL_COND,BEAT_TYPE,CHP_BEAT_TYPE,CITY_DIVISION_LAPD,CHP_BEAT_CLASS,BEAT_NUMBER,PRIMARY_RD,SECONDARY_RD,DISTANCE,DIRECTION,INTERSECTION,WEATHER_1,WEATHER_2,STATE_HWY_IND,CALTRANS_COUNTY,CALTRANS_DISTRICT,STATE_ROUTE,ROUTE_SUFFIX,POSTMILE_PREFIX,POSTMILE,LOCATION_TYPE,RAMP_INTERSECTION,SIDE_OF_HWY,TOW_AWAY,COLLISION_SEVERITY,NUMBER_KILLED,NUMBER_INJURED,PARTY_COUNT,PRIMARY_COLL_FACTOR,PCF_CODE_OF_VIOL,PCF_VIOL_CATEGORY,PCF_VIOLATION,PCF_VIOL_SUBSECTION,HIT_AND_RUN,TYPE_OF_COLLISION,MVIW,PED_ACTION,ROAD_SURFACE,ROAD_COND_1,ROAD_COND_2,LIGHTING,CONTROL_DEVICE,CHP_ROAD_TYPE,PEDESTRIAN_ACCIDENT,BICYCLE_ACCIDENT,MOTORCYCLE_ACCIDENT,TRUCK_ACCIDENT,NOT_PRIVATE_PROPERTY,ALCOHOL_INVOLVED,STWD_VEHTYPE_AT_FAULT,CHP_VEHTYPE_AT_FAULT,COUNT_SEVERE_INJ,COUNT_VISIBLE_INJ,COUNT_COMPLAINT_PAIN,COUNT_PED_KILLED,COUNT_PED_INJURED,COUNT_BICYCLIST_KILLED,COUNT_BICYCLIST_INJURED,COUNT_MC_KILLED,COUNT_MC_INJURED,PRIMARY_RAMP,SECONDARY_RAMP,LATITUDE,LONGITUDE,COUNTY,CITY,POINT_X,POINT_Y
6469382,2014,2014-06-20,3700,2014-01-28,0940,SH0742,NA,2,5,4,3720,0,0,0,NA,0,605,MASSACHUSETTS AV,SAN MIGUEL  AV,0,NA,Y,A,-,N,NA,NA,NA,NA,NA,NA,NA,NA,NA,Y,4,0,1,2,A,-,12,21453,A,N,D,C,A,A,H,-,A,A,0,NA,NA,NA,NA,Y,NA,A,01,0,0,1,0,0,0,0,0,0,-,-,NA,NA,SAN DIEGO,LEMON GROVE,-117.04298001,32.73523005
6469672,2014,2015-09-24,3710,2014-04-06,0800,OC1399,NA,7,5,6,3710,0,0,0,NA,0,027,COLLEGE BL,OLIVE DR,0,NA,Y,A,-,N,NA,NA,NA,NA,NA,NA,NA,NA,NA,N,4,0,2,2,A,-,03,22350,NA,N,C,C,A,A,H,-,A,A,0,NA,NA,NA,NA,Y,NA,A,01,0,0,2,0,0,0,0,0,0,-,-,NA,NA,SAN DIEGO,OCEANSIDE,-117.28503004,33.2040501
6469679,2014,2014-07-22,3705,2014-04-03,1309,EC0278,NA,4,5,5,3705,0,0,0,NA,0,010,MARLINE,GRAPE,0,NA,Y,A,-,N,NA,NA,NA,NA,NA,NA,NA,NA,NA,Y,4,0,1,2,A,-,09,21802,A,N,D,C,A,A,H,-,A,A,0,NA,NA,NA,NA,Y,NA,A,01,0,0,1,0,0,0,0,0,0,-,-,NA,NA,SAN DIEGO,EL CAJON,-116.9313601,32.80516008
6471206,2014,2015-12-21,3711,2014-04-14,1800,7051,NA,1,5,7,3711,0,0,0,NA,0,936,CAMINO DEL SUR,RT 56,0,NA,Y,A,-,Y,NA,NA,NA,NA,NA,NA,NA,NA,NA,Y,3,0,2,2,A,-,12,21453,A,N,D,C,A,A,H,-,A,A,0,NA,NA,NA,NA,Y,NA,-,NA,0,1,1,0,0,0,0,0,0,-,-,NA,NA,SAN DIEGO,SAN DIEGO,-117.15307991,32.95894005
6477022,2014,2014-07-15,3711,2014-04-25,1100,7026,NA,5,5,7,3711,0,0,0,NA,0,NA,SANTA FE,POLE D237200,279,N,N,A,-,N,NA,NA,NA,NA,NA,NA,NA,NA,NA,NA,4,0,1,3,A,-,09,21804,A,N,D,C,A,A,H,-,A,D,0,NA,NA,NA,NA,Y,NA,-,NA,0,0,1,0,0,0,0,0,0,-,-,NA,NA,SAN DIEGO,SAN DIEGO,NA,NA
6477045,2014,2016-03-26,9680,2014-04-24,1138,015061,NA,4,1,9,3700,0,1,3,NA,2,016,RT 67,WOODSIDE AV,2112,N,N,B,-,Y,SD,11,67,-,R,3.09,H,-,S,Y,4,0,1,1,A,-,08,22107,NA,N,E,I,A,A,H,-,A,D,1,NA,NA,NA,NA,Y,NA,A,01,0,0,1,0,0,0,0,0,0,-,-,32.84644,-116.5572,SAN DIEGO,UNINCORPORATED,-116.95641044,32.84706366
6477049,2014,2014-07-11,9680,2014-04-24,2125,020249,NA,4,2,9,3700,0,3,5,NA,2,009,D ST,6TH ST,95,W,N,A,-,N,NA,NA,NA,NA,NA,NA,NA,NA,NA,N,3,0,1,1,A,-,01,21200,5,N,F,A,A,A,H,-,D,D,0,NA,Y,NA,NA,Y,Y,L,04,0,1,0,0,0,0,1,0,0,-,-,33.04277,-116.86491,SAN DIEGO,UNINCORPORATED,-117.55910715,33.42328197
6479733,2014,2014-07-15,9650,2014-04-10,1750,015830,NA,4,2,9,3700,0,3,5,NA,2,070,VIA DE LA VALLE,VIA DE SANTA FE,0,NA,Y,A,-,N,NA,NA,NA,NA,NA,NA,NA,NA,NA,Y,3,0,1,2,A,-,09,21801,A,N,H,G,A,A,H,-,A,D,0,NA,Y,NA,NA,Y,NA,A,01,0,1,0,0,0,0,1,0,0,-,-,33.01526,-117.19943,SAN DIEGO,UNINCORPORATED,-117.19927009,33.01531007
6479737,2014,2016-03-30,9650,2014-04-21,1115,015295,NA,1,1,9,3700,0,1,3,NA,1,028,RT 76,RT 15,0,NA,Y,A,-,Y,SD,11,76,-,R,17.42,I,5,W,Y,2,0,3,2,A,-,09,21801,A,N,D,C,A,A,H,-,A,A,0,NA,NA,NA,NA,Y,NA,A,01,2,0,1,0,0,0,0,0,0,TO,NF,33.33238,-117.15803,SAN DIEGO,UNINCORPORATED,-117.15793496,33.33245564
6486056,2014,2014-07-23,3711,2014-05-13,2203,7099,SANDI,2,5,7,3711,0,0,0,NA,0,112,GENESEE AV,MOUNT HERBERT AV,139,S,N,A,-,N,NA,NA,NA,NA,NA,NA,NA,NA,NA,N,3,0,1,1,A,-,08,22107,NA,N,E,A,A,A,H,-,C,-,0,NA,Y,NA,NA,Y,NA,L,04,0,1,0,0,0,0,1,0,0,-,-,NA,NA,SAN DIEGO,SAN DIEGO,-117.19024431,32.82622728
6486063,2014,2016-02-06,9645,2014-05-01,0920,17667,NA,4,1,7,3711,0,1,1,NA,2,005,RT 5,OLD TOWN AV,50,S,N,A,-,Y,SD,11,5,-,R,19.02,H,-,S,Y,3,0,1,2,A,-,07,21658,A,N,B,C,A,A,H,-,A,D,1,NA,NA,NA,NA,Y,NA,A,01,0,1,0,0,0,0,0,0,0,-,-,32.74752,-117.19327,SAN DIEGO,SAN DIEGO,-117.19323977,32.74747
6486594,2014,2016-02-06,9645,2014-05-13,1758,018446,NA,2,2,7,3711,0,1,1,NA,2,003,RT 5,VESTA ST,200,S,N,A,-,Y,SD,11,5,-,R,11.99,H,-,S,N,4,0,1,2,A,-,03,22350,NA,F,C,C,A,A,H,-,A,D,1,NA,NA,NA,NA,Y,NA,D,22,0,0,1,0,0,0,0,0,0,-,-,32.68688,-117.11316,SAN DIEGO,SAN DIEGO,-117.11342954,32.68654628
6493549,2014,2016-03-28,9645,2014-05-21,1750,12216,NA,3,2,7,3711,0,1,3,NA,2,023,RT 163,RT 805,250,S,N,A,-,Y,SD,11,163,-,-,6.92,H,-,S,Y,4,0,1,2,A,-,03,22350,NA,N,C,C,A,A,H,-,A,D,1,NA,NA,NA,NA,Y,NA,A,01,0,0,1,0,0,0,0,0,0,-,-,32.8082,-117.15308,SAN DIEGO,SAN DIEGO,-117.1535734,32.80714064
6493567,2014,2016-02-17,9650,2014-05-16,1113,017012,NA,5,1,9,3700,0,1,1,NA,2,021,RT 15,OLD HWY 395,2640,S,N,A,-,Y,SD,11,15,-,R,42.78,H,-,N,Y,4,0,1,2,A,-,03,22350,NA,N,C,C,A,A,H,-,A,D,1,NA,NA,NA,Y,Y,NA,F,26,0,0,1,0,0,0,0,0,0,-,-,33.2791,-117.15215,SAN DIEGO,UNINCORPORATED,-117.15197013,33.27938589
6494031,2014,2014-08-05,9680,2014-05-14,1520,016622,NA,3,2,9,3700,0,2,4,NA,1,018,LOS COCHES RD,JULIAN AV,335,S,N,A,-,N,NA,NA,NA,NA,NA,NA,NA,NA,NA,Y,4,0,1,2,A,-,09,21802,A,N,D,C,A,A,H,-,A,A,0,NA,NA,NA,NA,Y,NA,D,22,0,0,1,0,0,0,0,0,0,-,-,32.85435,-116.91933,SAN DIEGO,UNINCORPORATED,-116.91910717,32.854433
6495393,2014,2014-07-30,3711,2014-05-19,0739,5209,NA,1,5,7,3711,0,0,0,NA,0,811,ADAMS AV,ADAMS AV 3300,0,NA,-,A,-,N,NA,NA,NA,NA,NA,NA,NA,NA,NA,N,3,0,1,2,A,-,10,21950,A,N,G,B,B,A,H,-,A,A,0,Y,NA,NA,NA,Y,NA,A,01,0,1,0,0,1,0,0,0,0,-,-,NA,NA,SAN DIEGO,SAN DIEGO,-117.12284535,32.76334534
6495406,2014,2014-08-01,3711,2014-05-15,1651,6493,NA,4,5,7,3711,0,0,0,NA,0,311,SANDROCK RD,MURRAY RIDGE,0,NA,Y,A,-,N,NA,NA,NA,NA,NA,NA,NA,NA,NA,Y,3,0,3,2,A,-,09,21801,A,N,A,C,A,A,H,-,A,A,0,NA,NA,NA,NA,Y,NA,-,NA,0,1,2,0,0,0,0,0,0,-,-,NA,NA,SAN DIEGO,SAN DIEGO,-117.1400101,32.80440006
6498160,2014,2014-07-28,3701,2014-05-11,1653,5434,2,7,5,5,3701,0,0,0,NA,0,001,LAGUNA DR,DAVIS AV,108,E,N,A,G,N,NA,NA,NA,NA,NA,NA,NA,NA,NA,Y,4,0,1,2,A,-,08,22107,NA,N,D,C,A,A,H,-,A,D,0,NA,NA,NA,NA,Y,NA,A,07,0,0,1,0,0,0,0,0,0,-,-,NA,NA,SAN DIEGO,CARLSBAD,-117.34600817,33.16526151
6498361,2014,2015-03-03,9645,2014-06-02,1520,16173,NA,1,2,7,3711,0,1,3,NA,2,016,RT 52,MAST BL,3696,W,N,A,-,Y,SD,11,52,-,-,12.77,H,-,E,Y,4,0,2,3,A,-,03,22350,NA,N,C,C,A,A,H,-,A,D,1,NA,NA,NA,NA,Y,NA,D,22,0,0,2,0,0,0,0,0,0,-,-,32.85,-117.036,SAN DIEGO,SAN DIEGO,-117.03273052,32.85003067
6503398,2014,2014-07-29,3706,2014-05-14,1345,342,ESPD,3,5,6,3706,0,0,0,NA,0,053,HARMONY GROVE RD,ENTERPRISE ST,0,NA,Y,A,-,N,NA,NA,NA,NA,NA,NA,NA,NA,NA,N,4,0,1,2,A,-,08,22107,NA,N,G,B,E,A,H,-,A,A,0,Y,NA,NA,NA,Y,NA,A,07,0,0,1,0,1,0,0,0,0,-,-,NA,NA,SAN DIEGO,ESCONDIDO,-117.11429008,33.11049008
6506478,2014,2014-07-15,3700,2014-04-03,0715,SH2076,NA,4,5,4,3780,0,0,0,NA,0,410,POMERADO RD,MEADOWBROOK,269,S,N,A,-,N,NA,NA,NA,NA,NA,NA,NA,NA,NA,N,3,0,1,2,A,-,17,21209,NA,N,B,G,A,A,H,-,A,D,0,NA,Y,NA,NA,Y,NA,A,01,0,1,0,0,0,0,1,0,0,-,-,NA,NA,SAN DIEGO,POWAY,-117.06249518,32.96258323
6424671,2014,2014-06-13,3711,2014-02-25,1520,6583,NA,2,5,7,3711,0,0,0,NA,0,511,MAIN ST,MAIN ST 3700,0,NA,N,A,-,N,NA,NA,NA,NA,NA,NA,NA,NA,NA,N,4,0,1,2,A,-,04,21703,NA,N,C,C,A,A,H,-,A,A,0,NA,NA,NA,NA,Y,NA,-,NA,0,0,1,0,0,0,0,0,0,-,-,NA,NA,SAN DIEGO,SAN DIEGO,-117.11536914,32.68548441
6508590,2014,2014-07-31,3711,2014-05-01,1715,5600,NA,4,5,7,3711,0,0,0,NA,0,242,BLACK MOUNTAIN RD,CARROLL CENTER RD,300,N,N,A,-,N,NA,NA,NA,NA,NA,NA,NA,NA,NA,Y,3,0,2,2,A,-,09,21801,A,N,D,C,A,A,H,-,A,D,0,NA,NA,NA,NA,Y,NA,A,01,0,1,1,0,0,0,0,0,0,-,-,NA,NA,SAN DIEGO,SAN DIEGO,-117.12308927,32.89939974
6510424,2014,2016-03-30,9650,2014-05-14,1400,015654,NA,3,2,9,3700,0,1,3,NA,2,065,RT 76,EAST VISTA WY,529,W,N,A,-,Y,SD,11,76,-,-,9.39,H,-,E,N,3,0,1,2,A,-,06,21755,NA,N,B,C,A,A,H,-,A,D,0,NA,NA,Y,NA,Y,NA,C,02,0,1,0,0,0,0,0,0,1,-,-,33.25691,-117.23844,SAN DIEGO,UNINCORPORATED,-117.23883718,33.25665417
6510709,2014,2014-08-23,3711,2014-06-02,1900,6692,NA,1,5,7,3711,0,0,0,NA,0,827,WIGHTMAN,WINONA AV,14,E,N,A,-,N,NA,NA,NA,NA,NA,NA,NA,NA,NA,N,4,0,1,2,A,-,08,22107,NA,N,A,C,A,A,H,-,A,D,0,NA,NA,NA,NA,Y,NA,-,NA,0,0,1,0,0,0,0,0,0,-,-,NA,NA,SAN DIEGO,SAN DIEGO,-117.0878893,32.74722304
6513333,2014,2014-07-02,3705,2014-04-02,1639,EC5420,NA,3,5,5,3705,0,0,0,NA,0,010,LEXINGTON,TAFT,0,NA,Y,A,-,N,NA,NA,NA,NA,NA,NA,NA,NA,NA,Y,3,0,1,2,A,-,09,21802,A,N,D,C,A,A,H,-,A,A,0,NA,NA,NA,NA,Y,NA,A,01,0,1,0,0,0,0,0,0,0,-,-,NA,NA,SAN DIEGO,EL CAJON,-116.95641005,32.79271004
6514033,2014,2014-08-11,3711,2014-06-12,1748,6173,NA,4,5,7,3711,0,0,0,NA,0,124,GILMAN DR,VIA ALICANTE,5280,S,N,A,-,N,NA,NA,NA,NA,NA,NA,NA,NA,NA,Y,4,0,1,2,A,-,09,21804,A,N,D,C,A,A,H,-,A,D,0,NA,NA,NA,NA,Y,NA,-,NA,0,0,1,0,0,0,0,0,0,-,-,NA,NA,SAN DIEGO,SAN DIEGO,-117.23509672,32.84856292
6516200,2014,2015-04-06,9650,2014-06-15,1337,15446,NA,7,1,9,3700,0,1,1,NA,2,021,RT 15,RT 76,1500,S,N,A,-,Y,SD,11,15,-,R,46.21,H,-,N,Y,4,0,4,2,A,-,08,22107,NA,N,A,C,A,A,H,-,A,D,1,NA,NA,NA,NA,Y,NA,A,01,0,0,4,0,0,0,0,0,0,-,-,33.32384,-117.15816,SAN DIEGO,UNINCORPORATED,-117.15892605,33.32725559
6518517,2014,2014-08-07,3706,2014-05-29,1918,0393,ESCON,4,5,6,3706,0,0,0,NA,0,052,9TH AV,ORANGE ST,0,NA,Y,A,-,N,NA,NA,NA,NA,NA,NA,NA,NA,NA,Y,4,0,1,2,A,-,09,21802,A,N,D,C,A,A,H,-,A,A,0,NA,NA,NA,NA,Y,NA,A,08,0,0,1,0,0,0,0,0,0,-,-,NA,NA,SAN DIEGO,ESCONDIDO,-117.08044002,33.11244002
6519349,2014,2014-07-31,3701,2014-05-25,1910,5395,23,7,5,5,3701,0,0,0,NA,0,004,COLLEGE BL,TAMARACK AV,0,NA,Y,A,-,N,NA,NA,NA,NA,NA,NA,NA,NA,NA,Y,3,0,3,2,A,-,12,21453,A,N,D,C,A,A,H,-,A,A,0,NA,NA,NA,NA,Y,NA,A,07,0,2,1,0,0,0,0,0,0,-,-,33.17389,-117.29222,SAN DIEGO,CARLSBAD,-117.29351007,33.17066008
6523493,2014,2016-02-06,9645,2014-06-03,0945,12294,NA,2,1,7,3711,0,1,1,NA,2,007,RT 5,SAN DIEGO RIVER BR,124,N,N,A,-,Y,SD,11,5,-,R,35.68,H,-,N,Y,3,0,1,3,A,-,03,22350,NA,N,C,C,A,A,H,-,A,D,1,NA,NA,NA,NA,Y,NA,A,01,0,1,0,0,0,0,0,0,0,-,-,32.97275,-117.2502,SAN DIEGO,SAN DIEGO,-117.24988814,32.97174343
6523512,2014,2014-07-18,3700,2014-04-17,1753,SH2560,NA,4,5,5,3713,0,0,0,NA,0,314,CIVIC CENTER DR,POSTAL WY,198,N,N,A,-,N,NA,NA,NA,NA,NA,NA,NA,NA,NA,Y,4,0,1,1,C,-,18,NA,NA,N,E,I,A,A,H,-,A,D,0,NA,NA,NA,NA,Y,NA,-,-,0,0,1,0,0,0,0,0,0,-,-,NA,NA,SAN DIEGO,VISTA,-117.23485106,33.19310663
6524142,2014,2014-07-22,3711,2014-04-21,1508,6978,SAN D,1,5,7,3711,0,0,0,NA,0,122,SOLEDAD MOUNTAIN RD,4500 SOLEDAD MOUNTAIN RD,18,W,N,A,-,N,NA,NA,NA,NA,NA,NA,NA,NA,NA,N,4,0,1,2,A,-,03,22350,NA,N,C,D,A,A,H,-,A,D,0,NA,NA,NA,NA,Y,NA,-,NA,0,0,1,0,0,0,0,0,0,-,-,NA,NA,SAN DIEGO,SAN DIEGO,NA,NA
6524173,2014,2014-08-06,3711,2014-05-02,1831,5198,NA,5,5,7,3711,0,0,0,NA,0,521,4TH AV,ASH ST,0,NA,Y,A,-,N,NA,NA,NA,NA,NA,NA,NA,NA,NA,N,4,0,2,2,A,-,12,21453,A,N,D,C,A,A,H,-,A,A,0,NA,NA,NA,NA,Y,NA,A,01,0,0,2,0,0,0,0,0,0,-,-,NA,NA,SAN DIEGO,SAN DIEGO,-117.16113013,32.71989002
6524229,2014,2016-03-26,9680,2014-05-21,1620,18104,NA,3,2,9,3700,0,2,4,NA,1,029,RT 54,CUYAMACA COLLEGE DR W,145,W,N,A,-,Y,SD,11,54,-,T,11.21,H,-,E,N,4,0,2,2,A,-,03,22350,NA,N,C,C,A,A,H,-,A,A,0,NA,NA,NA,NA,Y,NA,A,07,0,0,2,0,0,0,0,0,0,-,-,32.73971,-116.94065,SAN DIEGO,UNINCORPORATED,-116.93913888,32.74073342
6524389,2014,2014-08-05,3711,2014-05-04,0257,3792,3711,7,5,7,3711,0,0,0,NA,0,712,DAIRY MART RD,SAN YSIDRO BL,0,NA,Y,B,-,N,NA,NA,NA,NA,NA,NA,NA,NA,NA,Y,3,0,1,1,A,-,03,22350,NA,N,F,I,A,A,H,-,C,A,0,NA,NA,Y,NA,Y,NA,C,02,0,1,0,0,0,0,0,0,1,-,-,NA,NA,SAN DIEGO,SAN DIEGO,-117.06241003,32.55963012
6524495,2014,2014-08-06,3710,2014-05-01,1420,OC1157,NA,4,5,6,3710,0,0,0,NA,0,027,COLLEGE,BARNARD,15,N,N,A,-,N,NA,NA,NA,NA,NA,NA,NA,NA,NA,N,4,0,1,2,A,-,04,21703,NA,N,C,C,A,A,H,-,A,A,0,NA,NA,NA,NA,Y,NA,A,01,0,0,1,0,0,0,0,0,0,-,-,NA,NA,SAN DIEGO,OCEANSIDE,-117.29639983,33.18624233
6524709,2014,2016-03-26,9645,2014-04-18,1605,18678,NA,5,2,7,3711,0,1,3,NA,2,016,RT 52,SANTO RD,10560,E,N,B,-,Y,SD,11,52,-,-,10.71,H,-,E,Y,4,0,3,3,A,-,04,21703,NA,N,C,C,A,A,H,-,A,D,1,NA,NA,NA,NA,Y,NA,A,07,0,0,3,0,0,0,0,0,0,-,-,32.84988,-117.07358,SAN DIEGO,SAN DIEGO,-117.0674513,32.85370488
6524998,2014,2014-08-11,3711,2014-06-05,1649,5122,NA,4,5,7,3711,0,0,0,NA,0,431,EUCLID AV,GENEVA AV,110,S,N,A,-,N,NA,NA,NA,NA,NA,NA,NA,NA,NA,N,3,0,2,2,A,-,-,NA,NA,N,-,C,A,A,H,-,A,D,0,NA,NA,NA,NA,Y,NA,-,NA,0,1,1,0,0,0,0,0,0,-,-,NA,NA,SAN DIEGO,SAN DIEGO,-117.08497701,32.71641875
6525104,2014,2014-08-05,9680,2014-05-28,0817,15972,NA,3,1,5,3705,0,3,5,NA,2,001,EAST BRADLEY AV,GRAVES AV,528,E,N,A,-,N,NA,NA,NA,NA,NA,NA,NA,NA,NA,N,4,0,2,3,A,-,03,22350,NA,N,C,C,A,A,H,-,A,D,0,NA,NA,NA,NA,Y,NA,A,01,0,0,2,0,0,0,0,0,0,-,-,32.81907,-116.95704,SAN DIEGO,EL CAJON,-116.95724762,32.81911
6526999,2014,2014-07-09,3709,2014-03-29,0833,0450,NA,6,5,5,3709,0,0,0,NA,0,021,16TH ST,PALM AV,0,NA,Y,A,-,N,NA,NA,NA,NA,NA,NA,NA,NA,NA,N,4,0,1,2,A,-,12,21453,A,N,B,C,A,A,H,-,A,A,0,NA,NA,NA,NA,Y,NA,I,11,0,0,1,0,0,0,0,0,0,-,-,NA,NA,SAN DIEGO,NATIONAL CITY,-117.08784005,32.67351006
6527292,2014,2014-07-17,3711,2014-04-23,0530,7088,W3,3,5,7,3711,0,0,0,NA,0,611,BARNETT AV,MIDWAY DR,270,W,N,A,-,N,NA,NA,NA,NA,NA,NA,NA,NA,NA,Y,4,0,1,2,A,-,09,21804,B,N,D,C,A,A,H,-,B,D,0,NA,NA,NA,NA,Y,NA,-,NA,0,0,1,0,0,0,0,0,0,-,-,NA,NA,SAN DIEGO,SAN DIEGO,-117.19960146,32.74486647
6528702,2014,2014-08-09,9650,2014-06-15,1905,18011,NA,7,2,9,3700,0,3,5,NA,1,160,GOPHER CANYON RD,FAIRVIEW DR,568,E,N,A,-,N,NA,NA,NA,NA,NA,NA,NA,NA,NA,Y,3,0,1,1,A,-,01,23152,A,N,E,I,A,A,H,-,A,D,0,NA,NA,NA,NA,Y,Y,A,01,0,1,0,0,0,0,0,0,0,-,-,33.24991,-117.22,SAN DIEGO,UNINCORPORATED,-117.22022278,33.2501318
6529986,2014,2016-05-20,9645,2014-06-17,1825,17473,NA,2,2,7,3711,0,1,1,NA,2,005,RT 5,OLD TOWN AV,357,S,N,A,-,Y,SD,11,5,-,R,18.937,R,1,S,Y,3,0,2,3,A,-,03,22350,NA,N,C,C,A,A,H,-,A,A,1,NA,NA,NA,NA,Y,NA,A,01,0,1,1,0,0,0,0,0,0,-,-,32.74697,-117.19247,SAN DIEGO,SAN DIEGO,-117.19203138,32.7468431
6538402,2014,2014-08-12,3711,2014-06-28,1200,6252,NA,6,5,7,3711,0,0,0,NA,0,625,TAYLOR ST,PRESIDIO DR,0,NA,Y,A,-,N,NA,NA,NA,NA,NA,NA,NA,NA,NA,Y,4,0,2,2,A,-,09,21801,A,N,D,C,A,A,H,-,A,D,0,NA,NA,NA,NA,Y,NA,A,01,0,0,2,0,0,0,0,0,0,-,-,NA,NA,SAN DIEGO,SAN DIEGO,-117.19662004,32.75913011
6540998,2014,2016-01-26,3706,2014-07-28,2035,ES0223,NA,1,5,6,3706,0,0,0,NA,0,042,CENTRE CITY PKWY,MISSION AV,0,NA,Y,A,-,N,NA,NA,NA,NA,NA,NA,NA,NA,NA,N,3,0,1,2,A,-,11,21456,B,N,G,B,B,A,H,-,C,A,0,Y,NA,NA,NA,Y,NA,N,60,0,1,0,0,1,0,0,0,0,-,-,NA,NA,SAN DIEGO,ESCONDIDO,-117.09168004,33.12836006
6544738,2014,2014-08-19,3706,2014-06-16,1701,0318,ESPD,1,5,6,3706,0,0,0,NA,0,042,FIG ST,WASHINGTON AV,357,N,N,A,-,N,NA,NA,NA,NA,NA,NA,NA,NA,NA,N,3,0,1,3,A,-,03,22350,NA,N,C,C,A,A,H,-,A,D,0,NA,NA,NA,NA,Y,NA,A,01,0,1,0,0,0,0,0,0,0,-,-,NA,NA,SAN DIEGO,ESCONDIDO,-117.07615297,33.1303966
6544787,2014,2014-08-12,3706,2014-06-19,2108,0393,ESCON,4,5,6,3706,0,0,0,NA,0,044,SHERIDAN AV,CONWAY DR,153,E,N,A,-,N,NA,NA,NA,NA,NA,NA,NA,NA,NA,Y,4,0,1,2,A,-,08,22107,NA,N,C,E,A,A,H,-,C,D,0,NA,NA,NA,NA,Y,NA,A,01,0,0,1,0,0,0,0,0,0,-,-,NA,NA,SAN DIEGO,ESCONDIDO,-117.07538176,33.14933412
6545030,2014,2014-08-19,3711,2014-06-24,2135,5340,NA,2,5,7,3711,0,0,0,NA,0,518,30TH ST,DATE ST,0,NA,Y,A,-,N,NA,NA,NA,NA,NA,NA,NA,NA,NA,N,4,0,1,2,A,-,12,22450,NA,N,D,C,A,A,H,-,C,A,0,NA,NA,NA,NA,Y,NA,A,07,0,0,1,0,0,0,0,0,0,-,-,NA,NA,SAN DIEGO,SAN DIEGO,-117.13022006,32.72338008
6548912,2014,2015-09-24,3700,2014-04-07,1850,SH0063,NA,1,5,4,3720,0,0,0,NA,0,605,MASSACHUSETTS AV,MASSACHUSETTS AV 2491,0,NA,-,A,-,N,NA,NA,NA,NA,NA,NA,NA,NA,NA,Y,4,0,1,3,A,-,03,22350,NA,N,D,C,A,A,H,-,A,D,0,NA,NA,NA,NA,Y,NA,A,07,0,0,1,0,0,0,0,0,0,-,-,NA,NA,SAN DIEGO,LEMON GROVE,-117.04296738,32.7326118
6550790,2014,2016-02-06,9645,2014-06-28,1320,20541,NA,6,1,7,3711,0,1,1,NA,2,005,RT 5,MISSION BAY BL,4752,N,N,A,-,Y,SD,11,5,-,R,24.83,H,-,S,Y,4,0,1,2,A,-,03,22350,NA,N,C,C,A,A,H,-,A,D,1,NA,NA,NA,NA,Y,NA,D,22,0,0,1,0,0,0,0,0,0,-,-,32.81963,-117.22709,SAN DIEGO,SAN DIEGO,-117.22951207,32.82216097
6556780,2014,2014-08-27,3705,2014-06-26,1830,EC0288,NA,4,5,5,3705,0,0,0,NA,0,009,MADISON,1ST,0,NA,Y,A,-,N,NA,NA,NA,NA,NA,NA,NA,NA,NA,Y,4,0,3,2,A,-,09,21800,A,N,A,C,A,A,H,-,A,A,0,NA,NA,NA,NA,Y,NA,A,01,0,0,3,0,0,0,0,0,0,-,-,NA,NA,SAN DIEGO,EL CAJON,-116.94461005,32.80014003
6557252,2014,2016-03-26,9645,2014-06-29,0127,020165,NA,7,3,7,3711,0,1,3,NA,2,023,RT 163,RT 8,35,E,N,A,-,Y,SD,11,163,-,-,3.643,R,2,N,Y,3,0,1,1,A,-,01,23152,A,N,E,I,A,A,H,-,C,D,1,NA,NA,NA,NA,Y,Y,A,07,0,1,0,0,0,0,0,0,0,TO,-,32.76163,-117.16303,SAN DIEGO,SAN DIEGO,-117.16332246,32.76199257
6560125,2014,2014-08-26,3711,2014-07-08,1605,4507,NA,2,5,7,3711,0,0,0,NA,0,111,CLAIREMONT MESA BL,DOLIVA DR,30,E,N,A,-,N,NA,NA,NA,NA,NA,NA,NA,NA,NA,N,3,0,1,2,A,-,11,21954,A,N,A,B,E,A,H,-,A,A,0,Y,NA,NA,NA,Y,NA,N,60,0,1,0,0,1,0,0,0,0,-,-,NA,NA,SAN DIEGO,SAN DIEGO,-117.17555267,32.83437855
6417128,2014,2014-06-25,3706,2014-03-07,1940,412,ESPD,5,5,6,3706,0,0,0,NA,0,041,EL NORTE PKWY,BROADWAY,60,W,N,A,-,N,NA,NA,NA,NA,NA,NA,NA,NA,NA,Y,4,0,2,3,A,-,03,22350,NA,N,C,C,A,A,H,-,C,A,0,NA,NA,NA,NA,Y,NA,A,01,0,0,2,0,0,0,0,0,0,-,-,NA,NA,SAN DIEGO,ESCONDIDO,-117.0895,33.13977
6371153,2014,2014-06-11,9680,2014-01-30,1700,018279,NA,4,2,9,3700,0,3,5,NA,2,007,VERBENA DR,OCOTILLO CIR,0,NA,Y,A,-,N,NA,NA,NA,NA,NA,NA,NA,NA,NA,Y,4,0,1,2,A,-,09,21803,A,N,D,C,A,A,H,-,A,A,0,NA,NA,NA,NA,Y,NA,A,07,0,0,1,0,0,0,0,0,0,-,-,33.25924,-116.3864,SAN DIEGO,UNINCORPORATED,-116.38630004,33.25930011
6425578,2014,2016-02-11,9650,2014-03-29,1445,015830,NA,6,2,5,3701,0,1,1,NA,2,005,RT 5,LA COSTA AV,650,N,N,A,-,Y,SD,11,5,-,R,44.19,H,-,S,Y,4,0,1,3,A,-,03,22350,NA,N,C,C,A,A,H,-,A,D,1,NA,NA,NA,NA,Y,NA,D,22,0,0,1,0,0,0,0,0,0,-,-,33.08666,-117.29983,SAN DIEGO,CARLSBAD,-117.29920224,33.08573553