CASE_ID,ACCIDENT_YEAR,PROC_DATE,JURIS,COLLISION_DATE,COLLISION_TIME,OFFICER_ID,REPORTING_DISTRICT,DAY_OF_WEEK,CHP_SHIFT,POPULATION,CNTY_CITY_LOC,SPECIAL_COND,BEAT_TYPE,CHP_BEAT_TYPE,CITY_DIVISION_LAPD,CHP_BEAT_CLASS,BEAT_NUMBER,PRIMARY_RD,SECONDARY_RD,DISTANCE,DIRECTION,INTERSECTION,WEATHER_1,WEATHER_2,STATE_HWY_IND,CALTRANS_COUNTY,CALTRANS_DISTRICT,STATE_ROUTE,ROUTE_SUFFIX,POSTMILE_PREFIX,POSTMILE,LOCATION_TYPE,RAMP_INTERSECTION,SIDE_OF_HWY,TOW_AWAY,COLLISION_SEVERITY,NUMBER_KILLED,NUMBER_INJURED,PARTY_COUNT,PRIMARY_COLL_FACTOR,PCF_CODE_OF_VIOL,PCF_VIOL_CATEGORY,PCF_VIOLATION,PCF_VIOL_SUBSECTION,HIT_AND_RUN,TYPE_OF_COLLISION,MVIW,PED_ACTION,ROAD_SURFACE,ROAD_COND_1,ROAD_COND_2,LIGHTING,CONTROL_DEVICE,CHP_ROAD_TYPE,PEDESTRIAN_ACCIDENT,BICYCLE_ACCIDENT,MOTORCYCLE_ACCIDENT,TRUCK_ACCIDENT,NOT_PRIVATE_PROPERTY,ALCOHOL_INVOLVED,STWD_VEHTYPE_AT_FAULT,CHP_VEHTYPE_AT_FAULT,COUNT_SEVERE_INJ,COUNT_VISIBLE_INJ,COUNT_COMPLAINT_PAIN,COUNT_PED_KILLED,COUNT_PED_INJURED,COUNT_BICYCLIST_KILLED,COUNT_BICYCLIST_INJURED,COUNT_MC_KILLED,COUNT_MC_INJURED,PRIMARY_RAMP,SECONDARY_RAMP,LATITUDE,LONGITUDE,COUNTY,CITY,POINT_X,POINT_Y
6424658,2014,2015-08-14,3711,2014-02-25,1700,6815,SANDI,2,5,7,3711,0,0,0,NA,0,611,CAMINO DEL RIO W,MOORE ST,0,NA,Y,A,-,N,NA,NA,NA,NA,NA,NA,NA,NA,NA,Y,3,0,2,2,A,-,09,21801,A,N,D,C,A,A,-,-,A,A,0,NA,NA,NA,NA,Y,NA,-,NA,0,2,0,0,0,0,0,0,0,-,-,NA,NA,SAN DIEGO,SAN DIEGO,-117.20497,32.75537004
6428431,2014,2016-02-11,9645,2014-02-28,0155,14625,NA,5,3,7,3711,0,1,1,NA,2,007,RT 5,DEL MAR HEIGHTS RD,1320,N,N,C,-,Y,SD,11,5,-,R,34.4,H,-,N,Y,3,0,1,1,A,-,08,22107,NA,N,E,I,A,B,H,-,D,D,1,NA,NA,NA,NA,Y,Y,A,01,0,1,0,0,0,0,0,0,0,-,-,32.9595,-117.24551,SAN DIEGO,SAN DIEGO,-117.24426671,32.95387283
6458050,2014,2014-07-18,3702,2014-03-18,1921,CV1012,NA,2,5,6,3702,0,0,0,NA,0,022,3RD AV,MOSS ST,0,NA,Y,A,-,N,NA,NA,NA,NA,NA,NA,NA,NA,NA,Y,3,0,4,2,A,-,09,21801,A,N,D,C,A,A,H,-,C,A,0,NA,NA,NA,NA,Y,NA,A,01,0,1,3,0,0,0,0,0,0,-,-,NA,NA,SAN DIEGO,CHULA VISTA,-117.07043003,32.61712011
6408888,2014,2016-01-25,9645,2014-03-11,1615,018149,NA,2,2,7,3711,0,1,1,NA,2,009,RT 805,IMPERIAL AV,65,N,N,A,-,Y,SD,11,805,-,-,12.507,R,4,S,N,4,0,1,2,A,-,03,22350,NA,N,C,C,A,A,H,-,A,D,1,NA,NA,NA,NA,Y,NA,A,01,0,0,1,0,0,0,0,0,0,-,-,32.70466,-117.09593,SAN DIEGO,SAN DIEGO,-117.09619516,32.70640812
6458931,2014,2016-03-24,9645,2014-05-15,0725,017667,NA,4,1,7,3711,0,1,1,NA,2,003,RT 5,WASHINGTON ST,300,N,N,A,-,Y,SD,11,5,-,R,18.5,H,-,S,N,4,0,1,2,A,-,07,21658,A,N,B,C,A,A,H,-,A,D,1,NA,NA,NA,NA,Y,NA,D,22,0,0,1,0,0,0,0,0,0,-,-,32.7454,-117.18914,SAN DIEGO,SAN DIEGO,-117.18548389,32.74378365
6459495,2014,2016-03-26,3711,2014-05-15,1544,6896,NA,4,5,7,3711,0,0,0,NA,0,837,HOME AV,RT 805,3,E,N,A,-,Y,SD,11,805,-,-,14.225,R,1,S,N,3,0,1,2,A,-,11,21950,B,N,G,B,B,A,H,-,A,A,0,Y,NA,NA,NA,Y,NA,N,60,0,1,0,0,1,0,0,0,0,-,SF,NA,NA,SAN DIEGO,SAN DIEGO,-117.10610557,32.72875908
6440312,2014,2016-03-24,9645,2014-03-19,1530,17025,NA,3,2,7,3711,0,1,1,NA,2,010,RT 8,RT 163,400,E,N,A,-,Y,SD,11,8,-,-,2.65,H,-,W,Y,3,0,1,1,A,-,03,22350,NA,N,F,A,A,A,H,-,A,D,1,NA,NA,Y,NA,Y,NA,C,02,0,1,0,0,0,0,0,0,1,-,-,32.76408,-117.16011,SAN DIEGO,SAN DIEGO,-117.16003048,32.76391044
6461994,2014,2014-07-09,3702,2014-03-24,0955,CVC0652,NA,1,5,6,3702,0,0,0,NA,0,022,4TH AV,ANITA ST,0,NA,Y,B,-,N,NA,NA,NA,NA,NA,NA,NA,NA,NA,Y,4,0,1,2,A,-,12,21453,A,N,D,C,A,A,H,-,A,A,0,NA,NA,NA,NA,Y,NA,D,22,0,0,1,0,0,0,0,0,0,-,-,NA,NA,SAN DIEGO,CHULA VISTA,-117.06907009,32.59846009
6467676,2014,2015-09-24,3711,2014-04-12,2029,5916,NA,6,5,7,3711,0,0,0,NA,0,123,SEA WORLD DR,PACIFIC HWY,290,NA,N,B,-,N,NA,NA,NA,NA,NA,NA,NA,NA,NA,N,4,0,1,3,A,-,03,22350,NA,M,C,C,A,-,H,-,D,D,0,NA,NA,NA,NA,Y,Y,A,01,0,0,1,0,0,0,0,0,0,-,-,NA,NA,SAN DIEGO,SAN DIEGO,-117.20860012,32.76713009
6441965,2014,2014-07-07,3700,2014-03-21,0827,SH1088,NA,5,5,4,3707,0,0,0,NA,0,702,PALM AV,10TH ST,64.5,W,N,A,-,N,NA,NA,NA,NA,NA,NA,NA,NA,NA,N,4,0,3,4,A,-,03,22350,NA,N,C,D,A,A,H,-,A,D,0,NA,NA,NA,NA,Y,NA,D,22,0,0,3,0,0,0,0,0,0,-,-,NA,NA,SAN DIEGO,IMPERIAL BEACH,-117.11204857,32.58396911
6443729,2014,2014-07-03,3711,2014-03-31,2340,4849,NA,1,5,7,3711,0,0,0,NA,0,524,5TH AV,A ST,0,NA,Y,A,-,N,NA,NA,NA,NA,NA,NA,NA,NA,NA,N,4,0,3,2,A,-,12,21453,A,N,-,C,A,A,H,-,C,A,0,NA,NA,NA,NA,Y,NA,-,NA,0,0,3,0,0,0,0,0,0,-,-,NA,NA,SAN DIEGO,SAN DIEGO,-117.16019007,32.71885009
6506559,2014,2016-03-28,9650,2014-05-08,2114,015868,NA,4,2,6,3710,0,1,3,NA,2,015,RT 78,JEFFERSON ST,1056,W,N,A,-,Y,SD,11,78,-,-,0.52,H,-,W,Y,4,0,1,3,A,-,07,21658,A,N,B,C,A,A,H,-,D,D,1,NA,NA,NA,NA,Y,NA,A,07,0,0,1,0,0,0,0,0,0,-,-,33.1811,-117.34367,SAN DIEGO,OCEANSIDE,-117.34364836,33.18100976
6443776,2014,2014-07-11,3711,2014-03-30,1825,6858,NA,7,5,7,3711,0,0,0,NA,0,832,43RD ST,ORANGE AV,0,NA,Y,A,-,N,NA,NA,NA,NA,NA,NA,NA,NA,NA,N,4,0,1,2,A,-,21,22106,NA,N,G,B,D,A,H,-,A,A,0,Y,NA,NA,NA,Y,NA,A,01,0,0,1,0,1,0,0,0,0,-,-,NA,NA,SAN DIEGO,SAN DIEGO,-117.1019301,32.75317004
6443796,2014,2014-07-02,3711,2014-03-27,0804,5300,NA,4,5,7,3711,0,0,0,NA,0,321,WARD RD,RANCHO MISSION RD,0,NA,Y,A,-,N,NA,NA,NA,NA,NA,NA,NA,NA,NA,Y,4,0,2,3,A,-,09,21801,A,N,D,C,A,A,H,-,A,D,0,NA,NA,NA,NA,Y,NA,-,NA,0,0,2,0,0,0,0,0,0,-,-,NA,NA,SAN DIEGO,SAN DIEGO,-117.11044002,32.78172003
6444277,2014,2015-11-10,9650,2014-03-31,0750,15906,NA,1,1,5,3712,0,1,3,NA,2,019,RT 78,TWIN OAKS VALLEY RD,2112,E,N,A,-,Y,SD,11,78,-,-,13.31,H,-,E,Y,4,0,2,2,A,-,03,22350,NA,N,C,C,A,A,H,-,A,D,1,NA,NA,NA,NA,Y,NA,A,01,0,0,2,0,0,0,0,0,0,-,-,33.13846,-117.15625,SAN DIEGO,SAN MARCOS,-117.15702289,33.13817795
6455049,2014,2014-07-14,3700,2014-04-02,1406,SH2505,NA,3,5,5,3712,0,0,0,NA,0,358,RANCHO SANTA FE RD,SECURITY PL,121,S,N,A,-,N,NA,NA,NA,NA,NA,NA,NA,NA,NA,Y,4,0,1,2,A,-,09,21801,A,N,D,C,A,A,H,-,A,B,0,NA,NA,Y,NA,Y,NA,A,01,0,0,1,0,0,0,0,0,1,-,-,NA,NA,SAN DIEGO,SAN MARCOS,-117.2066608,33.13399999
6425978,2014,2014-06-26,3705,2014-02-28,1801,EC0288,NA,5,5,5,3705,0,0,0,NA,0,008,CHASE,AVOCADO,120,W,N,C,-,N,NA,NA,NA,NA,NA,NA,NA,NA,NA,Y,4,0,1,2,A,-,03,22350,NA,N,C,C,A,B,H,-,C,D,0,NA,NA,NA,NA,Y,NA,A,01,0,0,1,0,0,0,0,0,0,-,-,NA,NA,SAN DIEGO,EL CAJON,-116.95820904,32.78039
6455203,2014,2014-06-16,3700,2014-01-16,0842,SH2581,NA,4,5,3,3783,0,0,0,NA,0,273,LOMAS SANTA FE,CEDROS AV,0,NA,Y,A,-,N,NA,NA,NA,NA,NA,NA,NA,NA,NA,N,3,0,1,2,A,-,10,21950,A,N,G,B,B,A,H,-,A,A,0,Y,NA,NA,NA,Y,NA,A,01,0,1,0,0,1,0,0,0,0,-,-,NA,NA,SAN DIEGO,SOLANA BEACH,-117.27063006,32.99205002
6430284,2014,2015-11-07,9645,2014-03-09,2215,19563,NA,7,3,7,3711,0,1,1,NA,2,009,RT 805,RT 94,200,N,N,A,-,Y,SD,11,805,-,-,13.55,H,-,S,Y,4,0,2,3,A,-,04,21703,NA,N,C,C,A,A,H,-,D,D,1,NA,NA,NA,NA,Y,NA,A,08,0,0,2,0,0,0,0,0,0,-,-,32.71962,-117.10283,SAN DIEGO,SAN DIEGO,-117.10293598,32.71966637
6437271,2014,2014-07-01,9680,2014-03-02,1455,018104,NA,7,2,9,3700,0,2,4,NA,1,018,LOS COCHES RD,CAMINO CANADA,16,W,N,A,-,N,NA,NA,NA,NA,NA,NA,NA,NA,NA,N,3,0,1,2,A,-,01,23152,A,N,G,B,F,A,H,-,A,A,0,Y,NA,NA,NA,Y,Y,A,07,0,1,0,0,1,0,0,0,0,-,-,32.825920000000004,-116.90227,SAN DIEGO,UNINCORPORATED,-116.90157756,32.82556752
6439781,2014,2014-06-26,3711,2014-03-17,1710,6817,SAN D,1,5,7,3711,0,0,0,NA,0,438,REO DR,RANCHO HILLS DR,191,S,N,A,-,N,NA,NA,NA,NA,NA,NA,NA,NA,NA,Y,3,0,1,1,A,-,08,22107,NA,N,E,A,A,A,H,-,A,D,0,NA,NA,NA,NA,Y,NA,-,NA,0,1,0,0,0,0,0,0,0,-,-,NA,NA,SAN DIEGO,SAN DIEGO,-117.06129868,32.67183802
6560187,2014,2014-08-21,3711,2014-07-04,1740,7118,NA,5,5,7,3711,0,0,0,NA,0,813,MEADE AV,SWIFT AV,0,NA,Y,A,-,N,NA,NA,NA,NA,NA,NA,NA,NA,NA,Y,3,0,1,2,A,-,12,22450,A,N,D,C,A,A,H,-,A,A,0,NA,NA,NA,NA,Y,NA,-,NA,0,1,0,0,0,0,0,0,0,-,-,NA,NA,SAN DIEGO,SAN DIEGO,-117.11898009,32.75718007
6560551,2014,2014-08-29,3711,2014-06-22,1220,6815,SAN D,7,5,7,3711,0,0,0,NA,0,611,SPORTS ARENA BL,CAMINO DEL RIO W,240,W,N,A,-,N,NA,NA,NA,NA,NA,NA,NA,NA,NA,NA,4,0,1,3,A,-,08,22107,NA,N,D,C,A,A,H,-,A,D,0,NA,NA,NA,NA,Y,NA,-,NA,0,0,1,0,0,0,0,0,0,-,-,NA,NA,SAN DIEGO,SAN DIEGO,-117.20565496,32.75173939
6561489,2014,2014-08-28,3708,2014-07-01,1147,1210,400,2,5,5,3708,0,0,0,NA,0,001,HARBINSON AV,AMHERST ST,0,NA,Y,A,-,N,NA,NA,NA,NA,NA,NA,NA,NA,NA,N,3,0,1,2,A,-,12,22450,A,N,D,G,A,A,H,-,A,A,0,NA,Y,NA,NA,Y,NA,L,04,0,1,0,0,0,0,1,0,0,-,-,NA,NA,SAN DIEGO,LA MESA,-117.04137,32.76772004
6564425,2014,2014-08-22,3711,2014-07-08,0839,7061,NA,2,5,7,3711,0,0,0,NA,0,116,CLAIREMONT DR,BURGENER BL,528,W,N,A,-,N,NA,NA,NA,NA,NA,NA,NA,NA,NA,Y,4,0,1,2,A,-,08,22107,NA,N,D,C,A,A,H,-,A,D,0,NA,NA,NA,NA,Y,NA,-,NA,0,0,1,0,0,0,0,0,0,-,-,NA,NA,SAN DIEGO,SAN DIEGO,-117.19567183,32.79364011
6567096,2014,2016-05-21,9650,2014-07-21,1745,015531,NA,1,2,6,3710,0,1,3,NA,2,015,RT 78,EL CAMINIO REAL,3696,E,N,A,-,Y,SD,11,78,-,-,2.2,H,-,E,Y,4,0,1,4,A,-,03,22350,NA,N,C,C,A,A,H,-,A,D,1,NA,NA,NA,NA,Y,NA,A,07,0,0,1,0,0,0,0,0,0,-,-,33.18048,-117.30556,SAN DIEGO,OCEANSIDE,-117.31521317,33.18032945
6570377,2014,2014-08-26,3711,2014-07-17,2234,5813,MISSI,4,5,7,3711,0,0,0,NA,0,123,WEST MISSION BAY DR,QUIVIRA RD,2640,S,N,B,-,N,NA,NA,NA,NA,NA,NA,NA,NA,NA,Y,3,0,1,3,A,-,03,22350,NA,N,C,C,A,A,H,-,C,D,0,NA,NA,NA,NA,Y,NA,I,10,0,1,0,0,0,0,0,0,0,-,-,NA,NA,SAN DIEGO,SAN DIEGO,-117.23213581,32.76127304
6572824,2014,2014-09-08,3711,2014-07-17,1318,6756,NA,4,5,7,3711,0,0,0,NA,0,122,GARNET AV,MISSION BL,354,W,N,A,-,N,NA,NA,NA,NA,NA,NA,NA,NA,NA,N,4,0,1,3,A,-,03,22350,NA,N,C,C,A,A,H,-,A,D,0,NA,NA,NA,NA,Y,NA,-,NA,0,0,1,0,0,0,0,0,0,-,-,NA,NA,SAN DIEGO,SAN DIEGO,-117.25659409,32.79631349
6572859,2014,2014-09-02,3711,2014-07-23,1600,6935,NA,3,5,7,3711,0,0,0,NA,0,611,PACIFIC HWY,WITHERBY ST,600,N,N,A,-,N,NA,NA,NA,NA,NA,NA,NA,NA,NA,Y,3,0,1,1,D,-,00,NA,NA,N,B,I,A,A,H,-,A,D,0,NA,NA,NA,NA,Y,NA,-,-,0,1,0,0,0,0,0,0,0,-,-,NA,NA,SAN DIEGO,SAN DIEGO,-117.19516988,32.74539557
6577352,2014,2016-05-24,9650,2014-07-22,0913,015295,NA,2,1,9,3700,0,1,1,NA,2,023,RT 15,VIA RANCHO PKWY,990,S,N,A,-,Y,SD,11,15,-,M,26.8,H,-,S,Y,4,0,3,2,A,-,03,22350,NA,N,C,C,A,A,H,-,A,D,1,NA,NA,NA,Y,Y,NA,E,22,0,0,3,0,0,0,0,0,0,-,-,33.06665,-117.06934,SAN DIEGO,UNINCORPORATED,-117.06922782,33.0667976
6577834,2014,2016-05-20,9650,2014-07-18,1425,015830,NA,5,2,6,3710,0,1,1,NA,2,005,RT 5,CASSIDY ST,350,S,N,A,-,Y,SD,11,5,-,R,51.42,H,-,S,Y,4,0,1,2,A,-,03,22350,NA,N,C,C,A,A,H,-,-,D,1,NA,NA,NA,NA,Y,NA,A,01,0,0,1,0,0,0,0,0,0,-,-,33.17962,-117.35365,SAN DIEGO,OCEANSIDE,-117.353565,33.17956755
6579656,2014,2014-09-15,3700,2014-04-12,1124,SH7713,NA,6,5,4,3720,0,0,0,NA,0,602,BROADWAY,OLIVE ST,0,NA,Y,A,-,N,NA,NA,NA,NA,NA,NA,NA,NA,NA,N,4,0,1,2,A,-,07,21658,A,N,B,C,A,A,H,-,A,D,0,NA,NA,NA,NA,Y,NA,A,07,0,0,1,0,0,0,0,0,0,-,-,NA,NA,SAN DIEGO,LEMON GROVE,-117.03213005,32.74263002
6583447,2014,2014-08-19,3705,2014-07-24,1830,EC0288,NA,4,5,5,3705,0,0,0,NA,0,010,EAST MAIN ST,MAGNOLIA,225,E,N,A,-,N,NA,NA,NA,NA,NA,NA,NA,NA,NA,N,4,0,1,2,A,-,03,22350,NA,N,C,C,A,A,H,-,A,A,0,NA,NA,NA,NA,Y,NA,A,01,0,0,1,0,0,0,0,0,0,-,-,NA,NA,SAN DIEGO,EL CAJON,-116.96162043,32.79495
6583450,2014,2014-08-19,9680,2014-07-26,1315,017996,NA,6,1,9,3700,0,3,5,NA,2,002,SAN FRANCISCO ST,FELICITA AV,0,NA,Y,A,-,N,NA,NA,NA,NA,NA,NA,NA,NA,NA,N,3,0,2,2,A,-,09,21802,A,N,D,C,A,A,H,-,A,A,0,NA,NA,Y,NA,Y,NA,O,05,0,2,0,0,0,0,0,0,1,-,-,NA,NA,SAN DIEGO,UNINCORPORATED,-117.00087,32.70981011
6583505,2014,2014-08-18,9680,2014-07-28,1325,020249,NA,1,1,9,3700,0,3,5,NA,2,005,ALTA VISTA DR,ROYAL DR,800,N,N,A,-,N,NA,NA,NA,NA,NA,NA,NA,NA,NA,Y,3,0,2,2,A,-,17,21662,A,N,A,C,A,A,H,-,A,D,0,NA,NA,NA,NA,Y,NA,A,01,0,2,0,0,0,0,0,0,0,-,-,33.06635,-116.57767,SAN DIEGO,UNINCORPORATED,-116.57685306,33.06563625
6585820,2014,2016-05-24,9645,2014-07-26,0000,019712,NA,6,3,7,3711,0,1,1,NA,2,005,RT 5,WASHINGTON AV,584,S,N,B,-,Y,SD,11,5,-,R,18.17,H,-,N,Y,4,0,1,2,A,-,01,23152,A,N,C,C,A,A,H,-,C,D,1,NA,NA,NA,NA,Y,Y,A,01,0,0,1,0,0,0,0,0,0,-,-,32.74212,-117.18116,SAN DIEGO,SAN DIEGO,-117.18042632,32.74153717
6587833,2014,2014-09-03,3702,2014-06-19,1856,CV0534,NA,4,5,6,3702,0,0,0,NA,0,032,OLYMPIC PKWY,WUESTE RD,120,E,N,A,-,N,NA,NA,NA,NA,NA,NA,NA,NA,NA,N,3,0,1,2,A,-,08,22107,NA,N,B,G,A,A,H,-,A,D,0,NA,Y,NA,NA,Y,NA,A,01,0,1,0,0,0,0,1,0,0,-,-,NA,NA,SAN DIEGO,CHULA VISTA,-116.93525,32.6333
6592107,2014,2014-09-02,3705,2014-07-27,2241,EC0281,NA,7,5,5,3705,0,0,0,NA,0,007,E MAIN,SYDNEY TER,0,NA,Y,A,-,N,NA,NA,NA,NA,NA,NA,NA,NA,NA,Y,4,0,1,1,A,-,01,23152,B,N,E,I,A,A,H,-,C,D,0,NA,NA,NA,NA,Y,Y,A,01,0,0,1,0,0,0,0,0,0,-,-,NA,NA,SAN DIEGO,EL CAJON,-116.91496008,32.81782009
6592943,2014,2016-05-21,9650,2014-07-31,1545,017743,NA,4,2,5,3712,0,1,3,NA,2,019,RT 78,EAST MISSION RD,450,W,N,A,-,Y,SD,11,78,-,-,14.9,H,-,E,Y,4,0,1,3,A,-,03,22350,NA,N,C,C,A,A,H,-,A,D,1,NA,NA,Y,NA,Y,NA,A,01,0,0,1,0,0,0,0,0,0,-,-,33.13483,-117.13016,SAN DIEGO,SAN MARCOS,-117.13090094,33.13500253
6593024,2014,2014-09-04,9650,2014-08-02,1803,015654,NA,6,2,9,3700,0,2,4,NA,2,061,EAST MISSION RD,MACADAMIA DR,1584,W,N,C,-,N,NA,NA,NA,NA,NA,NA,NA,NA,NA,Y,4,0,4,2,A,-,03,22350,NA,N,E,I,A,B,H,-,A,D,0,NA,NA,NA,NA,Y,NA,A,01,0,0,4,0,0,0,0,0,0,-,-,33.39362,-117.21015,SAN DIEGO,UNINCORPORATED,-117.20990875,33.39376617
6597001,2014,2014-10-23,3706,2014-08-05,1810,ES0479,NA,2,5,6,3706,0,0,0,NA,0,099,SUMMIT DR,LOUISE LN,462,S,N,A,-,N,NA,NA,NA,NA,NA,NA,NA,NA,NA,N,4,0,1,2,A,-,05,21460,A,N,B,C,A,A,H,-,A,D,0,NA,NA,NA,NA,Y,NA,D,22,0,0,1,0,0,0,0,0,0,-,-,NA,NA,SAN DIEGO,ESCONDIDO,NA,NA
6600105,2014,2014-09-12,3710,2014-07-27,1635,OC0778,NA,7,5,6,3710,0,0,0,NA,0,011,MISSION,MESA,0,NA,Y,A,-,N,NA,NA,NA,NA,NA,NA,NA,NA,NA,Y,4,0,2,2,A,-,12,21453,A,N,D,C,A,A,H,-,A,A,0,NA,NA,NA,NA,Y,NA,A,01,0,0,2,0,0,0,0,0,0,-,-,NA,NA,SAN DIEGO,OCEANSIDE,-117.35927011,33.20856009
6601186,2014,2014-09-04,3711,2014-08-16,1735,4654,NA,6,5,7,3711,0,0,0,NA,0,321,FRIARS RD,SANTO RD,0,NA,Y,A,-,N,NA,NA,NA,NA,NA,NA,NA,NA,NA,Y,4,0,1,2,A,-,12,21453,A,N,D,C,A,A,H,-,A,A,0,NA,NA,NA,NA,Y,NA,-,NA,0,0,1,0,0,0,0,0,0,-,-,NA,NA,SAN DIEGO,SAN DIEGO,-117.10512005,32.79036006
6601440,2014,2016-05-21,9680,2014-08-15,1825,017389,NA,5,2,9,3700,0,1,3,NA,2,027,RT 94,COLLEGE AV,100,E,N,A,-,Y,SD,11,94,-,-,7.75,H,-,W,Y,4,0,2,3,A,-,07,21658,A,N,B,C,A,A,H,-,A,D,1,NA,NA,Y,NA,Y,NA,C,02,0,0,2,0,0,0,0,0,1,-,-,32.74171,-117.05117,SAN DIEGO,UNINCORPORATED,-117.05093641,32.74197393
6601607,2014,2016-05-28,9680,2014-08-16,0215,019998,NA,6,3,5,3705,0,1,1,NA,2,082,RT 8,MOLLISON AV,405,E,N,A,-,Y,SD,11,8,-,-,16.56,H,-,E,Y,3,0,1,1,A,-,01,23152,A,N,E,I,A,A,H,-,C,D,1,NA,NA,NA,NA,Y,Y,A,01,0,1,0,0,0,0,0,0,0,-,-,32.80305,-116.94075,SAN DIEGO,EL CAJON,-116.9494282,32.80295063
6601627,2014,2014-09-09,3701,2014-08-26,0705,5302,3701,2,5,5,3701,0,0,0,NA,0,003,TAMARACK AV,VALLEY ST,45,W,N,A,-,N,NA,NA,NA,NA,NA,NA,NA,NA,NA,Y,3,0,2,2,A,-,03,22350,NA,N,C,C,A,A,H,-,A,D,0,NA,NA,NA,NA,Y,NA,A,01,0,1,1,0,0,0,0,0,0,-,-,NA,NA,SAN DIEGO,CARLSBAD,-117.32720658,33.15617
6601731,2014,2014-09-10,3711,2014-08-23,1841,7080,NA,6,5,7,3711,0,0,0,NA,0,451,COLLEGE AV,COLLEGE GROVE DR,0,NA,Y,A,-,N,NA,NA,NA,NA,NA,NA,NA,NA,NA,Y,4,0,1,2,A,-,12,21453,A,N,D,C,A,A,H,-,A,A,0,NA,NA,NA,NA,Y,NA,-,NA,0,0,1,0,0,0,0,0,0,-,-,NA,NA,SAN DIEGO,SAN DIEGO,-117.05364013,32.74436008
6606399,2015,2016-01-29,3700,2015-09-25,2353,SH2560,NA,5,5,5,3713,0,0,0,NA,0,316,SYCAMORE AV,UNIVERSITY DR,440,N,N,A,-,N,NA,NA,NA,NA,NA,NA,NA,NA,NA,N,1,1,1,3,A,-,11,21954,A,F,G,B,E,A,H,-,D,D,0,Y,NA,NA,NA,Y,NA,N,60,0,0,1,1,1,0,0,0,0,-,-,NA,NA,SAN DIEGO,VISTA,-117.21179083,33.17058891
6607796,2014,2016-05-25,9645,2014-08-26,0645,12503,NA,2,1,7,3711,0,1,1,NA,2,010,RT 8,RT 163,6,S,N,A,-,Y,SD,11,8,-,-,2.347,R,1,E,Y,3,0,1,1,A,-,08,22107,NA,N,F,I,A,A,H,-,A,D,1,NA,NA,NA,NA,Y,NA,A,07,0,1,0,0,0,0,0,0,0,TO,-,32.76289,-117.16171,SAN DIEGO,SAN DIEGO,-117.16472343,32.76190473
6608072,2014,2014-09-09,3711,2014-08-22,0349,7187,NA,5,5,7,3711,0,0,0,NA,0,327,COLLEGE AV,LINDO PASEO,360,N,N,A,-,N,NA,NA,NA,NA,NA,NA,NA,NA,NA,N,3,0,1,2,A,-,09,21804,A,N,D,C,A,A,H,-,C,A,0,NA,NA,NA,NA,Y,NA,-,NA,0,1,0,0,0,0,0,0,0,-,-,NA,NA,SAN DIEGO,SAN DIEGO,-117.06989597,32.77261156
6612595,2014,2014-09-30,3711,2014-08-30,1540,5611,NA,6,5,7,3711,0,0,0,NA,0,243,MIRAMAR RD,CAMINO RUIZ,1056,W,N,A,-,N,NA,NA,NA,NA,NA,NA,NA,NA,NA,Y,4,0,2,2,A,-,09,21801,A,N,D,C,A,A,H,-,A,D,0,NA,NA,NA,NA,Y,NA,A,01,0,0,2,0,0,0,0,0,0,-,-,NA,NA,SAN DIEGO,SAN DIEGO,-117.13703003,32.89309269
6613038,2014,2014-09-19,3709,2014-08-21,1503,479,NATIO,4,5,5,3709,0,0,0,NA,0,023,EAST 18TH ST,O AV,71,W,N,A,-,N,NA,NA,NA,NA,NA,NA,NA,NA,NA,N,3,0,1,2,A,-,04,21703,NA,N,C,G,A,A,H,-,A,D,0,NA,Y,NA,NA,Y,NA,L,04,0,1,0,0,0,0,1,0,0,-,-,NA,NA,SAN DIEGO,NATIONAL CITY,-117.08841663,32.6714448
6613686,2014,2016-01-05,3711,2014-07-03,0916,5450,NA,4,5,7,3711,0,0,0,NA,0,121,WEST MISSION BAY DR,MISSION BL,230,E,N,A,-,N,NA,NA,NA,NA,NA,NA,NA,NA,NA,N,3,0,1,2,A,-,05,21650,1,N,D,G,A,A,H,-,A,D,0,NA,Y,NA,NA,Y,NA,L,04,0,1,0,0,0,0,1,0,0,-,-,NA,NA,SAN DIEGO,SAN DIEGO,-117.2503844,32.77205375
6614844,2014,2014-09-16,3700,2014-08-18,1604,SH5482,NA,1,5,5,3713,0,0,0,NA,0,314,CIVIC CENTER DR,SOUTH SANTA FE AV,0,NA,Y,A,-,N,NA,NA,NA,NA,NA,NA,NA,NA,NA,Y,4,0,2,2,A,-,03,22350,NA,N,C,C,A,A,H,-,A,A,0,NA,NA,NA,NA,Y,NA,A,07,0,0,2,0,0,0,0,0,0,-,-,NA,NA,SAN DIEGO,VISTA,-117.23434005,33.19388011
6616263,2014,2014-09-19,3710,2014-08-15,1655,OC1333,NA,5,5,6,3710,0,0,0,NA,0,030,VISTA,COLLEGE,0,NA,Y,A,-,N,NA,NA,NA,NA,NA,NA,NA,NA,NA,N,3,0,2,2,A,-,08,22100,A,N,C,C,A,A,H,-,A,A,0,NA,NA,Y,NA,Y,NA,C,02,0,2,0,0,0,0,0,0,2,-,-,NA,NA,SAN DIEGO,OCEANSIDE,-117.2965001,33.18400011
6616411,2014,2014-09-27,3701,2014-08-29,0740,5470,79,5,5,5,3701,0,0,0,NA,0,006,PALOMAR AIRPORT RD,CAMINO VIDA ROBLE,0,NA,Y,A,-,N,NA,NA,NA,NA,NA,NA,NA,NA,NA,Y,4,0,1,2,A,-,-,NA,NA,N,D,C,A,A,H,-,A,A,0,NA,NA,NA,NA,Y,NA,D,22,0,0,1,0,0,0,0,0,0,-,-,NA,NA,SAN DIEGO,CARLSBAD,-117.28180002,33.12028006
6619724,2014,2016-05-24,9650,2014-08-31,1610,015276,NA,7,2,9,3700,0,3,5,NA,2,213,RT 76,RED GATE RD,465,W,N,A,-,Y,SD,11,76,-,-,36.87,H,-,W,Y,2,0,4,1,A,-,01,23152,A,N,E,I,A,A,H,-,A,D,0,NA,NA,NA,NA,Y,Y,D,22,1,3,0,0,0,0,0,0,0,-,-,33.29981,-116.91442,SAN DIEGO,UNINCORPORATED,-116.9142919,33.29984584