CASE_ID,ACCIDENT_YEAR,PROC_DATE,JURIS,COLLISION_DATE,COLLISION_TIME,OFFICER_ID,REPORTING_DISTRICT,DAY_OF_WEEK,CHP_SHIFT,POPULATION,CNTY_CITY_LOC,SPECIAL_COND,BEAT_TYPE,CHP_BEAT_TYPE,CITY_DIVISION_LAPD,CHP_BEAT_CLASS,BEAT_NUMBER,PRIMARY_RD,SECONDARY_RD,DISTANCE,DIRECTION,INTERSECTION,WEATHER_1,WEATHER_2,STATE_HWY_IND,CALTRANS_COUNTY,CALTRANS_DISTRICT,STATE_ROUTE,ROUTE_SUFFIX,POSTMILE_PREFIX,POSTMILE,LOCATION_TYPE,RAMP_INTERSECTION,SIDE_OF_HWY,TOW_AWAY,COLLISION_SEVERITY,NUMBER_KILLED,NUMBER_INJURED,PARTY_COUNT,PRIMARY_COLL_FACTOR,PCF_CODE_OF_VIOL,PCF_VIOL_CATEGORY,PCF_VIOLATION,PCF_VIOL_SUBSECTION,HIT_AND_RUN,TYPE_OF_COLLISION,MVIW,PED_ACTION,ROAD_SURFACE,ROAD_COND_1,ROAD_COND_2,LIGHTING,CONTROL_DEVICE,CHP_ROAD_TYPE,PEDESTRIAN_ACCIDENT,BICYCLE_ACCIDENT,MOTORCYCLE_ACCIDENT,TRUCK_ACCIDENT,NOT_PRIVATE_PROPERTY,ALCOHOL_INVOLVED,STWD_VEHTYPE_AT_FAULT,CHP_VEHTYPE_AT_FAULT,COUNT_SEVERE_INJ,COUNT_VISIBLE_INJ,COUNT_COMPLAINT_PAIN,COUNT_PED_KILLED,COUNT_PED_INJURED,COUNT_BICYCLIST_KILLED,COUNT_BICYCLIST_INJURED,COUNT_MC_KILLED,COUNT_MC_INJURED,PRIMARY_RAMP,SECONDARY_RAMP,LATITUDE,LONGITUDE,COUNTY,CITY,POINT_X,POINT_Y
6708429,2014,2015-01-07,3706,2014-11-01,1141,ES1603,NA,6,5,6,3706,0,0,0,NA,0,054,GRAND AV,HARDIN,0,NA,Y,A,-,N,NA,NA,NA,NA,NA,NA,NA,NA,NA,Y,4,0,2,2,A,-,03,22350,NA,N,C,D,A,A,H,-,A,A,0,NA,NA,NA,NA,Y,NA,A,01,0,0,2,0,0,0,0,0,0,-,-,NA,NA,SAN DIEGO,ESCONDIDO,-117.34548993,33.16303005
6718529,2015,2017-05-09,3701,2015-05-10,0530,5191,110,7,5,5,3701,0,0,0,NA,0,008,RANCHO SANTA FE RD,CAMINO JUNIPERO,523,N,N,A,-,N,NA,NA,NA,NA,NA,NA,NA,NA,NA,Y,1,1,1,1,A,-,01,23152,E,N,E,I,A,A,H,-,B,D,0,NA,NA,NA,NA,Y,NA,A,01,1,0,0,0,0,0,0,0,0,-,-,33.08898,-117.22529,SAN DIEGO,CARLSBAD,-117.22538913,33.08889217
6721199,2014,2015-01-15,9680,2014-11-16,1820,020249,NA,7,2,9,3700,0,1,3,NA,1,052,RT 78,SUTHERLAND DAM RD,8976,W,N,A,-,Y,NA,NA,78,NA,NA,NA,NA,NA,NA,Y,3,0,2,1,A,-,08,22107,NA,N,E,I,A,A,H,-,D,D,0,NA,NA,NA,NA,Y,NA,A,08,0,1,1,0,0,0,0,0,0,-,-,33.0667,-116.80917,SAN DIEGO,UNINCORPORATED,-116.80907949,33.06671905
6721315,2014,2015-01-12,9650,2014-11-09,0356,018931,NA,7,3,5,3712,0,1,3,NA,2,019,RT 78,SAN MARCOS BL,1056,W,N,A,-,Y,NA,NA,78,NA,NA,NA,NA,NA,NA,Y,4,0,1,1,A,-,01,23152,A,N,F,A,A,A,H,-,D,D,0,NA,NA,NA,NA,Y,Y,A,01,0,0,1,0,0,0,0,0,0,-,-,33.13977,-117.18198,SAN DIEGO,SAN MARCOS,-117.18198113,33.1397668
6721771,2014,2015-01-13,3711,2014-11-18,0522,7195,SANDI,2,5,7,3711,0,0,0,NA,0,451,COLLEGE GROVE DR,CAMINITO CHOLLAS,181,W,N,A,-,N,NA,NA,NA,NA,NA,NA,NA,NA,NA,N,2,0,1,2,A,-,11,21954,A,N,G,B,E,A,H,-,C,D,0,Y,NA,NA,NA,Y,NA,N,60,1,0,0,0,1,0,0,0,0,-,-,NA,NA,SAN DIEGO,SAN DIEGO,-117.07203745,32.73587863
6721799,2014,2015-01-22,3711,2014-11-23,1057,7131,SDSUP,7,5,7,3711,0,0,0,NA,0,115,GENESEE AV,CENTURION SQ,41,S,N,A,-,N,NA,NA,NA,NA,NA,NA,NA,NA,NA,Y,4,0,1,3,A,-,03,22350,NA,N,C,C,A,A,H,-,A,A,0,NA,NA,NA,NA,Y,NA,-,NA,0,0,1,0,0,0,0,0,0,-,-,NA,NA,SAN DIEGO,SAN DIEGO,-117.20944226,32.86103394
6724542,2014,2016-06-18,9680,2014-11-19,1850,019490,NA,3,2,9,3700,0,3,5,NA,2,002,RT 54,E CHASE AV,195,S,N,A,-,Y,SD,11,54,-,T,13.67,H,-,E,Y,4,0,2,3,A,-,01,23152,A,N,C,C,A,A,H,-,C,A,0,NA,NA,NA,NA,Y,Y,A,01,0,0,2,0,0,0,0,0,0,-,-,32.76854,-116.92782,SAN DIEGO,UNINCORPORATED,-116.92789693,32.76820057
6729891,2014,2015-01-14,3701,2014-11-19,1937,5208,49,3,5,5,3701,0,0,0,NA,0,005,EL CAMINIO REAL,RANCHO CARLSBAD DR,0,NA,Y,A,-,N,NA,NA,NA,NA,NA,NA,NA,NA,NA,Y,3,0,2,2,A,-,12,21453,A,N,A,C,A,A,H,-,C,A,0,NA,NA,NA,NA,Y,NA,A,01,0,1,1,0,0,0,0,0,0,-,-,NA,NA,SAN DIEGO,CARLSBAD,-117.28956004,33.14666012
6730609,2014,2015-01-23,3706,2014-11-20,1331,ES0318,NA,4,5,6,3706,0,0,0,NA,0,042,WASHINGTON AV,ESCONDIDO BL,46,E,N,A,-,N,NA,NA,NA,NA,NA,NA,NA,NA,NA,Y,4,0,2,3,A,-,03,22350,NA,F,C,C,A,A,H,-,A,A,0,NA,NA,NA,NA,Y,NA,A,01,0,0,2,0,0,0,0,0,0,-,-,NA,NA,SAN DIEGO,ESCONDIDO,-117.08779952,33.12575362
6731853,2014,2015-02-17,3711,2014-12-09,1035,7204,NA,2,5,7,3711,0,0,0,NA,0,626,WEST WASHINGTON ST,DOVE ST,15,E,N,A,-,N,NA,NA,NA,NA,NA,NA,NA,NA,NA,N,4,0,1,2,A,-,10,21950,A,N,G,B,B,A,H,-,A,A,0,Y,NA,NA,NA,Y,NA,-,NA,0,0,1,0,1,0,0,0,0,-,-,NA,NA,SAN DIEGO,SAN DIEGO,-117.16860139,32.74992111
6735117,2014,2015-02-06,3710,2014-12-24,1720,OC1274,NA,3,5,6,3710,0,0,0,NA,0,025,OCEANSIDE BL,CORPORATE CENTER DR,380,W,N,A,-,N,NA,NA,NA,NA,NA,NA,NA,NA,NA,Y,4,0,1,1,A,-,07,21658,A,N,E,I,A,A,H,-,C,D,0,NA,NA,NA,NA,Y,NA,A,01,0,0,1,0,0,0,0,0,0,-,-,NA,NA,SAN DIEGO,OCEANSIDE,-117.30679768,33.20374682
6737154,2014,2015-01-23,9650,2014-11-30,0823,015302,NA,7,1,9,3700,0,3,5,NA,2,070,EL MONTEVIDEO,MIMULUS,100,N,N,A,-,N,NA,NA,NA,NA,NA,NA,NA,NA,NA,Y,3,0,1,1,A,-,08,22107,NA,N,E,I,A,A,H,-,A,D,0,NA,NA,NA,NA,Y,NA,A,07,0,1,0,0,0,0,0,0,0,-,-,33.03177,-117.19257,SAN DIEGO,UNINCORPORATED,-117.19236734,33.03150105
6737215,2014,2015-01-30,9645,2014-12-04,0440,17723,NA,4,3,5,3709,0,1,1,NA,2,009,RT 805,18TH ST,200,S,N,C,-,Y,NA,NA,805,NA,NA,NA,NA,NA,NA,NA,3,0,1,2,A,-,03,22350,NA,N,C,C,A,B,G,-,C,D,0,NA,NA,NA,NA,Y,NA,A,01,0,1,0,0,0,0,0,0,0,-,-,32.6733,-117.0829,SAN DIEGO,NATIONAL CITY,-117.0829804,32.67326855
6737487,2014,2015-01-20,3711,2014-11-28,1039,5983,NA,5,5,7,3711,0,0,0,NA,0,832,EL CAJON BL,MARLBOROUGH AV,90,W,N,A,-,N,NA,NA,NA,NA,NA,NA,NA,NA,NA,N,3,0,2,2,A,-,03,22350,NA,N,C,C,A,A,H,-,A,A,0,NA,NA,NA,NA,Y,NA,A,01,0,1,1,0,0,0,0,0,0,-,-,NA,NA,SAN DIEGO,SAN DIEGO,-117.10644167,32.75522556
6738341,2014,2015-01-20,9680,2014-11-23,0650,015972,NA,7,1,5,3705,0,1,3,NA,2,016,RT 67,BROADWAY,103,N,N,A,-,Y,NA,NA,67,NA,NA,NA,NA,NA,NA,Y,4,0,1,1,C,-,18,NA,NA,N,E,I,A,A,H,-,A,D,0,NA,NA,NA,NA,Y,NA,-,-,0,0,1,0,0,0,0,0,0,-,-,32.80775,-116.96214,SAN DIEGO,EL CAJON,-116.96222981,32.8077599
6738676,2014,2015-01-29,3711,2014-12-06,1801,7234,SANDI,6,5,7,3711,0,0,0,NA,0,111,CLAIREMONT MESA BL,LIMERICK AV,255,W,N,A,-,N,NA,NA,NA,NA,NA,NA,NA,NA,NA,Y,4,0,1,3,A,-,03,22350,NA,N,C,C,A,A,H,-,D,A,0,NA,NA,NA,NA,Y,NA,A,01,0,0,1,0,0,0,0,0,0,-,-,NA,NA,SAN DIEGO,SAN DIEGO,-117.17957511,32.83435
6738990,2014,2015-01-20,3711,2014-11-20,1120,4957,NA,4,5,7,3711,0,0,0,NA,0,234,MATURIN DR,BERNARDO CENTER DR,46,E,N,A,-,N,NA,NA,NA,NA,NA,NA,NA,NA,NA,Y,4,0,1,2,A,-,09,21804,A,N,D,C,A,A,H,-,A,D,0,NA,NA,NA,NA,Y,NA,-,NA,0,0,1,0,0,0,0,0,0,-,-,NA,NA,SAN DIEGO,SAN DIEGO,-117.09091642,33.00572552
6739029,2014,2015-01-20,3711,2014-11-22,1143,7199,NA,6,5,7,3711,0,0,0,NA,0,836,FAIRMOUNT AV,OLIVE ST,60,N,N,A,-,N,NA,NA,NA,NA,NA,NA,NA,NA,NA,N,4,0,1,2,A,-,04,21703,NA,N,C,C,A,A,H,-,A,A,0,NA,NA,NA,NA,Y,NA,-,NA,0,0,1,0,0,0,0,0,0,-,-,NA,NA,SAN DIEGO,SAN DIEGO,-117.10102807,32.73531434
6739390,2014,2015-01-20,9645,2014-11-21,1740,17499,NA,5,2,7,3711,0,1,1,NA,2,001,RT 5,PALM AV,2000,N,N,A,-,Y,NA,NA,5,NA,NA,NA,NA,NA,NA,Y,4,0,1,3,A,-,07,21658,A,N,B,C,A,A,H,-,C,D,0,NA,NA,NA,NA,Y,NA,A,01,0,0,1,0,0,0,0,0,0,TO,-,32.58662,-117.08785,SAN DIEGO,SAN DIEGO,-117.08771605,32.58662852
6741778,2014,2015-01-29,3709,2014-12-08,0139,415,NA,1,5,5,3709,0,0,0,NA,0,023,18TH ST,N AV,260,E,N,A,-,N,NA,NA,NA,NA,NA,NA,NA,NA,NA,N,3,0,1,2,A,-,01,23152,A,N,C,E,A,A,H,-,C,D,0,NA,NA,NA,NA,Y,Y,A,01,0,1,0,0,0,0,0,0,0,-,-,NA,NA,SAN DIEGO,NATIONAL CITY,-117.08843671,32.67143876
6743810,2014,2015-01-09,3700,2014-10-31,1104,SH4791,NA,5,5,2,3704,0,0,0,NA,0,294,CAMINO DEL MAR,15TH ST,90,N,N,A,-,N,NA,NA,NA,NA,NA,NA,NA,NA,NA,N,3,0,1,2,A,-,17,22517,NA,F,D,G,A,A,H,-,A,D,0,NA,Y,NA,NA,Y,NA,D,22,0,1,0,0,0,0,1,0,0,-,-,NA,NA,SAN DIEGO,DEL MAR,-117.26536108,32.95984593
6744726,2014,2015-01-26,3700,2014-11-26,1530,SH4541,NA,3,5,5,3712,0,0,0,NA,0,355,LAS POSAS RD,LINDA VISTA DR,0,NA,Y,A,-,N,NA,NA,NA,NA,NA,NA,NA,NA,NA,Y,3,0,1,2,A,-,01,23152,A,N,B,C,A,A,H,-,A,D,0,NA,NA,Y,NA,Y,Y,C,02,0,1,0,0,0,0,0,0,1,-,-,NA,NA,SAN DIEGO,SAN MARCOS,-117.1945401,33.13725009
6745239,2014,2014-12-29,3700,2014-10-18,2129,SH2573,NA,6,5,3,3783,0,0,0,NA,0,273,STEVENS  AV,LOMAS SANTA FE DR,261,S,N,A,-,N,NA,NA,NA,NA,NA,NA,NA,NA,NA,N,2,0,1,2,A,-,03,22350,NA,F,C,G,A,A,H,-,C,A,0,NA,Y,NA,NA,Y,Y,A,01,1,0,0,0,0,0,1,0,0,-,-,NA,NA,SAN DIEGO,SOLANA BEACH,-117.26244405,32.99543875
6745246,2014,2014-12-30,3700,2014-10-18,0926,SH1627,NA,6,5,5,3782,0,0,0,NA,0,214,LEUCADIA BL,NORTH VULCAN AV,6,E,N,A,-,N,NA,NA,NA,NA,NA,NA,NA,NA,NA,N,3,0,1,2,A,-,10,21950,A,N,G,B,B,A,H,-,A,A,0,Y,NA,NA,NA,Y,NA,A,01,0,1,0,0,1,0,0,0,0,-,-,NA,NA,SAN DIEGO,ENCINITAS,-117.30167101,33.0644438
6745485,2014,2015-01-20,9645,2014-11-22,1325,14922,NA,6,1,7,3711,0,1,1,NA,2,009,RT 905,RT 805,125,E,N,A,-,Y,NA,NA,905,NA,NA,NA,NA,NA,NA,Y,3,0,1,1,A,-,03,22350,NA,N,E,I,A,A,H,-,A,D,0,NA,NA,NA,NA,Y,NA,A,01,0,1,0,0,0,0,0,0,0,TO,-,32.56831,-117.04083,SAN DIEGO,SAN DIEGO,-117.04082927,32.56837761
6749547,2014,2015-02-04,9680,2014-12-02,1815,017389,NA,2,2,9,3700,0,1,3,NA,1,023,RT 94,COLLEGE AV,528,W,N,C,-,Y,NA,NA,NA,NA,NA,NA,NA,NA,NA,Y,4,0,1,1,A,-,08,22107,NA,N,E,I,A,B,H,-,D,D,0,NA,NA,NA,NA,Y,NA,D,22,0,0,1,0,0,0,0,0,0,-,-,32.73919,-117.05401,SAN DIEGO,UNINCORPORATED,-117.05208339,32.74105551
6750066,2014,2015-02-05,3711,2014-12-21,1820,6146,NA,7,5,7,3711,0,0,0,NA,0,233,BLACK MOUNTAIN RD,OVIEDO ST,430,S,N,A,-,N,NA,NA,NA,NA,NA,NA,NA,NA,NA,Y,4,0,3,3,A,-,03,22350,NA,M,C,C,A,A,H,-,C,A,0,NA,NA,NA,NA,Y,NA,D,22,0,0,3,0,0,0,0,0,0,-,-,NA,NA,SAN DIEGO,SAN DIEGO,-117.12893795,32.96719446
6750676,2014,2015-02-06,3711,2014-12-13,1030,NA,NA,6,5,7,3711,0,0,0,NA,0,122,GRAND AV,HAINES ST,0,NA,Y,A,-,N,NA,NA,NA,NA,NA,NA,NA,NA,NA,Y,4,0,2,2,A,-,09,21802,A,N,D,C,A,A,H,-,A,D,0,NA,NA,NA,NA,Y,NA,A,01,0,0,2,0,0,0,0,0,0,-,-,NA,NA,SAN DIEGO,SAN DIEGO,-117.24213003,32.79752005
6750876,2015,2016-10-04,9645,2015-01-05,1848,018697,NA,1,2,7,3711,0,1,1,NA,2,011,RT 805,ORANGE AV,198,S,N,A,-,Y,SD,11,805,-,-,16.26,H,-,S,Y,3,0,1,3,A,-,03,22350,NA,N,B,C,A,A,H,-,C,D,1,NA,NA,NA,NA,Y,NA,-,NA,0,1,0,0,0,0,0,0,0,-,-,32.75235,-117.12425,SAN DIEGO,SAN DIEGO,-117.12427619,32.75288134
6752338,2014,2015-01-09,9650,2014-12-15,2025,12835,NA,1,2,9,3700,0,1,1,NA,2,003,RT 5,ALISO CREEK REST AREA,2729,N,N,A,-,Y,NA,NA,NA,NA,NA,NA,NA,NA,NA,Y,3,0,2,1,A,-,08,22107,NA,N,E,I,A,A,H,-,D,D,0,NA,NA,NA,NA,Y,NA,A,01,0,2,0,0,0,0,0,0,0,-,-,NA,NA,SAN DIEGO,UNINCORPORATED,NA,NA
6753064,2015,2016-10-04,9645,2015-01-01,0800,18936,NA,4,1,7,3711,0,1,1,NA,2,009,RT 805,PALM AV,1056,S,N,A,-,Y,SD,11,805,-,-,2.7,H,-,N,Y,4,0,1,2,A,-,03,22350,NA,N,C,C,A,A,H,-,A,D,1,NA,NA,NA,NA,Y,Y,D,22,0,0,1,0,0,0,0,0,0,-,-,32.5783,-117.0381,SAN DIEGO,SAN DIEGO,-117.03757004,32.58093702
6755575,2014,2015-02-04,9645,2014-12-23,1055,18393,NA,2,1,7,3711,0,1,1,NA,2,011,RT 805,ADAMS AV,400,S,N,A,-,Y,NA,NA,805,NA,NA,NA,NA,NA,NA,Y,4,0,2,3,A,-,03,22350,NA,N,C,C,A,A,H,-,A,D,0,NA,NA,NA,NA,Y,NA,A,01,0,0,2,0,0,0,0,0,0,-,-,32.76133,-117.12666,SAN DIEGO,SAN DIEGO,-117.12673764,32.76130748
6755579,2014,2015-02-04,9645,2014-12-18,1800,19033,NA,4,2,7,3711,0,1,1,NA,2,017,RT 15,MIRA MESA BL,682,N,N,A,-,Y,NA,NA,15,NA,NA,NA,NA,NA,NA,Y,3,0,1,1,A,-,03,22350,NA,N,F,A,A,A,H,-,C,D,0,NA,NA,Y,NA,Y,NA,C,02,0,1,0,0,0,0,0,0,1,-,-,32.92277,-117.11565,SAN DIEGO,SAN DIEGO,-117.11539067,32.92271572
6758604,2014,2015-01-30,9680,2014-12-16,1010,16598,NA,2,1,9,3700,0,2,4,NA,1,013,WILDCAT CANYON RD,OLD BARONA RD,15840,N,N,B,-,N,NA,NA,NA,NA,NA,NA,NA,NA,NA,Y,3,0,3,2,A,-,03,22350,NA,N,D,C,A,A,H,-,A,D,0,NA,NA,NA,NA,Y,NA,A,01,0,3,0,0,0,0,0,0,0,-,-,32.94371,-116.84818,SAN DIEGO,UNINCORPORATED,-116.88437834,32.91863277
6767088,2014,2016-02-23,3711,2014-12-25,1845,7194,NA,4,5,7,3711,0,0,0,NA,0,315,FRIARS RD,RT 163,0,NA,Y,B,-,N,NA,NA,NA,NA,NA,NA,NA,NA,NA,Y,3,0,2,2,A,-,12,21453,A,M,A,C,A,A,H,-,C,A,0,NA,NA,NA,NA,Y,NA,A,01,0,2,0,0,0,0,0,0,0,-,NO,NA,NA,SAN DIEGO,SAN DIEGO,-117.16142008,32.77155004
6767601,2014,2015-02-05,3711,2014-12-17,0942,4864,NA,3,5,7,3711,0,0,0,NA,0,442,S 40TH ST,NATIONAL AV,35,S,N,B,-,N,NA,NA,NA,NA,NA,NA,NA,NA,NA,Y,4,0,1,3,A,-,03,22350,NA,N,C,E,A,A,G,-,A,D,0,NA,NA,NA,NA,Y,NA,A,01,0,0,1,0,0,0,0,0,0,-,-,NA,NA,SAN DIEGO,SAN DIEGO,-117.10815821,32.69597414
6768041,2014,2015-01-29,3700,2014-11-19,1250,SH7478,NA,3,5,4,3780,0,0,0,NA,0,410,TED WILLIAMS PKWY,POMERADO RD,962,W,N,A,-,N,NA,NA,NA,NA,NA,NA,NA,NA,NA,Y,3,0,1,1,A,-,07,21658,A,N,F,I,A,A,H,-,C,D,0,NA,NA,NA,NA,Y,NA,A,01,0,1,0,0,0,0,0,0,0,-,-,NA,NA,SAN DIEGO,POWAY,-117.06523445,32.97758971
6772431,2015,2015-02-18,3711,2015-01-06,1539,7108,NA,2,5,7,3711,0,0,0,NA,0,725,DENNERY RD,PALM AV,70,N,N,A,-,N,NA,NA,NA,NA,NA,NA,NA,NA,NA,N,4,0,1,3,A,-,03,22350,NA,M,C,C,A,A,H,-,A,A,0,NA,NA,NA,NA,Y,NA,A,01,0,0,1,0,0,0,0,0,0,-,-,NA,NA,SAN DIEGO,SAN DIEGO,-117.0324,32.58411173
6775032,2015,2015-02-19,3711,2015-01-04,1001,5652,SANDI,7,5,7,3711,0,0,0,NA,0,242,BLACK MOUNTAIN RD,BABAUTA RD,14,N,N,A,-,N,NA,NA,NA,NA,NA,NA,NA,NA,NA,N,3,0,1,2,A,-,09,21801,A,N,A,G,A,A,H,-,A,D,0,NA,Y,NA,NA,Y,NA,A,01,0,1,0,0,0,0,1,0,0,-,-,NA,NA,SAN DIEGO,SAN DIEGO,-117.12605859,32.935575
6775035,2015,2016-04-07,3711,2015-01-04,1930,6545,NA,7,5,7,3711,0,0,0,NA,0,433,61ST ST,IMPERIAL,70,S,N,A,-,N,NA,NA,NA,NA,NA,NA,NA,NA,NA,N,4,0,4,3,A,-,04,21703,NA,N,C,C,A,A,H,-,C,A,0,NA,NA,NA,NA,Y,NA,-,NA,0,0,4,0,0,0,0,0,0,-,-,NA,NA,SAN DIEGO,SAN DIEGO,-117.06674,32.70927827
6775039,2015,2015-02-19,3711,2015-01-06,1735,6611,NA,2,5,7,3711,0,0,0,NA,0,315,MISSION CENTER RD,HAZARD CENTER DR,200,N,N,A,-,N,NA,NA,NA,NA,NA,NA,NA,NA,NA,Y,4,0,1,2,A,-,09,21801,A,N,D,C,A,A,H,-,C,D,0,NA,NA,NA,NA,Y,NA,-,NA,0,0,1,0,0,0,0,0,0,-,-,NA,NA,SAN DIEGO,SAN DIEGO,-117.15486,32.77135529
6775167,2014,2015-02-12,9680,2014-12-26,1525,018583,NA,5,2,9,3700,0,3,5,NA,2,003,ALPINE BL,MARSHALL RD,528,E,N,A,-,N,NA,NA,NA,NA,NA,NA,NA,NA,NA,N,4,0,1,2,A,-,03,22350,NA,N,C,C,A,A,H,-,A,D,0,NA,NA,NA,NA,Y,NA,D,22,0,0,1,0,0,0,0,0,0,-,-,32.8354,-116.76333,SAN DIEGO,UNINCORPORATED,-116.7640079,32.83545146
6777858,2015,2016-11-04,9650,2015-01-12,0553,015295,NA,1,3,9,3700,0,1,3,NA,2,065,RT 76,GIRD RD,1584,E,N,B,-,Y,SD,11,76,-,-,16.02,H,-,E,Y,3,0,1,2,A,-,08,22107,NA,N,B,C,A,B,H,-,D,D,0,NA,NA,NA,NA,Y,NA,A,01,0,1,0,0,0,0,0,0,0,-,-,33.31456,-117.18979,SAN DIEGO,UNINCORPORATED,-117.17427468,33.31846448
6781303,2015,2016-10-19,3711,2015-01-13,1513,7283,SDPD,2,5,7,3711,0,0,0,NA,0,234,BERNARDO CENTER DR,RT 15,45,E,N,A,-,Y,SD,11,15,-,M,22.744,R,4,N,Y,4,0,2,2,A,-,08,22107,NA,N,A,C,A,A,H,-,A,A,0,NA,NA,NA,NA,Y,NA,-,NA,0,0,2,0,0,0,0,0,0,-,NF,NA,NA,SAN DIEGO,SAN DIEGO,-117.08006897,33.00926907
6781346,2015,2015-02-18,3711,2015-01-14,1710,4507,NA,3,5,7,3711,0,0,0,NA,0,124,LA JOLLA MESA DR,BAJA MAR,6,N,N,A,-,N,NA,NA,NA,NA,NA,NA,NA,NA,NA,N,3,0,1,2,A,-,08,22107,NA,N,B,G,A,A,H,-,B,D,0,NA,Y,NA,NA,Y,NA,-,NA,0,1,0,0,0,0,1,0,0,-,-,NA,NA,SAN DIEGO,SAN DIEGO,-117.25939522,32.81866069
6782476,2014,2015-02-11,3706,2014-12-26,1205,ES0474,NA,5,5,6,3706,0,0,0,NA,0,052,VALLEY PKWY,ORANGE ST,30,E,N,A,-,N,NA,NA,NA,NA,NA,NA,NA,NA,NA,Y,3,0,1,3,A,-,03,22350,NA,N,C,C,A,A,H,-,A,A,0,NA,NA,NA,NA,Y,NA,I,11,0,1,0,0,0,0,0,0,0,-,-,NA,NA,SAN DIEGO,ESCONDIDO,-117.08607605,33.12062198
6786040,2014,2015-02-13,3711,2014-12-31,1644,3661,TRAFF,3,5,7,3711,0,0,0,NA,0,931,MIRA MESA BL,PACIFIC HEIGHTS BL,98,W,N,A,-,N,NA,NA,NA,NA,NA,NA,NA,NA,NA,Y,3,0,2,6,A,-,03,22350,NA,N,C,C,A,A,H,-,A,A,0,NA,NA,NA,NA,Y,NA,A,01,0,1,1,0,0,0,0,0,0,-,-,NA,NA,SAN DIEGO,SAN DIEGO,-117.18977148,32.89986514
6787966,2015,2016-10-18,9645,2015-01-14,1620,018697,NA,3,2,7,3711,0,1,1,NA,2,021,RT 15,RT 5,792,N,N,A,-,Y,SD,11,15,-,R,0.2,H,-,N,Y,4,0,1,1,A,-,08,22107,NA,N,E,I,A,A,H,-,A,D,1,NA,NA,NA,NA,Y,NA,A,01,0,0,1,0,0,0,0,0,0,-,-,32.6952,-117.12042,SAN DIEGO,SAN DIEGO,-117.12045874,32.69525197
6790003,2015,2016-04-07,3711,2015-01-10,0755,6639,NA,6,5,7,3711,0,0,0,NA,0,825,FAIRMOUNT AV,MEADE AV,528,N,N,A,-,N,NA,NA,NA,NA,NA,NA,NA,NA,NA,Y,3,0,1,1,A,-,03,22350,NA,N,A,I,A,A,H,-,A,D,0,NA,NA,NA,NA,Y,NA,-,NA,0,1,0,0,0,0,0,0,0,-,-,NA,NA,SAN DIEGO,SAN DIEGO,-117.10151037,32.75848099
6790015,2015,2015-02-20,3711,2015-01-12,1655,6938,NA,1,5,7,3711,0,0,0,NA,0,613,CATALINA AV,ORCHARD ST,0,N,N,A,-,N,NA,NA,NA,NA,NA,NA,NA,NA,NA,Y,4,0,1,2,A,-,09,21802,A,N,D,C,A,A,H,-,B,A,0,NA,NA,NA,NA,Y,NA,-,NA,0,0,1,0,0,0,0,0,0,-,-,NA,NA,SAN DIEGO,SAN DIEGO,-117.24237001,32.73251008
6791043,2015,2015-02-25,9650,2015-01-12,0032,018296,NA,1,3,9,3700,0,3,5,NA,2,006,E ALVARADO ST,MORO RD,50,E,N,E,-,N,NA,NA,NA,NA,NA,NA,NA,NA,NA,Y,3,0,1,3,A,-,08,22107,NA,N,B,E,A,B,H,-,C,D,0,NA,NA,NA,NA,Y,NA,A,08,0,1,0,0,0,0,0,0,0,-,-,33.3821,-117.24046,SAN DIEGO,UNINCORPORATED,-117.24052676,33.38199277
6792664,2015,2015-02-24,3711,2015-01-19,1617,4116,NA,1,5,7,3711,0,0,0,NA,0,315,RIO SAN DIEGO DR,RIVER RUN DR,45,E,N,A,-,N,NA,NA,NA,NA,NA,NA,NA,NA,NA,Y,3,0,1,2,A,-,09,21802,A,M,D,C,A,A,H,-,A,A,0,NA,NA,NA,NA,Y,NA,-,NA,0,1,0,0,0,0,0,0,0,-,-,NA,NA,SAN DIEGO,SAN DIEGO,-117.13233077,32.77754753
6792672,2015,2015-02-24,3711,2015-01-10,1415,6104,NA,6,5,7,3711,0,0,0,NA,0,611,MIDWAY DR,POST OFFICE DRIVEWAY,50,E,N,B,-,N,NA,NA,NA,NA,NA,NA,NA,NA,NA,N,4,0,1,2,A,-,03,22350,NA,N,C,C,A,A,H,-,A,A,0,NA,NA,NA,NA,Y,NA,-,NA,0,0,1,0,0,0,0,0,0,-,-,NA,NA,SAN DIEGO,SAN DIEGO,-117.20327675,32.74791485
6792679,2015,2015-02-24,3711,2015-01-16,1735,6684,SDMUN,5,5,7,3711,0,0,0,NA,0,431,EUCLID AV,MARKET ST,50,S,N,A,-,N,NA,NA,NA,NA,NA,NA,NA,NA,NA,N,4,0,1,2,A,-,03,22350,NA,N,C,C,A,A,H,-,C,A,0,NA,NA,NA,NA,Y,NA,-,NA,0,0,1,0,0,0,0,0,0,-,-,NA,NA,SAN DIEGO,SAN DIEGO,-117.08503136,32.71032305
6797236,2015,2016-04-07,3706,2015-01-21,1554,ES0223,NA,3,5,6,3706,0,0,0,NA,0,046,VALLEY CENTER RD,LAKE WOHLFORD RD,1146,E,N,A,-,N,NA,NA,NA,NA,NA,NA,NA,NA,NA,Y,3,0,2,3,A,-,03,22350,NA,N,C,C,A,A,H,-,A,D,0,NA,NA,NA,Y,Y,NA,F,26,0,1,1,0,0,0,0,0,0,-,-,NA,NA,SAN DIEGO,ESCONDIDO,-117.02962612,33.16349841
6797637,2015,2016-09-23,9645,2015-01-14,1140,16542,NA,3,1,7,3711,0,1,1,NA,2,007,RT 5,GENESEE AV,500,S,N,A,-,Y,SD,11,5,-,R,29.336,R,1,S,Y,4,0,2,2,A,-,03,22350,NA,N,C,C,A,A,H,-,A,D,1,NA,NA,NA,NA,Y,NA,A,01,0,0,2,0,0,0,0,0,0,FR,-,32.88503,-117.22812,SAN DIEGO,SAN DIEGO,-117.22809407,32.88525444