CASE_ID,ACCIDENT_YEAR,PROC_DATE,JURIS,COLLISION_DATE,COLLISION_TIME,OFFICER_ID,REPORTING_DISTRICT,DAY_OF_WEEK,CHP_SHIFT,POPULATION,CNTY_CITY_LOC,SPECIAL_COND,BEAT_TYPE,CHP_BEAT_TYPE,CITY_DIVISION_LAPD,CHP_BEAT_CLASS,BEAT_NUMBER,PRIMARY_RD,SECONDARY_RD,DISTANCE,DIRECTION,INTERSECTION,WEATHER_1,WEATHER_2,STATE_HWY_IND,CALTRANS_COUNTY,CALTRANS_DISTRICT,STATE_ROUTE,ROUTE_SUFFIX,POSTMILE_PREFIX,POSTMILE,LOCATION_TYPE,RAMP_INTERSECTION,SIDE_OF_HWY,TOW_AWAY,COLLISION_SEVERITY,NUMBER_KILLED,NUMBER_INJURED,PARTY_COUNT,PRIMARY_COLL_FACTOR,PCF_CODE_OF_VIOL,PCF_VIOL_CATEGORY,PCF_VIOLATION,PCF_VIOL_SUBSECTION,HIT_AND_RUN,TYPE_OF_COLLISION,MVIW,PED_ACTION,ROAD_SURFACE,ROAD_COND_1,ROAD_COND_2,LIGHTING,CONTROL_DEVICE,CHP_ROAD_TYPE,PEDESTRIAN_ACCIDENT,BICYCLE_ACCIDENT,MOTORCYCLE_ACCIDENT,TRUCK_ACCIDENT,NOT_PRIVATE_PROPERTY,ALCOHOL_INVOLVED,STWD_VEHTYPE_AT_FAULT,CHP_VEHTYPE_AT_FAULT,COUNT_SEVERE_INJ,COUNT_VISIBLE_INJ,COUNT_COMPLAINT_PAIN,COUNT_PED_KILLED,COUNT_PED_INJURED,COUNT_BICYCLIST_KILLED,COUNT_BICYCLIST_INJURED,COUNT_MC_KILLED,COUNT_MC_INJURED,PRIMARY_RAMP,SECONDARY_RAMP,LATITUDE,LONGITUDE,COUNTY,CITY,POINT_X,POINT_Y
6798567,2014,2015-02-02,3705,2014-11-24,1908,EC0163,NA,1,5,5,3705,0,0,0,NA,0,006,MAIN,EL CAJON BL,40,W,N,A,-,N,NA,NA,NA,NA,NA,NA,NA,NA,NA,N,4,0,1,1,A,-,08,22107,NA,N,E,I,A,A,H,-,C,A,0,NA,NA,Y,NA,Y,NA,C,02,0,0,1,0,0,0,0,0,1,-,-,NA,NA,SAN DIEGO,EL CAJON,-116.96802601,32.7948043
6799151,2015,2016-10-18,9650,2015-01-19,1610,015531,NA,1,2,5,3782,0,1,1,NA,2,007,RT 5,SANTA FE DR,1056,N,N,A,-,Y,SD,11,5,-,R,40.87,H,-,N,N,4,0,3,3,A,-,03,22350,NA,N,C,C,A,A,H,-,A,D,1,NA,NA,NA,NA,Y,NA,A,07,0,0,3,0,0,0,0,0,0,-,-,33.04047,-117.28402,SAN DIEGO,ENCINITAS,-117.28349188,33.03946739
6800657,2015,2016-10-26,9680,2015-01-31,1035,15578,NA,6,1,9,3700,0,1,3,NA,1,024,RT 94,JEFFERSON RD,76,W,N,A,-,Y,SD,11,94,-,-,19.77,H,-,W,N,4,0,1,1,A,-,03,22350,NA,N,F,A,A,A,H,-,A,A,0,NA,NA,Y,NA,Y,NA,C,02,0,0,1,0,0,0,0,0,1,-,-,32.71694,-116.87622,SAN DIEGO,UNINCORPORATED,-116.87672247,32.71713942
6800973,2014,2015-03-05,3700,2014-11-28,1715,SH7713,NA,5,5,5,3782,0,0,0,NA,0,241,MANCHESTER AV,RT 5,564,W,N,A,-,N,NA,NA,NA,NA,NA,NA,NA,NA,NA,N,4,0,1,2,A,-,08,22107,NA,N,B,C,A,A,H,-,C,D,0,NA,NA,NA,NA,Y,NA,A,01,0,0,1,0,0,0,0,0,0,-,NO,NA,NA,SAN DIEGO,ENCINITAS,-117.26626517,33.01108742
6802339,2015,2015-02-26,3711,2015-01-26,1729,5958,NA,1,5,7,3711,0,0,0,NA,0,243,MIRAMAR RD,MIRAMAR RD 8600,0,NA,N,B,-,N,NA,NA,NA,NA,NA,NA,NA,NA,NA,N,4,0,2,2,A,-,04,21703,NA,N,-,C,A,A,H,-,C,D,0,NA,NA,NA,NA,Y,NA,-,NA,0,0,2,0,0,0,0,0,0,-,-,NA,NA,SAN DIEGO,SAN DIEGO,-117.13877231,32.89211124
6802344,2015,2015-02-25,3711,2015-01-24,1704,6156,SD,6,5,7,3711,0,0,0,NA,0,115,GENESEE AV,GENESEE AV 8000,600,W,N,A,-,N,NA,NA,NA,NA,NA,NA,NA,NA,NA,Y,4,0,2,2,A,-,03,22350,NA,N,C,C,A,A,H,-,B,D,0,NA,NA,NA,NA,Y,NA,-,NA,0,0,2,0,0,0,0,0,0,-,-,NA,NA,SAN DIEGO,SAN DIEGO,NA,NA
6804943,2014,2015-03-03,3705,2014-01-08,2039,EC0344,NA,3,5,5,3705,0,0,0,NA,0,008,MAGNOLIA,CHASE,460,N,N,A,-,N,NA,NA,NA,NA,NA,NA,NA,NA,NA,Y,3,0,3,3,A,-,08,22107,NA,N,A,C,A,A,H,-,C,D,0,NA,NA,NA,NA,Y,NA,A,01,0,1,2,0,0,0,0,0,0,-,-,NA,NA,SAN DIEGO,EL CAJON,-116.9623,32.78165979
6805787,2015,2016-09-06,9645,2015-01-21,1750,015580,NA,3,2,7,3711,0,1,1,NA,2,015,RT 805,LA JOLLA VILLAGE DR,1056,N,N,A,-,Y,SD,11,805,-,-,26.14,H,-,S,N,4,0,1,2,A,-,07,21658,A,N,B,C,A,A,H,-,D,D,1,NA,NA,NA,NA,Y,NA,A,01,0,0,1,0,0,0,0,0,0,-,-,32.88253,-117.20177,SAN DIEGO,SAN DIEGO,-117.20054101,32.87799614
6805815,2015,2016-09-08,9645,2015-01-15,1545,018801,NA,4,2,7,3711,0,1,3,NA,2,008,RT 54,HIGHLAND AV,1584,E,N,A,-,Y,SD,11,54,-,-,1.2,H,-,E,Y,4,0,1,2,A,-,03,22350,NA,N,C,C,A,A,H,-,A,D,1,NA,NA,NA,NA,Y,NA,D,22,0,0,1,0,0,0,0,0,0,-,-,32.65636,-117.08568,SAN DIEGO,SAN DIEGO,-117.08490308,32.65672594
6806126,2015,2016-09-23,9645,2015-01-07,2035,18801,NA,3,2,7,3711,0,1,1,NA,2,001,RT 5,NATIONAL AV,1584,S,N,A,-,Y,SD,11,5,-,R,13.19,H,-,N,N,4,0,1,2,A,-,01,23152,A,F,B,C,A,A,H,-,D,D,1,NA,NA,NA,NA,Y,Y,A,01,0,0,1,0,0,0,0,0,0,-,-,32.69459,-117.13061,SAN DIEGO,SAN DIEGO,-117.13059853,32.69452833
6806136,2015,2015-02-24,3711,2015-01-28,1642,7125,NA,3,5,7,3711,0,0,0,NA,0,836,FAIRMOUNT AV,OLIVE ST,25,N,N,A,-,N,NA,NA,NA,NA,NA,NA,NA,NA,NA,N,4,0,1,2,A,-,09,21801,A,N,-,C,A,A,H,-,A,A,0,NA,NA,NA,NA,Y,NA,-,NA,0,0,1,0,0,0,0,0,0,-,-,NA,NA,SAN DIEGO,SAN DIEGO,-117.10102919,32.73521848
6807797,2014,2015-02-17,3705,2014-12-30,1619,EC0337,NA,2,5,5,3705,0,0,0,NA,0,007,NORTH 2ND,OAKDALE,0,NA,Y,C,-,N,NA,NA,NA,NA,NA,NA,NA,NA,NA,N,4,0,1,2,A,-,12,21453,A,F,D,C,A,B,H,-,A,A,0,NA,NA,NA,NA,Y,NA,A,01,0,0,1,0,0,0,0,0,0,-,-,NA,NA,SAN DIEGO,EL CAJON,-116.93576002,32.80206002
6809014,2015,2015-04-16,3711,2015-02-07,1858,6560,SD,6,5,7,3711,0,0,0,NA,0,613,MISSION BAY DR,OLLIE ST,1320,N,N,A,-,N,NA,NA,NA,NA,NA,NA,NA,NA,NA,Y,4,0,1,2,A,-,08,22107,NA,M,C,C,A,A,H,-,C,A,0,NA,NA,NA,NA,Y,NA,-,NA,0,0,1,0,0,0,0,0,0,-,-,NA,NA,SAN DIEGO,SAN DIEGO,NA,NA
6809169,2015,2015-03-06,3711,2015-02-06,1444,4523,NA,5,5,7,3711,0,0,0,NA,0,124,VILLA LA JOLLA DR,LA JOLLA VILLAGE DR,0,NA,Y,A,-,N,NA,NA,NA,NA,NA,NA,NA,NA,NA,N,3,0,2,2,A,-,03,22350,NA,N,D,G,A,A,H,-,A,A,0,NA,Y,NA,NA,Y,Y,L,04,0,2,0,0,0,0,1,0,0,-,-,NA,NA,SAN DIEGO,SAN DIEGO,-117.2339,32.87178004
6809192,2015,2015-03-06,3711,2015-02-03,1400,6304,NA,2,5,7,3711,0,0,0,NA,0,115,LA JOLLA VILLAGE DR,REGENTS RD,6,W,N,A,-,N,NA,NA,NA,NA,NA,NA,NA,NA,NA,N,3,0,1,2,A,-,11,21456,B,N,D,G,A,A,H,-,A,A,0,NA,Y,NA,NA,Y,NA,L,04,0,1,0,0,0,0,1,0,0,-,-,NA,NA,SAN DIEGO,SAN DIEGO,-117.21839668,32.87135151
6809934,2015,2015-03-04,9645,2015-01-26,1807,017667,NA,1,2,9,3700,0,3,5,NA,2,018,SWEETWATER RD,PLAZA BONITA CENTERWAY,15,W,N,B,-,N,NA,NA,NA,NA,NA,NA,NA,NA,NA,N,4,0,1,2,A,-,21,22106,NA,N,C,C,A,A,H,-,C,D,0,NA,NA,NA,NA,Y,NA,A,01,0,0,1,0,0,0,0,0,0,-,-,32.65948,-117.0555,SAN DIEGO,UNINCORPORATED,-117.055565,32.659514
6810586,2015,2015-03-02,3711,2015-01-30,0200,7139,NA,5,5,7,3711,0,0,0,NA,0,524,A ST,8TH ST,25,E,N,B,-,N,NA,NA,NA,NA,NA,NA,NA,NA,NA,N,4,0,1,2,A,-,11,21955,NA,N,G,B,D,A,H,-,C,A,0,Y,NA,NA,NA,Y,Y,N,60,0,0,1,0,1,0,0,0,0,-,-,NA,NA,SAN DIEGO,SAN DIEGO,-117.15737899,32.71886
6810613,2015,2015-03-02,3711,2015-01-31,1720,5315,NA,6,5,7,3711,0,0,0,NA,0,122,GARNET AV,OLNEY ST,35,W,N,A,-,N,NA,NA,NA,NA,NA,NA,NA,NA,NA,Y,4,0,1,2,A,-,-,NA,NA,N,D,C,A,A,H,-,A,A,0,NA,NA,NA,NA,Y,NA,-,NA,0,0,1,0,0,0,0,0,0,-,-,NA,NA,SAN DIEGO,SAN DIEGO,-117.22996991,32.80218598
6810614,2015,2015-03-02,3711,2015-01-22,1443,4495,NA,4,5,7,3711,0,0,0,NA,0,436,IMPERIAL AV,66TH ST,69,E,N,A,-,N,NA,NA,NA,NA,NA,NA,NA,NA,NA,N,2,0,1,2,A,-,00,21854,A,N,G,B,D,A,G,-,A,D,0,Y,NA,NA,NA,Y,NA,N,60,1,0,0,0,1,0,0,0,0,-,-,NA,NA,SAN DIEGO,SAN DIEGO,-117.055999,32.71078846
6811843,2015,2016-09-06,9645,2015-01-12,0952,14909,NA,1,1,7,3711,0,1,1,NA,2,015,RT 805,LA JOLLA VILLAGE DR,1056,N,N,A,-,Y,SD,11,805,-,-,26.15,H,-,N,Y,3,0,6,5,A,-,03,22350,NA,N,C,C,A,A,D,-,A,D,1,NA,NA,NA,NA,Y,NA,A,01,0,1,5,0,0,0,0,0,0,-,-,32.878,-117.2002,SAN DIEGO,SAN DIEGO,-117.20031793,32.87818726
6811998,2015,2015-03-05,3702,2015-01-19,1715,CV1106,NA,1,5,6,3702,0,0,0,NA,0,013,J ST,3RD AV,290,W,N,A,-,N,NA,NA,NA,NA,NA,NA,NA,NA,NA,N,3,0,1,2,A,-,08,22107,NA,N,G,B,D,A,H,-,B,D,0,Y,NA,NA,NA,Y,NA,A,01,0,1,0,0,1,0,0,0,0,-,-,NA,NA,SAN DIEGO,CHULA VISTA,-117.07537029,32.6272282
6815781,2015,2016-10-18,9645,2015-02-04,0957,012503,NA,3,1,7,3711,0,1,1,NA,2,017,RT 15,MIRAMAR RD,1812,S,N,A,-,Y,SD,11,15,-,M,13.9,H,-,S,Y,4,0,2,3,A,-,08,22107,NA,N,B,C,A,A,H,-,A,D,1,NA,NA,NA,NA,Y,NA,A,08,0,0,2,0,0,0,0,0,0,-,-,32.88948,-117.11357,SAN DIEGO,SAN DIEGO,-117.11295765,32.88789328
6815834,2015,2015-03-05,3711,2015-02-02,1341,7204,NA,1,5,7,3711,0,0,0,NA,0,122,GARNET AV,MISSION BAY DR,30,W,N,A,-,N,NA,NA,NA,NA,NA,NA,NA,NA,NA,Y,3,0,1,2,A,-,03,22350,NA,N,D,C,A,A,H,-,A,A,0,NA,NA,NA,NA,Y,NA,-,NA,0,1,0,0,0,0,0,0,0,-,-,NA,NA,SAN DIEGO,SAN DIEGO,-117.21906438,32.80612997
6816132,2015,2015-03-20,3711,2015-02-01,2020,7184,NA,7,5,7,3711,0,0,0,NA,0,521,PARK BL,F ST,200,N,N,A,-,N,NA,NA,NA,NA,NA,NA,NA,NA,NA,N,3,0,1,2,A,-,11,21950,B,N,G,B,D,A,H,-,C,D,0,Y,NA,NA,NA,Y,Y,N,60,0,1,0,0,1,0,0,0,0,-,-,NA,NA,SAN DIEGO,SAN DIEGO,-117.15375517,32.71418786
6816144,2015,2015-03-06,3711,2015-02-01,1920,6070,NA,7,5,7,3711,0,0,0,NA,0,122,GRAND AV,DAWES ST,150,W,N,A,-,N,NA,NA,NA,NA,NA,NA,NA,NA,NA,N,4,0,1,2,A,-,11,21954,A,N,A,B,D,A,H,-,C,D,0,Y,NA,NA,NA,Y,Y,N,60,0,0,1,0,1,0,0,0,0,-,-,NA,NA,SAN DIEGO,SAN DIEGO,-117.24991926,32.79582158
6816148,2015,2015-03-06,3711,2015-02-01,1730,4884,SDPD,7,5,7,3711,0,0,0,NA,0,234,FONTICELLO WY,PASEO DEL VERANO NORTE,21,S,N,A,-,N,NA,NA,NA,NA,NA,NA,NA,NA,NA,N,3,0,1,2,A,-,10,21952,NA,N,D,B,D,A,H,-,D,A,0,Y,NA,NA,NA,Y,NA,-,NA,0,1,0,0,1,0,0,0,0,-,-,NA,NA,SAN DIEGO,SAN DIEGO,-117.04818985,33.03682827
6823227,2015,2016-10-04,3702,2015-01-28,1700,CV0984,NA,3,5,6,3702,0,0,0,NA,0,024,MAIN ST,RT 805,0,NA,Y,A,-,Y,SD,11,805,-,-,3.865,R,4,S,Y,4,0,1,2,A,-,03,22350,NA,N,C,C,A,A,H,-,A,A,0,NA,NA,NA,NA,Y,NA,D,22,0,0,1,0,0,0,0,0,0,-,SF,NA,NA,SAN DIEGO,CHULA VISTA,-117.03647855,32.59776342
6823547,2015,2015-03-03,3701,2015-01-24,1436,5288,127,6,5,5,3701,0,0,0,NA,0,008,RANCHO SANTA FE RD,CALLE ACERVO,40,S,N,A,-,N,NA,NA,NA,NA,NA,NA,NA,NA,NA,N,4,0,1,2,A,-,03,22350,NA,N,C,C,A,A,H,-,A,A,0,NA,NA,NA,NA,Y,NA,A,01,0,0,1,0,0,0,0,0,0,-,-,NA,NA,SAN DIEGO,CARLSBAD,-117.24051401,33.06121641
6824074,2015,2015-04-15,9680,2015-02-10,1018,15962,NA,2,1,9,3700,0,2,4,NA,1,026,JAMACHA BL,SWEETWATER RD,0,NA,Y,A,-,N,NA,NA,NA,NA,NA,NA,NA,NA,NA,Y,4,0,1,2,A,-,12,21453,A,N,A,C,A,A,H,-,A,A,0,NA,NA,NA,NA,Y,NA,A,01,0,0,1,0,0,0,0,0,0,-,-,32.70521,-117.01028,SAN DIEGO,UNINCORPORATED,-117.01023012,32.70515006
6824228,2015,2016-09-13,9680,2015-02-11,1205,015008,NA,3,1,9,3700,0,1,3,NA,1,052,RT 78,RAMONA TRAILS DR,1056,E,N,A,-,Y,SD,11,78,-,-,40.2,H,-,W,Y,3,0,1,1,A,-,08,22107,NA,N,F,A,A,A,H,-,A,D,0,NA,NA,Y,NA,Y,NA,C,02,0,1,0,0,0,0,0,0,1,-,-,33.06729,-116.80936,SAN DIEGO,UNINCORPORATED,-116.80914417,33.06638651
6826277,2015,2015-03-19,3702,2015-02-05,1430,CV0938,NA,4,5,6,3702,0,0,0,NA,0,042,EASTLAKE PKWY,TRINIDAD COVE,580,N,N,A,-,N,NA,NA,NA,NA,NA,NA,NA,NA,NA,N,4,0,1,2,A,-,03,22350,NA,N,C,C,A,A,H,-,A,A,0,NA,NA,NA,NA,Y,NA,A,01,0,0,1,0,0,0,0,0,0,-,-,NA,NA,SAN DIEGO,CHULA VISTA,-116.96690677,32.63754975
6833698,2015,2015-04-09,3711,2015-02-18,1100,7251,NA,3,5,7,3711,0,0,0,NA,0,115,LA JOLLA VILLAGE DR,LA JOLLA VILLAGE DR 4700,48,N,N,A,-,N,NA,NA,NA,NA,NA,NA,NA,NA,NA,Y,3,0,1,3,A,-,03,22350,NA,N,C,C,A,A,H,-,A,A,0,NA,NA,NA,NA,Y,NA,-,NA,0,1,0,0,0,0,0,0,0,-,-,NA,NA,SAN DIEGO,SAN DIEGO,NA,NA
6834994,2015,2015-03-19,3711,2015-02-16,1449,5470,102,1,5,7,3711,0,0,0,NA,0,007,EL CAMINIO REAL,LA COSTA AV,28,N,N,A,-,N,NA,NA,NA,NA,NA,NA,NA,NA,NA,Y,3,0,2,2,A,-,03,22350,NA,N,C,C,A,A,H,-,A,A,0,NA,NA,NA,NA,Y,NA,A,01,0,1,1,0,0,0,0,0,0,-,-,NA,NA,SAN DIEGO,SAN DIEGO,-117.26866285,33.08551426
6836051,2015,2016-10-11,9645,2015-02-22,2130,015580,NA,7,2,7,3711,0,1,1,NA,2,017,RT 15,MIRAMAR WY,50,S,N,B,C,Y,SD,11,15,-,M,13.32,H,-,S,Y,4,0,1,2,A,-,03,22350,NA,N,C,C,A,B,H,-,D,D,1,NA,NA,NA,NA,Y,NA,A,01,0,0,1,0,0,0,0,0,0,-,-,32.87977,-117.10887,SAN DIEGO,SAN DIEGO,-117.10889464,32.880369
6836064,2015,2016-10-04,9645,2015-02-16,1606,018697,NA,1,2,7,3711,0,1,1,NA,2,011,RT 805,ADAMS AV,40,S,N,A,-,Y,SD,11,805,-,-,16.98,H,-,S,Y,4,0,1,2,A,-,08,22107,NA,N,C,C,A,A,H,-,A,D,1,NA,NA,NA,NA,Y,NA,A,01,0,0,1,0,0,0,0,0,0,-,-,32.7613,-117.12703,SAN DIEGO,SAN DIEGO,-117.12750902,32.7630416
6836763,2015,2016-09-23,9645,2015-02-11,1555,017499,NA,3,2,7,3711,0,1,1,NA,2,003,RT 5,B ST,200,N,N,A,-,Y,SD,11,5,-,R,15.37,H,-,S,Y,4,0,1,2,A,-,03,22350,NA,N,C,C,A,A,H,-,A,D,1,NA,NA,NA,NA,Y,NA,A,01,0,0,1,0,0,0,0,0,0,-,-,32.713,-117.1477,SAN DIEGO,SAN DIEGO,-117.14787772,32.71842923
6837182,2015,2016-10-12,9645,2015-02-20,1239,18250,NA,5,1,7,3711,0,1,1,NA,2,010,RT 8,MISSION CENTER,200,W,N,B,-,Y,SD,11,8,-,-,3,H,-,E,Y,3,0,1,2,A,-,03,22350,NA,N,C,C,A,A,H,-,A,D,1,NA,NA,NA,NA,Y,NA,A,01,0,1,0,0,0,0,0,0,0,-,-,32.7652,-117.1536,SAN DIEGO,SAN DIEGO,-117.15438709,32.76513122
6837561,2015,2016-09-23,9645,2015-02-15,1529,18678,NA,7,2,7,3711,0,1,1,NA,2,003,RT 5,BROADWAY,371,S,N,A,-,Y,SD,11,5,-,R,15.11,H,-,S,Y,4,0,1,1,A,-,08,22107,NA,N,E,I,A,A,H,-,A,D,1,NA,NA,NA,NA,Y,NA,A,01,0,0,1,0,0,0,0,0,0,-,-,32.71482,-117.14792,SAN DIEGO,SAN DIEGO,-117.14776987,32.71476675
6838955,2015,2016-09-12,9650,2015-02-23,0917,015906,NA,1,1,5,3713,0,1,3,NA,2,017,RT 78,CIVIC CENTER DR,233,W,N,B,-,Y,SD,11,78,-,-,6.806,R,1,W,Y,4,0,2,2,A,-,03,22350,NA,N,C,C,A,A,H,-,A,A,1,NA,NA,NA,NA,Y,NA,A,08,0,0,2,0,0,0,0,0,0,FR,-,33.19003,-117.24023,SAN DIEGO,VISTA,-117.2412673,33.19034949
6841317,2015,2016-09-27,9680,2015-02-24,0650,15962,NA,2,1,9,3700,0,1,3,NA,2,028,RT 125,MARIPOSA AV,528,S,N,A,-,Y,SD,11,125,-,-,14.02,H,-,N,N,4,0,1,2,A,-,03,22350,NA,N,C,C,A,A,H,-,A,D,1,NA,NA,NA,NA,Y,NA,A,07,0,0,1,0,0,0,0,0,0,-,-,32.7581,-117.00446,SAN DIEGO,UNINCORPORATED,-117.00556919,32.75850153
6841488,2015,2016-09-09,9680,2015-03-01,1050,018152,NA,7,1,9,3700,0,1,3,NA,1,017,RT 67,SLAUGHTER HOUSE CANYON RD,7920,N,N,B,C,Y,SD,11,67,-,-,10.99,H,-,N,Y,4,0,2,2,A,-,08,22107,NA,N,D,D,A,B,H,-,A,D,0,NA,NA,NA,NA,Y,NA,A,01,0,0,2,0,0,0,0,0,0,-,-,32.92598,-116.94644,SAN DIEGO,UNINCORPORATED,-116.96226825,32.80322051
6847525,2015,2016-09-23,9645,2015-03-01,1010,017990,NA,7,1,7,3711,0,1,1,NA,2,003,RT 5,LAUREL ST,150,N,N,C,-,Y,SD,11,5,-,R,17.25,H,-,N,N,4,0,1,2,A,-,08,22107,NA,N,C,C,A,B,H,-,A,D,1,NA,NA,NA,NA,Y,NA,A,01,0,0,1,0,0,0,0,0,0,-,-,32.73128,-117.17114,SAN DIEGO,SAN DIEGO,-117.17089607,32.73099643
6847593,2015,2015-03-23,3710,2015-03-01,1512,OC1311,NA,7,5,6,3710,0,0,0,NA,0,024,EL CAMINIO REAL,SOUTH EL CAMINIO REAL,20,S,N,C,-,N,NA,NA,NA,NA,NA,NA,NA,NA,NA,Y,4,0,1,4,A,-,03,22350,NA,N,C,C,A,B,G,-,A,D,0,NA,NA,NA,NA,Y,NA,A,08,0,0,1,0,0,0,0,0,0,-,-,NA,NA,SAN DIEGO,OCEANSIDE,-117.33341152,33.21167522
6848973,2015,2015-03-23,3711,2015-03-05,1352,5734,SANDI,4,5,7,3711,0,0,0,NA,0,231,SABRE SPRINGS,MORNING CREEK DR,0,NA,Y,A,-,N,NA,NA,NA,NA,NA,NA,NA,NA,NA,Y,4,0,1,3,D,-,00,NA,NA,N,D,C,A,A,-,-,A,A,0,NA,NA,NA,NA,Y,NA,-,-,0,0,1,0,0,0,0,0,0,-,-,NA,NA,SAN DIEGO,SAN DIEGO,-117.09547008,32.95470007
6849681,2015,2016-10-19,9645,2015-02-26,0827,18936,NA,4,1,7,3711,0,1,1,NA,2,001,RT 5,VESTA ST,528,N,N,A,-,Y,SD,11,5,-,R,12.17,H,-,N,Y,4,0,2,2,A,-,08,22107,NA,N,B,C,A,A,H,-,A,D,1,NA,NA,NA,NA,Y,NA,A,01,0,0,2,0,0,0,0,0,0,-,-,32.68921,-117.116,SAN DIEGO,SAN DIEGO,-117.11533375,32.68854391
6850044,2015,2016-09-27,9645,2015-02-27,0628,18936,NA,5,1,6,3702,0,1,3,NA,2,031,RT 125,PROCTOR VALLEY RD,354,S,N,B,-,Y,SD,11,125,-,-,5.59,H,-,N,Y,3,0,1,1,A,-,08,22107,NA,N,E,I,A,A,H,-,B,D,1,NA,NA,NA,NA,Y,NA,D,22,0,1,0,0,0,0,0,0,0,-,-,32.66385,-117.98215,SAN DIEGO,CHULA VISTA,-116.98282038,32.66452382
6850409,2015,2016-09-12,9650,2015-03-12,0640,013452,NA,4,1,6,3710,0,1,3,NA,2,015,RT 78,RT 5,1056,E,N,A,-,Y,SD,11,78,-,-,0.23,H,-,W,N,4,0,1,2,A,-,07,21658,A,F,C,C,A,A,H,-,D,D,1,NA,NA,NA,NA,Y,NA,D,22,0,0,1,0,0,0,0,0,0,-,-,33.17894,-117.34778,SAN DIEGO,OCEANSIDE,-117.34812372,33.179088900000004
6851224,2015,2015-03-23,3711,2015-03-02,0907,6097,NA,1,5,7,3711,0,0,0,NA,0,813,LINCOLN AV,KANSAS ST,0,NA,Y,B,-,N,NA,NA,NA,NA,NA,NA,NA,NA,NA,Y,4,0,1,2,A,-,09,21802,A,N,D,C,A,B,H,-,A,D,0,NA,NA,NA,NA,Y,NA,A,01,0,0,1,0,0,0,0,0,0,-,-,NA,NA,SAN DIEGO,SAN DIEGO,-117.1313901,32.75032004
6853939,2015,2015-03-25,3711,2015-03-10,1601,6366,NA,2,5,7,3711,0,0,0,NA,0,625,TAYLOR ST,PACIFIC HWY,263,E,N,A,B,N,NA,NA,NA,NA,NA,NA,NA,NA,NA,Y,4,0,1,1,A,-,03,22350,NA,N,E,I,A,A,H,-,A,D,0,NA,NA,NA,NA,Y,NA,A,01,0,0,1,0,0,0,0,0,0,-,-,NA,NA,SAN DIEGO,SAN DIEGO,-117.20025583,32.75549121
6854077,2015,2017-07-26,3711,2015-02-24,1010,5072,NA,2,5,7,3711,0,0,0,NA,0,441,IMPERIAL AV,MESSINA WY,369,E,N,A,-,N,NA,NA,NA,NA,NA,NA,NA,NA,NA,N,1,1,0,2,A,-,09,21804,A,N,D,G,A,A,H,-,A,D,0,NA,Y,NA,NA,Y,NA,L,04,0,0,0,0,0,1,0,0,0,-,-,NA,NA,SAN DIEGO,SAN DIEGO,-117.10441468,32.70416
6856102,2015,2015-03-24,3706,2015-03-16,1040,ES0322,NA,1,5,6,3706,0,0,0,NA,0,045,AUTO PARK WY,MISSION RD,0,NA,Y,A,-,N,NA,NA,NA,NA,NA,NA,NA,NA,NA,Y,4,0,1,2,D,-,00,NA,NA,N,A,C,A,A,H,-,A,A,0,NA,NA,NA,NA,Y,NA,-,-,0,0,1,0,0,0,0,0,0,-,-,NA,NA,SAN DIEGO,ESCONDIDO,-117.12268007,33.13045001
6857155,2015,2016-04-07,9680,2015-02-26,0700,014786,NA,4,1,9,3700,0,3,5,NA,2,003,OLD HWY 80,RT 79,2112,E,N,A,-,N,NA,NA,NA,NA,NA,NA,NA,NA,NA,Y,3,0,2,1,A,-,08,22107,NA,N,E,I,A,A,H,-,A,D,0,NA,NA,NA,NA,Y,NA,A,08,0,2,0,0,0,0,0,0,0,-,-,32.85595,-116.58814,SAN DIEGO,UNINCORPORATED,-116.58889732,32.85554634
6859109,2015,2015-04-07,3711,2015-03-17,1905,6224,SD,2,5,7,3711,0,0,0,NA,0,122,GARNET AV,HAINES ST,75,E,N,A,-,N,NA,NA,NA,NA,NA,NA,NA,NA,NA,N,4,0,1,2,A,-,03,22350,NA,N,D,G,A,A,H,-,C,A,0,NA,Y,NA,NA,Y,NA,L,04,0,0,1,0,0,0,1,0,0,-,-,NA,NA,SAN DIEGO,SAN DIEGO,-117.24247313,32.79943687
6859117,2015,2015-03-27,3711,2015-03-16,1500,7214,NA,1,5,7,3711,0,0,0,NA,0,512,S EVANS ST,OCEAN VIEW BL,0,NA,Y,A,-,N,NA,NA,NA,NA,NA,NA,NA,NA,NA,Y,3,0,1,3,A,-,09,21802,A,M,D,C,A,A,H,-,A,A,0,NA,NA,NA,NA,Y,NA,-,NA,0,1,0,0,0,0,0,0,0,-,-,NA,NA,SAN DIEGO,SAN DIEGO,-117.13702006,32.70326007
6859328,2015,2015-03-26,3711,2015-01-08,1223,5627,NA,4,5,7,3711,0,0,0,NA,0,124,CAMINITO MALLORCA,CAMTO SONOMA,60,N,N,A,-,N,NA,NA,NA,NA,NA,NA,NA,NA,NA,Y,3,0,1,1,A,-,08,22107,NA,N,E,I,A,A,H,-,A,D,0,NA,NA,NA,NA,Y,NA,-,NA,0,1,0,0,0,0,0,0,0,-,-,NA,NA,SAN DIEGO,SAN DIEGO,-117.23492861,32.85354306
6860743,2015,2016-09-23,3711,2015-02-12,1512,6945,NA,4,5,7,3711,0,0,0,NA,0,721,MAIN ST,RT 5,159,E,N,A,-,Y,SD,11,5,-,-,5.609,R,4,S,Y,4,0,2,3,A,-,04,21703,NA,N,C,C,A,A,H,-,A,A,0,NA,NA,NA,NA,Y,NA,-,NA,0,0,2,0,0,0,0,0,0,-,SO,NA,NA,SAN DIEGO,SAN DIEGO,-117.08934107,32.59790533
6861423,2015,2016-09-23,9645,2015-02-26,1805,17401,NA,4,2,7,3711,0,1,1,NA,2,007,RT 5,VIA DE LA VALLE,2640,S,N,A,-,Y,SD,11,5,-,R,35.77,H,-,N,Y,4,0,2,2,A,-,03,22350,NA,N,C,C,A,A,H,-,D,A,1,NA,NA,NA,NA,Y,NA,A,01,0,0,2,0,0,0,0,0,0,-,-,32.96803,-117.24835,SAN DIEGO,SAN DIEGO,-117.25036114,32.9729835