CASE_ID,ACCIDENT_YEAR,PROC_DATE,JURIS,COLLISION_DATE,COLLISION_TIME,OFFICER_ID,REPORTING_DISTRICT,DAY_OF_WEEK,CHP_SHIFT,POPULATION,CNTY_CITY_LOC,SPECIAL_COND,BEAT_TYPE,CHP_BEAT_TYPE,CITY_DIVISION_LAPD,CHP_BEAT_CLASS,BEAT_NUMBER,PRIMARY_RD,SECONDARY_RD,DISTANCE,DIRECTION,INTERSECTION,WEATHER_1,WEATHER_2,STATE_HWY_IND,CALTRANS_COUNTY,CALTRANS_DISTRICT,STATE_ROUTE,ROUTE_SUFFIX,POSTMILE_PREFIX,POSTMILE,LOCATION_TYPE,RAMP_INTERSECTION,SIDE_OF_HWY,TOW_AWAY,COLLISION_SEVERITY,NUMBER_KILLED,NUMBER_INJURED,PARTY_COUNT,PRIMARY_COLL_FACTOR,PCF_CODE_OF_VIOL,PCF_VIOL_CATEGORY,PCF_VIOLATION,PCF_VIOL_SUBSECTION,HIT_AND_RUN,TYPE_OF_COLLISION,MVIW,PED_ACTION,ROAD_SURFACE,ROAD_COND_1,ROAD_COND_2,LIGHTING,CONTROL_DEVICE,CHP_ROAD_TYPE,PEDESTRIAN_ACCIDENT,BICYCLE_ACCIDENT,MOTORCYCLE_ACCIDENT,TRUCK_ACCIDENT,NOT_PRIVATE_PROPERTY,ALCOHOL_INVOLVED,STWD_VEHTYPE_AT_FAULT,CHP_VEHTYPE_AT_FAULT,COUNT_SEVERE_INJ,COUNT_VISIBLE_INJ,COUNT_COMPLAINT_PAIN,COUNT_PED_KILLED,COUNT_PED_INJURED,COUNT_BICYCLIST_KILLED,COUNT_BICYCLIST_INJURED,COUNT_MC_KILLED,COUNT_MC_INJURED,PRIMARY_RAMP,SECONDARY_RAMP,LATITUDE,LONGITUDE,COUNTY,CITY,POINT_X,POINT_Y
90173519,2016,2016-05-05,9645,2016-05-02,1535,017953,NA,1,2,7,3711,0,1,1,NA,2,011,I-805 S/B,FRIARS ROAD U/C,425,S,N,A,-,Y,NA,NA,805,NA,NA,NA,NA,NA,S,N,4,0,2,2,A,-,03,22350,NA,N,C,C,A,A,H,-,A,D,0,NA,NA,NA,NA,Y,NA,A,01,0,0,2,0,0,0,0,0,0,-,-,32.77672,-117.13594,SAN DIEGO,SAN DIEGO,-117.13582103,32.77680961
90174301,2016,2016-05-06,9645,2016-04-28,2050,017498,NA,4,2,7,3711,0,1,1,NA,2,013,I-805 NORTHBOUND TO SR-163 NORTHBOUND,BALBOA AVE O/C,0,NA,N,A,-,Y,NA,NA,805,NA,NA,NA,R,NA,N,Y,3,0,1,1,A,-,08,22107,NA,N,E,I,A,A,H,-,C,D,0,NA,NA,NA,NA,Y,NA,A,01,0,1,0,0,0,0,0,0,0,-,-,32.8059,-117.15357,SAN DIEGO,SAN DIEGO,-117.15357,32.8059
90174801,2016,2016-05-09,9680,2016-04-26,1800,019270,NA,2,2,9,3700,0,3,5,NA,2,002,CARLSBAD ST,NOELINE AVE,150,S,N,A,-,N,NA,NA,NA,NA,NA,NA,NA,NA,NA,Y,2,0,1,4,A,-,01,23152,A,N,B,E,A,A,H,-,A,D,0,NA,NA,NA,NA,Y,Y,D,22,1,0,0,0,0,0,0,0,0,-,-,32.70401,-117.01689,SAN DIEGO,UNINCORPORATED,-117.01697805,32.70424977
90176619,2016,2016-05-10,9650,2016-04-28,0545,015600,NA,4,3,9,3700,0,2,4,NA,2,061,EAST MISSION ROAD,NORTH PICO AVENUE,0,NA,Y,B,-,N,NA,NA,NA,NA,NA,NA,NA,NA,NA,N,4,0,2,2,A,-,12,21453,A,N,D,C,A,B,H,-,A,A,0,NA,NA,NA,NA,Y,NA,-,-,0,0,2,0,0,0,0,0,0,-,-,33.38467,-117.25241,SAN DIEGO,UNINCORPORATED,-117.25243009,33.38465006
90180608,2016,2016-05-17,9645,2016-05-04,1155,015847,NA,3,1,7,3711,0,1,1,NA,2,003,I-5 N/B,PERSHING DR.,40,S,N,A,-,Y,NA,NA,5,NA,NA,NA,NA,NA,N,N,4,0,1,2,A,-,03,22350,NA,N,C,C,A,A,H,-,A,D,0,NA,NA,NA,Y,Y,NA,G,25,0,0,1,0,0,0,0,0,0,-,-,32.71913,-117.14785,SAN DIEGO,SAN DIEGO,-117.14774098,32.71915396
90180609,2016,2016-05-17,9645,2016-05-04,1620,017011,NA,3,2,7,3711,0,1,1,NA,2,030,I-15 N/B (HOV LANES),CARMEL MOUNTAIN ROAD,100,N,N,B,-,Y,NA,NA,15,NA,NA,NA,NA,NA,N,N,4,0,3,2,A,-,03,22350,NA,N,C,C,A,A,H,-,A,D,0,NA,NA,NA,NA,Y,NA,A,07,0,0,3,0,0,0,0,0,0,-,-,32.97932,-117.086,SAN DIEGO,SAN DIEGO,-117.08596187,32.97929545
90181329,2016,2016-05-17,9650,2016-05-04,1320,015295,NA,3,1,9,3700,0,3,5,NA,1,212,COLE GRADE ROAD,PAUMA VISTA DRIVE (PRIVATE),0,NA,Y,A,-,N,NA,NA,NA,NA,NA,NA,NA,NA,NA,Y,3,0,1,2,A,-,09,21802,A,N,D,C,A,A,H,-,A,A,0,NA,NA,NA,NA,Y,NA,A,01,0,1,0,0,0,0,0,0,0,-,-,33.29634,-117.02283,SAN DIEGO,UNINCORPORATED,-117.02273011,33.29632007
90181697,2016,2016-05-18,9645,2016-05-05,0520,018987,NA,4,3,6,3702,0,1,1,NA,2,009,I-805 N/B TO SR-54,SR-54,2320,S,N,B,-,Y,NA,NA,805,NA,NA,NA,R,NA,N,Y,4,0,2,4,A,-,03,22350,NA,N,C,C,A,A,H,-,C,D,0,NA,NA,NA,NA,Y,NA,A,07,0,0,2,0,0,0,0,0,0,-,-,32.6521,-117.06841,SAN DIEGO,CHULA VISTA,-117.06841,32.6521
90182958,2016,2016-05-19,9645,2016-05-01,1710,019729,NA,7,2,7,3711,0,1,1,NA,2,003,I-5 S/B,SASSAFRAS ROAD U/C,500,S,N,A,-,Y,NA,NA,5,NA,NA,NA,NA,NA,S,Y,4,0,1,1,C,-,18,NA,NA,N,E,I,A,A,H,-,A,D,0,NA,NA,NA,NA,Y,NA,-,-,0,0,1,0,0,0,0,0,0,-,-,32.732,-117.1722,SAN DIEGO,SAN DIEGO,-117.17211301,32.7320729
90185575,2016,2016-05-24,9645,2016-05-13,1822,018678,NA,5,2,7,3711,0,1,1,NA,2,011,I-805 (S/B),LANDIS STREET O/C,170,N,N,A,-,Y,NA,NA,805,NA,NA,NA,NA,NA,NA,Y,3,0,1,4,A,-,03,22350,NA,N,C,C,A,A,H,-,A,D,0,NA,NA,NA,NA,Y,NA,A,01,0,1,0,0,0,0,0,0,0,-,-,32.74621,-117.12091,SAN DIEGO,SAN DIEGO,-117.1207997,32.74630786
90185596,2016,2016-05-24,9645,2016-05-15,1258,017025,NA,7,1,5,3709,0,1,3,NA,2,008,SR-54 W/B,REO DR. O/C,1320,W,N,A,B,Y,NA,NA,54,NA,NA,NA,NA,NA,W,Y,4,0,1,3,A,-,03,22350,NA,N,C,C,A,A,H,-,A,D,0,NA,NA,NA,NA,Y,NA,A,07,0,0,1,0,0,0,0,0,0,-,-,32.66359,-117.06171,SAN DIEGO,NATIONAL CITY,-117.06169465,32.66352752
90186050,2016,2016-05-24,9645,2016-05-17,0459,016138,NA,2,3,7,3711,0,1,3,NA,2,025,SR-163 SOUTHBOUND,I-15 S/B TO SR-163 S/B HOV O/C,44,N,N,A,-,Y,NA,NA,163,NA,NA,NA,NA,NA,S,Y,3,0,1,2,A,-,08,22107,NA,N,B,E,A,A,H,-,D,D,0,NA,NA,NA,Y,Y,NA,F,55,0,1,0,0,0,0,0,0,0,-,-,32.86114,-117.11305,SAN DIEGO,SAN DIEGO,-117.11294424,32.86106715
90187574,2016,2016-05-26,9645,2016-05-13,0115,015664,NA,5,3,7,3711,0,1,1,NA,2,030,I-15 S/B (HOV LANES),MIRA MESA BLVD.,2112,N,N,B,-,Y,NA,NA,15,NA,NA,NA,NA,NA,S,Y,2,0,1,1,A,-,01,23152,E,N,E,I,A,A,H,-,D,D,0,NA,NA,NA,NA,Y,NA,A,01,1,0,0,0,0,0,0,0,0,-,-,32.92164,-117.11555,SAN DIEGO,SAN DIEGO,-117.11557397,32.92164392
90187898,2016,2016-05-26,9645,2016-04-30,1200,017723,NA,6,1,7,3711,0,1,1,NA,2,027,SR-15 S/B,ADAMS AVE.,528,N,N,B,-,Y,NA,NA,15,NA,NA,NA,NA,NA,S,N,4,0,5,2,A,-,03,22350,NA,N,C,C,A,A,H,-,A,D,0,NA,NA,NA,NA,Y,NA,A,08,0,0,5,0,0,0,0,0,0,-,-,32.7666,-117.1108,SAN DIEGO,SAN DIEGO,-117.11070801,32.76665556
9018842,2020,2020-03-17,3709,2020-01-11,1746,NC0512,NA,6,5,5,3709,0,0,0,NA,0,023,GROVE ST,SWEETWATER RD,497,N,N,A,-,N,NA,NA,NA,NA,NA,NA,NA,NA,NA,Y,3,0,1,1,A,-,01,23152,A,N,F,I,A,A,H,-,D,D,0,NA,NA,NA,NA,Y,Y,A,01,0,1,0,0,0,0,0,0,0,-,-,NA,NA,SAN DIEGO,NATIONAL CITY,-117.08268737792967,32.66228485107422
90197066,2016,2016-06-08,9680,2016-05-28,1530,018801,NA,6,2,9,3700,0,3,5,NA,2,003,SR-79,RIVERSIDE DR,105,S,N,A,-,Y,NA,NA,79,NA,NA,NA,NA,NA,NA,Y,3,0,2,3,A,-,09,21801,A,N,B,C,A,A,H,-,A,D,0,NA,NA,Y,NA,Y,NA,A,01,0,2,0,0,0,0,0,0,2,-,-,32.841,-116.61315,SAN DIEGO,UNINCORPORATED,-116.61313714,32.84098871
90197076,2016,2016-06-08,9645,2016-06-07,1640,017498,NA,2,2,7,3711,0,1,1,NA,2,005,I-5 SOUTHBOUND,SEA WORLD DR O/C,3168,N,N,A,-,Y,NA,NA,5,NA,NA,NA,NA,NA,S,Y,4,0,1,4,A,-,03,22350,NA,N,C,C,A,A,H,-,A,D,0,NA,NA,NA,NA,Y,NA,A,08,0,0,1,0,0,0,0,0,0,-,-,32.7745,-117.20793,SAN DIEGO,SAN DIEGO,-117.20792746,32.77450063
90198469,2016,2016-06-09,9645,2016-05-20,0815,016542,NA,5,1,7,3711,0,1,1,NA,2,015,I-805 N/B,SR-52 U/C,200,S,N,A,-,Y,NA,NA,805,NA,NA,NA,NA,NA,N,Y,4,0,1,3,A,-,03,22350,NA,N,B,C,A,A,H,-,A,D,0,NA,NA,Y,NA,Y,NA,C,02,0,0,1,0,0,0,0,0,1,-,-,32.84674,-117.17731,SAN DIEGO,SAN DIEGO,-117.17737265,32.84670328
90202250,2016,2016-06-15,9680,2016-06-04,1415,020738,NA,6,2,9,3700,0,3,5,NA,2,002,TROY STREET (8700 BLOCK),CENTRAL AVE,200,W,N,A,-,N,NA,NA,NA,NA,NA,NA,NA,NA,NA,N,3,0,1,2,A,-,09,21804,A,N,B,C,A,A,H,-,A,D,0,NA,NA,Y,NA,Y,NA,C,03,0,1,0,0,0,0,0,0,1,-,-,32.736580000000004,-117.01087,SAN DIEGO,UNINCORPORATED,-117.01086812,32.73668
90203475,2016,2016-06-16,9680,2016-06-02,2200,019998,NA,4,3,9,3700,0,1,3,NA,1,022,SR-54 W/B (JAMACHA RD),CHASE AVE,542,S,N,A,-,Y,NA,NA,54,NA,NA,NA,NA,NA,W,Y,3,0,1,2,A,-,01,23152,A,N,C,C,A,A,H,-,C,D,0,NA,NA,NA,NA,Y,Y,A,01,0,1,0,0,0,0,0,0,0,-,-,32.76716,-116.928,SAN DIEGO,UNINCORPORATED,-116.92789838,32.76715986
90204578,2016,2016-06-20,9650,2016-06-12,1120,016275,NA,7,1,3,3783,0,1,1,NA,2,007,I-5 S/B,VIA DE LA VALLE,2112,N,N,B,-,Y,NA,NA,NA,NA,NA,NA,NA,NA,NA,Y,4,0,1,2,A,-,03,22350,NA,N,C,C,A,A,H,-,A,D,0,NA,NA,NA,NA,Y,NA,A,07,0,0,1,0,0,0,0,0,0,-,-,32.5927,-117.1522,SAN DIEGO,SOLANA BEACH,NA,NA
90206265,2016,2016-06-21,9645,2016-06-15,0640,015270,NA,3,1,5,3709,0,1,1,NA,2,001,I-5 NORTHBOUND,18TH STREET,100,S,N,A,-,Y,NA,NA,5,NA,NA,NA,NA,NA,N,Y,3,0,1,2,A,-,07,21658,A,N,F,J,A,A,H,-,A,D,0,NA,NA,Y,NA,Y,NA,A,07,0,1,0,0,0,0,0,0,1,-,-,32.66443,-117.10973,SAN DIEGO,NATIONAL CITY,-117.10962784,32.6644719
90207781,2016,2016-06-23,9680,2016-06-11,1520,017621,NA,6,2,9,3700,0,1,3,NA,1,052,SR-78,MAGNOLIA AVE,14784,E,N,B,-,Y,NA,NA,78,NA,NA,NA,NA,NA,NA,Y,2,0,1,1,A,-,08,22107,NA,N,F,A,A,A,H,-,A,A,0,NA,NA,Y,NA,Y,NA,C,02,1,0,0,0,0,0,0,0,1,-,-,33.06423,-116.81138,SAN DIEGO,UNINCORPORATED,-116.81134547,33.06422491
90208347,2016,2016-06-23,9650,2016-06-21,0735,015503,NA,2,1,9,3700,0,3,5,NA,2,190,SOUTH SANTA FE AVENUE,PALMYRA DR,25,E,N,A,-,N,NA,NA,NA,NA,NA,NA,NA,NA,NA,N,4,0,1,2,A,-,08,22107,NA,N,B,C,A,A,H,-,A,D,0,NA,NA,NA,Y,Y,NA,F,26,0,0,1,0,0,0,0,0,0,-,-,33.17066,-117.2614,SAN DIEGO,UNINCORPORATED,-117.20699507,33.1707748
90208568,2016,2016-06-23,9680,2016-06-11,2035,019910,NA,6,2,9,3700,0,3,5,NA,2,004,JAPATUL RD,CARVEACRE RD,1056,W,N,A,-,N,NA,NA,NA,NA,NA,NA,NA,NA,NA,Y,2,0,1,1,A,-,01,23152,A,N,E,I,A,A,H,-,D,D,0,NA,NA,NA,NA,Y,Y,A,01,1,0,0,0,0,0,0,0,0,-,-,32.7679,-116.69531,SAN DIEGO,UNINCORPORATED,-116.69483993,32.767485
90210196,2016,2016-06-27,9680,2016-06-15,1332,015877,NA,3,1,9,3700,0,2,4,NA,1,026,JAMACHA BLVD.,RUXTON AVE.,0,NA,Y,A,-,N,NA,NA,NA,NA,NA,NA,NA,NA,NA,Y,3,0,1,2,A,-,09,21802,A,N,D,C,A,A,H,-,A,A,0,NA,NA,NA,NA,Y,NA,A,07,0,1,0,0,0,0,0,0,0,-,-,32.7077,-117.00499,SAN DIEGO,UNINCORPORATED,-117.00577009,32.7077501
9021188,2019,2020-02-14,3711,2019-12-13,1915,SD4310,NA,5,5,7,3711,0,0,0,NA,0,115,NOBEL DR,GENESEE AV,32,E,N,A,-,N,NA,NA,NA,NA,NA,NA,NA,NA,NA,N,4,0,1,2,D,-,00,NA,NA,M,B,C,A,A,H,-,C,A,0,NA,NA,NA,NA,Y,NA,-,-,0,0,1,0,0,0,0,0,0,-,-,NA,NA,SAN DIEGO,SAN DIEGO,-117.21356964111328,32.86690139770508
90211964,2016,2016-06-29,9645,2016-06-17,1315,017723,NA,5,1,7,3711,0,1,1,NA,2,001,I-5 N/B FROM CORONADO AVE.,CORONADO AVE.,15,S,N,A,-,Y,NA,NA,5,NA,NA,NA,R,NA,N,N,4,0,1,2,A,-,03,22350,NA,N,C,C,A,A,H,-,A,D,0,NA,NA,NA,NA,Y,NA,A,01,0,0,1,0,0,0,0,0,0,-,-,32.5762,-117.0807,SAN DIEGO,SAN DIEGO,-117.0807,32.5762
90212565,2016,2016-06-30,9650,2016-06-27,1220,013636,NA,1,1,3,3783,0,1,1,NA,2,007,I-5 S/B,MANCHESTER AVE,2112,S,N,A,-,Y,NA,NA,NA,NA,NA,NA,NA,NA,NA,N,4,0,1,3,A,-,03,22350,NA,N,C,C,A,A,H,-,A,D,0,NA,NA,NA,NA,Y,NA,D,22,0,0,1,0,0,0,0,0,0,-,-,NA,NA,SAN DIEGO,SOLANA BEACH,NA,NA
90214805,2016,2016-07-01,9680,2016-06-21,1435,017621,NA,2,2,9,3700,0,1,3,NA,1,051,SR-79,SR-76,1290,N,N,A,-,Y,NA,NA,79,NA,NA,NA,NA,NA,NA,Y,3,0,1,2,A,-,03,22350,NA,N,C,C,A,A,H,-,A,D,0,NA,NA,NA,Y,Y,NA,G,25,0,1,0,0,0,0,0,0,0,-,-,33.20343,-116.71084,SAN DIEGO,UNINCORPORATED,-116.71088653,33.20342078
90215025,2016,2016-07-01,9645,2016-07-01,0555,014461,NA,5,3,7,3711,0,1,1,NA,2,011,I-805 NORTHBOUND,LANDIS ST.,410,N,N,A,-,Y,NA,NA,805,NA,NA,NA,NA,NA,N,Y,4,0,1,2,A,-,03,22350,NA,N,C,C,A,A,H,-,B,D,0,NA,NA,Y,NA,Y,NA,C,02,0,0,1,0,0,0,0,0,1,-,-,32.74691,-117.12102,SAN DIEGO,SAN DIEGO,-117.12099923,32.74692714
90215307,2016,2016-07-04,9645,2016-06-21,1500,019054,NA,2,2,7,3711,0,1,3,NA,2,002,SR-905 W/B,I-5,45,W,N,B,-,Y,NA,NA,905,NA,NA,NA,NA,NA,W,Y,4,0,1,2,A,-,07,21658,A,N,B,C,A,A,H,-,A,D,0,NA,NA,NA,NA,Y,NA,A,07,0,0,1,0,0,0,0,0,0,-,-,32.56489,-117.07438,SAN DIEGO,SAN DIEGO,-117.07435622,32.56485234
90216455,2016,2016-07-05,9645,2016-06-26,2332,020623,NA,7,3,6,3702,0,1,1,NA,2,009,I-805 NORTHBOUND,BONITA ROAD,1500,S,N,A,-,Y,NA,NA,805,NA,NA,NA,NA,NA,N,Y,3,0,3,3,A,-,03,22350,NA,N,C,C,A,A,H,-,D,D,0,NA,NA,NA,NA,Y,NA,A,01,0,2,1,0,0,0,0,0,0,-,-,32.64469,-117.05794,SAN DIEGO,CHULA VISTA,-117.05792387,32.64469969
90217910,2016,2016-07-07,9645,2016-06-30,1420,017270,NA,4,2,7,3711,0,1,1,NA,2,015,I-805 S/B,EASTGATE MALL,875,N,N,A,-,Y,NA,NA,805,NA,NA,NA,NA,NA,S,Y,4,0,1,3,A,-,03,22350,NA,M,C,C,A,A,H,-,A,D,0,NA,NA,NA,NA,Y,NA,A,01,0,0,1,0,0,0,0,0,0,-,-,32.8834,-117.2024,SAN DIEGO,SAN DIEGO,-117.20219732,32.88346743
90219531,2016,2016-07-11,9650,2016-07-07,1655,017328,NA,4,2,9,3700,0,1,3,NA,2,065,SR-76 E/B,CAMINO DEL REY,120,W,N,A,-,N,NA,NA,76,NA,NA,NA,NA,NA,E,Y,4,0,3,3,A,-,03,22350,NA,N,C,C,A,A,H,-,A,A,0,NA,NA,NA,NA,Y,NA,D,22,0,0,3,0,0,0,0,0,0,-,-,33.28824,-117.22545,SAN DIEGO,UNINCORPORATED,-117.22533802,33.28830103
9022147,2019,2020-01-17,3700,2019-11-01,2007,SH3208,NA,5,5,4,3707,0,0,0,NA,0,702,PALM AV,9TH ST,0,NA,Y,A,-,N,NA,NA,NA,NA,NA,NA,NA,NA,NA,N,3,0,4,2,A,-,12,21453,A,N,D,C,A,A,H,-,C,A,0,NA,NA,NA,NA,Y,Y,-,NA,0,2,2,0,0,0,0,0,0,-,-,NA,NA,SAN DIEGO,IMPERIAL BEACH,-117.11431884765624,32.583988189697266
9022263,2019,2020-02-27,3711,2019-12-03,1619,SD7650,NA,2,5,7,3711,0,0,0,NA,0,124,LA JOLLA SHORES DR,CAMINO DEL REPOSO,0,NA,Y,A,-,N,NA,NA,NA,NA,NA,NA,NA,NA,NA,N,3,0,1,2,A,-,08,22107,NA,N,B,G,A,B,H,-,A,D,0,NA,Y,NA,NA,Y,NA,A,01,0,1,0,0,0,0,1,0,0,-,-,NA,NA,SAN DIEGO,SAN DIEGO,-117.25382232666016,32.85340118408203
90222860,2016,2016-07-14,9680,2016-07-03,0025,020116,NA,7,3,5,3708,0,1,1,NA,2,081,I-8 E/B,GROSSMONT BLVD,400,E,N,A,-,Y,NA,NA,8,NA,NA,NA,NA,NA,E,N,4,0,1,3,A,-,08,22107,NA,F,B,C,A,A,H,-,C,D,0,NA,NA,NA,NA,Y,NA,-,99,0,0,1,0,0,0,0,0,0,-,-,32.77921,-116.98722,SAN DIEGO,LA MESA,-116.98723277,32.77884997
90224078,2016,2016-07-18,9645,2016-07-11,1030,017139,NA,1,1,7,3711,0,1,3,NA,1,004,SR-75 W/B,MAIN ST. U/C,100,W,N,A,-,Y,NA,NA,NA,NA,NA,NA,NA,NA,NA,N,4,0,2,2,A,-,03,22350,NA,N,C,C,A,A,H,-,A,D,0,NA,NA,NA,NA,Y,NA,A,01,0,0,2,0,0,0,0,0,0,-,-,32.6991,-117.14435,SAN DIEGO,SAN DIEGO,NA,NA
90225631,2016,2016-07-19,9680,2016-07-07,0210,016415,NA,4,3,9,3700,0,2,4,NA,1,013,WILDCAT CANYON RD,MUTH VALLEY RD,528,N,N,A,-,N,NA,NA,NA,NA,NA,NA,NA,NA,NA,Y,3,0,1,1,A,-,01,23152,A,F,E,I,A,A,H,-,D,D,0,NA,NA,NA,NA,Y,Y,A,01,0,1,0,0,0,0,0,0,0,-,-,32.9,-116.88737,SAN DIEGO,UNINCORPORATED,-116.88715636,32.90033651
90226193,2016,2016-07-20,9680,2016-07-09,0655,015877,NA,6,1,9,3700,0,3,5,NA,2,003,JAPATUL ROAD,DEHESA ROAD,13200,E,N,A,-,N,NA,NA,NA,NA,NA,NA,NA,NA,NA,Y,4,0,1,1,A,-,08,22107,NA,N,E,I,A,A,H,-,A,A,0,NA,NA,NA,NA,Y,NA,A,01,0,0,1,0,0,0,0,0,0,-,-,32.79046,-116.73792,SAN DIEGO,UNINCORPORATED,-116.73916049,32.7913118
90227620,2016,2016-07-21,9680,2016-07-11,1040,016181,NA,1,1,9,3700,0,2,4,NA,1,018,LOS COCHES RD,I-8 W/B FROM LOS COCHES RD,220,N,N,A,-,N,NA,NA,NA,NA,NA,NA,NA,NA,NA,Y,3,0,2,2,A,-,08,22100,B,N,D,C,A,A,H,-,A,D,0,NA,NA,NA,NA,Y,NA,A,01,0,2,0,0,0,0,0,0,0,-,-,32.82751,-116.90415,SAN DIEGO,UNINCORPORATED,-116.90415,32.82751
90228126,2016,2016-07-22,9650,2016-07-15,2305,018406,NA,5,3,9,3700,0,3,5,NA,2,230,W VALLEY PARKWAY,VIA RANCHERO WAY,1630,E,N,A,-,N,NA,NA,NA,NA,NA,NA,NA,NA,NA,Y,4,0,1,2,A,-,03,22350,NA,N,C,C,A,A,H,-,D,D,0,NA,NA,NA,NA,Y,NA,A,07,0,0,1,0,0,0,0,0,0,-,-,33.09396,-117.11332,SAN DIEGO,UNINCORPORATED,-117.113362,33.093992
90229467,2016,2016-07-25,9680,2016-07-13,0430,018672,NA,3,3,9,3700,0,2,4,NA,2,072,MONTEZUMA VALLEY ROAD,SAN FELIPE ROAD,34848,E,N,A,-,N,NA,NA,NA,NA,NA,NA,NA,NA,NA,Y,4,0,1,1,A,-,08,22107,NA,N,E,J,A,A,H,-,D,D,0,NA,NA,NA,NA,Y,NA,A,01,0,0,1,0,0,0,0,0,0,-,-,33.21081,-116.49515,SAN DIEGO,UNINCORPORATED,-116.49585089,33.2105
90234180,2016,2016-08-01,9650,2016-07-19,0825,017905,NA,2,1,6,3706,0,1,1,NA,2,023,I-15 S/B,VIA RANCHO PKY,50,N,N,A,-,Y,NA,NA,15,NA,NA,NA,NA,NA,S,Y,4,0,1,2,A,-,03,22350,NA,N,C,C,A,A,H,-,A,D,0,NA,NA,NA,NA,Y,NA,A,01,0,0,1,0,0,0,0,0,0,-,-,33.06975,-117.06973,SAN DIEGO,ESCONDIDO,-117.06963129,33.06976428
90238603,2016,2016-08-05,9680,2016-07-27,1105,015962,NA,3,1,9,3700,0,3,5,NA,2,003,WILLOWS RD,NORTH RING RD,0,NA,Y,A,-,N,NA,NA,NA,NA,NA,NA,NA,NA,NA,Y,3,0,1,2,A,-,12,22450,A,N,D,C,A,A,H,-,A,A,0,NA,NA,NA,NA,Y,NA,A,07,0,1,0,0,0,0,0,0,0,-,-,32.84041,-116.70895,SAN DIEGO,UNINCORPORATED,-116.708708,32.840426
9024619,2019,2020-07-10,3710,2019-12-26,1626,1430,NA,4,5,6,3710,0,0,0,NA,0,014,RT 76,AIRPORT RD,37,W,N,A,-,Y,SD,11,76,-,R,2.14,H,-,W,Y,3,0,1,1,A,-,08,22107,NA,N,E,I,A,A,H,-,A,A,0,NA,NA,NA,NA,Y,NA,A,08,0,1,0,0,0,0,0,0,0,-,-,NA,NA,SAN DIEGO,OCEANSIDE,-117.35118865966795,33.21653747558594
90248170,2016,2016-08-19,9645,2016-08-09,2107,018393,NA,2,2,6,3702,0,1,1,NA,2,009,I-805 N/B,ORANGE AVE O/C,500,N,N,A,-,Y,NA,NA,805,NA,NA,NA,NA,NA,N,Y,4,0,1,2,A,-,03,22350,NA,N,C,C,A,A,D,-,C,D,0,NA,NA,NA,NA,Y,NA,A,01,0,0,1,0,0,0,0,0,0,-,-,32.60744,-117.03627,SAN DIEGO,CHULA VISTA,-117.03613963,32.60744116
90248410,2016,2016-08-19,9645,2016-08-10,1645,019054,NA,3,2,7,3711,0,1,1,NA,2,010,I-8 E/B,COLLEGE AVE.,550,E,N,A,-,Y,NA,NA,8,NA,NA,NA,NA,NA,E,Y,4,0,1,2,A,-,03,22350,NA,N,C,C,A,A,H,-,A,A,0,NA,NA,NA,NA,Y,NA,A,07,0,0,1,0,0,0,0,0,0,-,-,32.77925,-117.06445,SAN DIEGO,SAN DIEGO,-117.06444551,32.77934278
9024893,2019,2020-01-15,3710,2019-11-11,1658,OC1481,NA,1,5,6,3710,0,0,0,NA,0,023,GUAJOME LAKE RD,ALBRIGHT ST,1000,E,N,A,-,N,NA,NA,NA,NA,NA,NA,NA,NA,NA,N,3,0,1,1,A,-,03,22350,NA,N,F,A,A,A,A,-,A,D,0,NA,NA,Y,NA,Y,NA,C,02,0,1,0,0,0,0,0,0,1,-,-,NA,NA,SAN DIEGO,OCEANSIDE,-117.2648468017578,33.24290084838867
90248956,2016,2016-08-22,9650,2016-08-20,1230,013570,NA,6,1,6,3710,0,1,1,NA,2,005,I-5 S/B,MISSION AVE,500,N,N,A,-,Y,NA,NA,NA,NA,NA,NA,NA,NA,NA,N,4,0,1,2,A,-,03,22350,NA,N,C,C,A,A,H,-,A,D,0,NA,NA,NA,NA,Y,NA,A,07,0,0,1,0,0,0,0,0,0,-,-,NA,NA,SAN DIEGO,OCEANSIDE,-117.37357832,33.20069831
90255114,2016,2016-08-29,9650,2016-08-17,1235,013570,NA,3,1,9,3700,0,3,5,NA,2,170,SOUTH SANTA FE AVE,ROBELINI DR,50,W,N,A,-,N,NA,NA,NA,NA,NA,NA,NA,NA,NA,N,4,0,1,3,A,-,03,22350,NA,N,C,C,A,A,H,-,A,A,0,NA,NA,NA,NA,Y,NA,D,22,0,0,1,0,0,0,0,0,0,-,-,NA,NA,SAN DIEGO,UNINCORPORATED,-117.20953743,33.17386351
90255195,2016,2016-08-29,9650,2016-07-16,2010,016485,NA,6,2,9,3700,0,3,5,NA,2,230,PALM LN,5TH PL,10,E,N,A,-,N,NA,NA,NA,NA,NA,NA,NA,NA,NA,Y,3,0,1,2,A,-,03,22350,NA,F,C,C,A,A,H,-,D,D,0,NA,NA,NA,NA,Y,NA,A,01,0,1,0,0,0,0,0,0,0,-,-,33.07061,-117.11927,SAN DIEGO,UNINCORPORATED,-117.11974831,33.0706238