CASE_ID,ACCIDENT_YEAR,PROC_DATE,JURIS,COLLISION_DATE,COLLISION_TIME,OFFICER_ID,REPORTING_DISTRICT,DAY_OF_WEEK,CHP_SHIFT,POPULATION,CNTY_CITY_LOC,SPECIAL_COND,BEAT_TYPE,CHP_BEAT_TYPE,CITY_DIVISION_LAPD,CHP_BEAT_CLASS,BEAT_NUMBER,PRIMARY_RD,SECONDARY_RD,DISTANCE,DIRECTION,INTERSECTION,WEATHER_1,WEATHER_2,STATE_HWY_IND,CALTRANS_COUNTY,CALTRANS_DISTRICT,STATE_ROUTE,ROUTE_SUFFIX,POSTMILE_PREFIX,POSTMILE,LOCATION_TYPE,RAMP_INTERSECTION,SIDE_OF_HWY,TOW_AWAY,COLLISION_SEVERITY,NUMBER_KILLED,NUMBER_INJURED,PARTY_COUNT,PRIMARY_COLL_FACTOR,PCF_CODE_OF_VIOL,PCF_VIOL_CATEGORY,PCF_VIOLATION,PCF_VIOL_SUBSECTION,HIT_AND_RUN,TYPE_OF_COLLISION,MVIW,PED_ACTION,ROAD_SURFACE,ROAD_COND_1,ROAD_COND_2,LIGHTING,CONTROL_DEVICE,CHP_ROAD_TYPE,PEDESTRIAN_ACCIDENT,BICYCLE_ACCIDENT,MOTORCYCLE_ACCIDENT,TRUCK_ACCIDENT,NOT_PRIVATE_PROPERTY,ALCOHOL_INVOLVED,STWD_VEHTYPE_AT_FAULT,CHP_VEHTYPE_AT_FAULT,COUNT_SEVERE_INJ,COUNT_VISIBLE_INJ,COUNT_COMPLAINT_PAIN,COUNT_PED_KILLED,COUNT_PED_INJURED,COUNT_BICYCLIST_KILLED,COUNT_BICYCLIST_INJURED,COUNT_MC_KILLED,COUNT_MC_INJURED,PRIMARY_RAMP,SECONDARY_RAMP,LATITUDE,LONGITUDE,COUNTY,CITY,POINT_X,POINT_Y
90818714,2018,2018-09-21,9645,2018-09-17,2100,020997,NA,1,2,7,3711,0,1,1,NA,2,009,I-805 N/B,E J STREET,500,N,N,A,-,Y,NA,NA,NA,NA,NA,NA,NA,NA,NA,Y,4,0,1,3,A,-,03,22350,NA,F,C,C,A,A,H,-,D,D,0,NA,NA,NA,NA,Y,NA,-,99,0,0,1,0,0,0,0,0,0,-,-,32.63488006591797,-117.0470962524414,SAN DIEGO,SAN DIEGO,-117.04779052734376,32.635475158691406
90818727,2018,2018-09-21,9650,2018-09-20,1450,022031,NA,4,2,5,3712,0,1,3,NA,2,019,SR-78 E/B,NORDAHL RD,1370,W,N,A,-,Y,NA,NA,78,NA,NA,NA,NA,NA,E,Y,4,0,2,2,A,-,03,22350,NA,N,C,C,A,A,H,-,A,D,0,NA,NA,NA,NA,Y,NA,A,07,0,0,2,0,0,0,0,0,0,-,-,33.133819580078125,-117.12566375732422,SAN DIEGO,SAN MARCOS,-117.12564849853516,33.13384246826172
90819550,2018,2018-09-24,9680,2018-09-12,1146,015578,NA,3,1,4,3720,0,1,3,NA,2,028,SR-125 NORTHBOUND,BROADWAY,528,S,N,A,-,Y,NA,NA,125,NA,NA,NA,NA,NA,N,N,4,0,1,3,A,-,03,22350,NA,N,C,C,A,A,H,-,A,D,0,NA,NA,NA,NA,Y,NA,A,01,0,0,1,0,0,0,0,0,0,-,-,32.74420928955078,-117.0177001953125,SAN DIEGO,LEMON GROVE,-117.01765441894533,32.74423599243164
90820591,2018,2018-09-25,9645,2018-09-19,1824,020479,NA,3,2,7,3711,0,1,1,NA,2,010,I-8 W/B,COLLEGE AVE,3400,E,N,A,-,Y,NA,NA,8,NA,NA,NA,NA,NA,W,Y,4,0,1,5,A,-,03,22350,NA,N,C,C,A,A,H,-,A,D,0,NA,NA,NA,NA,Y,NA,D,22,0,0,1,0,0,0,0,0,0,-,-,32.76496887207031,-117.1560516357422,SAN DIEGO,SAN DIEGO,-117.15603637695313,32.76491165161133
90825287,2018,2018-10-01,9680,2018-05-02,1510,021859,NA,3,2,5,3705,0,1,3,NA,1,040,STATE ROUTE 94 EASTBOUND,OTAY LAKES ROAD,14256,E,N,B,-,Y,NA,NA,NA,NA,NA,NA,NA,NA,NA,Y,1,1,2,2,A,-,03,22350,NA,N,A,C,A,B,H,-,A,D,0,NA,NA,NA,NA,Y,NA,A,01,0,1,1,0,0,0,0,0,0,-,-,32.6511116027832,-116.78868103027344,SAN DIEGO,EL CAJON,-116.78880310058594,32.65211868286133
90826756,2018,2018-10-02,9645,2018-09-14,0700,016047,NA,5,1,5,3709,0,1,1,NA,2,009,I-805 NORTHBOUND,PALM AVENUE,300,N,N,A,-,Y,NA,NA,805,NA,NA,NA,NA,NA,N,Y,4,0,1,2,A,-,07,21658,A,N,B,C,A,A,H,-,A,D,0,NA,NA,Y,NA,Y,NA,A,01,0,0,1,0,0,0,0,0,1,-,-,32.69126892089844,-117.09468841552734,SAN DIEGO,NATIONAL CITY,-117.09465026855467,32.691280364990234
90829489,2018,2018-10-05,9645,2018-10-01,0730,016156,NA,1,1,7,3711,0,1,3,NA,2,023,SR-163 S/B,ROBINSON AVENUE,500,S,N,B,-,Y,NA,NA,163,NA,NA,NA,NA,NA,S,Y,4,0,1,3,A,-,03,22350,NA,N,C,C,A,A,H,-,A,D,0,NA,NA,NA,NA,Y,NA,A,01,0,0,1,0,0,0,0,0,0,-,-,32.74324035644531,-117.15641784667967,SAN DIEGO,SAN DIEGO,-117.15646362304688,32.74324417114258
90830279,2018,2018-10-08,9650,2018-09-28,1610,019822,NA,5,2,9,3700,0,3,5,NA,2,230,DEL DIOS HWY,ELM LN,2640,S,N,A,-,N,NA,NA,NA,NA,NA,NA,NA,NA,NA,Y,3,0,1,2,A,-,06,21755,NA,N,B,C,A,A,H,-,A,D,0,NA,NA,Y,Y,Y,NA,C,02,0,1,0,0,0,0,0,0,1,-,-,33.07229995727539,-117.12149810791016,SAN DIEGO,UNINCORPORATED,-117.12137603759766,33.073638916015625
90830901,2018,2018-10-08,9645,2018-09-23,1805,021601,NA,7,2,7,3711,0,1,3,NA,2,008,SR-54 W/B,BRIARWOOD ROAD,2640,W,N,A,-,Y,NA,NA,54,NA,NA,NA,NA,NA,W,Y,2,0,1,2,A,-,08,22107,NA,N,C,C,A,A,H,-,A,D,0,NA,NA,Y,NA,Y,NA,C,02,1,0,0,0,0,0,0,0,1,-,-,32.676971435546875,-117.03624725341795,SAN DIEGO,SAN DIEGO,-117.03627777099608,32.676998138427734
90831994,2018,2018-10-09,9680,2018-09-28,1346,020401,NA,5,1,9,3700,0,2,4,NA,1,014,WINTER GARDENS BLVD,GAY RIO DR,8,N,N,A,-,N,NA,NA,NA,NA,NA,NA,NA,NA,NA,Y,4,0,1,1,A,-,08,22107,NA,N,E,J,A,A,H,-,A,D,0,NA,NA,NA,NA,Y,NA,A,07,0,0,1,0,0,0,0,0,0,-,-,32.839908599853516,-116.93357849121094,SAN DIEGO,UNINCORPORATED,-116.93346405029295,32.838809967041016
90834154,2018,2018-10-11,9645,2018-07-18,1855,016137,NA,3,2,7,3711,0,1,1,NA,2,007,I-5 SOUTHBOUND,NOBLE DR. O/C,300,S,N,A,-,Y,NA,NA,5,NA,NA,NA,NA,NA,S,N,3,0,1,2,A,-,07,21658,A,N,B,C,A,A,H,-,A,D,0,NA,NA,Y,NA,Y,NA,A,01,0,1,0,0,0,0,0,0,1,-,-,32.86275863647461,-117.23023223876952,SAN DIEGO,SAN DIEGO,-117.23026275634766,32.862762451171875
90837940,2018,2018-10-17,9650,2018-10-05,1735,021200,NA,5,2,9,3700,0,1,3,NA,1,028,SR-76,S. GRADE ROAD,1100,W,N,A,-,Y,NA,NA,76,NA,NA,NA,NA,NA,NA,Y,2,0,2,1,A,-,01,23153,A,N,F,A,A,A,H,-,B,D,0,NA,NA,NA,NA,Y,Y,D,22,1,1,0,0,0,0,0,0,0,-,-,33.29478073120117,-116.9047622680664,SAN DIEGO,UNINCORPORATED,-116.90475463867188,33.29478454589844
90838985,2018,2018-10-18,9680,2018-10-08,0748,015578,NA,1,1,4,3720,0,1,3,NA,2,028,SR-125 NORTHBOUND,TROY ST.,1056,N,N,A,-,Y,NA,NA,125,NA,NA,NA,NA,NA,N,Y,3,0,1,4,A,-,07,21658,A,N,C,C,A,A,H,-,A,D,0,NA,NA,NA,Y,Y,NA,A,01,0,1,0,0,0,0,0,0,0,-,-,32.73923873901367,-117.01544952392578,SAN DIEGO,LEMON GROVE,-117.01552581787108,32.73923873901367
90839422,2018,2018-10-18,9680,2018-10-09,0847,015070,NA,2,1,9,3700,0,1,3,NA,1,024,SR-94 W/B,SR-54,362,E,N,A,-,Y,NA,NA,94,NA,NA,NA,NA,NA,W,Y,4,0,3,2,A,-,08,22107,NA,N,B,C,A,A,H,-,A,D,0,NA,NA,NA,NA,Y,NA,A,08,0,0,3,0,0,0,0,0,0,-,-,32.738380432128906,-116.94204711914063,SAN DIEGO,UNINCORPORATED,-116.94200134277344,32.7384033203125
90841604,2018,2018-10-22,9650,2018-10-13,0446,021805,NA,6,3,6,3706,0,1,1,NA,2,023,I-15 S/B,SR-78 E/B,15,S,N,B,C,Y,NA,NA,15,NA,NA,NA,NA,NA,S,Y,3,0,1,2,A,-,03,22350,NA,N,D,C,A,B,H,-,D,D,0,NA,NA,NA,NA,Y,NA,A,07,0,1,0,0,0,0,0,0,0,-,-,33.12670135498047,-117.10482788085938,SAN DIEGO,ESCONDIDO,-117.10485076904295,33.1266975402832
9084302,2020,2020-06-29,3711,2020-03-29,1500,SD7444,NA,7,5,7,3711,0,0,0,NA,0,116,MORENA BL,LITTLEFIELD,125,N,N,A,-,N,NA,NA,NA,NA,NA,NA,NA,NA,NA,N,3,0,1,3,A,-,03,22350,NA,M,G,E,A,A,H,-,A,D,0,NA,NA,NA,NA,Y,Y,A,01,0,1,0,0,0,0,0,0,0,-,-,NA,NA,SAN DIEGO,SAN DIEGO,-117.20744323730467,32.78072738647461
90843660,2018,2018-10-24,9650,2018-10-20,1317,015446,NA,6,1,9,3700,0,1,1,NA,2,021,I-15 FWY SOUTHBOUND,DEER SPRINGS ROAD O/C,1000,N,N,A,-,Y,NA,NA,15,NA,NA,NA,NA,NA,S,Y,4,0,1,2,A,-,08,22107,NA,N,E,I,A,A,H,-,A,D,0,NA,NA,NA,NA,Y,NA,A,01,0,0,1,0,0,0,0,0,0,-,-,33.20069122314453,-117.12796020507813,SAN DIEGO,UNINCORPORATED,-117.1279296875,33.20071029663086
90846230,2018,2018-10-26,9680,2018-10-16,0840,013686,NA,2,1,9,3700,0,3,5,NA,2,001,GREENFIELD DR.,LYONS LN.,62,W,N,A,-,N,NA,NA,NA,NA,NA,NA,NA,NA,NA,Y,3,0,7,2,A,-,05,21460,A,N,A,C,A,A,H,-,A,D,0,NA,NA,NA,NA,Y,NA,A,01,0,1,6,0,0,0,0,0,0,-,-,32.813358306884766,-116.94817352294922,SAN DIEGO,UNINCORPORATED,-116.9481201171875,32.81331253051758
90848086,2018,2018-10-29,9650,2018-10-22,2145,021698,NA,1,2,9,3700,0,1,3,NA,1,028,I-15 N/B FROM SR-76 E/B,SR-76 E/B,106,S,N,A,-,Y,NA,NA,15,NA,NA,NA,R,NA,N,N,4,0,1,1,A,-,03,22350,NA,N,F,A,A,A,H,-,C,D,0,NA,NA,Y,NA,Y,NA,C,02,0,0,1,0,0,0,0,0,1,-,-,33.33026123046875,-117.1581573486328,SAN DIEGO,UNINCORPORATED,-117.1581573486328,33.33026123046875
90849752,2018,2018-10-31,9645,2018-10-21,0428,019867,NA,7,3,7,3711,0,1,3,NA,2,006,SR-94 E/B,SR-15 S/B,52,W,N,A,-,Y,NA,NA,94,NA,NA,NA,NA,NA,E,N,2,0,1,2,A,-,11,21954,A,N,G,B,E,A,H,-,C,D,0,Y,NA,NA,NA,Y,NA,N,60,1,0,0,0,1,0,0,0,0,-,-,32.716339111328125,-117.11807250976563,SAN DIEGO,SAN DIEGO,-117.11806488037108,32.7163200378418
90852942,2018,2018-11-05,9645,2018-10-26,2136,016474,NA,5,2,7,3711,0,1,3,NA,2,025,SR-163 SOUTHBOUND,KEARNY VILLA ROAD,2640,N,N,A,-,Y,NA,NA,163,NA,NA,NA,NA,NA,S,Y,4,0,1,2,A,-,07,21658,A,F,C,C,A,A,H,-,C,D,0,NA,NA,NA,NA,Y,NA,-,99,0,0,1,0,0,0,0,0,0,-,-,32.86351013183594,-117.11141204833984,SAN DIEGO,SAN DIEGO,-117.11129760742188,32.863426208496094
90855924,2018,2018-11-08,9645,2018-11-02,0430,021697,NA,5,3,7,3711,0,1,1,NA,2,007,I-5 N/B,VIA DE LA VALLE U/C,2006,S,N,A,-,Y,NA,NA,5,NA,NA,NA,NA,NA,N,Y,3,0,1,1,A,-,01,23152,A,N,E,I,A,A,H,-,C,D,0,NA,NA,NA,NA,Y,Y,A,01,0,1,0,0,0,0,0,0,0,-,-,32.97322082519531,-117.2502670288086,SAN DIEGO,SAN DIEGO,-117.25042724609376,32.97315979003906
90856058,2018,2018-11-08,9645,2018-11-01,1107,017139,NA,4,1,7,3711,0,1,1,NA,2,001,I-5 N/B TO CORONADO AVE,CORONADO AVE,30,S,N,A,-,Y,NA,NA,5,NA,NA,NA,R,NA,N,Y,4,0,1,2,A,-,01,23152,A,N,C,C,A,A,H,-,A,D,0,NA,NA,NA,NA,Y,Y,A,01,0,0,1,0,0,0,0,0,0,-,-,32.57632064819336,-117.08049774169922,SAN DIEGO,SAN DIEGO,-117.08049774169922,32.57632064819336
90860508,2018,2018-11-15,9680,2018-11-02,1055,014786,NA,5,1,9,3700,0,1,1,NA,2,085,INTERSTATE 8 (EASTBOUND),BUCKMAN SPRINGS ROAD,4752,W,N,A,-,Y,NA,NA,8,NA,NA,NA,NA,NA,NA,Y,3,0,2,2,A,-,03,22350,NA,F,C,C,A,A,H,-,A,D,0,NA,NA,NA,NA,Y,NA,D,22,0,2,0,0,0,0,0,0,0,-,-,32.772300720214844,-116.49166107177734,SAN DIEGO,UNINCORPORATED,-116.49158477783205,32.772342681884766
90860745,2018,2018-11-15,9645,2018-11-09,1110,014804,NA,5,1,7,3711,0,1,1,NA,2,015,I-805 (N/B),GOVERNOR DRIVE U/C,2112,S,N,A,-,Y,NA,NA,805,NA,NA,NA,NA,NA,NA,Y,4,0,1,2,A,-,04,21703,NA,N,C,C,A,A,H,-,A,D,0,NA,NA,NA,NA,Y,NA,A,07,0,0,1,0,0,0,0,0,0,-,-,32.851009368896484,-117.18006134033205,SAN DIEGO,SAN DIEGO,-117.18009185791016,32.850990295410156
90862332,2018,2018-11-19,9650,2018-11-14,0701,015446,NA,3,1,6,3706,0,1,1,NA,2,023,I-15 FWY SOUTHBOUND,FELICITA ROAD U/C,800,N,N,A,-,Y,NA,NA,15,NA,NA,NA,NA,NA,S,N,3,0,1,1,A,-,08,22107,NA,N,F,A,A,A,H,-,A,D,0,NA,NA,Y,NA,Y,NA,C,02,0,1,0,0,0,0,0,0,1,-,-,33.095638275146484,-117.08657836914063,SAN DIEGO,ESCONDIDO,-117.08637237548828,33.095855712890625
90863936,2018,2018-11-20,9645,2018-11-12,1913,021639,NA,1,2,7,3711,0,1,1,NA,2,001,I-5 NORTHBOUND,CAMINO DE LA PLAZA,1056,N,N,A,-,Y,NA,NA,5,NA,NA,NA,NA,NA,N,Y,4,0,1,2,A,-,07,21658,A,N,B,C,A,A,H,-,C,D,0,NA,NA,NA,NA,Y,NA,A,01,0,0,1,0,0,0,0,0,0,-,-,32.546531677246094,-117.03550720214844,SAN DIEGO,SAN DIEGO,-117.03554534912108,32.54647445678711
90864976,2018,2018-12-03,9680,2018-11-08,2100,019555,NA,4,2,9,3700,0,3,5,NA,2,002,ELKELTON BLVD,CRESTMORE AVE,190,N,N,A,-,N,NA,NA,NA,NA,NA,NA,NA,NA,NA,Y,4,0,1,2,A,-,01,23152,A,F,F,A,A,A,H,-,C,D,0,NA,NA,Y,NA,Y,Y,D,22,0,0,1,0,0,0,0,0,1,-,-,32.7135009765625,-117.01698303222656,SAN DIEGO,UNINCORPORATED,-117.01701354980467,32.713409423828125
90865594,2018,2018-11-22,9645,2018-11-19,0610,018250,NA,1,1,7,3711,0,1,1,NA,2,021,SR-15 S/B,OCEAN VIEW BOULEVARD,610,S,N,A,-,Y,NA,NA,15,NA,NA,NA,NA,NA,S,Y,4,0,1,2,A,-,03,22350,NA,N,C,C,A,A,H,-,A,D,0,NA,NA,NA,NA,Y,NA,D,22,0,0,1,0,0,0,0,0,0,-,-,32.69829177856445,-117.12101745605467,SAN DIEGO,SAN DIEGO,-117.1208953857422,32.69828796386719
90866048,2018,2018-11-26,9650,2018-11-13,0500,021992,NA,2,3,9,3700,0,3,5,NA,1,212,OLD CASTLE RD,WILKES RD,130,E,N,A,-,N,NA,NA,NA,NA,NA,NA,NA,NA,NA,Y,2,0,2,2,A,-,01,23152,A,N,A,C,A,A,H,-,B,D,0,NA,NA,NA,NA,Y,Y,A,01,1,1,0,0,0,0,0,0,0,-,-,33.15224075317383,-117.05210113525392,SAN DIEGO,UNINCORPORATED,-117.08950805664063,33.25615310668945
90867142,2018,2018-11-26,9645,2018-11-15,1920,021639,NA,4,2,7,3711,0,1,1,NA,2,010,I-8 EASTBOUND,MISSION CITY PKWY,500,W,N,A,-,Y,NA,NA,8,NA,NA,NA,NA,NA,E,N,4,0,1,3,A,-,03,22350,NA,N,C,C,A,A,H,-,C,D,0,NA,NA,NA,NA,Y,NA,A,01,0,0,1,0,0,0,0,0,0,-,-,32.7742805480957,-117.12561798095705,SAN DIEGO,SAN DIEGO,-117.12562561035156,32.774288177490234
90868653,2018,2018-11-27,9645,2018-11-17,2047,019678,NA,6,2,7,3711,0,1,3,NA,2,012,SR-52 E/B,I-805 S/B,50,W,N,A,-,Y,NA,NA,52,NA,NA,NA,NA,NA,E,Y,2,0,1,1,A,-,08,22107,NA,N,E,I,A,A,H,-,C,D,0,NA,NA,NA,NA,Y,NA,A,07,1,0,0,0,0,0,0,0,0,-,-,32.8473014831543,-117.17823791503906,SAN DIEGO,SAN DIEGO,-117.17823791503906,32.84737777709961
90872171,2018,2018-11-30,9645,2018-11-21,1636,015790,NA,3,2,7,3711,0,1,3,NA,2,023,SR-163 (SB),ROBINSON AVENUE,5,N,N,B,-,Y,NA,NA,NA,NA,NA,NA,NA,NA,NA,Y,3,0,1,2,A,-,03,22350,NA,N,C,C,A,A,H,-,C,D,0,NA,NA,NA,NA,Y,NA,A,01,0,1,0,0,0,0,0,0,0,-,-,33.02185821533203,-117.27313995361328,SAN DIEGO,SAN DIEGO,-117.15652465820313,32.74677276611328
90873626,2018,2018-12-03,9645,2018-11-22,0520,016156,NA,4,3,7,3711,0,1,3,NA,2,016,SR-52 W/B,MAST BLVD,2000,E,N,B,C,Y,NA,NA,52,NA,NA,NA,NA,NA,W,Y,4,0,1,1,A,-,03,22350,NA,N,E,I,A,B,H,-,C,D,0,NA,NA,NA,NA,Y,NA,A,01,0,0,1,0,0,0,0,0,0,-,-,32.84064865112305,-117.02381134033205,SAN DIEGO,SAN DIEGO,-117.02376556396484,32.840675354003906
9087584,2020,2020-07-24,3705,2020-02-29,0136,EC0394,NA,6,5,5,3705,0,0,0,NA,0,002,S MOLLISON AV,EAST MAIN ST,0,NA,Y,A,-,N,NA,NA,NA,NA,NA,NA,NA,NA,NA,NA,4,0,1,2,D,-,00,NA,NA,N,A,C,A,A,H,-,C,A,0,NA,NA,NA,NA,Y,NA,-,-,0,0,1,0,0,0,0,0,0,-,-,NA,NA,SAN DIEGO,EL CAJON,-116.95098114013672,32.79494857788086
90879009,2018,2018-12-10,9680,2018-11-29,0540,016181,NA,4,3,9,3700,0,1,1,NA,2,081,I-8 W/B TO SR-125 S/B,I-8 E/B,528,W,N,B,C,Y,NA,NA,8,NA,NA,NA,R,NA,W,Y,3,0,1,1,A,-,03,22350,NA,N,E,I,A,B,H,-,C,A,0,NA,NA,NA,NA,Y,NA,D,22,0,1,0,0,0,0,0,0,0,-,-,32.775169372558594,-117.00341796875,SAN DIEGO,UNINCORPORATED,-117.00341796875,32.775169372558594
90879106,2018,2018-12-10,9680,2018-11-29,1127,016139,NA,4,1,5,3705,0,1,1,NA,2,081,I-8 E/B,W. MAIN ST,1584,W,N,B,C,Y,NA,NA,8,NA,NA,NA,NA,NA,E,Y,3,0,1,1,A,-,03,22350,NA,N,E,I,A,B,H,-,A,D,0,NA,NA,NA,NA,Y,NA,A,07,0,1,0,0,0,0,0,0,0,-,-,32.790470123291016,-116.9777603149414,SAN DIEGO,EL CAJON,-116.97770690917967,32.79047393798828
90879688,2018,2018-12-10,9680,2018-11-29,1555,019555,Baron,4,2,9,3700,0,2,4,NA,1,013,WILDCAT CANYON RD,FOUNDERS WAY,1056,N,N,B,C,N,NA,NA,NA,NA,NA,NA,NA,NA,NA,Y,4,0,2,3,A,-,03,22350,NA,N,A,C,A,B,H,-,A,D,0,NA,NA,NA,NA,Y,NA,A,01,0,0,2,0,0,0,0,0,0,-,-,32.93851089477539,-116.86769104003906,SAN DIEGO,UNINCORPORATED,-116.86786651611328,32.93751907348633
90882322,2018,2018-12-13,9645,2018-12-03,1200,015270,NA,1,1,5,3709,0,1,3,NA,2,008,I-805 FROM SR-54 E/B,I-805,12408,W,N,A,-,Y,NA,NA,NA,NA,NA,NA,NA,NA,NA,N,4,0,1,2,A,-,07,21658,A,N,B,C,A,A,H,-,A,D,0,NA,NA,NA,NA,Y,NA,A,01,0,0,1,0,0,0,0,0,0,-,-,32.65803146362305,-117.07946014404295,SAN DIEGO,NATIONAL CITY,NA,NA
90884706,2018,2019-03-07,9645,2018-12-06,1700,017953,NA,4,2,7,3711,0,1,1,NA,2,017,I-15 S/B,AMMO RD. O/C,3062,S,N,C,-,Y,NA,NA,15,NA,NA,NA,NA,NA,S,Y,4,0,2,4,A,-,03,22350,NA,N,C,C,A,B,H,-,D,D,0,NA,NA,NA,NA,Y,NA,D,22,0,0,2,0,0,0,0,0,0,-,-,32.86687088012695,-117.10899353027344,SAN DIEGO,SAN DIEGO,-117.1090087890625,32.866878509521484
90885435,2018,2018-12-18,9650,2018-12-07,1745,015080,NA,5,2,5,3712,0,1,3,NA,2,019,SR-78 W/B,N RANCHO SANTA FE ROAD,1056,E,N,A,-,Y,NA,NA,78,NA,NA,NA,NA,NA,W,Y,4,0,2,2,A,-,03,22350,NA,N,C,C,A,A,H,-,C,D,0,NA,NA,NA,NA,Y,NA,A,01,0,0,2,0,0,0,0,0,0,-,-,33.14849853515625,-117.19599151611328,SAN DIEGO,SAN MARCOS,-117.1960678100586,33.14841079711914
90890550,2018,2018-12-26,9650,2018-12-18,0353,019766,NA,2,3,9,3700,0,1,3,NA,2,065,SR-76 WESTBOUND,SWEETGRASS LANE,257,E,N,B,-,Y,NA,NA,76,NA,NA,NA,NA,NA,W,Y,4,0,1,1,A,-,08,22107,NA,N,E,I,A,A,H,-,D,D,0,NA,NA,NA,NA,Y,NA,A,01,0,0,1,0,0,0,0,0,0,-,-,33.30057144165039,-117.2177734375,SAN DIEGO,UNINCORPORATED,-117.21760559082033,33.30044937133789
90890979,2018,2018-12-27,9650,2018-12-19,1840,020673,NA,3,2,5,3712,0,1,3,NA,2,019,SR-78 W/B FROM RANCHO SANTA FE RD.,RANCHO SANTA FE RD.,400,W,N,A,-,Y,NA,NA,NA,NA,NA,NA,NA,NA,NA,Y,4,0,1,2,A,-,03,22350,NA,N,C,C,A,A,H,-,C,D,0,NA,NA,NA,NA,Y,NA,A,01,0,0,1,0,0,0,0,0,0,-,-,33.09053039550781,-117.11570739746094,SAN DIEGO,SAN MARCOS,-117.19921112060548,33.15104675292969
90895644,2018,2019-01-02,9645,2018-12-20,0755,014461,NA,4,1,9,3700,0,3,5,NA,2,024,LONE QUAIL RD. 9000 BLOCK,DEER RIDGE RD.,23,W,N,A,-,N,NA,NA,NA,NA,NA,NA,NA,NA,NA,Y,4,0,1,2,A,-,03,22350,NA,N,C,C,A,A,H,-,A,D,0,NA,NA,NA,NA,Y,NA,A,07,0,0,1,0,0,0,0,0,0,-,-,33.0152587890625,-117.11930847167967,SAN DIEGO,UNINCORPORATED,-117.11931610107422,33.015289306640625
90896296,2018,2019-01-02,9645,2018-12-25,1520,021263,NA,2,2,7,3711,0,1,1,NA,2,021,STATE ROUTE 15 SOUTHBOUND,STATE ROUTE 94,400,S,N,C,-,Y,NA,NA,15,NA,NA,NA,NA,NA,S,Y,4,0,1,2,A,-,08,22107,NA,N,B,C,A,B,H,-,A,D,0,NA,NA,NA,NA,Y,NA,A,01,0,0,1,0,0,0,0,0,0,-,-,32.714149475097656,-117.1180419921875,SAN DIEGO,SAN DIEGO,-117.11797332763672,32.714134216308594
90896746,2018,2019-01-03,9645,2018-12-21,1930,015790,NA,5,2,7,3711,0,1,3,NA,2,023,SR-163 (SB),ROBINSON AVENUE (O/C),55,S,N,B,-,Y,NA,NA,NA,NA,NA,NA,NA,NA,NA,Y,3,0,1,2,A,-,03,22350,NA,N,C,C,A,A,H,-,D,D,0,NA,NA,NA,NA,Y,NA,A,01,0,1,0,0,0,0,0,0,0,-,-,33.02185821533203,-117.27313995361328,SAN DIEGO,SAN DIEGO,-117.15655517578124,32.746612548828125
90898428,2019,2019-01-07,9650,2019-01-05,1610,021406,NA,6,2,9,3700,0,2,4,NA,2,061,EAST MISSION ROAD,VIA ZANCAS,800,E,N,B,C,N,NA,NA,NA,NA,NA,NA,NA,NA,NA,Y,4,0,1,3,A,-,08,22107,NA,N,B,C,A,A,H,-,A,D,0,NA,NA,NA,NA,Y,NA,A,01,0,0,1,0,0,0,0,0,0,-,-,33.39373016357422,-117.1745834350586,SAN DIEGO,UNINCORPORATED,-117.20752716064452,33.394142150878906
90898971,2018,2019-01-07,9645,2018-12-18,1501,021651,NA,2,2,7,3711,0,1,1,NA,2,010,I-8 E/B,WARING RD U/C,1500,E,N,A,-,Y,NA,NA,8,NA,NA,NA,NA,NA,E,Y,3,0,1,2,A,-,03,22350,NA,N,B,C,A,A,H,-,A,D,0,NA,NA,Y,NA,Y,NA,C,02,0,1,0,0,0,0,0,0,1,-,-,32.77996826171875,-117.08122253417967,SAN DIEGO,SAN DIEGO,-117.08121490478516,32.78002166748047
90901224,2018,2019-01-09,9680,2018-12-30,0327,021996,NA,7,3,9,3700,0,1,3,NA,1,023,SR-94 W/B,CAMPO RD,895,W,N,B,-,Y,NA,NA,94,NA,NA,NA,NA,NA,W,Y,3,0,1,1,A,-,01,23152,A,N,F,I,A,A,H,-,C,D,0,NA,NA,NA,NA,Y,Y,A,01,0,1,0,0,0,0,0,0,0,-,-,32.754051208496094,-117.00798797607422,SAN DIEGO,UNINCORPORATED,-117.00807189941406,32.753780364990234