CASE_ID,ACCIDENT_YEAR,PROC_DATE,JURIS,COLLISION_DATE,COLLISION_TIME,OFFICER_ID,REPORTING_DISTRICT,DAY_OF_WEEK,CHP_SHIFT,POPULATION,CNTY_CITY_LOC,SPECIAL_COND,BEAT_TYPE,CHP_BEAT_TYPE,CITY_DIVISION_LAPD,CHP_BEAT_CLASS,BEAT_NUMBER,PRIMARY_RD,SECONDARY_RD,DISTANCE,DIRECTION,INTERSECTION,WEATHER_1,WEATHER_2,STATE_HWY_IND,CALTRANS_COUNTY,CALTRANS_DISTRICT,STATE_ROUTE,ROUTE_SUFFIX,POSTMILE_PREFIX,POSTMILE,LOCATION_TYPE,RAMP_INTERSECTION,SIDE_OF_HWY,TOW_AWAY,COLLISION_SEVERITY,NUMBER_KILLED,NUMBER_INJURED,PARTY_COUNT,PRIMARY_COLL_FACTOR,PCF_CODE_OF_VIOL,PCF_VIOL_CATEGORY,PCF_VIOLATION,PCF_VIOL_SUBSECTION,HIT_AND_RUN,TYPE_OF_COLLISION,MVIW,PED_ACTION,ROAD_SURFACE,ROAD_COND_1,ROAD_COND_2,LIGHTING,CONTROL_DEVICE,CHP_ROAD_TYPE,PEDESTRIAN_ACCIDENT,BICYCLE_ACCIDENT,MOTORCYCLE_ACCIDENT,TRUCK_ACCIDENT,NOT_PRIVATE_PROPERTY,ALCOHOL_INVOLVED,STWD_VEHTYPE_AT_FAULT,CHP_VEHTYPE_AT_FAULT,COUNT_SEVERE_INJ,COUNT_VISIBLE_INJ,COUNT_COMPLAINT_PAIN,COUNT_PED_KILLED,COUNT_PED_INJURED,COUNT_BICYCLIST_KILLED,COUNT_BICYCLIST_INJURED,COUNT_MC_KILLED,COUNT_MC_INJURED,PRIMARY_RAMP,SECONDARY_RAMP,LATITUDE,LONGITUDE,COUNTY,CITY,POINT_X,POINT_Y
9090527,2020,2020-06-16,3711,2020-03-30,1624,SD6629,NA,1,5,7,3711,0,0,0,NA,0,452,IMPERIAL AV,65TH ST,0,NA,Y,A,-,N,NA,NA,NA,NA,NA,NA,NA,NA,NA,N,4,0,2,2,A,-,03,22350,NA,N,C,C,A,A,H,-,A,A,0,NA,NA,NA,NA,Y,NA,A,01,0,0,2,0,0,0,0,0,0,-,-,NA,NA,SAN DIEGO,SAN DIEGO,-117.05802154541016,32.710548400878906
90905397,2019,2019-01-16,9645,2019-01-04,1839,019678,NA,5,2,7,3711,0,1,3,NA,2,023,SR-163 N/B,MESA COLLEGE DR.,100,N,N,A,-,Y,NA,NA,163,NA,NA,NA,NA,NA,N,Y,2,0,1,2,C,-,18,NA,NA,N,C,E,A,A,H,-,C,D,0,NA,NA,NA,NA,Y,NA,-,-,1,0,0,0,0,0,0,0,0,-,-,32.80231857299805,-117.15489196777344,SAN DIEGO,SAN DIEGO,-117.1550750732422,32.802391052246094
90907820,2019,2019-01-21,9650,2019-01-10,2150,018675,NA,4,2,9,3700,0,3,5,NA,2,190,NORDAHL RD.,ROCK SPRINGS RD.,0,NA,Y,A,-,N,NA,NA,NA,NA,NA,NA,NA,NA,NA,Y,3,0,1,2,A,-,01,23152,A,N,B,C,A,A,H,-,C,A,0,NA,NA,NA,NA,Y,Y,A,01,0,1,0,0,0,0,0,0,0,-,-,33.14125061035156,-117.11258697509766,SAN DIEGO,UNINCORPORATED,-117.11261749267578,33.141258239746094
90908198,2019,2019-01-21,9650,2019-01-19,1530,021406,NA,6,2,9,3700,0,3,5,NA,2,006,MAIN AVE,ALVARADO ST,0,NA,Y,A,-,N,NA,NA,NA,NA,NA,NA,NA,NA,NA,Y,4,0,3,2,A,-,12,21453,A,N,D,C,A,A,H,-,A,A,0,NA,NA,NA,NA,Y,NA,-,-,0,0,3,0,0,0,0,0,0,-,-,33.3820686340332,-117.25135803222656,SAN DIEGO,UNINCORPORATED,-117.25137329101563,33.382049560546875
90912492,2019,2019-01-25,9650,2019-01-20,2242,020588,NA,7,3,5,3782,0,1,1,NA,2,007,I-5 S/B,LEUCADIA BLVD,1029,S,N,B,-,Y,NA,NA,5,NA,NA,NA,NA,NA,S,Y,4,0,1,2,A,-,03,22350,NA,N,C,C,A,A,H,-,C,D,0,NA,NA,NA,NA,Y,NA,A,01,0,0,1,0,0,0,0,0,0,-,-,33.06227111816406,-117.2915496826172,SAN DIEGO,ENCINITAS,-117.2915496826172,33.06227111816406
90912603,2019,2019-01-25,9680,2019-01-14,1554,016981,NA,1,2,9,3700,0,1,1,NA,2,083,I-8 W/B,DUNBAR LN,3696,W,N,B,C,Y,NA,NA,8,NA,NA,NA,NA,NA,W,Y,3,0,2,2,A,-,03,22350,NA,N,F,A,A,B,H,-,A,D,0,NA,NA,NA,NA,Y,NA,A,01,0,2,0,0,0,0,0,0,0,-,-,32.85654830932617,-116.83071136474608,SAN DIEGO,UNINCORPORATED,-116.83071899414063,32.85659408569336
90918765,2019,2019-02-04,9680,2019-01-24,1525,019910,NA,4,2,9,3700,0,2,4,NA,1,018,LOS COCHES RD,BASHFUL WAY,64,S,N,A,-,N,NA,NA,NA,NA,NA,NA,NA,NA,NA,Y,2,0,1,2,A,-,09,21804,A,N,D,C,A,A,H,-,A,D,0,NA,NA,Y,Y,Y,NA,F,27,1,0,0,0,0,0,0,0,1,-,-,32.83021926879883,-116.90386962890624,SAN DIEGO,UNINCORPORATED,-116.90380096435548,32.830406188964844
90919868,2019,2019-02-06,9650,2019-02-04,0825,015446,NA,1,1,6,3706,0,1,1,NA,2,023,I-15 FWY SOUTHBOUND,VIA RANCHO PARKWAY O/C,330,N,N,A,-,Y,NA,NA,15,NA,NA,NA,NA,NA,S,Y,3,0,4,4,A,-,03,22350,NA,N,C,C,A,B,H,-,A,D,0,NA,NA,NA,NA,Y,NA,D,22,0,2,2,0,0,0,0,0,0,-,-,33.070289611816406,-117.069580078125,SAN DIEGO,ESCONDIDO,-117.0697021484375,33.07027053833008
90925056,2019,2019-02-12,9680,2019-02-03,2040,020780,NA,7,2,9,3700,0,1,3,NA,1,030,SR-79,OLD HWY 80,0,NA,Y,B,-,Y,NA,NA,79,NA,NA,NA,NA,NA,NA,Y,3,0,2,2,A,-,12,22450,A,N,D,C,A,B,H,-,C,A,0,NA,NA,NA,NA,Y,NA,A,01,0,1,1,0,0,0,0,0,0,-,-,32.85247039794922,-116.59454345703124,SAN DIEGO,UNINCORPORATED,-116.59451293945313,32.85244369506836
90927437,2019,2019-02-15,9680,2019-02-05,1725,021772,NA,2,2,9,3700,0,2,4,NA,1,025,SWEETWATER RD,ORVILLE ST,450,S,N,B,C,N,NA,NA,NA,NA,NA,NA,NA,NA,NA,Y,4,0,2,2,A,-,09,21804,A,N,D,C,A,B,H,-,A,D,0,NA,NA,NA,NA,Y,NA,A,01,0,0,2,0,0,0,0,0,0,-,-,32.70772171020508,-117.01113891601563,SAN DIEGO,UNINCORPORATED,-117.01116180419922,32.7077522277832
90930108,2019,2019-02-20,9680,2019-02-07,0618,015972,NA,4,1,7,3711,0,1,3,NA,2,015,SR-52 W/B,MISSION GORGE ROAD,2112,W,N,A,-,Y,NA,NA,52,NA,NA,NA,NA,NA,W,N,4,0,1,3,A,-,07,21658,A,N,C,C,A,A,H,-,A,D,0,NA,NA,NA,NA,Y,NA,A,08,0,0,1,0,0,0,0,0,0,-,-,32.83618927001953,-117.01204681396484,SAN DIEGO,SAN DIEGO,-117.01203918457033,32.836097717285156
9093448,2020,2020-06-29,3710,2020-03-05,1250,OC1478,NA,4,5,6,3710,0,0,0,NA,0,037,COLLEGE BL,MARRON RD,681,S,N,A,-,N,NA,NA,NA,NA,NA,NA,NA,NA,NA,N,4,0,1,2,A,-,08,22107,NA,N,B,C,A,A,H,-,A,D,0,NA,NA,NA,NA,Y,NA,A,01,0,0,1,0,0,0,0,0,0,-,-,NA,NA,SAN DIEGO,OCEANSIDE,-117.29369354248048,33.176780700683594
90935087,2019,2019-02-27,9650,2019-02-21,1755,019490,NA,4,2,6,3706,0,1,1,NA,2,023,I-15 N/B FROM CITRACADO PKWY,CITRACADO PKY,230,N,N,B,-,Y,NA,NA,15,NA,NA,NA,R,NA,N,Y,4,0,1,2,A,-,03,22350,NA,N,C,C,A,B,H,-,C,A,0,NA,NA,NA,NA,Y,NA,A,07,0,0,1,0,0,0,0,0,0,-,-,33.092750549316406,-117.08193206787108,SAN DIEGO,ESCONDIDO,-117.08193206787108,33.092750549316406
90939558,2019,2019-03-05,9645,2019-02-20,0910,014461,NA,3,1,9,3700,0,3,5,NA,2,024,RALPHS RANCH RD. 17000 BLOCK,PASEO DE LINDA,82,N,N,B,-,N,NA,NA,NA,NA,NA,NA,NA,NA,NA,Y,3,0,1,2,A,-,03,22350,NA,N,F,C,A,A,H,-,A,D,0,NA,NA,Y,NA,Y,NA,C,02,0,1,0,0,0,0,0,0,1,-,-,33.02708053588867,-117.1123275756836,SAN DIEGO,UNINCORPORATED,-117.11227416992188,33.02714920043945
90941968,2019,2019-03-07,9645,2019-02-28,0457,020737,NA,4,3,7,3711,0,1,1,NA,2,013,I-805 N/B,FRIARS RD.,520,N,N,A,-,Y,NA,NA,805,NA,NA,NA,NA,NA,N,Y,4,0,1,3,A,-,03,22350,NA,N,C,C,A,A,H,-,D,D,0,NA,NA,NA,NA,Y,NA,A,07,0,0,1,0,0,0,0,0,0,-,-,32.77933120727539,-117.13732147216795,SAN DIEGO,SAN DIEGO,-117.13729858398438,32.77934646606445
90944137,2019,2019-03-12,9680,2019-03-01,1355,021476,NA,5,1,5,3705,0,1,1,NA,2,082,I-8 E/B,1ST ST,355,E,N,A,-,Y,NA,NA,8,NA,NA,NA,NA,NA,E,Y,4,0,3,4,A,-,03,22350,NA,N,C,C,A,A,H,-,A,D,0,NA,NA,NA,NA,Y,NA,A,08,0,0,3,0,0,0,0,0,0,-,-,32.80292892456055,-116.943359375,SAN DIEGO,EL CAJON,-116.943359375,32.802955627441406
90944657,2019,2019-03-12,9645,2019-03-03,0355,021359,NA,7,3,7,3711,0,1,3,NA,2,023,SR-163 S/B,FRIARS RD,2640,N,N,A,-,Y,NA,NA,163,NA,NA,NA,NA,NA,S,Y,4,0,1,1,A,-,08,22107,NA,N,F,A,A,A,H,-,D,D,0,NA,NA,NA,NA,Y,NA,A,01,0,0,1,0,0,0,0,0,0,-,-,32.7788200378418,-117.16307830810548,SAN DIEGO,SAN DIEGO,-117.1630401611328,32.77882766723633
90947386,2019,2019-03-18,9650,2019-03-09,1313,019352,NA,6,1,6,3710,0,1,3,NA,2,015,I-5 S/B FROM VISTA WAY,VISTA WAY,490,S,N,A,-,Y,NA,NA,5,NA,NA,NA,R,NA,S,N,3,0,1,1,A,-,08,22107,NA,N,F,A,A,A,H,-,A,D,0,NA,NA,Y,NA,Y,NA,C,02,0,1,0,0,0,0,0,0,1,-,-,33.17522048950195,-117.35122680664063,SAN DIEGO,OCEANSIDE,-117.35122680664063,33.17522048950195
90949978,2019,2019-03-20,9680,2019-03-09,0525,019594,NA,6,3,9,3700,0,3,5,NA,2,002,GOWIN ST,BIGFORD ST,197,N,N,A,-,N,NA,NA,NA,NA,NA,NA,NA,NA,NA,Y,3,0,2,2,A,-,01,23152,A,N,E,E,A,A,H,-,B,D,0,NA,NA,NA,NA,Y,Y,A,01,0,2,0,0,0,0,0,0,0,-,-,32.719669342041016,-117.0126495361328,SAN DIEGO,UNINCORPORATED,-117.01256561279295,32.719512939453125
90950022,2019,2019-03-20,9650,2019-03-15,2320,021500,NA,5,3,9,3700,0,1,1,NA,2,022,I-5 S/B,STEWART CANYON RD,3400,S,N,A,-,Y,NA,NA,NA,NA,NA,NA,NA,NA,NA,Y,3,0,1,1,A,-,08,22107,NA,N,E,I,A,A,H,-,D,D,0,NA,NA,NA,NA,Y,NA,A,07,0,1,0,0,0,0,0,0,0,-,-,33.3560905456543,-117.1589126586914,SAN DIEGO,UNINCORPORATED,NA,NA
90950285,2019,2019-03-20,9650,2019-03-09,0930,016103,NA,6,1,9,3700,0,3,5,NA,2,006,EAST FALLBROOK ST.,OLD STAGE RD,65,E,N,A,-,N,NA,NA,NA,NA,NA,NA,NA,NA,NA,N,4,0,1,2,A,-,03,22350,NA,N,C,C,A,A,H,-,A,D,0,NA,NA,NA,NA,Y,NA,A,07,0,0,1,0,0,0,0,0,0,-,-,33.37657165527344,-117.24887847900392,SAN DIEGO,UNINCORPORATED,-117.24907684326172,33.376590728759766
90954581,2019,2019-03-27,9680,2019-03-15,1640,022021,NA,5,2,9,3700,0,2,4,NA,1,010,WOODSIDE AVE,PROSPECT AVE,58,E,N,A,-,N,NA,NA,NA,NA,NA,NA,NA,NA,NA,Y,3,0,1,1,C,-,18,NA,NA,N,E,I,A,A,H,-,A,A,0,NA,NA,NA,NA,Y,NA,-,-,0,1,0,0,0,0,0,0,0,-,-,32.85683822631836,-116.92611694335938,SAN DIEGO,UNINCORPORATED,-116.92610168457033,32.85673522949219
90955515,2019,2019-03-28,9645,2019-03-13,0528,018987,NA,3,3,7,3711,0,1,1,NA,2,010,I-8 WESTBOUND,MISSION CENTER ROAD,580,W,N,B,-,Y,NA,NA,8,NA,NA,NA,NA,NA,W,Y,4,0,2,11,A,-,03,22350,NA,N,C,C,A,A,D,-,C,D,0,NA,NA,NA,NA,Y,NA,A,01,0,0,2,0,0,0,0,0,0,-,-,32.76422882080078,-117.1589126586914,SAN DIEGO,SAN DIEGO,-117.15890502929688,32.76419448852539
90957732,2019,2019-03-29,9650,2019-03-27,1700,020771,NA,3,2,9,3700,0,3,5,NA,2,006,OLD HIGHWAY 395,STEWART CANYON RD,800,N,N,A,-,N,NA,NA,NA,NA,NA,NA,NA,NA,NA,N,3,0,1,2,A,-,03,22350,NA,N,C,C,A,A,H,-,A,D,0,NA,NA,Y,NA,Y,NA,A,01,0,1,0,0,0,0,0,0,1,-,-,33.366729736328125,-117.16516876220705,SAN DIEGO,UNINCORPORATED,-117.16500091552734,33.36648178100586
90958383,2019,2019-04-01,9650,2019-03-27,1626,015868,NA,3,2,9,3700,0,1,1,NA,2,021,INTERSTATE 15 (S/B),CAMINO DEL REY,700,N,N,A,-,Y,NA,NA,15,NA,NA,NA,NA,NA,NA,Y,4,0,1,3,A,-,03,22350,NA,N,C,C,A,A,C,-,A,D,0,NA,NA,NA,NA,Y,NA,D,22,0,0,1,0,0,0,0,0,0,-,-,33.26858139038086,-117.1580810546875,SAN DIEGO,UNINCORPORATED,-117.15808868408205,33.26858139038086
90963735,2019,2019-04-09,9650,2019-04-07,1335,021406,NA,7,1,5,3701,0,1,1,NA,2,005,I-5 N/B,CANNON RD,2000,N,N,A,-,Y,NA,NA,5,NA,NA,NA,NA,NA,N,Y,4,0,1,3,A,-,03,22350,NA,N,C,C,A,A,H,-,A,D,0,NA,NA,NA,NA,Y,NA,A,01,0,0,1,0,0,0,0,0,0,-,-,33.13888168334961,-117.33148193359376,SAN DIEGO,CARLSBAD,-117.33145904541016,33.13888931274414
90964262,2019,2019-04-09,9645,2019-03-31,0640,017473,NA,7,1,7,3711,0,1,3,NA,2,022,SR-56 E/B TO CAMINO DEL SUR,CAMINO DEL SUR,50,W,N,A,-,Y,NA,NA,56,NA,NA,NA,R,NA,E,Y,3,0,1,2,A,-,03,22350,NA,N,C,C,A,A,H,-,A,A,0,NA,NA,NA,NA,Y,NA,A,01,0,1,0,0,0,0,0,0,0,-,-,32.95769119262695,-117.1530990600586,SAN DIEGO,SAN DIEGO,-117.1530990600586,32.95769119262695
90967730,2019,2019-04-15,9680,2019-04-03,1425,019729,NA,3,2,9,3700,0,1,3,NA,1,090,SR-67,CLOUDY MOON DR,590,N,N,A,-,Y,NA,NA,67,NA,NA,NA,NA,NA,NA,Y,3,0,1,1,A,-,03,22350,NA,N,E,J,A,A,C,H,A,D,0,NA,NA,Y,NA,Y,NA,C,02,0,1,0,0,0,0,0,0,1,-,-,32.999141693115234,-116.95915222167967,SAN DIEGO,UNINCORPORATED,-116.9592056274414,32.99921417236328
90969829,2019,2019-09-13,9650,2019-04-06,1150,017328,NA,6,1,9,3700,0,3,5,NA,2,213,5TH ST.,OLD HIGHWAY 395,0,NA,Y,A,-,N,NA,NA,NA,NA,NA,NA,NA,NA,NA,Y,3,0,1,2,A,-,09,21802,A,N,D,C,A,A,H,-,A,A,0,NA,NA,NA,Y,Y,NA,F,27,0,1,0,0,0,0,0,0,0,-,-,33.4139518737793,-117.15863037109376,SAN DIEGO,UNINCORPORATED,-117.15859222412108,33.413970947265625
90970016,2019,2019-04-18,9680,2019-03-23,1725,021996,NA,6,2,9,3700,0,2,4,NA,1,021,DEHESA RD,OAK GLEN CIR,1584,W,N,A,-,N,NA,NA,NA,NA,NA,NA,NA,NA,NA,Y,3,0,1,2,A,-,09,21804,A,N,D,C,A,A,H,-,A,D,0,NA,NA,NA,NA,Y,NA,A,01,0,1,0,0,0,0,0,0,0,-,-,32.78504943847656,-116.88237762451172,SAN DIEGO,UNINCORPORATED,-116.88230895996094,32.785118103027344
90970365,2019,2019-05-03,9680,2019-04-08,2125,020625,NA,1,2,9,3700,0,1,1,NA,2,083,I-8 E/B,TAVERN RD,2640,W,N,A,-,Y,NA,NA,8,NA,NA,NA,NA,NA,E,Y,3,0,1,2,A,-,03,22350,NA,N,C,C,A,A,H,-,D,D,0,NA,NA,NA,Y,Y,NA,A,01,0,1,0,0,0,0,0,0,0,-,-,32.839900970458984,-116.7891082763672,SAN DIEGO,UNINCORPORATED,-116.78909301757813,32.83993911743164
9097049,2020,2020-06-19,3709,2020-02-21,0325,NC0528,NA,5,5,5,3709,0,0,0,NA,0,024,MILE OF CARS WY,MILE OF CARS WY 100,0,NA,-,A,-,N,NA,NA,NA,NA,NA,NA,NA,NA,NA,Y,3,0,1,1,A,-,01,23152,F,N,E,I,A,A,H,-,C,A,0,NA,NA,NA,NA,Y,NA,A,01,0,1,0,0,0,0,0,0,0,-,-,NA,NA,SAN DIEGO,NATIONAL CITY,-117.102834,32.661656
90970705,2019,2019-04-18,9650,2019-04-18,0715,013636,NA,4,1,5,3701,0,1,1,NA,2,005,I-5 S/B,PALOMAR AIRPORT RD,300,N,N,A,-,Y,NA,NA,5,NA,NA,NA,NA,NA,S,N,4,0,1,2,A,-,03,22350,NA,N,C,C,A,A,H,-,A,D,0,NA,NA,NA,NA,Y,NA,A,08,0,0,1,0,0,0,0,0,0,-,-,33.12398910522461,-117.32324981689452,SAN DIEGO,CARLSBAD,-117.32331085205078,33.12395095825195
90970829,2019,2019-04-19,9680,2019-04-09,2100,016102,NA,2,2,9,3700,0,3,5,NA,2,006,BUCKMAN SPRINGS ROAD (S1),OAK DRIVE,10560,N,N,A,-,N,NA,NA,NA,NA,NA,NA,NA,NA,NA,Y,4,0,1,1,A,-,08,22107,NA,N,E,I,A,A,H,-,D,D,0,NA,NA,NA,NA,Y,NA,D,22,0,0,1,0,0,0,0,0,0,-,-,32.715091705322266,-116.49893188476563,SAN DIEGO,UNINCORPORATED,-116.49938201904295,32.71535873413086
90971123,2019,2019-04-19,9680,2019-03-31,1550,021584,NA,7,2,9,3700,0,3,5,NA,2,005,MESA GRANDE ROAD,STATE ROUTE 79,7920,E,N,A,-,N,NA,NA,NA,NA,NA,NA,NA,NA,NA,Y,2,0,1,1,A,-,08,22107,NA,N,F,A,A,A,H,-,A,A,0,NA,NA,Y,NA,Y,NA,C,02,1,0,0,0,0,0,0,0,1,-,-,33.14990997314453,-116.69622802734376,SAN DIEGO,UNINCORPORATED,-116.67928314208984,33.13644027709961
90971439,2019,2019-04-29,9680,2019-03-31,1400,021944,NA,7,2,9,3700,0,1,3,NA,1,040,SR-94,BARRETT SMITH RD,3168,E,N,A,-,Y,NA,NA,94,NA,NA,NA,NA,NA,NA,Y,2,0,2,2,A,-,05,21460,A,F,B,C,A,A,H,-,A,D,0,NA,NA,Y,NA,Y,NA,A,01,2,0,0,0,0,0,0,0,2,-,-,32.59502029418945,-116.67218017578124,SAN DIEGO,UNINCORPORATED,-116.67218017578124,32.59502029418945
90971474,2019,2019-04-19,9680,2019-04-09,1622,021756,NA,2,2,9,3700,0,3,5,NA,2,002,SAN DIEGO ST,PARAISO AVE,0,NA,Y,A,-,N,NA,NA,NA,NA,NA,NA,NA,NA,NA,N,3,0,1,2,A,-,09,21800,A,N,D,C,A,A,H,-,A,D,0,NA,NA,Y,NA,Y,NA,C,02,0,1,0,0,0,0,0,0,1,-,-,32.70597839355469,-116.9962921142578,SAN DIEGO,UNINCORPORATED,-116.9962921142578,32.70597839355469
90972739,2019,2019-04-22,9680,2019-04-01,2202,016415,NA,1,3,9,3700,0,3,5,NA,2,002,DEHESA RD,VISTA DE LA MONTANA,25,W,N,A,-,N,NA,NA,NA,NA,NA,NA,NA,NA,NA,Y,4,0,1,2,A,-,03,22350,NA,N,C,C,A,A,H,-,D,D,0,NA,NA,NA,NA,Y,NA,A,01,0,0,1,0,0,0,0,0,0,-,-,32.79016876220703,-116.83972930908205,SAN DIEGO,UNINCORPORATED,-116.8398208618164,32.79021072387695
90972787,2019,2019-04-22,9680,2019-04-11,2315,016102,NA,4,3,9,3700,0,2,4,NA,1,061,OLD HIGHWAY 80 [39200 BLOCK],TIERRA DEL SOL ROAD,3168,E,N,A,-,N,NA,NA,NA,NA,NA,NA,NA,NA,NA,Y,4,0,1,1,A,-,08,22107,NA,N,E,I,A,A,H,-,D,D,0,NA,NA,NA,NA,Y,NA,A,01,0,0,1,0,0,0,0,0,0,-,-,32.66896057128906,-116.30496215820313,SAN DIEGO,UNINCORPORATED,-116.30529022216795,32.66895294189453
90973268,2019,2019-08-12,9680,2019-04-07,1546,020349,NA,7,2,9,3700,0,1,3,NA,1,091,SR-78,RANSOM HILL LN,25,W,N,A,-,Y,NA,NA,78,NA,NA,NA,NA,NA,NA,Y,2,0,3,2,A,-,03,22350,NA,N,C,C,A,A,H,-,A,D,0,NA,NA,Y,NA,Y,NA,C,02,1,1,1,0,0,0,0,0,2,-,-,33.05107879638672,-116.84005737304688,SAN DIEGO,UNINCORPORATED,-116.84005737304688,33.051109313964844
90976730,2019,2019-04-26,9680,2019-04-16,0945,013848,NA,2,1,5,3705,0,1,1,NA,2,081,I-8 W/B,W. MAIN ST.,528,W,N,A,-,Y,NA,NA,8,NA,NA,NA,NA,NA,W,Y,4,0,1,2,A,-,03,22350,NA,N,C,C,A,A,H,-,A,D,0,NA,NA,NA,NA,Y,NA,A,01,0,0,1,0,0,0,0,0,0,-,-,32.79256057739258,-116.9778289794922,SAN DIEGO,EL CAJON,-116.97775268554688,32.792545318603516
90977856,2019,2019-04-29,9680,2019-04-17,1230,015733,NA,3,1,9,3700,0,1,1,NA,2,082,1-8 W/B,MOLLISON AVE,525,W,N,A,-,Y,NA,NA,NA,NA,NA,NA,NA,NA,NA,N,3,0,1,2,A,-,03,22350,NA,N,C,C,A,A,H,-,A,D,0,NA,NA,NA,NA,Y,NA,A,01,0,1,0,0,0,0,0,0,0,-,-,33.803260803222656,-116.95433044433594,SAN DIEGO,UNINCORPORATED,-116.95269012451172,32.80332565307617
90978320,2019,2019-04-29,9650,2019-04-24,1955,021327,NA,3,2,9,3700,0,3,5,NA,1,212,LILAC RD.,ROBLES VERDE,670,E,N,A,-,N,NA,NA,NA,NA,NA,NA,NA,NA,NA,Y,3,0,1,1,A,-,01,23152,A,N,E,I,A,A,H,-,C,D,0,NA,NA,NA,NA,Y,Y,D,22,0,1,0,0,0,0,0,0,0,-,-,33.24930953979492,-117.05827331542967,SAN DIEGO,UNINCORPORATED,-117.05833435058594,33.249412536621094
90978606,2019,2019-04-30,9645,2019-03-24,0310,021338,NA,7,3,9,3700,0,3,5,NA,2,018,MESA VISTA WAY,SWEETWATER ROAD,1320,S,N,A,-,N,NA,NA,NA,NA,NA,NA,NA,NA,NA,Y,3,0,1,1,A,-,01,23152,A,N,E,I,A,A,H,-,D,D,0,NA,NA,NA,NA,Y,Y,A,01,0,1,0,0,0,0,0,0,0,-,-,32.65850067138672,-117.0541534423828,SAN DIEGO,UNINCORPORATED,-117.05389404296876,32.6562614440918
90978776,2019,2019-04-30,9645,2019-04-23,0545,016047,NA,2,3,6,3702,0,1,1,NA,2,009,I-805 NORTHBOUND,E J STREET,165,N,N,B,-,Y,NA,NA,805,NA,NA,NA,NA,NA,N,N,4,0,1,3,A,-,03,22350,NA,F,C,C,A,A,H,-,B,D,0,NA,NA,NA,NA,Y,NA,-,99,0,0,1,0,0,0,0,0,0,-,-,32.63473129272461,-117.04698944091795,SAN DIEGO,CHULA VISTA,-117.04697418212892,32.634742736816406
90981523,2019,2019-05-03,9650,2019-05-01,0255,018496,NA,3,3,9,3700,0,1,1,NA,2,001,I-5 S/B,BASILONE RD,5128,S,N,B,-,Y,NA,NA,5,NA,NA,NA,NA,NA,S,Y,4,0,1,1,A,-,08,22107,NA,N,E,I,A,A,H,-,D,D,0,NA,NA,NA,NA,Y,NA,A,08,0,0,1,0,0,0,0,0,0,-,-,33.37934875488281,-117.56807708740234,SAN DIEGO,UNINCORPORATED,-117.56803894042967,33.37945556640625
90981558,2019,2019-05-03,9650,2019-04-25,0930,015788,NA,4,1,5,3701,0,1,1,NA,2,005,I-5 S/B,LA COSTA AVE,528,N,N,A,-,Y,NA,NA,5,NA,NA,NA,NA,NA,S,Y,2,0,1,2,A,-,03,22350,NA,N,C,C,A,A,D,-,A,D,0,NA,NA,Y,NA,Y,NA,C,02,1,0,0,0,0,0,0,0,1,-,-,33.085540771484375,-117.29917907714844,SAN DIEGO,CARLSBAD,-117.29911041259766,33.08558654785156
90982486,2019,2019-05-06,9645,2019-04-19,0840,021731,NA,5,1,7,3711,0,1,1,NA,2,010,I-8 W/B,TAYLOR ST,210,W,N,A,-,Y,NA,NA,8,NA,NA,NA,NA,NA,W,Y,4,0,2,6,A,-,03,22350,NA,N,C,C,A,A,H,-,A,D,0,NA,NA,NA,NA,Y,NA,A,01,0,0,2,0,0,0,0,0,0,-,-,32.760009765625,-117.18907165527344,SAN DIEGO,SAN DIEGO,-117.18907165527344,32.759971618652344
90985504,2019,2019-05-09,9645,2019-05-05,1950,013648,NA,7,2,9,3700,0,3,5,NA,2,024,CAMINO DEL NORTE,DOVE CANYON ROAD,480,W,N,A,-,N,NA,NA,NA,NA,NA,NA,NA,NA,NA,Y,3,0,2,2,A,-,08,22107,NA,F,E,I,A,A,H,-,D,A,0,NA,NA,NA,NA,Y,NA,D,22,0,2,0,0,0,0,0,0,0,-,-,32.869380950927734,-117.1948699951172,SAN DIEGO,UNINCORPORATED,-117.11290740966795,33.01717758178711