CASE_ID,ACCIDENT_YEAR,PROC_DATE,JURIS,COLLISION_DATE,COLLISION_TIME,OFFICER_ID,REPORTING_DISTRICT,DAY_OF_WEEK,CHP_SHIFT,POPULATION,CNTY_CITY_LOC,SPECIAL_COND,BEAT_TYPE,CHP_BEAT_TYPE,CITY_DIVISION_LAPD,CHP_BEAT_CLASS,BEAT_NUMBER,PRIMARY_RD,SECONDARY_RD,DISTANCE,DIRECTION,INTERSECTION,WEATHER_1,WEATHER_2,STATE_HWY_IND,CALTRANS_COUNTY,CALTRANS_DISTRICT,STATE_ROUTE,ROUTE_SUFFIX,POSTMILE_PREFIX,POSTMILE,LOCATION_TYPE,RAMP_INTERSECTION,SIDE_OF_HWY,TOW_AWAY,COLLISION_SEVERITY,NUMBER_KILLED,NUMBER_INJURED,PARTY_COUNT,PRIMARY_COLL_FACTOR,PCF_CODE_OF_VIOL,PCF_VIOL_CATEGORY,PCF_VIOLATION,PCF_VIOL_SUBSECTION,HIT_AND_RUN,TYPE_OF_COLLISION,MVIW,PED_ACTION,ROAD_SURFACE,ROAD_COND_1,ROAD_COND_2,LIGHTING,CONTROL_DEVICE,CHP_ROAD_TYPE,PEDESTRIAN_ACCIDENT,BICYCLE_ACCIDENT,MOTORCYCLE_ACCIDENT,TRUCK_ACCIDENT,NOT_PRIVATE_PROPERTY,ALCOHOL_INVOLVED,STWD_VEHTYPE_AT_FAULT,CHP_VEHTYPE_AT_FAULT,COUNT_SEVERE_INJ,COUNT_VISIBLE_INJ,COUNT_COMPLAINT_PAIN,COUNT_PED_KILLED,COUNT_PED_INJURED,COUNT_BICYCLIST_KILLED,COUNT_BICYCLIST_INJURED,COUNT_MC_KILLED,COUNT_MC_INJURED,PRIMARY_RAMP,SECONDARY_RAMP,LATITUDE,LONGITUDE,COUNTY,CITY,POINT_X,POINT_Y
91150463,2019,2019-12-23,9680,2019-12-11,0735,016535,NA,3,1,9,3700,0,3,5,NA,2,002,CHASE AVE,HILLSDALE RD,0,NA,Y,A,-,N,NA,NA,NA,NA,NA,NA,NA,NA,NA,Y,4,0,1,2,A,-,12,21453,A,N,D,C,A,A,H,-,A,A,0,NA,NA,NA,NA,Y,NA,A,01,0,0,1,0,0,0,0,0,0,-,-,32.762550354003906,-116.92104339599608,SAN DIEGO,UNINCORPORATED,-116.92099761962892,32.762569427490234
91154435,2019,2019-12-30,9650,2019-12-16,1630,016516,NA,1,2,9,3700,0,1,1,NA,2,022,I-15 N/B,RAINBOW VALLEY BLVD,3696,S,N,A,-,Y,NA,NA,15,NA,NA,NA,NA,NA,N,Y,2,0,1,2,A,-,07,21658,A,N,B,C,A,A,H,-,B,D,0,NA,NA,Y,NA,Y,NA,A,07,1,0,0,0,0,0,0,0,1,-,-,33.42417907714844,-117.15187072753906,SAN DIEGO,UNINCORPORATED,-117.1518783569336,33.4241828918457
91157123,2019,2020-01-01,9650,2019-12-26,1911,016516,NA,4,2,9,3700,0,1,3,NA,1,028,SR-76,AGUA TIBIA CREEK,5280,W,N,B,-,Y,NA,NA,76,NA,NA,NA,NA,NA,NA,Y,2,0,1,1,A,-,01,23152,A,N,F,A,A,B,H,-,D,D,0,NA,NA,NA,NA,Y,Y,A,07,1,0,0,0,0,0,0,0,0,-,-,33.35218811035156,-117.02572631835938,SAN DIEGO,UNINCORPORATED,-117.02576446533205,33.352169036865234
91157794,2019,2020-01-02,9645,2019-12-23,1756,020265,NA,1,2,6,3702,0,1,1,NA,2,009,I-805 S/B,BONITA RD.,500,N,N,C,-,Y,NA,NA,805,NA,NA,NA,NA,NA,S,N,3,0,2,2,A,-,08,22107,NA,N,B,C,A,B,H,-,C,D,0,NA,NA,NA,NA,Y,NA,A,07,0,2,0,0,0,0,0,0,0,-,-,32.64509963989258,-117.05860137939452,SAN DIEGO,CHULA VISTA,-117.0586166381836,32.64508819580078
91159066,2019,2020-01-03,9680,2019-12-22,0840,017996,NA,7,1,9,3700,0,3,5,NA,2,002,OTAY LAKES ROAD,OTAY MOUNTAIN TRUCK TRAIL,2640,W,N,B,-,N,NA,NA,NA,NA,NA,NA,NA,NA,NA,Y,4,0,1,1,A,-,08,22107,NA,N,E,I,A,A,H,-,A,D,0,NA,NA,Y,NA,Y,NA,C,02,0,0,1,0,0,0,0,0,1,-,-,32.649898529052734,-116.86419677734376,SAN DIEGO,UNINCORPORATED,-116.86418151855467,32.64994430541992
91159313,2019,2020-01-06,9650,2019-12-27,1120,018550,NA,5,1,9,3700,0,1,1,NA,2,003,I-5 S/B,HARBOR DR,16368,N,N,A,-,Y,NA,NA,5,NA,NA,NA,NA,NA,S,Y,4,0,1,2,A,-,03,22350,NA,N,C,C,A,A,H,-,A,D,0,NA,NA,NA,NA,Y,NA,A,01,0,0,1,0,0,0,0,0,0,-,-,33.24808883666992,-117.418701171875,SAN DIEGO,UNINCORPORATED,-117.41873931884766,33.24806213378906
91160839,2020,2020-01-07,9650,2020-01-03,0505,021805,NA,5,3,5,3713,0,1,3,NA,2,017,SR-78 E/B,MAR VISTA DR,200,W,N,A,-,Y,NA,NA,78,NA,NA,NA,NA,NA,E,Y,3,0,1,2,A,-,08,22107,NA,N,B,C,A,A,H,-,D,D,0,NA,NA,NA,Y,Y,NA,F,26,0,1,0,0,0,0,0,0,0,-,-,33.18185043334961,-117.2309799194336,SAN DIEGO,VISTA,-117.23098754882813,33.181846618652344
91163636,2020,2020-01-13,9650,2020-01-06,1527,021406,NA,1,2,5,3713,0,1,3,NA,2,017,SR-78 E/B,EMERALD DR,770,E,N,A,-,Y,NA,NA,78,NA,NA,NA,NA,NA,E,Y,3,0,1,1,A,-,08,22107,NA,N,E,I,A,A,H,-,A,D,0,NA,NA,NA,NA,Y,NA,A,01,0,1,0,0,0,0,0,0,0,-,-,33.18899154663086,-117.27731323242188,SAN DIEGO,VISTA,-117.27730560302734,33.18898391723633
91163978,2019,2020-01-13,9680,2019-12-26,2340,018907,NA,4,3,9,3700,0,1,1,NA,2,085,I-8 W/B,CORTE MADERA RD,6336,W,N,A,-,Y,NA,NA,8,NA,NA,NA,NA,NA,W,Y,4,0,2,1,C,-,18,NA,NA,N,E,I,A,C,H,-,D,D,0,NA,NA,NA,NA,Y,NA,-,-,0,0,2,0,0,0,0,0,0,-,-,32.823299407958984,-116.55911254882813,SAN DIEGO,UNINCORPORATED,-116.5591049194336,32.823204040527344
91165882,2020,2020-01-15,9680,2020-01-06,1535,021588,NA,1,2,9,3700,0,3,5,NA,2,002,ORVILLE ST,GILLESPIE DR,0,NA,Y,A,-,N,NA,NA,NA,NA,NA,NA,NA,NA,NA,N,4,0,1,2,A,-,09,21802,B,N,D,C,A,A,H,-,A,A,0,NA,NA,NA,NA,Y,NA,A,01,0,0,1,0,0,0,0,0,0,-,-,32.70917892456055,-117.00746154785156,SAN DIEGO,UNINCORPORATED,-117.00739288330078,32.70920181274414
9116614,2020,2020-09-03,3711,2020-06-30,1305,SD5985,NA,2,5,7,3711,0,0,0,NA,0,512,HARRISON AV,DEWEY ST,0,NA,Y,A,-,N,NA,NA,NA,NA,NA,NA,NA,NA,NA,N,4,0,1,2,A,-,09,21801,A,N,D,C,A,A,H,-,A,D,0,NA,NA,NA,NA,Y,NA,A,01,0,0,1,0,0,0,0,0,0,-,-,NA,NA,SAN DIEGO,SAN DIEGO,-117.13947296142578,32.70357131958008
91167070,2020,2020-01-16,9650,2020-01-09,1900,021435,NA,4,2,6,3710,0,1,3,NA,2,015,SR-78 EASTBOUND,EL CAMINO REAL,2450,E,N,B,-,Y,NA,NA,78,NA,NA,NA,NA,NA,E,Y,4,0,2,1,A,-,01,23152,A,N,E,I,A,B,H,-,C,D,0,NA,NA,NA,NA,Y,Y,A,07,0,0,2,0,0,0,0,0,0,-,-,33.18130874633789,-117.3198471069336,SAN DIEGO,OCEANSIDE,-117.31980895996094,33.181453704833984
91167095,2020,2020-01-16,9650,2020-01-04,1048,018950,NA,6,1,5,3712,0,1,3,NA,2,019,SR-78 W/B,RANCHO SANTA FE RD. O/C,661,E,N,A,-,Y,NA,NA,78,NA,NA,NA,NA,NA,W,Y,4,0,4,2,A,-,03,22350,NA,N,C,C,A,A,H,-,A,D,0,NA,NA,NA,NA,Y,NA,A,07,0,0,4,0,0,0,0,0,0,-,-,33.14889907836914,-117.19667053222656,SAN DIEGO,SAN MARCOS,-117.1966552734375,33.1489143371582
91168351,2019,2020-01-20,9645,2019-11-24,2010,021470,NA,7,2,7,3711,0,1,3,NA,2,023,SR-163,I-5,750,N,N,A,-,Y,NA,NA,163,NA,NA,NA,NA,NA,NA,Y,4,0,1,2,A,-,01,23152,A,N,B,C,A,A,H,-,C,D,0,NA,NA,NA,NA,Y,Y,A,01,0,0,1,0,0,0,0,0,0,-,-,32.726341247558594,-117.15566253662108,SAN DIEGO,SAN DIEGO,-117.15593719482422,32.726318359375
91168796,2020,2020-01-21,9645,2020-01-09,0835,016047,NA,4,1,6,3702,0,1,1,NA,2,009,I-805 NORTHBOUND,E STREET/BONITA ROAD,270,S,N,A,-,Y,NA,NA,805,NA,NA,NA,NA,NA,N,N,4,0,1,2,A,-,03,22350,NA,N,F,A,A,A,H,-,A,D,0,NA,NA,Y,NA,Y,NA,C,02,0,0,1,0,0,0,0,0,1,-,-,32.64760971069336,-117.06009674072266,SAN DIEGO,CHULA VISTA,-117.06017303466795,32.647518157958984
91170524,2019,2020-01-22,9645,2019-12-14,2010,021268,NA,6,2,7,3711,0,1,1,NA,2,021,I-15 N/B TO I-8 AND CAMINO DEL RIO S,CAMINO DEL RIO S,1056,S,N,A,-,Y,NA,NA,15,NA,NA,NA,R,NA,N,Y,4,0,1,1,A,-,01,23152,A,N,E,I,A,A,H,-,C,D,0,NA,NA,NA,NA,Y,Y,A,01,0,0,1,0,0,0,0,0,0,-,-,32.77360153198242,-117.11190032958984,SAN DIEGO,SAN DIEGO,-117.11190032958984,32.77360153198242
91173094,2020,2020-01-24,9680,2020-01-13,1720,018801,NA,1,2,5,3708,0,1,3,NA,2,028,SR-125 S/B,I-8 W/B,475,N,N,A,-,Y,NA,NA,125,NA,NA,NA,NA,NA,S,Y,4,0,2,4,A,-,01,23152,A,N,C,C,A,A,H,-,D,D,0,NA,NA,NA,NA,Y,Y,A,01,0,0,2,0,0,0,0,0,0,-,-,32.77907180786133,-117.00424957275392,SAN DIEGO,LA MESA,-117.00431823730467,32.779048919677734
91174370,2020,2020-01-27,9645,2020-01-18,2319,021077,NA,6,3,7,3711,0,1,1,NA,2,003,I-5 S/B,COMMERCIAL STREET,575,S,N,A,-,Y,NA,NA,5,NA,NA,NA,NA,NA,S,Y,4,0,3,2,A,-,07,21658,A,N,B,C,A,A,H,-,C,D,0,NA,NA,NA,NA,Y,NA,A,07,0,0,3,0,0,0,0,0,0,-,-,32.703758239746094,-117.14663696289063,SAN DIEGO,SAN DIEGO,-117.14658355712892,32.70383834838867
91176373,2020,2020-01-29,9645,2020-01-28,1740,017498,NA,2,2,7,3711,0,1,1,NA,2,015,I-805 S/B FROM  BALBOA AVE E/B,BALBOA AVENUE,792,S,N,A,-,Y,NA,NA,805,NA,NA,NA,R,NA,S,Y,4,0,2,2,A,-,03,22350,NA,N,C,C,A,A,H,-,D,A,0,NA,NA,NA,NA,Y,NA,A,01,0,0,2,0,0,0,0,0,0,-,-,32.81972122192383,-117.16200256347656,SAN DIEGO,SAN DIEGO,-117.16200256347656,32.81972122192383
91178220,2020,2020-02-03,9650,2020-01-26,0200,021805,NA,7,3,9,3700,0,3,5,NA,2,211,LAKE WOHLFORD RD,OAKVALE RD,4392,E,N,E,-,N,NA,NA,NA,NA,NA,NA,NA,NA,NA,Y,3,0,1,1,A,-,01,23152,A,N,E,I,A,B,H,-,D,D,0,NA,NA,NA,NA,Y,Y,A,01,0,1,0,0,0,0,0,0,0,-,-,33.175758361816406,-116.59562683105467,SAN DIEGO,UNINCORPORATED,-116.99861145019533,33.17586135864258
91179758,2020,2020-02-04,9645,2020-02-03,0658,018393,NA,1,1,7,3711,0,1,1,NA,2,003,I-5 N/B,J ST O/C,700,S,N,B,-,Y,NA,NA,5,NA,NA,NA,NA,NA,N,N,4,0,1,2,A,-,08,22107,NA,N,F,A,A,A,H,-,A,D,0,NA,NA,Y,NA,Y,NA,C,02,0,0,1,0,0,0,0,0,1,-,-,32.708858489990234,-117.1468505859375,SAN DIEGO,SAN DIEGO,-117.14752960205078,32.708858489990234
91185304,2020,2020-04-13,9680,2020-02-01,0200,021828,NA,6,3,9,3700,0,2,4,NA,1,020,FUERTE DR,MOUNT HELIX DR,200,E,N,A,-,N,NA,NA,NA,NA,NA,NA,NA,NA,NA,Y,4,0,1,1,A,-,08,22107,NA,N,E,I,A,A,H,-,D,D,0,NA,NA,NA,NA,Y,NA,A,01,0,0,1,0,0,0,0,0,0,-,-,32.77320098876953,-116.9793701171875,SAN DIEGO,UNINCORPORATED,-116.97921752929688,32.77315902709961
91188767,2020,2020-02-18,9680,2020-02-05,2210,017996,NA,3,3,5,3705,0,1,1,NA,2,081,I-8 WESTBOUND,W. MAIN STREET,1584,W,N,A,-,Y,NA,NA,8,NA,NA,NA,NA,NA,W,Y,4,0,1,2,A,-,01,23152,A,N,C,C,A,A,H,-,C,D,0,NA,NA,NA,NA,Y,Y,A,01,0,0,1,0,0,0,0,0,0,-,-,32.79100036621094,-116.97789764404295,SAN DIEGO,EL CAJON,-116.97787475585938,32.79100036621094
91191602,2020,2020-02-24,9650,2020-02-12,0948,017328,NA,3,1,5,3701,0,1,1,NA,2,005,I-5 N/B,LAS FLORES DR.,230,N,N,A,-,Y,NA,NA,5,NA,NA,NA,NA,NA,N,Y,4,0,1,3,A,-,07,21658,A,N,C,C,A,A,H,-,A,D,0,NA,NA,NA,NA,Y,NA,A,01,0,0,1,0,0,0,0,0,0,-,-,33.17110824584961,-117.34668731689452,SAN DIEGO,CARLSBAD,-117.34668731689452,33.17110824584961
91193474,2020,2020-02-25,9650,2020-02-06,1838,016997,NA,4,2,9,3700,0,1,3,NA,2,065,SR-76 E/B,S. MISSION RD.,30,W,N,A,-,Y,NA,NA,76,NA,NA,NA,NA,NA,E,Y,3,0,2,2,A,-,03,22350,NA,N,C,C,A,A,H,-,C,A,0,NA,NA,NA,NA,Y,NA,A,01,0,1,1,0,0,0,0,0,0,-,-,33.29412078857422,-117.22225189208984,SAN DIEGO,UNINCORPORATED,-117.22232818603516,33.2943000793457
91195143,2020,2020-02-27,9680,2020-02-17,1425,019555,NA,1,2,5,3705,0,1,1,NA,2,082,I-8 W/B,MOLLISON AVE,378,E,N,A,-,Y,NA,NA,8,NA,NA,NA,NA,NA,W,Y,4,0,1,2,A,-,03,22350,NA,N,C,C,A,A,H,-,A,D,0,NA,NA,NA,NA,Y,NA,A,07,0,0,1,0,0,0,0,0,0,-,-,32.803199768066406,-116.94905090332033,SAN DIEGO,EL CAJON,-116.94905090332033,32.803157806396484
9119989,2020,2020-09-26,3711,2020-07-11,1456,SD5812,NA,6,5,7,3711,0,0,0,NA,0,126,LA JOLLA VILLAGE DR,LA JOLLA SCEBNIC DR N,0,NA,Y,B,-,N,NA,NA,NA,NA,NA,NA,NA,NA,NA,Y,4,0,1,2,A,-,12,21453,A,N,B,C,A,A,H,-,A,A,0,NA,NA,NA,NA,Y,NA,A,01,0,0,1,0,0,0,0,0,0,-,-,NA,NA,SAN DIEGO,SAN DIEGO,NA,NA
91199901,2020,2020-03-02,9645,2020-02-21,1527,020265,NA,5,2,7,3711,0,1,1,NA,2,009,I-805 S/B,MARKET ST. O/C,150,N,N,B,-,Y,NA,NA,805,NA,NA,NA,NA,NA,S,N,3,0,1,2,A,-,07,21658,A,N,C,C,A,A,H,-,A,D,0,NA,NA,NA,NA,Y,NA,A,01,0,1,0,0,0,0,0,0,0,-,-,32.713600158691406,-117.10199737548828,SAN DIEGO,SAN DIEGO,-117.10227966308594,32.71348190307617
91201396,2020,2020-03-04,9680,2020-02-23,1805,021588,NA,7,2,9,3700,0,1,3,NA,2,028,SR-125 S/B,LEMON AVE,185,N,N,A,-,Y,NA,NA,125,NA,NA,NA,NA,NA,S,Y,4,0,1,2,A,-,08,22107,NA,N,B,C,A,A,H,-,C,D,0,NA,NA,NA,NA,Y,NA,A,01,0,0,1,0,0,0,0,0,0,-,-,32.76897048950195,-117.00234985351563,SAN DIEGO,UNINCORPORATED,-117.00231170654295,32.76896667480469
91201750,2020,2020-03-04,9650,2020-02-25,1531,021327,NA,2,2,9,3700,0,3,5,NA,2,211,N. BROADWAY,NORTH AVE,80,N,N,A,-,N,NA,NA,NA,NA,NA,NA,NA,NA,NA,Y,3,0,1,1,A,-,08,22107,NA,N,E,I,A,A,H,-,A,D,0,NA,NA,NA,NA,Y,Y,D,22,0,1,0,0,0,0,0,0,0,-,-,33.17374038696289,-117.0888900756836,SAN DIEGO,UNINCORPORATED,-117.08894348144533,33.17361068725586
91203658,2020,2020-03-09,9650,2020-02-12,1615,017392,NA,3,2,3,3783,0,1,1,NA,2,007,I-5 N/B,LOMAS SANTA FE DR,528,N,N,A,-,Y,NA,NA,5,NA,NA,NA,NA,NA,N,Y,2,0,1,2,A,-,07,21658,A,F,C,C,A,A,H,-,A,D,0,NA,NA,Y,NA,Y,NA,D,22,1,0,0,0,0,0,0,0,1,-,-,32.998600006103516,-117.25689697265624,SAN DIEGO,SOLANA BEACH,-117.25692749023438,32.99859619140625
91206200,2019,2020-03-11,9645,2019-11-04,1735,014692,NA,1,2,7,3711,0,1,1,NA,2,019,INTERSTATE 15 N/B,WEST BERNARDO DRIVE O/C,1584,S,N,A,-,Y,NA,NA,15,NA,NA,NA,NA,NA,N,Y,4,0,1,3,A,-,03,22350,NA,N,C,C,A,A,H,-,B,D,0,NA,NA,NA,Y,Y,NA,A,07,0,0,1,0,0,0,0,0,0,-,-,33.05165100097656,-117.07235717773438,SAN DIEGO,SAN DIEGO,-117.0727310180664,33.05172348022461
91207187,2020,2020-03-12,9680,2020-03-02,1459,019255,NA,1,2,9,3700,0,1,1,NA,2,083,I-8 E/B,OLDE HIGHWAY 80,1056,W,N,B,C,Y,NA,NA,8,NA,NA,NA,NA,NA,E,Y,3,0,1,3,A,-,06,21755,NA,N,C,E,A,B,H,-,A,D,0,NA,NA,NA,NA,Y,Y,D,22,0,1,0,0,0,0,0,0,0,-,-,32.85390090942383,-116.86019897460938,SAN DIEGO,UNINCORPORATED,-116.86019897460938,32.85409164428711
91208015,2020,2020-03-13,9645,2020-03-01,1830,016137,NA,7,2,7,3711,0,1,1,NA,2,007,SR-52 WESTBOUND,I-805,300,W,N,B,-,Y,NA,NA,52,NA,NA,NA,NA,NA,W,Y,4,0,1,1,A,-,08,22107,NA,N,E,J,A,B,H,-,D,D,0,NA,NA,NA,NA,Y,NA,A,01,0,0,1,0,0,0,0,0,0,-,-,32.847198486328125,-117.18289947509766,SAN DIEGO,SAN DIEGO,-117.1829071044922,32.84724426269531
91210057,2020,2020-03-17,9680,2020-03-08,0725,016102,NA,7,1,9,3700,0,3,5,NA,2,006,BUCKMAN SPRINGS ROAD (S1),LAKE MORENA DRIVE,3168,S,N,B,C,N,NA,NA,NA,NA,NA,NA,NA,NA,NA,N,4,0,1,2,A,-,03,22350,NA,N,C,C,A,B,H,-,B,D,0,NA,NA,NA,NA,Y,NA,D,22,0,0,1,0,0,0,0,0,0,-,-,32.63964080810547,-116.48120880126952,SAN DIEGO,UNINCORPORATED,-116.48057556152344,32.63914108276367
91211198,2020,2020-03-18,9650,2020-03-17,1509,019594,NA,2,2,6,3706,0,1,1,NA,2,023,I-15 S/B TO VALLEY PKWY,VALLEY PKY,118,N,N,A,-,Y,NA,NA,15,NA,NA,NA,R,NA,S,N,4,0,1,2,A,-,03,22350,NA,N,C,C,A,A,H,-,A,A,0,NA,NA,NA,NA,Y,NA,D,22,0,0,1,0,0,0,0,0,0,-,-,33.115089416503906,-117.10060119628906,SAN DIEGO,ESCONDIDO,-117.10060119628906,33.115089416503906
91212852,2020,2020-03-20,9650,2020-03-19,0720,013636,NA,4,1,3,3783,0,1,1,NA,2,007,I-5 N/B,VIA DE LA VALLE,2640,N,N,B,C,Y,NA,NA,5,NA,NA,NA,NA,NA,N,Y,4,0,1,1,A,-,08,22107,NA,N,E,I,A,B,H,-,A,D,0,NA,NA,NA,NA,Y,NA,A,01,0,0,1,0,0,0,0,0,0,-,-,32.98685073852539,-117.25482177734376,SAN DIEGO,SOLANA BEACH,-117.25504302978516,32.98681640625
91214086,2020,2020-03-23,9645,2020-03-18,1248,018393,NA,3,1,7,3711,0,1,3,NA,2,002,SR-905 E/B,CALIENTE AVE O/C,1000,E,N,C,-,Y,NA,NA,905,NA,NA,NA,NA,NA,E,Y,4,0,2,1,A,-,08,22107,NA,N,E,I,A,B,H,-,A,D,0,NA,NA,NA,NA,Y,NA,A,07,0,0,2,0,0,0,0,0,0,-,-,32.56660079956055,-117.00531005859376,SAN DIEGO,SAN DIEGO,-117.00531768798828,32.56635284423828
91219772,2020,2020-04-02,9645,2020-03-30,1637,016864,NA,1,2,7,3711,0,1,1,NA,2,015,I-805 N/B,CLAIREMONT MESA BLVD. O/C,10,N,N,A,-,Y,NA,NA,805,NA,NA,NA,NA,NA,N,Y,4,0,1,5,A,-,07,21658,A,F,B,C,A,A,H,-,A,D,0,NA,NA,NA,NA,Y,NA,D,22,0,0,1,0,0,0,0,0,0,-,-,32.83361053466797,-117.16932678222656,SAN DIEGO,SAN DIEGO,-117.1694793701172,32.833518981933594
91219988,2020,2020-04-02,9680,2020-03-27,0520,019475,NA,5,3,5,3708,0,1,1,NA,2,081,I-8 W/B,JACKSON DR,2112,W,N,B,C,Y,NA,NA,8,NA,NA,NA,NA,NA,W,Y,4,0,1,2,A,-,03,22350,NA,N,C,C,A,B,H,-,C,D,0,NA,NA,NA,NA,Y,NA,A,01,0,0,1,0,0,0,0,0,0,-,-,32.772491455078125,-117.01725769042967,SAN DIEGO,LA MESA,-117.01729583740234,32.772552490234375
91223717,2020,2020-04-09,9680,2020-03-30,1620,021813,NA,1,2,9,3700,0,3,5,NA,2,002,FURY LN,JULIE LN,80,W,N,A,-,N,NA,NA,NA,NA,NA,NA,NA,NA,NA,Y,3,0,2,2,A,-,03,22350,NA,N,C,C,A,A,H,-,A,D,0,NA,NA,NA,NA,Y,NA,A,01,0,2,0,0,0,0,0,0,0,-,-,32.751258850097656,-116.94936370849608,SAN DIEGO,UNINCORPORATED,-116.9493408203125,32.75128173828125
91224646,2020,2020-04-13,9645,2020-04-10,0910,019054,NA,5,1,7,3711,0,1,1,NA,2,017,I-15 N/B,SR-52,1500,N,N,C,-,Y,NA,NA,15,NA,NA,NA,NA,NA,N,Y,4,0,1,1,A,-,03,22350,NA,N,E,I,A,B,H,-,A,D,0,NA,NA,NA,NA,Y,NA,A,01,0,0,1,0,0,0,0,0,0,-,-,32.84701919555664,-117.11717224121094,SAN DIEGO,SAN DIEGO,-117.11731719970705,32.847103118896484
91224902,2020,2020-04-13,9650,2020-04-03,1245,018950,NA,5,1,5,3712,0,1,3,NA,2,019,SR-78 E/B TO BARHAM DRIVE,WOODLAND PKWY U/C,1790,W,N,A,-,Y,NA,NA,78,NA,NA,NA,R,NA,E,Y,3,0,1,1,A,-,01,23152,F,N,E,I,A,A,H,-,A,D,0,NA,NA,NA,NA,Y,NA,A,01,0,1,0,0,0,0,0,0,0,-,-,33.1392707824707,-117.14778900146484,SAN DIEGO,SAN MARCOS,-117.14778900146484,33.1392707824707
91228086,2020,2020-04-21,9650,2020-04-18,0838,018840,NA,6,1,5,3713,0,1,3,NA,2,017,SR-78 W/B,VISTA VILLAGE DR,50,W,N,B,-,Y,NA,NA,78,NA,NA,NA,NA,NA,W,Y,3,0,2,1,A,-,08,22107,NA,N,E,I,A,B,H,-,A,D,0,NA,NA,NA,NA,Y,NA,A,01,0,2,0,0,0,0,0,0,0,-,-,33.194969177246094,-117.25006866455078,SAN DIEGO,VISTA,-117.25006866455078,33.19497299194336
91228659,2020,2020-04-22,9680,2020-04-19,1130,015733,NA,7,1,9,3700,0,2,4,NA,1,096,HIGHLAND VALLEY RD,BANDY CANYON RD,3696,W,N,B,-,Y,NA,NA,NA,NA,NA,NA,NA,NA,NA,N,2,0,1,1,A,-,03,22350,NA,N,E,I,A,A,H,-,A,D,0,NA,NA,Y,NA,Y,NA,C,02,1,0,0,0,0,0,0,0,1,-,-,33.06277084350586,-117.02098846435548,SAN DIEGO,UNINCORPORATED,-117.0204849243164,33.06315612792969
91230108,2020,2020-04-27,9650,2020-04-22,1500,021200,NA,3,2,5,3712,0,1,3,NA,2,019,SR-78 E/B,NORDAHL RD,1000,W,N,A,-,Y,NA,NA,78,NA,NA,NA,NA,NA,E,N,4,0,2,2,A,-,03,22350,NA,N,C,C,A,A,H,-,A,D,0,NA,NA,NA,NA,Y,NA,D,22,0,0,2,0,0,0,0,0,0,-,-,33.13420867919922,-117.12667083740234,SAN DIEGO,SAN MARCOS,-117.1266632080078,33.13422775268555
91230493,2020,2020-04-28,9680,2020-04-21,1403,021501,NA,2,2,9,3700,0,3,5,NA,2,007,GREAT SOUTHERN OVERLAND STAGE RTE,AGUA CALIENTE COUNTY PARK,5280,S,N,A,-,N,NA,NA,NA,NA,NA,NA,NA,NA,NA,Y,2,0,1,1,A,-,03,22350,NA,N,E,I,A,A,H,-,A,D,0,NA,NA,Y,NA,Y,NA,C,02,1,0,0,0,0,0,0,0,1,-,-,32.94921112060547,-116.28565979003906,SAN DIEGO,UNINCORPORATED,-116.2856903076172,32.94917297363281
91233951,2020,2020-05-05,9680,2020-04-29,1316,016181,NA,3,1,9,3700,0,2,4,NA,1,020,AVOCADO BLVD,PUEBLA DR,54,S,N,B,-,N,NA,NA,NA,NA,NA,NA,NA,NA,NA,Y,3,0,1,2,A,-,03,22350,NA,N,C,C,A,A,D,E,A,A,0,NA,NA,NA,NA,Y,NA,A,01,0,1,0,0,0,0,0,0,0,-,-,32.762630462646484,-116.96115112304688,SAN DIEGO,UNINCORPORATED,-116.96116638183594,32.762672424316406
91236196,2020,2020-05-11,9680,2020-05-07,2000,019910,NA,4,2,9,3700,0,3,5,NA,2,001,EL NOPAL,MOUNTAIN VIEW LN,10,E,N,A,-,N,NA,NA,NA,NA,NA,NA,NA,NA,NA,N,4,0,2,2,A,-,03,22350,NA,N,C,C,A,A,H,-,C,D,0,NA,NA,NA,NA,Y,NA,A,01,0,0,2,0,0,0,0,0,0,-,-,32.86357116699219,-116.95641326904295,SAN DIEGO,UNINCORPORATED,-116.95643615722656,32.863548278808594