CASE_ID,ACCIDENT_YEAR,PROC_DATE,JURIS,COLLISION_DATE,COLLISION_TIME,OFFICER_ID,REPORTING_DISTRICT,DAY_OF_WEEK,CHP_SHIFT,POPULATION,CNTY_CITY_LOC,SPECIAL_COND,BEAT_TYPE,CHP_BEAT_TYPE,CITY_DIVISION_LAPD,CHP_BEAT_CLASS,BEAT_NUMBER,PRIMARY_RD,SECONDARY_RD,DISTANCE,DIRECTION,INTERSECTION,WEATHER_1,WEATHER_2,STATE_HWY_IND,CALTRANS_COUNTY,CALTRANS_DISTRICT,STATE_ROUTE,ROUTE_SUFFIX,POSTMILE_PREFIX,POSTMILE,LOCATION_TYPE,RAMP_INTERSECTION,SIDE_OF_HWY,TOW_AWAY,COLLISION_SEVERITY,NUMBER_KILLED,NUMBER_INJURED,PARTY_COUNT,PRIMARY_COLL_FACTOR,PCF_CODE_OF_VIOL,PCF_VIOL_CATEGORY,PCF_VIOLATION,PCF_VIOL_SUBSECTION,HIT_AND_RUN,TYPE_OF_COLLISION,MVIW,PED_ACTION,ROAD_SURFACE,ROAD_COND_1,ROAD_COND_2,LIGHTING,CONTROL_DEVICE,CHP_ROAD_TYPE,PEDESTRIAN_ACCIDENT,BICYCLE_ACCIDENT,MOTORCYCLE_ACCIDENT,TRUCK_ACCIDENT,NOT_PRIVATE_PROPERTY,ALCOHOL_INVOLVED,STWD_VEHTYPE_AT_FAULT,CHP_VEHTYPE_AT_FAULT,COUNT_SEVERE_INJ,COUNT_VISIBLE_INJ,COUNT_COMPLAINT_PAIN,COUNT_PED_KILLED,COUNT_PED_INJURED,COUNT_BICYCLIST_KILLED,COUNT_BICYCLIST_INJURED,COUNT_MC_KILLED,COUNT_MC_INJURED,PRIMARY_RAMP,SECONDARY_RAMP,LATITUDE,LONGITUDE,COUNTY,CITY,POINT_X,POINT_Y
91238367,2020,2020-05-20,9645,2020-05-13,1325,017139,NA,3,1,6,3702,0,1,1,NA,2,009,I-805 S/B,J ST O/C,1600,N,N,A,-,Y,NA,NA,805,NA,NA,NA,NA,NA,S,Y,4,0,2,2,A,-,08,22107,NA,N,B,C,A,A,H,-,A,D,0,NA,NA,NA,NA,Y,NA,-,-,0,0,2,0,0,0,0,0,0,-,-,32.637149810791016,-117.05069732666016,SAN DIEGO,CHULA VISTA,-117.05063629150392,32.63725662231445
91238921,2020,2020-05-18,9680,2020-03-21,1312,018672,NA,6,1,9,3700,0,1,3,NA,1,051,STATE ROUTE 79,WOLAHI ROAD,2112,S,N,A,-,Y,NA,NA,79,NA,NA,NA,NA,NA,NA,Y,1,1,0,2,A,-,21,22106,NA,N,A,C,A,A,H,-,A,D,0,NA,NA,Y,NA,Y,NA,D,22,0,0,0,0,0,0,0,1,0,-,-,32.98640823364258,-116.58338165283205,SAN DIEGO,UNINCORPORATED,-116.58341979980467,32.986392974853516
91239641,2020,2020-05-19,9680,2020-05-12,1426,021501,NA,2,2,9,3700,0,2,4,NA,2,072,MONTEZUMA VALLEY RD,PALM CANYON DR,8448,W,N,A,-,N,NA,NA,NA,NA,NA,NA,NA,NA,NA,Y,3,0,1,1,A,-,03,22350,NA,N,F,A,A,A,H,-,A,D,0,NA,NA,Y,NA,Y,NA,C,02,0,1,0,0,0,0,0,0,1,-,-,33.23373031616211,-116.4110870361328,SAN DIEGO,UNINCORPORATED,-116.41112518310548,33.23379135131836
91243739,2020,2020-05-28,9680,2020-05-22,0140,016694,NA,5,3,9,3700,0,3,5,NA,2,002,GLEN VISTA STREET,PARADISE VALLEY ROAD,25,N,N,A,-,N,NA,NA,NA,NA,NA,NA,NA,NA,NA,Y,3,0,1,1,A,-,08,22107,NA,N,E,I,A,A,H,-,C,D,0,NA,NA,NA,NA,Y,NA,A,01,0,1,0,0,0,0,0,0,0,-,-,32.698028564453125,-117.02320861816406,SAN DIEGO,UNINCORPORATED,-117.0231475830078,32.69794464111328
91245452,2020,2020-06-01,9645,2020-05-22,0257,021097,NA,5,3,7,3711,0,1,1,NA,2,010,I-8 E/B TO I-5 S/B,I-5,530,W,N,A,-,Y,NA,NA,8,NA,NA,NA,R,NA,E,Y,4,0,2,1,A,-,08,22107,NA,N,E,I,A,A,H,-,D,D,0,NA,NA,NA,NA,Y,NA,A,01,0,0,2,0,0,0,0,0,0,-,-,32.75896072387695,-117.20581817626952,SAN DIEGO,SAN DIEGO,-117.20581817626952,32.75896072387695
91247115,2020,2020-06-03,9680,2020-05-25,1759,022050,NA,1,2,5,3705,0,1,1,NA,2,081,I-8 E/B TO W. MAIN ST,W. MAIN ST,20,W,N,A,-,Y,NA,NA,8,NA,NA,NA,R,NA,E,N,3,0,1,3,A,-,03,22350,NA,N,F,A,A,A,H,-,A,A,0,NA,NA,Y,NA,Y,NA,C,02,0,1,0,0,0,0,0,0,1,-,-,32.79481887817383,-116.9767608642578,SAN DIEGO,EL CAJON,-116.9767608642578,32.79481887817383
91247293,2020,2020-06-04,9680,2020-05-29,1035,017621,NA,5,1,9,3700,0,2,4,NA,1,095,VISTA VICENTE DR,SAN VICENTE RD,0,NA,Y,A,-,N,NA,NA,NA,NA,NA,NA,NA,NA,NA,Y,4,0,3,2,A,-,09,21802,A,N,D,C,A,A,H,-,A,A,0,NA,NA,NA,NA,Y,NA,A,01,0,0,3,0,0,0,0,0,0,-,-,33.00551986694336,-116.81926727294922,SAN DIEGO,UNINCORPORATED,-116.81922149658205,33.00564956665039
91248705,2020,2020-06-08,9650,2020-05-28,2046,018041,NA,4,2,5,3712,0,1,3,NA,2,019,SR-78 W/B,SAN MARCOS BLVD,320,W,N,B,-,Y,NA,NA,78,NA,NA,NA,NA,NA,W,Y,2,0,1,1,A,-,08,22107,NA,N,E,I,A,A,H,-,C,D,0,NA,NA,NA,NA,Y,NA,A,01,1,0,0,0,0,0,0,0,0,-,-,33.13848876953125,-117.17709350585938,SAN DIEGO,SAN MARCOS,-117.17718505859376,33.13823699951172
91252254,2020,2020-06-15,9650,2020-06-05,1116,019227,NA,5,1,6,3706,0,1,3,NA,2,019,SR-78 E/B,CENTRE CITY PKY,1320,W,N,B,-,Y,NA,NA,78,NA,NA,NA,NA,NA,E,Y,4,0,3,3,A,-,03,22350,NA,N,C,C,A,A,C,-,A,D,0,NA,NA,NA,NA,Y,NA,A,07,0,0,3,0,0,0,0,0,0,-,-,33.130130767822266,-117.09439849853516,SAN DIEGO,ESCONDIDO,-117.09440612792967,33.13014221191406
91256828,2020,2020-06-24,9645,2020-06-18,1305,021639,NA,4,1,6,3702,0,1,1,NA,2,009,I-805 S/B TO BONITA RD,BONITA RD,30,N,N,A,-,Y,NA,NA,805,NA,NA,NA,R,NA,S,N,4,0,1,2,A,-,03,22350,NA,N,C,C,A,A,H,-,A,D,0,NA,NA,NA,NA,Y,NA,A,01,0,0,1,0,0,0,0,0,0,-,-,32.648311614990234,-117.06285858154295,SAN DIEGO,CHULA VISTA,-117.06285858154295,32.648311614990234
91262884,2020,2020-07-03,9680,2020-06-28,1300,022224,NA,7,1,9,3700,0,1,3,NA,1,052,SR-78,SR-79,560,E,N,A,-,Y,NA,NA,78,NA,NA,NA,NA,NA,NA,Y,3,0,1,2,A,-,05,21460,A,N,B,C,A,A,H,-,A,D,0,NA,NA,Y,NA,Y,NA,C,02,0,1,0,0,0,0,0,0,1,-,-,33.10974884033203,-116.67212677001952,SAN DIEGO,UNINCORPORATED,-116.672119140625,33.10972213745117
91263606,2020,2020-07-06,9650,2020-06-26,0125,022031,NA,5,3,6,3710,0,1,3,NA,2,015,SR-78 E/B,COLLEGE BLVD,4670,W,N,A,-,Y,NA,NA,78,NA,NA,NA,NA,NA,E,Y,3,0,1,2,A,-,01,23152,A,N,C,C,A,A,H,-,D,D,0,NA,NA,NA,NA,Y,Y,A,08,0,1,0,0,0,0,0,0,0,-,-,33.17979049682617,-117.31143951416016,SAN DIEGO,OCEANSIDE,-117.31143188476563,33.17984390258789
91265577,2020,2020-07-08,9680,2020-06-30,2115,018801,NA,2,2,9,3700,0,2,4,NA,1,013,EL MONTE RD,LAKE JENNINGS PARK RD,1056,E,N,A,-,N,NA,NA,NA,NA,NA,NA,NA,NA,NA,Y,4,0,1,2,A,-,06,21750,NA,F,B,C,A,A,H,-,D,D,0,NA,NA,NA,NA,Y,NA,D,22,0,0,1,0,0,0,0,0,0,-,-,32.863468170166016,-116.89853668212892,SAN DIEGO,UNINCORPORATED,-116.89907073974608,32.862491607666016
91271498,2020,2020-07-20,9680,2020-07-17,1314,015578,NA,5,1,9,3700,0,1,3,NA,1,023,SR-94 EASTBOUND,KENWOOD DR.,2112,W,N,A,-,Y,NA,NA,94,NA,NA,NA,NA,NA,E,N,4,0,1,2,A,-,03,22350,NA,N,C,C,A,A,H,-,A,D,0,NA,NA,NA,NA,Y,NA,A,01,0,0,1,0,0,0,0,0,0,-,-,32.749141693115234,-116.99716186523438,SAN DIEGO,UNINCORPORATED,-116.99717712402344,32.74909973144531
91275422,2020,2020-07-28,9680,2020-07-17,0537,022183,NA,5,3,9,3700,0,2,4,NA,1,025,SWEETWATER RD,TYLER ST,0,NA,Y,B,-,N,NA,NA,NA,NA,NA,NA,NA,NA,NA,Y,4,0,3,2,D,-,00,NA,NA,N,D,C,A,A,H,-,B,A,0,NA,NA,NA,NA,Y,NA,-,-,0,0,3,0,0,0,0,0,0,-,-,32.7303581237793,-117.01441955566406,SAN DIEGO,UNINCORPORATED,-117.01450347900392,32.730369567871094
91277227,2020,2020-07-30,9680,2020-07-28,1050,017621,NA,2,1,9,3700,0,1,3,NA,1,090,SR-67 (MAIN ST.),13TH ST.,185,S,N,A,-,Y,NA,NA,67,NA,NA,NA,NA,NA,NA,Y,4,0,1,2,A,-,09,21804,A,N,D,C,A,A,H,-,A,D,0,NA,NA,NA,NA,Y,NA,-,-,0,0,1,0,0,0,0,0,0,-,-,33.03908157348633,-116.87393188476563,SAN DIEGO,UNINCORPORATED,-116.87392425537108,33.039066314697266
91279680,2020,2020-08-03,9645,2020-07-25,1738,020265,NA,6,2,7,3711,0,1,3,NA,2,006,SR-94 E/B,KELTON RD. U/C,800,E,N,A,-,Y,NA,NA,94,NA,NA,NA,NA,NA,E,Y,3,0,1,1,A,-,08,22107,NA,N,F,A,A,A,H,-,A,D,0,NA,NA,Y,NA,Y,NA,C,02,0,1,0,0,0,0,0,0,1,-,-,32.72930145263672,-117.06549835205078,SAN DIEGO,SAN DIEGO,-117.06548309326172,32.729248046875
91281279,2020,2020-08-05,9680,2020-07-25,0745,021945,NA,6,1,9,3700,0,1,3,NA,1,024,SR-94,RANCHO MIGUEL RD,1500,E,N,A,-,Y,NA,NA,94,NA,NA,NA,NA,NA,NA,N,3,0,1,2,A,-,05,21460,A,F,B,C,A,A,H,-,A,D,0,NA,NA,NA,NA,Y,NA,A,01,0,1,0,0,0,0,0,0,0,-,-,32.727970123291016,-116.90164184570313,SAN DIEGO,UNINCORPORATED,-116.90164184570313,32.72799301147461
91283075,2020,2020-08-11,9650,2020-08-05,0810,018840,NA,3,1,6,3710,0,1,3,NA,2,015,SR-78 W/B,COLLEGE BLVD,4029,W,N,A,-,Y,NA,NA,78,NA,NA,NA,NA,NA,W,Y,3,0,2,2,A,-,07,21658,A,N,B,C,A,A,H,-,A,D,0,NA,NA,NA,NA,Y,NA,A,07,0,2,0,0,0,0,0,0,0,-,-,33.1799201965332,-117.30915069580078,SAN DIEGO,OCEANSIDE,-117.30915069580078,33.17993927001953
91286122,2020,2020-08-14,9645,2020-08-03,0032,019712,NA,1,3,7,3711,0,1,1,NA,2,005,I-5 S/B,W. MISSION BAY DR O/C,2200,N,N,A,-,Y,NA,NA,5,NA,NA,NA,NA,NA,S,Y,4,0,1,1,A,-,08,22107,NA,N,E,I,A,A,H,-,D,D,0,NA,NA,NA,NA,Y,NA,A,08,0,0,1,0,0,0,0,0,0,-,-,32.81755828857422,-117.22477722167967,SAN DIEGO,SAN DIEGO,-117.22478485107422,32.81755828857422
91287894,2020,2020-08-18,9650,2020-07-31,0537,017328,NA,5,3,6,3706,0,1,1,NA,2,023,I-15 S/B,ROCK SPRINGS RD.,150,N,N,A,-,Y,NA,NA,15,NA,NA,NA,NA,NA,S,Y,2,0,1,2,A,-,08,22107,NA,F,B,C,A,A,H,-,B,D,0,NA,NA,Y,NA,Y,NA,A,01,1,0,0,0,0,0,0,0,1,-,-,33.13494110107422,-117.10511779785156,SAN DIEGO,ESCONDIDO,-117.10526275634766,33.134944915771484
9129206,2020,2020-09-08,3711,2020-05-31,1232,SD7955,NA,7,5,7,3711,0,0,0,NA,0,621,VIA LOS CUMBRES,CAMINITO DEL OESTE,100,E,N,A,-,N,NA,NA,NA,NA,NA,NA,NA,NA,NA,Y,4,0,1,3,A,-,03,22350,NA,N,F,E,A,A,H,-,A,D,0,NA,NA,NA,NA,Y,NA,A,08,0,0,1,0,0,0,0,0,0,-,-,NA,NA,SAN DIEGO,SAN DIEGO,-117.18094635009766,32.77839279174805
9129364,2020,2020-10-01,3711,2020-07-20,1642,SD7316,NA,1,5,7,3711,0,0,0,NA,0,243,MIRAMAR RD,MOUNTAIN RD,0,E,N,A,-,N,NA,NA,NA,NA,NA,NA,NA,NA,NA,N,3,0,1,2,A,-,04,21703,NA,N,H,J,A,A,H,-,A,A,0,NA,NA,Y,NA,Y,Y,C,02,0,1,0,0,0,0,0,0,1,-,-,NA,NA,SAN DIEGO,SAN DIEGO,NA,NA
91293677,2020,2020-08-27,9645,2020-08-21,1452,021523,NA,5,2,6,3702,0,1,1,NA,2,001,I-5 S/B,MAIN STREET,1631,N,N,A,-,Y,NA,NA,5,NA,NA,NA,NA,NA,S,Y,3,0,2,4,A,-,03,22350,NA,N,C,C,A,A,H,-,A,D,0,NA,NA,NA,NA,Y,NA,A,07,0,1,1,0,0,0,0,0,0,-,-,32.599971771240234,-117.08968353271484,SAN DIEGO,CHULA VISTA,-117.08958435058594,32.599979400634766
91295518,2020,2020-08-28,9680,2020-07-08,2500,021501,NA,3,4,9,3700,0,1,3,NA,1,053,STATE ROUTE 76,EAST LOOP ROAD,1090,E,N,A,-,Y,NA,NA,76,NA,NA,NA,NA,NA,NA,Y,1,1,0,1,A,-,01,23152,F,N,E,I,A,A,H,-,D,D,0,NA,NA,Y,NA,Y,NA,C,02,0,0,0,0,0,0,0,1,0,-,-,33.2067985534668,-116.72720336914063,SAN DIEGO,UNINCORPORATED,-116.72722625732422,33.206748962402344
91295717,2020,2020-08-31,9650,2020-08-26,0043,020747,NA,3,3,9,3700,0,1,1,NA,2,021,I-15 S/B,OLD HIGHWAY 395,300,S,N,A,-,Y,NA,NA,15,NA,NA,NA,NA,NA,S,Y,3,0,1,1,A,-,08,22107,NA,N,E,I,A,A,H,-,D,D,0,NA,NA,NA,NA,Y,NA,A,01,0,1,0,0,0,0,0,0,0,-,-,33.285579681396484,-117.14977264404295,SAN DIEGO,UNINCORPORATED,-117.1498794555664,33.28560256958008
91296311,2020,2020-08-31,9650,2020-08-20,1155,019227,NA,4,1,9,3700,0,2,4,NA,1,027,VALLEY CENTER RD.,N. LAKE WOHLFORD RD.,0,NA,Y,A,-,N,NA,NA,NA,NA,NA,NA,NA,NA,NA,Y,4,0,1,2,A,-,12,21453,A,N,D,C,A,A,H,-,A,A,0,NA,NA,NA,NA,Y,NA,D,22,0,0,1,0,0,0,0,0,0,-,-,33.2281494140625,-116.97572326660156,SAN DIEGO,UNINCORPORATED,-116.97569274902344,33.2281608581543
91298419,2020,2020-09-03,9650,2020-09-02,1545,019594,NA,3,2,9,3700,0,3,5,NA,2,210,DEER SPRINGS RD,SYCAMORE RD,581,S,N,A,-,N,NA,NA,NA,NA,NA,NA,NA,NA,NA,Y,2,0,1,2,A,-,05,21460,A,N,A,C,A,A,H,-,A,D,0,NA,NA,NA,NA,Y,NA,D,22,1,0,0,0,0,0,0,0,0,-,-,33.18891906738281,-117.15106964111328,SAN DIEGO,UNINCORPORATED,-117.15373992919922,33.18568420410156
91299841,2020,2020-09-07,9650,2020-08-30,1020,018950,NA,7,1,5,3712,0,1,3,NA,2,019,SR-78 W/B,WOODLAND PKWY U/C,774,E,N,A,-,Y,NA,NA,78,NA,NA,NA,NA,NA,W,Y,3,0,1,2,A,-,07,21658,A,N,B,C,A,A,H,-,A,D,0,NA,NA,NA,NA,Y,NA,A,01,0,1,0,0,0,0,0,0,0,-,-,33.136688232421875,-117.13619232177734,SAN DIEGO,SAN MARCOS,-117.13619232177734,33.136680603027344
9130205,2020,2020-10-06,3706,2020-07-19,0501,530,ESCON,7,5,6,3706,0,0,0,NA,0,044,ROSE ST,LINCOLN AV,73,N,N,A,-,N,NA,NA,NA,NA,NA,NA,NA,NA,NA,Y,3,0,1,1,A,-,01,23152,A,N,E,I,A,A,H,-,C,D,0,NA,NA,NA,NA,Y,Y,A,01,0,1,0,0,0,0,0,0,0,-,-,33.1431884765625,-117.06587982177734,SAN DIEGO,ESCONDIDO,-117.0660400390625,33.14336395263672
91304011,2020,2020-09-14,9645,2020-09-08,0915,020301,NA,2,1,7,3711,0,1,1,NA,2,009,I-805 N/B,PALM AVE,500,S,N,A,-,Y,NA,NA,805,NA,NA,NA,NA,NA,N,Y,3,0,1,2,A,-,07,21658,A,N,B,C,A,A,H,-,A,D,0,NA,NA,NA,NA,Y,NA,A,01,0,1,0,0,0,0,0,0,0,-,-,32.57891845703125,-117.03794097900392,SAN DIEGO,SAN DIEGO,-117.03800201416016,32.57893371582031
91304293,2020,2020-09-14,9645,2020-09-14,0755,018393,NA,1,1,7,3711,0,1,3,NA,2,006,SR-94 W/B,25TH ST O/C,400,E,N,B,-,Y,NA,NA,94,NA,NA,NA,NA,NA,W,N,4,0,1,2,A,-,03,22350,NA,N,C,C,A,A,H,-,A,D,0,NA,NA,NA,NA,Y,NA,A,01,0,0,1,0,0,0,0,0,0,-,-,32.71331024169922,-117.13848876953124,SAN DIEGO,SAN DIEGO,-117.13848876953124,32.713279724121094
91307212,2020,2020-09-18,9680,2020-08-30,1005,021813,NA,7,1,9,3700,0,3,5,NA,2,002,DEL RIO RD,CALLE LOS ARBOLES,160,S,N,A,-,N,NA,NA,NA,NA,NA,NA,NA,NA,NA,Y,3,0,1,2,A,-,08,22107,NA,N,B,C,A,A,H,-,A,D,0,NA,NA,NA,NA,Y,NA,A,07,0,1,0,0,0,0,0,0,0,-,-,32.734859466552734,-116.96166229248048,SAN DIEGO,UNINCORPORATED,-116.96155548095705,32.73495864868164
9130753,2020,2020-10-06,3705,2020-07-22,1428,EC0324,NA,3,5,5,3705,0,0,0,NA,0,002,FLETCHER PKWY,MAGNOLIA,0,NA,Y,A,-,N,NA,NA,NA,NA,NA,NA,NA,NA,NA,NA,4,0,1,2,A,-,12,21453,A,N,D,C,A,A,H,-,A,A,0,NA,NA,NA,NA,Y,NA,A,08,0,0,1,0,0,0,0,0,0,-,-,NA,NA,SAN DIEGO,EL CAJON,-116.96436309814452,32.80778884887695
91309027,2020,2020-09-22,9645,2020-09-14,1140,021338,NA,1,1,7,3711,0,1,1,NA,2,001,I-5 S/B TO SR-905 E/B,HOWARD AVENUE,2112,W,N,A,-,Y,NA,NA,5,NA,NA,NA,R,NA,S,Y,3,0,2,2,A,-,08,22107,NA,N,B,C,A,A,H,-,A,D,0,NA,NA,NA,NA,Y,NA,D,22,0,2,0,0,0,0,0,0,0,-,-,32.56576919555664,-117.07272338867188,SAN DIEGO,SAN DIEGO,-117.07272338867188,32.56576919555664
91309978,2020,2020-09-23,9680,2020-09-17,1330,022224,NA,4,1,9,3700,0,1,3,NA,1,090,SR-67 (MAIN STREET),PALA STREET,249,N,N,A,-,Y,NA,NA,67,NA,NA,NA,NA,NA,NA,Y,3,0,1,3,A,-,04,21703,NA,N,C,C,A,A,H,-,A,A,0,NA,NA,NA,NA,Y,NA,A,01,0,1,0,0,0,0,0,0,0,-,-,33.034019470214844,-116.88201904296876,SAN DIEGO,UNINCORPORATED,-116.88202667236328,33.034027099609375
91313868,2020,2020-09-29,9680,2020-09-17,0001,018672,NA,4,3,9,3700,0,1,3,NA,1,052,SR-78,SR-79,14256,W,N,A,-,Y,NA,NA,78,NA,NA,NA,NA,NA,NA,Y,3,0,1,1,A,-,08,22107,NA,N,E,I,A,A,H,-,D,D,0,NA,NA,NA,NA,Y,NA,A,01,0,1,0,0,0,0,0,0,0,-,-,33.0854606628418,-116.70932769775392,SAN DIEGO,UNINCORPORATED,-116.7092742919922,33.085391998291016
9131396,2020,2020-09-28,3711,2020-07-18,2340,7576,NA,6,5,7,3711,0,0,0,NA,0,613,WEST MISSION BAY DR,SPORTS ARENA BL,0,NA,Y,A,-,N,NA,NA,NA,NA,NA,NA,NA,NA,NA,N,4,0,1,3,A,-,04,21703,NA,M,C,C,A,A,H,-,C,A,0,NA,NA,NA,NA,Y,NA,-,NA,0,0,1,0,0,0,0,0,0,-,-,NA,NA,SAN DIEGO,SAN DIEGO,-117.22354125976563,32.757320404052734
91316978,2020,2020-10-05,9650,2020-10-03,1045,015446,NA,6,1,9,3700,0,2,4,NA,1,027,VALLEY CENTER ROAD,THUNDERNUT LANE,2640,N,N,A,-,N,NA,NA,NA,NA,NA,NA,NA,NA,NA,Y,3,0,1,1,A,-,08,22107,NA,N,F,A,A,A,H,-,A,D,0,NA,NA,Y,NA,Y,NA,C,02,0,1,0,0,0,0,0,0,1,-,-,33.23017883300781,-116.96676635742188,SAN DIEGO,UNINCORPORATED,-116.97569274902344,33.2281608581543
9132123,2020,2020-10-06,3706,2020-07-08,1932,534,ESCON,3,5,6,3706,0,0,0,NA,0,045,MONTIEL RD,DEODAR RD,0,NA,Y,F,-,N,NA,NA,NA,NA,NA,NA,NA,NA,NA,Y,4,0,2,2,A,-,07,21658,A,N,A,C,A,A,H,-,A,D,0,NA,NA,NA,NA,Y,NA,A,07,0,0,2,0,0,0,0,0,0,-,-,33.13016891479492,-117.1125717163086,SAN DIEGO,ESCONDIDO,-117.11266326904295,33.130149841308594
91321740,2020,2020-10-12,9650,2020-10-04,2245,021992,NA,7,3,9,3700,0,3,5,NA,1,212,OLD CASTLE RD,MAKUNA DR,16,E,N,A,-,N,NA,NA,NA,NA,NA,NA,NA,NA,NA,Y,2,0,1,1,A,-,01,23152,A,N,E,I,A,A,H,-,D,D,0,NA,NA,Y,NA,Y,Y,C,02,1,0,0,0,0,0,0,0,1,-,-,33.25625991821289,-117.07762908935548,SAN DIEGO,UNINCORPORATED,-117.07758331298828,33.25642013549805
91324942,2020,2020-10-16,9645,2020-10-13,1655,017667,NA,2,2,7,3711,0,1,1,NA,2,017,I-15 N/B,POWAY RD.,100,S,N,A,-,Y,NA,NA,15,NA,NA,NA,NA,NA,N,Y,4,0,1,2,A,-,03,22350,NA,N,C,C,A,A,H,-,A,D,0,NA,NA,NA,NA,Y,NA,A,01,0,0,1,0,0,0,0,0,0,-,-,32.944698333740234,-117.10807037353516,SAN DIEGO,SAN DIEGO,-117.10791015625,32.94459533691406
91325452,2020,2020-10-16,9680,2020-10-07,1039,015972,NA,3,1,9,3700,0,3,5,NA,2,002,HOLLOW PL,SUNDALE RD,10,N,N,A,-,N,NA,NA,NA,NA,NA,NA,NA,NA,NA,N,3,0,1,2,A,-,08,22107,NA,N,H,A,A,A,H,-,A,D,0,NA,NA,NA,NA,Y,NA,M,96,0,1,0,0,0,0,0,0,0,-,-,32.764278411865234,-116.92626953125,SAN DIEGO,UNINCORPORATED,-116.92630004882813,32.76423645019531
91329488,2020,2020-10-22,9680,2020-10-12,1250,022233,NA,1,1,9,3700,0,1,3,NA,1,051,SR-79,YAQUI DR,315,N,N,A,-,Y,NA,NA,79,NA,NA,NA,NA,NA,NA,Y,3,0,2,2,A,-,08,22107,NA,N,E,I,A,A,H,-,A,D,0,NA,NA,Y,NA,Y,NA,C,02,0,1,1,0,0,0,0,0,2,-,-,32.991031646728516,-116.5789794921875,SAN DIEGO,UNINCORPORATED,-116.57892608642578,32.99094772338867
9132954,2020,2020-11-30,3710,2020-06-11,1244,OC1487,NA,4,5,6,3710,0,0,0,NA,0,006,NORTH COAST HWY,CIVIC CENTER DR,0,NA,Y,A,-,N,NA,NA,NA,NA,NA,NA,NA,NA,NA,N,4,0,1,2,B,-,22,NA,NA,N,C,C,A,A,H,-,A,A,0,NA,NA,NA,NA,Y,NA,A,01,0,0,1,0,0,0,0,0,0,-,-,NA,NA,SAN DIEGO,OCEANSIDE,-117.38095855712892,33.19758987426758
91329764,2020,2020-10-22,9680,2020-10-20,1325,015877,NA,2,1,5,3708,0,1,1,NA,2,081,I-8 E/B,JACKSON DR.,2112,W,N,A,-,Y,NA,NA,8,NA,NA,NA,NA,NA,E,Y,4,0,2,2,A,-,03,22350,NA,N,C,C,A,A,H,-,A,D,0,NA,NA,NA,NA,Y,NA,A,01,0,0,2,0,0,0,0,0,0,-,-,32.77238845825195,-117.01692199707033,SAN DIEGO,LA MESA,-117.01697540283205,32.772491455078125
91334064,2020,2020-10-29,9645,2020-10-20,1555,017499,NA,2,2,9,3700,0,3,5,NA,2,018,RIDGEWAY RD (2300 BLOCK),EUCLID AVE,1056,W,N,A,-,N,NA,NA,NA,NA,NA,NA,NA,NA,NA,N,3,0,1,3,A,-,08,22107,NA,N,B,C,A,A,H,-,A,D,0,NA,NA,Y,NA,Y,NA,C,06,0,1,0,0,0,0,0,0,1,-,-,32.66399002075195,-117.07784271240234,SAN DIEGO,UNINCORPORATED,-117.07784271240234,32.663970947265625
91338625,2020,2020-11-03,9645,2020-11-01,1406,020265,NA,7,2,6,3702,0,1,1,NA,2,009,I-805 N/B,MAIN ST. U/C,100,N,N,A,-,Y,NA,NA,805,NA,NA,NA,NA,NA,N,Y,3,0,1,2,A,-,03,22350,NA,N,C,C,A,A,H,-,A,D,0,NA,NA,NA,NA,Y,NA,A,01,0,1,0,0,0,0,0,0,0,-,-,32.59619903564453,-117.03620147705078,SAN DIEGO,CHULA VISTA,-117.03612518310548,32.59619903564453
91342761,2020,2020-11-10,9680,2020-10-30,1145,016181,NA,5,1,9,3700,0,1,3,NA,1,040,SR-94 E/B,ROMA RD,528,W,N,A,-,Y,NA,NA,94,NA,NA,NA,NA,NA,E,Y,3,0,2,1,A,-,08,22107,NA,N,E,I,A,A,H,-,A,D,0,NA,NA,NA,NA,Y,NA,A,01,0,1,1,0,0,0,0,0,0,-,-,32.623538970947266,-116.74954986572266,SAN DIEGO,UNINCORPORATED,-116.74957275390624,32.62346649169922