CASE_ID,ACCIDENT_YEAR,PROC_DATE,JURIS,COLLISION_DATE,COLLISION_TIME,OFFICER_ID,REPORTING_DISTRICT,DAY_OF_WEEK,CHP_SHIFT,POPULATION,CNTY_CITY_LOC,SPECIAL_COND,BEAT_TYPE,CHP_BEAT_TYPE,CITY_DIVISION_LAPD,CHP_BEAT_CLASS,BEAT_NUMBER,PRIMARY_RD,SECONDARY_RD,DISTANCE,DIRECTION,INTERSECTION,WEATHER_1,WEATHER_2,STATE_HWY_IND,CALTRANS_COUNTY,CALTRANS_DISTRICT,STATE_ROUTE,ROUTE_SUFFIX,POSTMILE_PREFIX,POSTMILE,LOCATION_TYPE,RAMP_INTERSECTION,SIDE_OF_HWY,TOW_AWAY,COLLISION_SEVERITY,NUMBER_KILLED,NUMBER_INJURED,PARTY_COUNT,PRIMARY_COLL_FACTOR,PCF_CODE_OF_VIOL,PCF_VIOL_CATEGORY,PCF_VIOLATION,PCF_VIOL_SUBSECTION,HIT_AND_RUN,TYPE_OF_COLLISION,MVIW,PED_ACTION,ROAD_SURFACE,ROAD_COND_1,ROAD_COND_2,LIGHTING,CONTROL_DEVICE,CHP_ROAD_TYPE,PEDESTRIAN_ACCIDENT,BICYCLE_ACCIDENT,MOTORCYCLE_ACCIDENT,TRUCK_ACCIDENT,NOT_PRIVATE_PROPERTY,ALCOHOL_INVOLVED,STWD_VEHTYPE_AT_FAULT,CHP_VEHTYPE_AT_FAULT,COUNT_SEVERE_INJ,COUNT_VISIBLE_INJ,COUNT_COMPLAINT_PAIN,COUNT_PED_KILLED,COUNT_PED_INJURED,COUNT_BICYCLIST_KILLED,COUNT_BICYCLIST_INJURED,COUNT_MC_KILLED,COUNT_MC_INJURED,PRIMARY_RAMP,SECONDARY_RAMP,LATITUDE,LONGITUDE,COUNTY,CITY,POINT_X,POINT_Y
9234277,2021,2021-03-12,3702,2021-01-24,0345,CV1260,NA,7,5,6,3702,0,0,0,NA,0,041,OLYMPIC PKWY,SANTA VENETIA ST,400,W,N,C,-,N,NA,NA,NA,NA,NA,NA,NA,NA,NA,Y,3,0,1,1,A,-,03,22350,NA,N,E,I,A,B,H,-,C,D,0,NA,NA,NA,NA,Y,NA,A,01,0,1,0,0,0,0,0,0,0,-,-,NA,NA,SAN DIEGO,CHULA VISTA,-116.99089813232422,32.62240219116211
9234305,2021,2021-03-22,3705,2021-01-21,0750,EC0219,NA,4,5,5,3705,0,0,0,NA,0,001,FLETCHER PKWY,LOMA PORTAL DR,1265,W,N,A,-,N,NA,NA,NA,NA,NA,NA,NA,NA,NA,NA,4,0,1,1,A,-,03,22350,NA,N,E,I,A,A,H,-,A,D,0,NA,NA,NA,NA,Y,NA,A,07,0,0,1,0,0,0,0,0,0,-,-,NA,NA,SAN DIEGO,EL CAJON,-116.98848724365234,32.80642318725586
92343258,2024,2024-03-20,9650,2024-03-12,1420,019346,NA,2,2,9,3700,0,3,5,NA,2,171,SAN PABLO DR,SAN JULIAN DR,1320,N,N,A,-,N,NA,NA,NA,NA,NA,NA,NA,NA,NA,Y,3,0,1,2,A,-,01,23152,A,M,A,E,A,A,H,-,A,D,0,NA,NA,NA,NA,Y,Y,A,01,0,1,0,0,0,0,0,0,0,-,-,33.12487030029297,-117.19869995117188,SAN DIEGO,UNINCORPORATED,-117.2034149169922,33.123191833496094
92346596,2024,2024-03-25,9645,2024-03-14,1345,022845,NA,4,1,7,3711,0,1,1,NA,2,010,I-8 W/B,WARING ROAD,1510,E,N,B,-,Y,SD,NA,8,NA,NA,7.368,H,NA,L,Y,3,0,1,2,A,-,03,22350,NA,N,C,2,A,B,H,-,A,D,0,NA,NA,NA,NA,Y,NA,-,-,0,1,0,0,0,0,0,0,0,-,-,32.780670166015625,-117.08277893066406,SAN DIEGO,SAN DIEGO,-117.08274841308594,32.78078079223633
92350005,2024,2024-03-29,9680,2024-03-17,1335,020884,NA,7,1,5,3705,0,1,1,NA,2,081,I-8 W/B,EL CAJON BLVD,86,E,N,A,-,Y,SD,NA,8,NA,NA,13.695,H,NA,L,N,4,0,1,2,A,-,03,22350,NA,N,C,C,A,A,D,-,A,D,0,NA,NA,NA,NA,Y,NA,A,07,0,0,1,0,0,0,0,0,0,-,-,32.78253936767578,-116.98145294189452,SAN DIEGO,EL CAJON,-116.98137664794922,32.78251266479492
9235050,2021,2021-03-26,3711,2021-02-24,0004,SD1364,NA,3,5,7,3711,0,0,0,NA,0,712,WEST SAN YSIDRO BL,COTTONWOOD RD,0,NA,Y,A,-,N,NA,NA,NA,NA,NA,NA,NA,NA,NA,N,3,0,1,2,A,-,03,22350,NA,M,G,B,E,A,H,-,C,D,0,Y,NA,NA,NA,Y,Y,A,01,0,1,0,0,1,0,0,0,0,-,-,NA,NA,SAN DIEGO,SAN DIEGO,-117.04795837402344,32.553775787353516
9235710,2021,2021-04-16,3710,2021-02-13,2157,OC1481,NA,6,5,6,3710,0,0,0,NA,0,006,NORTH PACIFIC ST,NEPTUNE WY,384,N,N,A,-,N,NA,NA,NA,NA,NA,NA,NA,NA,NA,Y,4,0,1,3,A,-,03,22350,NA,N,C,E,A,A,H,-,D,D,0,NA,NA,NA,NA,Y,NA,A,01,0,0,1,0,0,0,0,0,0,-,-,NA,NA,SAN DIEGO,OCEANSIDE,-117.38766479492188,33.19999694824219
92361227,2024,2024-04-10,9680,2024-03-31,1430,021501,NA,7,2,9,3700,0,1,3,NA,1,071,SR-78,SAN FELIPE ROAD,7920,E,N,B,-,Y,SD,NA,78,NA,NA,71.627,H,NA,R,Y,3,0,3,1,A,-,03,22350,NA,N,E,I,A,B,H,-,A,A,0,NA,NA,NA,NA,Y,NA,A,01,0,3,0,0,0,0,0,0,0,-,-,33.10834884643555,-116.45034027099608,SAN DIEGO,UNINCORPORATED,-116.45032501220705,33.10831069946289
92361447,2024,2024-04-10,9650,2024-04-01,2035,022586,NA,1,2,9,3700,0,3,5,NA,1,212,LILAC RD (29000 BLOCK),ROBLES LN,500,W,N,A,-,N,NA,NA,NA,NA,NA,NA,NA,NA,NA,Y,3,0,3,2,A,-,01,23152,A,N,A,C,A,A,H,-,D,D,0,NA,NA,NA,NA,Y,Y,A,01,0,1,2,0,0,0,0,0,0,-,-,33.253700256347656,-117.0649871826172,SAN DIEGO,UNINCORPORATED,-117.06511688232422,33.25322341918945
92365703,2024,2024-04-16,9645,2024-04-09,1325,015270,NA,2,1,7,3711,0,1,3,NA,2,023,SR-163 SOUTHBOUND,I-8,2640,S,N,A,-,Y,SD,NA,163,NA,NA,3.201,H,NA,L,Y,4,0,2,2,A,-,03,22350,NA,N,C,C,A,A,H,-,A,D,0,NA,NA,NA,NA,Y,NA,A,01,0,0,2,0,0,0,0,0,0,-,-,32.75580978393555,-117.15907287597656,SAN DIEGO,SAN DIEGO,-117.15909576416016,32.755802154541016
92366285,2024,2024-04-17,9650,2024-04-11,930,022139,NA,4,1,9,3700,0,1,3,NA,2,017,SR-78 E/B,VISTA VILLAGE DR,50,E,N,A,-,Y,NA,NA,NA,NA,NA,NA,NA,NA,NA,Y,4,0,1,2,A,-,07,21658,A,N,B,C,A,A,H,-,A,D,0,NA,NA,NA,NA,Y,NA,D,22,0,0,1,0,0,0,0,0,0,-,-,33.19424057006836,-117.25006866455078,SAN DIEGO,UNINCORPORATED,-117.25006103515624,33.19478225708008
92368802,2024,2024-04-19,9650,2024-04-10,1445,017392,NA,3,2,5,3712,0,1,3,NA,2,019,SR-78 E/B,TWIN OAKS VALLEY RD,1056,W,N,A,-,Y,SD,NA,78,NA,NA,12.528,H,NA,R,N,3,0,1,3,A,-,03,22350,NA,N,C,C,A,A,H,-,A,D,0,NA,NA,Y,NA,Y,NA,-,-,0,1,0,0,0,0,0,0,1,-,-,33.13666915893555,-117.17047882080078,SAN DIEGO,SAN MARCOS,-117.17047882080078,33.13665008544922
92371638,2024,2024-04-22,9645,2024-04-03,850,017723,NA,3,1,7,3711,0,1,1,NA,2,015,I-805 N/B,BALBOA AVENUE,5280,S,N,A,-,Y,SD,NA,805,NA,NA,21.373,H,NA,R,Y,4,0,2,3,A,-,03,22350,NA,N,C,C,A,A,H,-,A,D,0,NA,NA,NA,NA,Y,NA,A,08,0,0,2,0,0,0,0,0,0,-,-,32.81816864013672,-117.16031646728516,SAN DIEGO,SAN DIEGO,-117.16028594970705,32.81818389892578
92372875,2023,2024-04-23,9680,2023-11-26,1029,021828,NA,7,1,9,3700,0,1,3,NA,1,040,STATE ROUTE 94 (CAMPO ROAD),BOWMANS ROAD,302,W,N,A,-,Y,SD,NA,94,NA,NA,37.57,H,NA,R,Y,1,1,2,2,A,-,01,23152,F,N,F,A,A,A,H,-,A,A,0,NA,NA,Y,NA,Y,NA,C,02,0,0,2,0,0,0,0,1,0,-,-,32.59413146972656,-116.66368103027344,SAN DIEGO,UNINCORPORATED,-116.66368103027344,32.5941162109375
92374243,2024,2024-04-24,9680,2024-04-13,2340,023113,NA,6,3,5,3708,0,1,3,NA,1,023,SR-94 E/B,SR-125,817,E,N,B,C,Y,SD,NA,94,NA,R,10.623,H,NA,R,Y,4,0,1,1,A,-,03,22350,NA,N,E,I,A,B,H,-,C,D,0,NA,NA,NA,NA,Y,NA,D,22,0,0,1,0,0,0,0,0,0,-,-,32.753440856933594,-117.0076904296875,SAN DIEGO,LA MESA,-117.00774383544922,32.753292083740234
92380441,2024,2024-05-02,9680,2024-04-22,1445,016372,NA,1,2,9,3700,0,1,3,NA,2,016,SR-67 S/B,FLETCHER PARKWAY,715,N,N,A,-,Y,SD,NA,67,NA,R,0.467,H,NA,L,N,4,0,1,2,A,-,03,22350,NA,N,C,C,A,A,H,-,A,A,0,NA,NA,NA,NA,Y,NA,A,07,0,0,1,0,0,0,0,0,0,-,-,32.809810638427734,-116.9621124267578,SAN DIEGO,UNINCORPORATED,-116.96216583251952,32.809814453125
92381249,2024,2024-05-08,9650,2024-04-28,1015,020673,NA,7,1,9,3700,0,1,3,NA,2,017,SR-78 WESTBOUND,SYCAMORE AVE.,1640,W,N,A,-,Y,NA,NA,NA,NA,NA,NA,NA,NA,NA,Y,3,0,1,2,A,-,07,21658,A,F,F,A,A,A,H,-,A,D,0,NA,NA,NA,NA,Y,NA,-,-,0,1,0,0,0,0,0,0,0,-,-,33.16883087158203,-117.21909332275392,SAN DIEGO,UNINCORPORATED,-117.21875762939452,33.169620513916016
92383048,2024,2024-05-06,9680,2024-04-25,615,019936,NA,4,1,5,3781,0,1,3,NA,2,015,SR-52 WB,FANITA DR,1056,E,N,B,-,Y,SD,NA,52,NA,NA,15.355,H,NA,L,Y,4,0,1,2,A,-,03,22350,NA,N,C,C,A,A,H,-,A,D,0,NA,NA,NA,NA,Y,NA,A,07,0,0,1,0,0,0,0,0,0,-,-,32.836788177490234,-116.99665832519533,SAN DIEGO,SANTEE,-116.99665832519533,32.8368034362793
9238439,2021,2021-04-07,3710,2021-02-26,1050,OC1358,NA,5,5,6,3710,0,0,0,NA,0,027,COLLEGE BL,OLIVE DR,0,NA,Y,A,-,N,NA,NA,NA,NA,NA,NA,NA,NA,NA,Y,4,0,2,3,A,-,03,22350,NA,N,D,C,A,A,H,-,A,A,0,NA,NA,NA,NA,Y,NA,D,22,0,0,2,0,0,0,0,0,0,-,-,NA,NA,SAN DIEGO,OCEANSIDE,-117.28502655029295,33.20405197143555
9238484,2021,2021-04-16,3711,2021-03-08,1511,SD7129,NA,1,5,7,3711,0,0,0,NA,0,437,SOUTH WOODMAN ST,WATTLE DR,144,S,N,A,-,N,NA,NA,NA,NA,NA,NA,NA,NA,NA,Y,4,0,1,1,A,-,08,22107,NA,N,E,I,A,A,H,-,A,D,0,NA,NA,NA,NA,Y,NA,A,01,0,0,1,0,0,0,0,0,0,-,-,NA,NA,SAN DIEGO,SAN DIEGO,-117.04015350341795,32.679080963134766
92386102,2024,2024-05-09,9680,2024-04-30,650,020541,NA,2,1,9,3700,0,3,5,NA,2,001,ORO STREET,PERSIMMON AVE,0,NA,Y,B,-,N,NA,NA,NA,NA,NA,NA,NA,NA,NA,Y,4,0,2,2,A,-,09,21802,A,N,D,C,A,A,H,-,A,A,0,NA,NA,NA,NA,Y,NA,A,07,0,0,2,0,0,0,0,0,0,-,-,32.811588287353516,-116.94020080566406,SAN DIEGO,UNINCORPORATED,-116.94019317626952,32.81155014038086
92387081,2024,2024-05-10,9645,2024-03-15,1702,020623,NA,5,2,7,3711,0,1,1,NA,2,007,I-5 N/B FROM VIA DE LA VALLE W/B,VIA DE LA VALLE,0,NA,Y,B,C,Y,NA,NA,NA,NA,NA,NA,NA,NA,NA,N,3,0,1,2,A,-,10,21950,A,N,G,B,C,B,H,-,C,A,0,Y,NA,NA,NA,Y,NA,A,01,0,1,0,0,1,0,0,0,0,-,-,32.98044967651367,-117.2516632080078,SAN DIEGO,SAN DIEGO,-117.25299835205078,32.98001480102539
9238767,2021,2021-04-12,3700,2021-02-19,1319,SH7341,NA,5,5,4,3780,0,0,0,NA,0,410,TWIN PEAKS RD,SILVERSET ST,0,NA,Y,A,-,N,NA,NA,NA,NA,NA,NA,NA,NA,NA,Y,4,0,1,2,A,-,03,22350,NA,N,C,C,A,A,H,-,A,A,0,NA,NA,NA,NA,Y,NA,D,22,0,0,1,0,0,0,0,0,0,-,-,NA,NA,SAN DIEGO,POWAY,-117.0517349243164,32.97798156738281
92388687,2024,2024-05-13,9645,2024-04-25,350,023628,NA,4,3,6,3702,0,1,3,NA,2,031,STATE ROUTE 125 SOUTHBOUND,OLYMPIC PKWY,300,N,N,B,-,Y,SD,NA,125,NA,NA,3.251,H,NA,L,Y,2,0,1,1,A,-,01,23152,A,N,E,I,A,A,H,-,D,D,0,NA,NA,NA,NA,Y,Y,A,07,1,0,0,0,0,0,0,0,0,-,-,32.63447952270508,-116.9716796875,SAN DIEGO,CHULA VISTA,-116.97159576416016,32.63447952270508
92397501,2024,2024-05-23,9645,2024-05-15,1705,022512,NA,3,2,7,3711,0,1,1,NA,2,003,INTERSTATE 5 SOUTHBOUND,6TH AVENUE,55,N,N,A,-,Y,SD,NA,5,NA,R,16.33,H,NA,L,N,4,0,2,2,A,-,07,21658,A,N,B,C,A,A,H,-,A,D,0,NA,NA,NA,NA,Y,NA,A,01,0,0,2,0,0,0,0,0,0,-,-,32.7227783203125,-117.15960693359376,SAN DIEGO,SAN DIEGO,-117.1596450805664,32.72285842895508
92399028,2024,2024-05-27,9680,2024-05-17,1630,022554,NA,5,2,9,3700,0,1,3,NA,1,090,SR-67,WYNOLA STREET,50,S,N,A,-,Y,SD,NA,67,NA,NA,22.65,H,NA,R,N,3,0,1,2,A,-,03,22350,NA,N,C,C,A,A,H,-,A,D,0,NA,NA,NA,NA,Y,NA,A,07,0,1,0,0,0,0,0,0,0,-,-,33.02605056762695,-116.89212036132813,SAN DIEGO,UNINCORPORATED,-116.8921127319336,33.026039123535156
92407205,2024,2024-06-06,9680,2024-05-28,1315,019475,NA,2,1,9,3700,0,1,1,NA,2,084,I-8 E/B,E VICTORIA DR,1584,E,N,A,-,Y,SD,NA,8,NA,R,30.541,H,NA,R,Y,4,0,1,2,A,-,03,22350,NA,N,C,C,A,A,H,-,A,D,0,NA,NA,NA,Y,Y,NA,A,01,0,0,1,0,0,0,0,0,0,-,-,32.83441162109375,-116.74488067626952,SAN DIEGO,UNINCORPORATED,-116.74488067626952,32.834434509277344
92409799,2024,2024-11-22,9680,2024-05-29,1758,021584,NA,3,2,9,3700,0,3,5,NA,2,009,OLIVE STREET,MAPLE STREET,440,E,N,A,-,N,NA,NA,NA,NA,NA,NA,NA,NA,NA,Y,3,0,1,1,A,-,08,22107,NA,N,E,I,A,A,H,-,A,D,0,NA,NA,NA,NA,Y,NA,A,01,0,1,0,0,0,0,0,0,0,-,-,33.04753112792969,-116.8740463256836,SAN DIEGO,UNINCORPORATED,-116.87401580810548,33.04759979248047
92411691,2024,2024-06-11,9650,2024-05-31,1440,022625,NA,5,2,9,3700,0,1,1,NA,2,021,I-15 N/B,LILAC RD,4224,N,N,A,-,Y,SD,NA,15,NA,R,44.986,H,NA,R,Y,4,0,2,3,A,-,03,22350,NA,N,C,D,A,A,H,-,A,D,0,NA,NA,NA,NA,Y,NA,D,22,0,0,2,0,0,0,0,0,0,-,-,33.31092071533203,-117.15103912353516,SAN DIEGO,UNINCORPORATED,-117.15116119384766,33.31089401245117
9241234,2021,2021-04-02,3702,2021-02-13,1845,CV1350,NA,6,5,6,3702,0,0,0,NA,0,023,TELEGRAPH CANYON RD,NACION AV,300,W,N,A,-,N,NA,NA,NA,NA,NA,NA,NA,NA,NA,N,3,0,1,2,A,-,09,21804,A,N,D,C,A,A,H,-,C,D,0,NA,NA,NA,NA,Y,NA,D,22,0,1,0,0,0,0,0,0,0,-,-,NA,NA,SAN DIEGO,CHULA VISTA,-117.04808044433594,32.6291618347168
92412868,2024,2024-06-12,9680,2024-05-31,720,021353,NA,5,1,4,3720,0,1,3,NA,2,028,SR-125 NB TO SR-94 WB,GROVE ST,1527,E,N,B,-,Y,SD,NA,94,NA,NA,9.554,H,NA,L,Y,4,0,3,3,A,-,03,22350,NA,N,C,C,A,A,H,-,A,A,0,NA,NA,NA,NA,Y,NA,A,01,0,0,3,0,0,0,0,0,0,-,-,32.7471809387207,-117.02133941650392,SAN DIEGO,LEMON GROVE,-117.02130126953124,32.746978759765625
92413202,2024,2024-06-12,9680,2024-05-31,1819,023113,NA,5,2,9,3700,0,1,3,NA,1,022,SR-54 (JAMACHA RD),WILLOW GLEN DR,164,W,N,B,-,Y,SD,NA,54,NA,T,11.806,H,NA,R,Y,4,0,1,1,A,-,08,22107,NA,N,E,I,A,A,H,-,A,A,0,NA,NA,NA,NA,Y,NA,A,01,0,0,1,0,0,0,0,0,0,-,-,32.7447509765625,-116.9300537109375,SAN DIEGO,UNINCORPORATED,-116.92993927001952,32.74453353881836
92414269,2024,2024-06-13,9645,2024-06-13,1115,016156,NA,4,1,7,3711,0,1,3,NA,2,023,SR-163 N/B,MESA COLLEGE DRIVE O/C,1690,S,N,A,-,Y,SD,NA,163,NA,NA,6.206,H,NA,R,N,3,0,1,2,A,-,07,21658,A,N,B,C,A,A,H,-,A,D,0,NA,NA,NA,NA,Y,NA,A,01,0,1,0,0,0,0,0,0,0,-,-,32.797279357910156,-117.15686798095705,SAN DIEGO,SAN DIEGO,-117.1569366455078,32.797298431396484
92418843,2024,2024-08-14,9680,2024-06-07,210,023298,NA,5,3,9,3700,0,2,4,NA,1,029,SWEETWATER SPRINGS BLVD,CRISTOBAL DR,61,N,N,A,-,N,NA,NA,NA,NA,NA,NA,NA,NA,NA,Y,4,0,1,2,A,-,01,23152,A,M,E,I,A,A,H,-,C,D,0,NA,NA,NA,NA,Y,Y,A,01,0,0,1,0,0,0,0,0,0,-,-,32.740631103515625,-116.97260284423828,SAN DIEGO,UNINCORPORATED,-116.9724349975586,32.74055480957031
92425883,2024,2024-06-28,9650,2024-06-19,1535,018496,NA,3,2,9,3700,0,3,5,NA,2,211,PARADISE MOUNTIAN ROAD,PARADISE MOUNTAIN LANE,956,W,N,A,-,N,NA,NA,NA,NA,NA,NA,NA,NA,NA,Y,3,0,1,1,A,-,08,22107,NA,N,E,I,A,A,H,-,A,D,0,NA,NA,NA,NA,Y,NA,A,07,0,1,0,0,0,0,0,0,0,-,-,33.19963073730469,-116.95999908447266,SAN DIEGO,UNINCORPORATED,-116.95993041992188,33.19963073730469
92426367,2024,2024-06-28,9645,2024-06-17,1518,022839,NA,1,2,7,3711,0,1,1,NA,2,011,I-805 S/B,LANDIS STREET,439,S,N,A,-,Y,SD,NA,805,NA,NA,15.634,H,NA,L,N,4,0,1,2,A,-,07,21658,A,N,B,C,A,A,H,-,A,D,0,NA,NA,NA,NA,Y,NA,D,22,0,0,1,0,0,0,0,0,0,-,-,32.74483871459961,-117.11952972412108,SAN DIEGO,SAN DIEGO,-117.11953735351563,32.74483871459961
92429972,2024,2024-07-03,9650,2024-06-27,1700,021844,NA,4,2,9,3700,0,3,5,NA,2,006,E ALVARADO ST,N VINE ST,150,E,N,A,-,N,NA,NA,NA,NA,NA,NA,NA,NA,NA,N,3,0,1,2,A,-,06,21755,A,N,D,C,A,A,H,-,A,D,0,NA,NA,Y,NA,Y,NA,C,02,0,1,0,0,0,0,0,0,1,-,-,33.38199996948242,-117.24907684326172,SAN DIEGO,UNINCORPORATED,-117.24980926513672,33.38203430175781
9243216,2021,2021-05-04,3711,2021-04-01,2106,SD7766,NA,4,5,7,3711,0,0,0,NA,0,523,6TH AV,MARKET ST,63,S,N,A,-,N,NA,NA,NA,NA,NA,NA,NA,NA,NA,N,3,0,1,1,A,-,03,22350,NA,N,E,I,A,A,H,-,C,D,0,NA,NA,Y,NA,Y,Y,C,03,0,1,0,0,0,0,0,0,1,-,-,NA,NA,SAN DIEGO,SAN DIEGO,-117.15926361083984,32.71133804321289
92433839,2024,2024-07-09,9650,2024-07-01,1505,017392,NA,1,2,5,3701,0,1,1,NA,2,005,I-5 S/B,CANNON RD,1584,N,N,A,-,Y,SD,NA,5,NA,R,48.635,H,NA,L,N,3,0,1,3,A,-,01,23152,F,F,B,C,A,A,H,-,A,D,0,NA,NA,NA,NA,Y,NA,A,01,0,1,0,0,0,0,0,0,0,-,-,33.14331817626953,-117.33370208740234,SAN DIEGO,CARLSBAD,-117.33365631103516,33.1433219909668
92434965,2024,2024-07-10,9650,2024-07-09,313,020343,NA,2,3,9,3700,0,3,5,NA,2,010,OLD HIGHWAY 101,BEACH CLUB DR,1109,S,N,A,-,N,NA,NA,NA,NA,NA,NA,NA,NA,NA,Y,3,0,1,1,A,-,08,22107,NA,N,E,I,A,A,H,-,D,D,0,NA,NA,NA,NA,Y,NA,D,22,0,1,0,0,0,0,0,0,0,-,-,33.381370544433594,-117.57407379150392,SAN DIEGO,UNINCORPORATED,NA,NA
92437731,2024,2024-07-12,9645,2024-06-14,1752,023659,NA,5,2,7,3711,0,1,1,NA,2,019,I-15 NB,BERNARDO CENTER DRIVE,1267,S,N,A,-,Y,SD,NA,15,NA,M,22.703,H,NA,R,N,4,0,3,2,A,-,01,23152,A,N,C,C,A,A,H,-,A,D,0,NA,NA,NA,NA,Y,Y,A,01,0,0,3,0,0,0,0,0,0,-,-,33.008750915527344,-117.0800323486328,SAN DIEGO,SAN DIEGO,-117.0799560546875,33.00874328613281
92439281,2024,2024-07-18,9645,2024-07-03,1820,021651,NA,3,2,7,3711,0,1,1,NA,2,007,I-5 N/B,CARMEL VALLEY ROAD,1320,N,N,A,-,Y,SD,NA,5,NA,R,32.661,H,NA,R,Y,3,0,3,3,A,-,03,22350,NA,N,C,C,A,A,H,-,A,D,0,NA,NA,NA,NA,Y,NA,A,01,0,1,2,0,0,0,0,0,0,-,-,32.92893981933594,-117.24034881591795,SAN DIEGO,SAN DIEGO,-117.24040222167967,32.92892837524414
9246436,2021,2021-04-16,3705,2021-02-25,1255,EC0383,NA,4,5,5,3705,0,0,0,NA,0,002,N 2ND ST,RT 8,0,NA,Y,A,-,Y,SD,11,8,-,-,17.494,R,4,W,Y,3,0,1,2,A,-,09,21453,C,N,D,C,A,A,H,-,A,A,0,NA,NA,NA,NA,Y,NA,A,01,0,1,0,0,0,0,0,0,0,-,WF,NA,NA,SAN DIEGO,EL CAJON,-116.93325042724608,32.803165435791016
9251545,2020,2021-04-23,3700,2020-11-13,1225,SH7709,NA,5,5,5,3782,0,0,0,NA,0,230,LONE JACK RD,UTILITY POLE P611413,100,S,N,A,-,N,NA,NA,NA,NA,NA,NA,NA,NA,NA,Y,4,0,1,1,C,-,18,NA,NA,N,F,I,A,A,H,-,A,A,0,NA,NA,NA,NA,Y,NA,-,-,0,0,1,0,0,0,0,0,0,-,-,NA,NA,SAN DIEGO,ENCINITAS,NA,NA
9254109,2021,2021-05-04,3711,2021-04-08,1526,151,NA,4,5,7,3711,0,0,0,NA,0,721,PALM AV,16TH ST,220,N,N,B,-,N,NA,NA,NA,NA,NA,NA,NA,NA,NA,Y,3,0,3,3,A,-,07,21658,A,N,D,C,A,A,H,-,A,A,0,NA,NA,NA,NA,Y,NA,A,01,0,1,2,0,0,0,0,0,0,-,-,NA,NA,SAN DIEGO,SAN DIEGO,-117.09950256347656,32.583778381347656
9255053,2021,2021-05-06,3710,2021-04-01,0646,OC1358,NA,4,5,6,3710,0,0,0,NA,0,016,FREDRICKS AV,LOS ARBOLITOS BL,1126,N,N,A,-,N,NA,NA,NA,NA,NA,NA,NA,NA,NA,Y,4,0,1,2,A,-,09,21801,A,N,D,C,A,A,H,-,A,D,0,NA,NA,NA,NA,Y,NA,A,01,0,0,1,0,0,0,0,0,0,-,-,NA,NA,SAN DIEGO,OCEANSIDE,-117.33529663085938,33.23116683959961
9257005,2021,2021-05-12,3711,2021-05-05,1522,SD7359,NA,3,5,7,3711,0,0,0,NA,0,327,COLLEGE AV,ZURA WY,0,NA,Y,A,-,N,NA,NA,NA,NA,NA,NA,NA,NA,NA,N,4,0,4,2,A,-,08,22107,NA,N,D,C,A,A,H,-,A,A,0,NA,NA,NA,NA,Y,NA,A,01,0,0,4,0,0,0,0,0,0,-,-,NA,NA,SAN DIEGO,SAN DIEGO,-117.06826782226563,32.773921966552734
9257923,2021,2021-05-03,3711,2021-04-19,0845,SD7564,NA,1,5,7,3711,0,0,0,NA,0,242,MAYA LINDA RD,MAYA LINDA RD 10224,0,NA,Y,A,-,N,NA,NA,NA,NA,NA,NA,NA,NA,NA,N,4,0,1,2,A,-,11,21950,B,N,G,B,D,A,H,-,A,D,0,Y,Y,NA,NA,Y,NA,N,60,0,0,1,0,0,0,1,0,0,-,-,NA,NA,SAN DIEGO,SAN DIEGO,-117.117919,32.904067
9259252,2021,2021-05-18,3710,2021-05-01,1636,OC1185,NA,6,5,6,3710,0,0,0,NA,0,022,COLLEGE BL,NORTH RIVER RD,581,S,N,A,-,N,NA,NA,NA,NA,NA,NA,NA,NA,NA,N,4,0,1,2,A,-,03,22350,NA,N,C,C,A,A,H,-,A,A,0,NA,NA,NA,NA,Y,NA,A,01,0,0,1,0,0,0,0,0,0,-,-,NA,NA,SAN DIEGO,OCEANSIDE,-117.29850769042967,33.250267028808594
9259576,2021,2021-05-24,3711,2021-05-11,2214,SD7639,NA,2,5,7,3711,0,0,0,NA,0,437,ALTA VIEW DR,SOUTH WOODMAN ST,180,E,N,A,-,N,NA,NA,NA,NA,NA,NA,NA,NA,NA,Y,4,0,1,3,A,-,08,22107,NA,N,C,E,A,A,H,-,C,D,0,NA,NA,NA,NA,Y,NA,A,01,0,0,1,0,0,0,0,0,0,-,-,NA,NA,SAN DIEGO,SAN DIEGO,-117.039794921875,32.6759033203125