CASE_ID,ACCIDENT_YEAR,PROC_DATE,JURIS,COLLISION_DATE,COLLISION_TIME,OFFICER_ID,REPORTING_DISTRICT,DAY_OF_WEEK,CHP_SHIFT,POPULATION,CNTY_CITY_LOC,SPECIAL_COND,BEAT_TYPE,CHP_BEAT_TYPE,CITY_DIVISION_LAPD,CHP_BEAT_CLASS,BEAT_NUMBER,PRIMARY_RD,SECONDARY_RD,DISTANCE,DIRECTION,INTERSECTION,WEATHER_1,WEATHER_2,STATE_HWY_IND,CALTRANS_COUNTY,CALTRANS_DISTRICT,STATE_ROUTE,ROUTE_SUFFIX,POSTMILE_PREFIX,POSTMILE,LOCATION_TYPE,RAMP_INTERSECTION,SIDE_OF_HWY,TOW_AWAY,COLLISION_SEVERITY,NUMBER_KILLED,NUMBER_INJURED,PARTY_COUNT,PRIMARY_COLL_FACTOR,PCF_CODE_OF_VIOL,PCF_VIOL_CATEGORY,PCF_VIOLATION,PCF_VIOL_SUBSECTION,HIT_AND_RUN,TYPE_OF_COLLISION,MVIW,PED_ACTION,ROAD_SURFACE,ROAD_COND_1,ROAD_COND_2,LIGHTING,CONTROL_DEVICE,CHP_ROAD_TYPE,PEDESTRIAN_ACCIDENT,BICYCLE_ACCIDENT,MOTORCYCLE_ACCIDENT,TRUCK_ACCIDENT,NOT_PRIVATE_PROPERTY,ALCOHOL_INVOLVED,STWD_VEHTYPE_AT_FAULT,CHP_VEHTYPE_AT_FAULT,COUNT_SEVERE_INJ,COUNT_VISIBLE_INJ,COUNT_COMPLAINT_PAIN,COUNT_PED_KILLED,COUNT_PED_INJURED,COUNT_BICYCLIST_KILLED,COUNT_BICYCLIST_INJURED,COUNT_MC_KILLED,COUNT_MC_INJURED,PRIMARY_RAMP,SECONDARY_RAMP,LATITUDE,LONGITUDE,COUNTY,CITY,POINT_X,POINT_Y
9345956,2021,2021-10-28,3700,2021-09-22,1055,SH3079,NA,3,5,5,3713,0,0,0,NA,0,307,SOUTH SANTA FE AV,CIVIC CENTER DR,50,S,N,A,-,N,NA,NA,NA,NA,NA,NA,NA,NA,NA,N,4,0,1,2,A,-,08,22107,NA,N,B,C,A,A,H,-,A,A,0,NA,NA,NA,NA,Y,Y,A,01,0,0,1,0,0,0,0,0,0,-,-,NA,NA,SAN DIEGO,VISTA,-117.23419952392578,33.19381332397461
9347775,2021,2021-11-16,3711,2021-10-17,0040,SD1559,NA,7,5,7,3711,0,0,0,NA,0,822,EL CAJON BL,COLLEGE AV,0,NA,Y,A,-,N,NA,NA,NA,NA,NA,NA,NA,NA,NA,N,4,0,1,2,A,-,12,21453,A,N,D,C,A,A,H,-,C,A,0,NA,NA,NA,NA,Y,NA,A,01,0,0,1,0,0,0,0,0,0,-,-,NA,NA,SAN DIEGO,SAN DIEGO,-117.06703186035156,32.761348724365234
9347787,2021,2021-11-10,3711,2021-10-16,1349,SD1269,NA,6,5,7,3711,0,0,0,NA,0,113,MORENA BL,COSTCO DRWY,0,NA,Y,A,-,N,NA,NA,NA,NA,NA,NA,NA,NA,NA,Y,3,0,2,2,A,-,05,21651,A,N,A,C,A,A,H,-,A,D,0,NA,NA,Y,NA,Y,NA,C,02,0,1,1,0,0,0,0,0,1,-,-,NA,NA,SAN DIEGO,SAN DIEGO,NA,NA
9350849,2021,2021-11-16,3711,2021-10-20,1423,SD1333,NA,3,5,7,3711,0,0,0,NA,0,122,LAMONT ST,REED AV,0,NA,Y,A,-,N,NA,NA,NA,NA,NA,NA,NA,NA,NA,Y,4,0,1,2,A,-,08,22107,NA,N,D,C,A,A,H,-,A,A,0,NA,NA,NA,NA,Y,NA,D,22,0,0,1,0,0,0,0,0,0,-,-,NA,NA,SAN DIEGO,SAN DIEGO,-117.23414611816406,32.79716110229492
9351135,2021,2021-12-13,3711,2021-10-19,1740,SD1402,NA,2,5,7,3711,0,0,0,NA,0,315,CAMINO DEL RIO S,CAMINO DEL RIO S 1433,0,NA,-,A,-,N,NA,NA,NA,NA,NA,NA,NA,NA,NA,Y,3,0,1,3,A,-,03,22350,NA,N,C,C,A,A,H,-,A,D,0,NA,NA,Y,NA,Y,Y,A,01,0,1,0,0,0,0,0,0,1,-,-,NA,NA,SAN DIEGO,SAN DIEGO,-117.2048110961914,32.75529479980469
9351629,2021,2021-11-10,3711,2021-09-26,0118,HB6137,NA,7,5,7,3711,0,0,0,NA,0,503,NORTH HARBOR DR,MCCAINE RD,367,E,N,A,-,N,NA,NA,NA,NA,NA,NA,NA,NA,NA,Y,2,0,2,2,A,-,03,22350,NA,F,C,C,A,A,H,-,C,A,0,NA,NA,Y,NA,Y,Y,A,01,1,1,0,0,0,0,0,0,2,-,-,NA,NA,SAN DIEGO,SAN DIEGO,-117.20769500732422,32.7292366027832
9351753,2021,2021-11-17,3711,2021-10-29,0635,SD7593,NA,5,5,7,3711,0,0,0,NA,0,445,MARKET ST,47TH ST,200,W,N,A,-,N,NA,NA,NA,NA,NA,NA,NA,NA,NA,N,3,0,1,2,A,-,11,21955,NA,N,G,B,D,A,H,-,A,D,0,Y,NA,NA,NA,Y,NA,N,60,0,1,0,0,1,0,0,0,0,-,-,NA,NA,SAN DIEGO,SAN DIEGO,-117.09424591064452,32.711429595947266
9354332,2021,2021-11-15,3702,2021-08-30,1515,CV1281,NA,1,5,6,3702,0,0,0,NA,0,011,BROADWAY,E ST,250,N,N,A,-,N,NA,NA,NA,NA,NA,NA,NA,NA,NA,Y,4,0,5,2,A,-,09,21801,A,N,D,C,A,A,H,-,A,D,0,NA,NA,NA,NA,Y,NA,A,08,0,0,5,0,0,0,0,0,0,-,-,NA,NA,SAN DIEGO,CHULA VISTA,-117.09375762939452,32.641971588134766
9354556,2021,2021-11-17,3703,2021-10-12,1643,1300,2,2,5,3,3703,0,0,0,NA,0,002,OCEAN BL,ALAMEDA BL,0,NA,Y,A,-,N,NA,NA,NA,NA,NA,NA,NA,NA,NA,N,3,0,1,2,A,-,17,22517,NA,N,B,E,A,A,H,-,A,D,0,NA,Y,NA,NA,Y,NA,D,22,0,1,0,0,0,0,1,0,0,-,-,32.68463897705078,-117.185302734375,SAN DIEGO,CORONADO,-117.18527221679688,32.68464279174805
9356001,2021,2021-10-29,3711,2021-10-12,1410,SD6259,NA,2,5,7,3711,0,0,0,NA,0,444,MARKET,RAVEN,126,E,N,A,-,N,NA,NA,NA,NA,NA,NA,NA,NA,NA,N,3,0,1,2,A,-,08,22107,NA,N,C,C,A,A,H,-,A,D,0,NA,NA,NA,NA,Y,NA,A,01,0,1,0,0,0,0,0,0,0,-,-,NA,NA,SAN DIEGO,SAN DIEGO,-117.10720825195313,32.711490631103516
9356666,2021,2021-11-17,3705,2021-03-18,1316,EC0219,NA,4,5,5,3705,0,0,0,NA,0,002,E BRADLEY AV,N MOLLISON AV,0,NA,Y,A,-,N,NA,NA,NA,NA,NA,NA,NA,NA,NA,N,2,0,1,2,A,-,05,21650,NA,N,D,G,A,A,H,-,A,A,0,NA,Y,NA,NA,Y,NA,L,04,1,0,0,0,0,0,1,0,0,-,-,NA,NA,SAN DIEGO,EL CAJON,-116.94963073730467,32.819122314453125
9356711,2021,2021-11-10,3705,2021-10-01,1627,EC0383,NA,5,5,5,3705,0,0,0,NA,0,004,S MOLLISON AV,E LEXINGTON AV,7,S,N,A,-,N,NA,NA,NA,NA,NA,NA,NA,NA,NA,N,3,0,1,2,A,-,10,21950,A,N,G,B,B,A,H,-,A,A,0,Y,NA,NA,NA,Y,NA,A,01,0,1,0,0,1,0,0,0,0,-,-,NA,NA,SAN DIEGO,EL CAJON,-116.95095825195313,32.79261016845703
9359234,2021,2021-12-08,3711,2021-10-24,1750,SD1580,NA,7,5,7,3711,0,0,0,NA,0,122,GARNET,SANTA FE ST,0,NA,Y,A,-,N,NA,NA,NA,NA,NA,NA,NA,NA,NA,Y,3,0,2,1,B,-,22,NA,NA,N,E,I,A,A,H,-,B,D,0,NA,NA,NA,NA,Y,NA,A,01,0,2,0,0,0,0,0,0,0,-,-,NA,NA,SAN DIEGO,SAN DIEGO,-117.21515655517578,32.80698013305664
9360257,2021,2021-12-21,3711,2021-11-05,1703,SD1446,NA,5,5,7,3711,0,0,0,NA,0,242,MARAUDER WY,MARAUDER WY 10200,0,NA,-,A,-,N,NA,NA,NA,NA,NA,NA,NA,NA,NA,Y,3,0,1,4,B,-,22,NA,NA,N,B,E,A,A,H,-,A,D,0,NA,NA,Y,NA,Y,NA,C,06,0,1,0,0,0,0,0,0,0,-,-,NA,NA,SAN DIEGO,SAN DIEGO,NA,NA
9360758,2021,2021-11-18,3700,2021-09-25,2145,SH0169,NA,6,5,4,3720,0,0,0,NA,0,603,SWEETWATER RD,BROADWAY,797,S,N,A,-,N,NA,NA,NA,NA,NA,NA,NA,NA,NA,Y,4,0,1,1,A,-,01,23152,A,N,E,I,A,A,H,-,C,D,0,NA,NA,NA,NA,Y,Y,A,01,0,0,1,0,0,0,0,0,0,-,-,NA,NA,SAN DIEGO,LEMON GROVE,-117.01787567138672,32.7437629699707
9361716,2021,2021-11-29,3705,2021-09-29,1810,EC0374,NA,3,5,5,3705,0,0,0,NA,0,004,AVOCADO AV,E RENETTE AV,0,NA,Y,A,-,N,NA,NA,NA,NA,NA,NA,NA,NA,NA,N,4,0,1,2,A,-,03,22350,NA,N,C,C,A,A,H,-,A,D,0,NA,NA,NA,NA,Y,NA,A,01,0,0,1,0,0,0,0,0,0,-,-,NA,NA,SAN DIEGO,EL CAJON,-116.95774841308594,32.78411865234375
9367709,2021,2021-12-24,3711,2021-11-22,1645,SD7991,NA,1,5,7,3711,0,0,0,NA,0,327,COLLEGE AV,LINDO PASEO,0,NA,Y,A,-,N,NA,NA,NA,NA,NA,NA,NA,NA,NA,N,4,0,2,2,D,-,00,NA,NA,M,C,C,A,A,H,-,C,A,0,NA,NA,NA,NA,Y,NA,-,-,0,0,2,0,0,0,0,0,0,-,-,NA,NA,SAN DIEGO,SAN DIEGO,-117.0699462890625,32.771629333496094
9367797,2021,2021-12-16,3711,2021-11-03,1230,SD7697,NA,3,5,7,3711,0,0,0,NA,0,823,UNIVERSITY AV,58TH ST,0,NA,Y,A,-,N,NA,NA,NA,NA,NA,NA,NA,NA,NA,N,3,0,2,2,A,-,12,21453,A,N,D,C,A,A,H,-,A,A,0,NA,NA,NA,NA,Y,NA,A,01,0,1,1,0,0,0,0,0,0,-,-,NA,NA,SAN DIEGO,SAN DIEGO,-117.07286834716795,32.74913787841797
9367936,2021,2021-12-07,3700,2021-10-19,2200,SH0141,NA,2,5,5,3712,0,0,0,NA,0,355,VIA VERA CRUZ,LINDA VISTA DR,635,N,N,A,-,N,NA,NA,NA,NA,NA,NA,NA,NA,NA,N,3,0,1,2,A,-,09,21453,C,N,D,C,A,A,H,-,C,A,0,NA,NA,NA,NA,Y,NA,A,01,0,1,0,0,0,0,0,0,0,-,-,NA,NA,SAN DIEGO,SAN MARCOS,-117.18992614746094,33.140071868896484
9369247,2021,2021-12-10,3705,2021-09-29,1715,EC0383,NA,3,5,5,3705,0,0,0,NA,0,004,E WASHINGTON AV,S MOLLISON AV,0,NA,Y,A,-,N,NA,NA,NA,NA,NA,NA,NA,NA,NA,N,3,0,1,2,A,-,10,21950,A,M,G,B,B,A,H,-,A,A,0,Y,NA,NA,NA,Y,NA,A,01,0,1,0,0,1,0,0,0,0,-,-,NA,NA,SAN DIEGO,EL CAJON,-116.95095825195313,32.78763961791992
9369623,2021,2021-12-21,3705,2021-10-14,1629,EC0423,NA,4,5,5,3705,0,0,0,NA,0,002,N MOLLISON AV,BROADWAY,0,NA,Y,A,-,N,NA,NA,NA,NA,NA,NA,NA,NA,NA,Y,4,0,1,3,A,-,09,21453,C,N,D,C,A,A,H,-,A,A,0,NA,NA,NA,NA,Y,NA,A,01,0,0,1,0,0,0,0,0,0,-,-,NA,NA,SAN DIEGO,EL CAJON,-116.95096588134766,32.807701110839844
9369803,2021,2022-01-12,3711,2021-12-04,1547,SD1510,NA,6,5,7,3711,0,0,0,NA,0,521,17TH ST,C ST,0,NA,Y,A,-,Y,SD,11,5,-,R,15.155,R,4,S,N,4,0,2,2,A,-,09,21802,B,N,D,C,A,A,H,-,A,D,0,NA,NA,NA,NA,Y,NA,A,01,0,0,2,0,0,0,0,0,0,-,-,NA,NA,SAN DIEGO,SAN DIEGO,-117.14777374267578,32.71538162231445
9369983,2021,2022-01-26,3711,2021-12-01,1748,SD6000,NA,3,5,7,3711,0,0,0,NA,0,451,54TH ST,PIROTTE DR,120,N,N,B,-,N,NA,NA,NA,NA,NA,NA,NA,NA,NA,Y,4,0,1,2,A,-,07,21658,A,N,B,C,A,A,H,-,C,D,0,NA,NA,NA,Y,Y,NA,F,27,0,0,1,0,0,0,0,0,0,-,-,NA,NA,SAN DIEGO,SAN DIEGO,-117.0805206298828,32.72883987426758
9370062,2021,2022-01-24,3711,2021-12-10,1520,SD7250,NA,5,5,7,3711,0,0,0,NA,0,813,POLK AV,HAMILTON AV,0,NA,Y,A,-,N,NA,NA,NA,NA,NA,NA,NA,NA,NA,N,3,0,1,2,A,-,12,22450,A,M,-,G,A,A,H,-,A,A,0,NA,Y,NA,NA,Y,NA,-,99,0,1,0,0,0,0,1,0,0,-,-,NA,NA,SAN DIEGO,SAN DIEGO,-117.1363525390625,32.75217056274414
9373358,2021,2021-12-17,3711,2021-11-12,1100,SD7667,NA,5,5,7,3711,0,0,0,NA,0,122,GARNET AV,GARNET AV 1300,0,NA,-,A,-,N,NA,NA,NA,NA,NA,NA,NA,NA,NA,N,3,0,1,1,D,-,00,NA,NA,N,F,A,A,A,H,-,A,D,0,NA,NA,NA,NA,Y,NA,-,-,0,1,0,0,0,0,0,0,0,-,-,NA,NA,SAN DIEGO,SAN DIEGO,-117.21725463867188,32.80641174316406
9374655,2021,2021-12-14,3710,2021-11-25,0320,OC1444,NA,4,5,6,3710,0,0,0,NA,0,021,SHIRLEY LN,ELLEN LN,60,N,N,A,-,N,NA,NA,NA,NA,NA,NA,NA,NA,NA,N,2,0,1,2,A,-,00,21956,B,N,G,B,E,A,H,-,D,D,0,Y,NA,NA,NA,Y,NA,N,60,1,0,0,0,1,0,0,0,0,-,-,NA,NA,SAN DIEGO,OCEANSIDE,-117.3254852294922,33.229042053222656
9376053,2021,2022-01-05,3711,2021-12-01,1441,SD1541,NA,3,5,7,3711,0,0,0,NA,0,627,BROOKES AV,4TH AV,0,NA,Y,A,-,N,NA,NA,NA,NA,NA,NA,NA,NA,NA,N,4,0,1,2,A,-,09,21800,A,N,D,D,A,A,H,-,A,D,0,NA,NA,Y,NA,Y,NA,A,01,0,0,1,0,0,0,0,0,1,-,-,NA,NA,SAN DIEGO,SAN DIEGO,-117.16156005859376,32.74333953857422
93768120,2024,2024-08-07,9680,2024-07-27,15,018672,NA,6,3,9,3700,0,1,3,NA,1,052,STATE ROUTE 78,WYNOLA ROAD,528,E,N,A,-,Y,SD,NA,78,NA,NA,60.387,H,NA,R,Y,3,0,1,1,A,-,08,22107,NA,N,F,A,A,A,H,-,D,A,0,NA,NA,NA,NA,Y,NA,A,01,0,1,0,0,0,0,0,0,0,-,-,33.09769821166992,-116.5936279296875,SAN DIEGO,UNINCORPORATED,-116.59362030029295,33.09767532348633
9378477,2021,2021-12-08,3711,2021-11-23,1930,SD8404,NA,2,5,7,3711,0,0,0,NA,0,627,PALM AV,RT 805,0,NA,-,-,-,Y,SD,11,805,-,-,3.137,R,4,N,N,4,0,2,2,B,-,22,NA,NA,N,C,C,A,A,H,-,C,A,0,NA,NA,NA,NA,Y,NA,A,07,0,0,2,0,0,0,0,0,0,-,NO,NA,NA,SAN DIEGO,SAN DIEGO,-117.03630065917967,32.58723449707031
9381628,2022,2022-02-08,3711,2022-01-07,1046,SD1024,NA,5,5,7,3711,0,0,0,NA,0,931,NOBEL DR,RT 805,0,NA,Y,A,-,Y,SD,11,805,-,-,25.126,R,4,N,N,3,0,2,2,A,-,12,21453,A,N,B,C,A,A,H,-,A,A,0,NA,NA,NA,NA,Y,Y,D,22,0,2,0,0,0,0,0,0,0,-,NF,NA,NA,SAN DIEGO,SAN DIEGO,-117.1911163330078,32.865928649902344
9384344,2021,2022-01-11,3711,2021-12-18,2311,SD1200,NA,6,5,7,3711,0,0,0,NA,0,446,47TH ST,IMPERIAL AV,8,S,N,A,-,N,NA,NA,NA,NA,NA,NA,NA,NA,NA,Y,4,0,2,2,A,-,12,21453,A,N,D,C,A,A,H,-,C,A,0,NA,NA,NA,NA,Y,NA,A,01,0,0,2,0,0,0,0,0,0,-,-,NA,NA,SAN DIEGO,SAN DIEGO,-117.09369659423828,32.70415115356445
9385215,2021,2022-01-12,3711,2021-12-24,0938,SD1172,NA,5,5,7,3711,0,0,0,NA,0,931,MIRA MESA BL,VISTA SORRENTO PKWY,0,NA,Y,B,-,N,NA,NA,NA,NA,NA,NA,NA,NA,NA,Y,3,0,2,2,A,-,03,22350,NA,N,D,D,A,B,H,-,A,A,0,NA,NA,NA,NA,Y,NA,A,01,0,2,0,0,0,0,0,0,0,-,-,NA,NA,SAN DIEGO,SAN DIEGO,-117.2050323486328,32.89136505126953
9387428,2021,2022-01-05,3711,2021-12-07,2004,SD1343,NA,2,5,7,3711,0,0,0,NA,0,241,POMERADO RD,POMERADO RD 13300,0,NA,N,A,-,N,NA,NA,NA,NA,NA,NA,NA,NA,NA,N,4,0,1,2,A,-,07,21658,A,N,B,C,A,A,H,-,D,D,0,NA,NA,NA,NA,Y,NA,-,NA,0,0,1,0,0,0,0,0,0,-,-,NA,NA,SAN DIEGO,SAN DIEGO,-117.11502075195313,32.8931999206543
9387510,2021,2022-01-11,3711,2021-12-09,1557,SD7250,NA,4,5,7,3711,0,0,0,NA,0,813,GRIM AV,UPAS ST,0,NA,Y,B,C,N,NA,NA,NA,NA,NA,NA,NA,NA,NA,N,3,0,3,5,A,-,12,22450,A,M,A,C,A,B,H,-,A,A,0,NA,NA,NA,NA,Y,NA,A,01,0,1,2,0,0,0,0,0,0,-,-,NA,NA,SAN DIEGO,SAN DIEGO,-117.1281967163086,32.74102783203125
9391814,2021,2022-01-25,3711,2021-12-31,1200,SD1684,NA,5,5,7,3711,0,0,0,NA,0,826,POLK AV,EAST ALLEY OF EUCLID,0,NA,Y,B,-,N,NA,NA,NA,NA,NA,NA,NA,NA,NA,N,4,0,1,3,A,-,09,21804,A,M,A,C,A,A,H,-,A,D,0,NA,NA,NA,NA,Y,NA,-,NA,0,0,1,0,0,0,0,0,0,-,-,NA,NA,SAN DIEGO,SAN DIEGO,NA,NA
9392194,2022,2022-02-01,3711,2022-01-07,0922,SD7780,NA,5,5,7,3711,0,0,0,NA,0,511,HARBOR DR,32ND ST,951,W,N,B,-,N,NA,NA,NA,NA,NA,NA,NA,NA,NA,N,3,0,1,2,A,-,04,21703,NA,N,C,C,A,A,H,-,A,D,0,NA,NA,Y,NA,Y,NA,C,02,0,1,0,0,0,0,0,0,1,-,-,NA,NA,SAN DIEGO,SAN DIEGO,-117.12779998779295,32.6875
9392245,2022,2022-02-03,3711,2022-01-01,0115,SD8861,NA,6,5,7,3711,0,0,0,NA,0,529,5TH AV,5TH AV 1700,0,NA,-,A,-,N,NA,NA,NA,NA,NA,NA,NA,NA,NA,N,3,0,2,2,A,-,08,22107,NA,N,B,C,A,A,H,-,C,D,0,NA,NA,NA,NA,Y,Y,A,01,0,1,1,0,0,0,0,0,0,-,-,NA,NA,SAN DIEGO,SAN DIEGO,-117.07891082763672,33.118045806884766
9395500,2021,2022-02-09,3702,2021-12-28,1500,CV1258,NA,2,5,6,3702,0,0,0,NA,0,012,BROADWAY,BROADWAY 200,0,NA,-,B,-,N,NA,NA,NA,NA,NA,NA,NA,NA,NA,N,4,0,1,2,A,-,04,21703,NA,N,C,C,A,A,H,-,A,A,0,NA,NA,NA,NA,Y,NA,D,22,0,0,1,0,0,0,0,0,0,-,-,NA,NA,SAN DIEGO,CHULA VISTA,-117.12612915039063,32.71466827392578
9403782,2022,2022-03-17,3700,2022-03-01,1510,SG2439,NA,2,5,5,3713,0,0,0,NA,0,317,SYCAMORE AV,BUSINESS PARK DR,0,NA,Y,A,-,N,NA,NA,NA,NA,NA,NA,NA,NA,NA,Y,4,0,1,2,D,-,00,NA,NA,N,D,C,A,A,H,-,A,A,0,NA,NA,NA,NA,Y,NA,-,-,0,0,1,0,0,0,0,0,0,-,-,NA,NA,SAN DIEGO,VISTA,-117.23311614990234,33.14814376831055
9403785,2022,2022-03-17,3711,2022-03-01,0722,SD5300,NA,2,5,7,3711,0,0,0,NA,0,111,DOLIVA DR,WARHAWK DR,55,S,N,A,-,N,NA,NA,NA,NA,NA,NA,NA,NA,NA,N,4,0,1,2,A,-,08,22107,NA,N,B,C,A,A,H,-,A,D,0,NA,NA,NA,NA,Y,NA,A,01,0,0,1,0,0,0,0,0,0,-,-,NA,NA,SAN DIEGO,SAN DIEGO,NA,NA
9405003,2022,2022-02-17,3700,2022-01-25,2041,SH1911,NA,2,5,5,3712,0,0,0,NA,0,359,WEST SAN MARCOS BL,DISCOVERY ST,0,NA,Y,A,-,N,NA,NA,NA,NA,NA,NA,NA,NA,NA,Y,3,0,1,2,A,-,12,21457,A,N,D,C,A,A,D,-,C,A,0,NA,NA,Y,NA,Y,NA,A,01,0,1,0,0,0,0,0,0,1,-,-,NA,NA,SAN DIEGO,SAN MARCOS,-117.2010498046875,33.131465911865234
9405692,2022,2022-02-11,3709,2022-01-02,1824,NC0535,NA,7,5,5,3709,0,0,0,NA,0,023,HIGHLAND AV,30TH ST,445,S,N,A,-,N,NA,NA,NA,NA,NA,NA,NA,NA,NA,Y,4,0,1,2,A,-,09,21804,A,M,D,C,A,A,H,-,C,D,0,NA,NA,NA,NA,Y,NA,A,01,0,0,1,0,0,0,0,0,0,-,-,NA,NA,SAN DIEGO,NATIONAL CITY,-117.09088134765624,32.65800094604492
9405694,2022,2022-02-11,3709,2022-01-23,1403,NC0525,NA,7,5,5,3709,0,0,0,NA,0,021,EAST PLAZA BL,E PLAZA BL 925,0,NA,Y,A,-,N,NA,NA,NA,NA,NA,NA,NA,NA,NA,Y,3,0,2,4,A,-,09,21804,A,N,D,C,A,A,H,-,A,D,0,NA,NA,NA,NA,Y,NA,A,01,0,1,1,0,0,0,0,0,0,-,-,NA,NA,SAN DIEGO,NATIONAL CITY,-117.10619354248048,32.67412185668945
9406678,2022,2022-05-19,3711,2022-02-09,1711,SD7288,NA,3,5,7,3711,0,0,0,NA,0,712,CAMINO DE LA PLAZA,CAMINO DE LA PLAZA  3900,0,NA,Y,A,-,N,NA,NA,NA,NA,NA,NA,NA,NA,NA,N,3,0,1,2,A,-,09,21804,A,N,D,C,A,A,H,-,A,A,0,NA,NA,NA,NA,Y,NA,-,NA,0,1,0,0,0,0,0,0,0,-,-,NA,NA,SAN DIEGO,SAN DIEGO,-117.0458984375,32.54475784301758
9406760,2022,2022-03-14,3710,2022-02-17,0004,OC1480,NA,4,5,6,3710,0,0,0,NA,0,018,NORTH RIVER RD,REDONDO DR,522,W,N,B,-,N,NA,NA,NA,NA,NA,NA,NA,NA,NA,Y,4,0,1,2,A,-,01,23153,B,N,C,C,A,A,H,-,C,A,0,NA,NA,NA,NA,Y,NA,A,01,0,0,1,0,0,0,0,0,0,-,-,NA,NA,SAN DIEGO,OCEANSIDE,-117.30233764648438,33.248260498046875
9406904,2022,2022-03-15,3711,2022-02-15,2225,SD8672,NA,2,5,7,3711,0,0,0,NA,0,614,SUNSET CLIFFS BL,RT 8,34,S,N,B,-,Y,SD,11,8,-,T,0.54,I,5,W,Y,4,0,1,1,A,-,03,22350,NA,N,E,I,A,B,H,-,C,A,0,NA,NA,NA,NA,Y,Y,A,01,0,0,1,0,0,0,0,0,0,-,WF,NA,NA,SAN DIEGO,SAN DIEGO,-117.23346710205078,32.75613784790039
9409592,2022,2022-03-24,3710,2022-03-01,0951,OC1311,NA,2,5,6,3710,0,0,0,NA,0,007,S THE STRAND,SEAGAZE DR,1295,S,N,A,-,N,NA,NA,NA,NA,NA,NA,NA,NA,NA,Y,3,0,1,2,A,-,01,23153,A,N,G,B,E,A,H,-,A,D,0,Y,NA,NA,NA,Y,Y,D,22,0,1,0,0,1,0,0,0,0,-,-,NA,NA,SAN DIEGO,OCEANSIDE,-117.38036346435548,33.18973922729492
9410697,2022,2022-02-16,3711,2022-01-20,1642,SD7828,NA,4,5,7,3711,0,0,0,NA,0,115,REGENTS RD,PENNANT WY,0,NA,Y,A,-,N,NA,NA,NA,NA,NA,NA,NA,NA,NA,N,4,0,1,2,B,-,22,NA,NA,N,D,G,A,A,H,-,A,D,0,NA,Y,NA,NA,Y,NA,A,01,0,0,1,0,0,0,1,0,0,-,-,NA,NA,SAN DIEGO,SAN DIEGO,-117.21963500976563,32.8462028503418
9413690,2022,2022-02-28,3711,2022-02-02,1625,SD1407,NA,3,5,7,3711,0,0,0,NA,0,821,MONTEZUMA RD,RESERVOIR RD,0,NA,Y,A,-,N,NA,NA,NA,NA,NA,NA,NA,NA,NA,N,3,0,2,2,A,-,03,22350,NA,N,C,C,A,A,H,-,A,A,0,NA,NA,NA,NA,Y,NA,A,07,0,1,1,0,0,0,0,0,0,-,-,NA,NA,SAN DIEGO,SAN DIEGO,-117.0565185546875,32.76900863647461
9415313,2022,2022-03-01,3705,2022-01-11,1150,ED0383,NA,2,5,5,3705,0,0,0,NA,0,002,N MAGNOLIA AV,EAST MAIN ST,0,NA,Y,A,-,N,NA,NA,NA,NA,NA,NA,NA,NA,NA,Y,4,0,2,2,A,-,12,21453,A,N,D,C,A,B,H,-,A,A,0,NA,NA,NA,NA,Y,NA,A,01,0,0,2,0,0,0,0,0,0,-,-,NA,NA,SAN DIEGO,EL CAJON,-116.96234893798828,32.79494857788086
9415507,2022,2022-03-07,3710,2022-02-17,0943,OC1160,NA,4,5,6,3710,0,0,0,NA,0,015,EL CAMINO REAL,MESA DR,0,NA,Y,A,-,N,NA,NA,NA,NA,NA,NA,NA,NA,NA,Y,4,0,1,2,A,-,09,21453,B,N,D,C,A,A,H,-,A,A,0,NA,NA,NA,NA,Y,NA,A,01,0,0,1,0,0,0,0,0,0,-,-,NA,NA,SAN DIEGO,OCEANSIDE,-117.33335876464844,33.20863342285156
9416192,2022,2022-03-25,3711,2022-03-05,0750,SD7460,NA,6,5,7,3711,0,0,0,NA,0,627,6TH AV,6TH AV 3400,0,NA,Y,C,-,N,NA,NA,NA,NA,NA,NA,NA,NA,NA,N,4,0,1,2,A,-,11,21954,A,N,G,B,D,B,H,-,D,D,0,Y,NA,NA,NA,Y,NA,N,60,0,0,1,0,1,0,0,0,0,-,-,NA,NA,SAN DIEGO,SAN DIEGO,-117.07826232910156,33.11714553833008
9416219,2022,2022-03-25,3711,2022-03-03,1909,SD7844,NA,4,5,7,3711,0,0,0,NA,0,445,47TH ST,RT 94,10,N,N,A,-,N,NA,NA,NA,NA,NA,NA,NA,NA,NA,N,4,0,1,2,A,-,17,24250,NA,N,A,C,A,A,H,-,C,D,0,NA,NA,NA,NA,Y,NA,A,01,0,0,1,0,0,0,0,0,0,-,EO,NA,NA,SAN DIEGO,SAN DIEGO,-117.09355926513672,32.718238830566406
9419578,2022,2022-04-12,3703,2022-03-19,1547,1419,1,6,5,3,3703,0,0,0,NA,0,001,4TH ST,A AV,17,W,N,A,-,Y,SD,11,75,-,R,19.922,I,5,N,Y,3,0,1,2,A,-,09,21802,A,N,D,D,A,A,H,-,A,D,0,NA,NA,NA,NA,Y,NA,A,01,0,1,0,0,0,0,0,0,0,-,-,32.69303894042969,-117.1714096069336,SAN DIEGO,CORONADO,-117.1714324951172,32.69304275512695
9420662,2022,2022-04-27,3708,2022-03-26,1013,LM1214,NA,6,5,5,3708,0,0,0,NA,0,004,PARKWAY DR,BUCKLAND ST,188,W,N,A,-,N,NA,NA,NA,NA,NA,NA,NA,NA,NA,Y,3,0,1,2,A,-,09,21804,A,N,D,C,A,A,H,-,A,B,0,NA,NA,NA,NA,Y,NA,A,01,0,1,0,0,0,0,0,0,0,-,-,NA,NA,SAN DIEGO,LA MESA,-117.01698303222656,32.778926849365234