CASE_ID,ACCIDENT_YEAR,PROC_DATE,JURIS,COLLISION_DATE,COLLISION_TIME,OFFICER_ID,REPORTING_DISTRICT,DAY_OF_WEEK,CHP_SHIFT,POPULATION,CNTY_CITY_LOC,SPECIAL_COND,BEAT_TYPE,CHP_BEAT_TYPE,CITY_DIVISION_LAPD,CHP_BEAT_CLASS,BEAT_NUMBER,PRIMARY_RD,SECONDARY_RD,DISTANCE,DIRECTION,INTERSECTION,WEATHER_1,WEATHER_2,STATE_HWY_IND,CALTRANS_COUNTY,CALTRANS_DISTRICT,STATE_ROUTE,ROUTE_SUFFIX,POSTMILE_PREFIX,POSTMILE,LOCATION_TYPE,RAMP_INTERSECTION,SIDE_OF_HWY,TOW_AWAY,COLLISION_SEVERITY,NUMBER_KILLED,NUMBER_INJURED,PARTY_COUNT,PRIMARY_COLL_FACTOR,PCF_CODE_OF_VIOL,PCF_VIOL_CATEGORY,PCF_VIOLATION,PCF_VIOL_SUBSECTION,HIT_AND_RUN,TYPE_OF_COLLISION,MVIW,PED_ACTION,ROAD_SURFACE,ROAD_COND_1,ROAD_COND_2,LIGHTING,CONTROL_DEVICE,CHP_ROAD_TYPE,PEDESTRIAN_ACCIDENT,BICYCLE_ACCIDENT,MOTORCYCLE_ACCIDENT,TRUCK_ACCIDENT,NOT_PRIVATE_PROPERTY,ALCOHOL_INVOLVED,STWD_VEHTYPE_AT_FAULT,CHP_VEHTYPE_AT_FAULT,COUNT_SEVERE_INJ,COUNT_VISIBLE_INJ,COUNT_COMPLAINT_PAIN,COUNT_PED_KILLED,COUNT_PED_INJURED,COUNT_BICYCLIST_KILLED,COUNT_BICYCLIST_INJURED,COUNT_MC_KILLED,COUNT_MC_INJURED,PRIMARY_RAMP,SECONDARY_RAMP,LATITUDE,LONGITUDE,COUNTY,CITY,POINT_X,POINT_Y
94414018,2024,2024-10-01,9650,2024-08-17,1030,022739,NA,6,1,5,3701,0,1,1,NA,2,005,INTERSTATE 5 NORTHBOUND,CARLSBAD VILLAGE DRIVE,350,N,N,A,-,Y,SD,NA,5,NA,R,50.189,H,NA,R,N,4,0,1,2,A,-,03,22350,NA,N,C,C,A,A,H,-,A,D,0,NA,NA,NA,NA,Y,NA,-,-,0,0,1,0,0,0,0,0,0,-,-,33.164310455322266,-117.3426513671875,SAN DIEGO,CARLSBAD,-117.34266662597656,33.164306640625
94417030,2024,2024-10-02,9680,2024-09-21,1545,020884,NA,6,2,9,3700,0,1,3,NA,2,016,SR-67,JOHNSON LAKE ROAD,52,N,N,A,-,Y,SD,NA,67,NA,NA,8.546,H,NA,R,N,4,0,2,2,A,-,08,22107,NA,N,D,C,A,A,H,-,A,D,0,NA,NA,NA,NA,Y,NA,A,01,0,0,2,0,0,0,0,0,0,-,-,32.89788818359375,-116.93447113037108,SAN DIEGO,UNINCORPORATED,-116.93444061279295,32.89790725708008
94418306,2024,2024-10-03,9650,2024-09-14,845,022132,NA,6,1,6,3706,0,1,1,NA,2,023,I-15 S/B TO VIA RANCHO PKWY,VIA RANCHO PKY,283,S,N,A,-,Y,NA,NA,NA,NA,NA,NA,NA,NA,NA,Y,3,0,3,1,A,-,03,22350,NA,N,E,I,A,A,H,-,A,D,0,NA,NA,NA,Y,Y,NA,F,26,0,1,2,0,0,0,0,0,0,-,-,33.06850051879883,-117.06999206542967,SAN DIEGO,ESCONDIDO,-117.069580078125,33.06862258911133
94418390,2024,2024-10-03,9650,2024-10-03,820,019652,NA,4,1,6,3706,0,1,1,NA,2,023,I-15 N/B TO SR-78 W/B,SR-78 W/B,90,N,N,A,-,Y,NA,NA,NA,NA,NA,NA,NA,NA,NA,N,4,0,1,2,A,-,03,22350,NA,N,C,C,A,A,H,-,A,D,0,NA,NA,NA,NA,Y,NA,A,07,0,0,1,0,0,0,0,0,0,-,-,33.12715148925781,-117.10701751708984,SAN DIEGO,ESCONDIDO,-117.10475158691406,33.12743377685547
94418536,2024,2024-10-03,9680,2024-09-22,1720,023917,NA,7,2,9,3700,0,2,4,NA,1,029,ROTHGARD ROAD,SWEETWATER SPRINGS BOULEVARD,0,NA,Y,A,-,N,NA,NA,NA,NA,NA,NA,NA,NA,NA,Y,4,0,4,2,A,-,09,21804,A,N,D,C,A,A,H,-,A,A,0,NA,NA,NA,NA,Y,NA,A,01,0,0,4,0,0,0,0,0,0,-,-,32.739078521728516,-116.97258758544922,SAN DIEGO,UNINCORPORATED,-116.97246551513672,32.73904800415039
94426402,2024,2024-10-10,9680,2024-09-27,1230,022622,NA,5,1,9,3700,0,1,3,NA,1,024,SR-94,MAXFIELD RD,0,NA,Y,A,-,Y,SD,NA,94,NA,R,20.17,H,NA,R,Y,3,0,2,2,A,-,09,21802,A,N,D,C,A,A,H,-,A,A,0,NA,NA,NA,NA,Y,NA,D,22,0,1,1,0,0,0,0,0,0,-,-,32.714271545410156,-116.87106323242188,SAN DIEGO,UNINCORPORATED,-116.87101745605467,32.714271545410156
94429792,2024,2024-10-14,9645,2024-10-06,440,022898,NA,7,3,7,3711,0,1,1,NA,2,013,I-15 NB,BALBOA AVENUE,50,N,N,A,-,Y,SD,NA,15,NA,R,9.334,H,NA,R,N,3,0,3,3,A,-,08,22107,NA,F,C,C,A,A,H,-,C,D,0,NA,NA,NA,NA,Y,Y,-,99,0,1,2,0,0,0,0,0,0,-,-,32.82429885864258,-117.11656951904295,SAN DIEGO,SAN DIEGO,-117.11660003662108,32.82429504394531
94432329,2024,2024-10-15,9680,2024-10-03,1600,023932,NA,4,2,9,3700,0,3,5,NA,2,002,CANYON RD,HARNESS ST,0,NA,Y,A,-,N,NA,NA,NA,NA,NA,NA,NA,NA,NA,N,4,0,2,2,A,-,08,22107,NA,N,D,C,A,A,H,-,A,A,0,NA,NA,NA,NA,Y,NA,D,22,0,0,2,0,0,0,0,0,0,-,-,32.71855926513672,-117.00363159179688,SAN DIEGO,UNINCORPORATED,-117.00354766845705,32.7185173034668
9443509,2022,2022-05-05,3702,2022-03-18,1755,CV1260,NA,5,5,6,3702,0,0,0,NA,0,022,EMERSON ST,TWIN OAKS AV,2,W,N,A,-,N,NA,NA,NA,NA,NA,NA,NA,NA,NA,Y,4,0,1,1,A,-,08,22107,NA,N,E,I,A,A,H,-,A,D,0,NA,NA,NA,NA,Y,NA,A,01,0,0,1,0,0,0,0,0,0,-,-,NA,NA,SAN DIEGO,CHULA VISTA,-117.06568908691406,32.61269760131836
94435346,2024,2024-10-17,9650,2024-10-15,1815,021992,NA,2,2,5,3712,0,1,3,NA,2,019,SR-78 E/B,SAN MARCOS BLVD,250,E,N,A,-,Y,SD,NA,78,NA,NA,12.226,H,NA,R,Y,4,0,1,3,A,-,03,22350,NA,N,C,C,A,A,H,-,C,D,0,NA,NA,NA,NA,Y,NA,D,22,0,0,1,0,0,0,0,0,0,-,-,33.13750076293945,-117.17549896240234,SAN DIEGO,SAN MARCOS,-117.175537109375,33.13743209838867
94439804,2024,2024-10-22,9650,2024-10-17,1520,019426,NA,4,2,6,3710,0,1,3,NA,2,015,SR-78 W/B,EL CAMINO REAL,1584,E,N,A,-,Y,SD,NA,78,NA,NA,1.714,H,NA,L,N,4,0,2,2,A,-,03,22350,NA,N,B,C,A,A,H,-,A,D,0,NA,NA,NA,NA,Y,NA,A,01,0,0,2,0,0,0,0,0,0,-,-,33.182369232177734,-117.3232879638672,SAN DIEGO,OCEANSIDE,-117.3232879638672,33.1823616027832
94440102,2024,2024-10-22,9650,2024-10-21,40,022992,NA,1,3,9,3700,0,3,5,NA,2,210,COUGAR PASS ROAD,NORTH BROADWAY,600,E,N,E,-,N,NA,NA,NA,NA,NA,NA,NA,NA,NA,Y,3,0,2,1,A,-,08,22107,NA,N,F,A,A,A,H,-,D,D,0,NA,NA,NA,NA,Y,NA,A,07,0,1,1,0,0,0,0,0,0,-,-,33.1976318359375,-117.08563232421876,SAN DIEGO,UNINCORPORATED,-117.08709716796876,33.1976432800293
9444338,2022,2022-05-25,3711,2022-05-12,0415,SD8672,NA,4,5,7,3711,0,0,0,NA,0,621,GENESEE AV,LINDA VISTA RD,0,NA,Y,A,-,N,NA,NA,NA,NA,NA,NA,NA,NA,NA,N,4,0,1,2,A,-,12,21453,A,N,D,C,A,A,H,-,C,A,0,NA,NA,NA,NA,Y,NA,A,01,0,0,1,0,0,0,0,0,0,-,-,NA,NA,SAN DIEGO,SAN DIEGO,-117.16597747802734,32.791561126708984
94444774,2024,2024-12-13,9680,2024-10-15,1626,018697,NA,2,2,9,3700,0,1,3,NA,1,024,STATE ROUTE 94 (E/B),FREEZER ROAD,160,W,N,A,-,N,NA,NA,NA,NA,NA,NA,NA,NA,NA,Y,4,0,3,4,A,-,03,22350,NA,N,C,2,A,A,H,-,A,D,0,NA,NA,NA,NA,Y,NA,D,22,0,0,3,0,0,0,0,0,0,-,-,32.633548736572266,-116.76463317871094,SAN DIEGO,UNINCORPORATED,-116.76450347900392,32.63343811035156
9444687,2022,2022-06-28,3711,2022-05-13,1746,SD7875,NA,5,5,7,3711,0,0,0,NA,0,451,EUCLID AV,RT 94,0,NA,Y,A,-,N,NA,NA,NA,NA,NA,NA,NA,NA,NA,N,4,0,2,2,A,-,03,22350,NA,N,C,C,A,A,H,-,A,A,0,NA,NA,NA,NA,Y,NA,-,NA,0,0,2,0,0,0,0,0,0,-,-,NA,NA,SAN DIEGO,SAN DIEGO,-117.08496856689452,32.71811294555664
94447397,2024,2024-10-28,9650,2024-10-20,1205,022588,NA,7,1,9,3700,0,3,5,NA,2,211,NORTH LAKE WOHLFORD RD,CULTURAL CENTER RD,1500,S,N,A,-,N,NA,NA,NA,NA,NA,NA,NA,NA,NA,Y,4,0,1,2,A,-,08,22107,NA,N,B,C,A,A,H,-,A,D,0,NA,NA,NA,NA,Y,NA,A,07,0,0,1,0,0,0,0,0,0,-,-,33.175689697265625,-116.99774932861328,SAN DIEGO,UNINCORPORATED,NA,NA
9444867,2022,2022-05-31,3705,2022-04-03,1316,EC0371,NA,7,5,5,3705,0,0,0,NA,0,003,JAMACHA RD,GRANITE HILLS DR,32,S,N,A,-,N,NA,NA,NA,NA,NA,NA,NA,NA,NA,N,4,0,1,2,A,-,03,22350,NA,N,C,C,A,A,H,-,A,A,0,NA,NA,NA,NA,Y,NA,A,01,0,0,1,0,0,0,0,0,0,-,-,NA,NA,SAN DIEGO,EL CAJON,-116.9279327392578,32.78520202636719
94449335,2024,2024-10-29,9680,2024-10-19,640,023984,NA,6,1,9,3700,0,1,1,NA,2,083,I-8 E/B,DUNBAR LN,4066,W,N,A,-,Y,SD,NA,8,NA,R,24.93,H,NA,R,Y,4,0,1,1,A,-,08,22107,NA,N,F,A,A,A,H,-,B,D,0,NA,NA,NA,NA,Y,NA,D,22,0,0,1,0,0,0,0,0,0,-,-,32.85573959350586,-116.83270263671876,SAN DIEGO,UNINCORPORATED,-116.83272552490234,32.8558235168457
94451223,2024,2024-10-30,9680,2024-10-21,1140,015877,NA,1,1,5,3705,0,1,1,NA,2,082,I-8 W/B,MOLLISON AVE.,510,W,N,A,-,Y,NA,NA,NA,NA,NA,NA,NA,NA,NA,Y,4,0,1,2,A,-,03,22350,NA,N,C,C,A,A,H,-,A,D,0,NA,NA,NA,NA,Y,NA,D,22,0,0,1,0,0,0,0,0,0,-,-,32.952789306640625,-116.52790832519533,SAN DIEGO,EL CAJON,-116.95211791992188,32.80318832397461
94458485,2024,2024-11-05,9645,2024-10-30,750,021117,NA,3,1,6,3702,0,1,1,NA,2,001,I-5 N/B,SR-52,2200,S,N,A,-,Y,SD,NA,5,NA,NA,8.868,H,NA,R,Y,4,0,1,2,A,-,03,22350,NA,N,C,C,A,A,H,-,A,D,0,NA,NA,NA,NA,Y,NA,D,22,0,0,1,0,0,0,0,0,0,-,-,32.6438102722168,-117.1013412475586,SAN DIEGO,CHULA VISTA,-117.10138702392578,32.643798828125
94458589,2024,2024-11-05,9645,2024-11-01,1540,022814,NA,5,2,5,3709,0,1,1,NA,2,001,I-5 SOUTHBOUND,SR-54 WESTBOUD,1025,N,N,A,-,Y,SD,NA,5,NA,NA,9.61,H,NA,L,Y,3,0,2,2,A,-,03,22350,NA,N,C,C,A,A,H,-,A,D,0,NA,NA,NA,NA,Y,NA,A,07,0,1,1,0,0,0,0,0,0,-,-,32.65394973754883,-117.1055908203125,SAN DIEGO,NATIONAL CITY,-117.10561370849608,32.6539421081543
9446000,2022,2022-06-07,3700,2022-05-15,0903,SH2659,NA,7,5,5,3712,0,0,0,NA,0,359,WEST SAN MARCOS BL,LAS POSAS RD,17,E,N,A,-,N,NA,NA,NA,NA,NA,NA,NA,NA,NA,Y,4,0,2,2,A,-,12,21453,A,N,D,C,A,A,H,-,-,A,0,NA,NA,NA,NA,Y,NA,A,01,0,0,2,0,0,0,0,0,0,-,-,NA,NA,SAN DIEGO,SAN MARCOS,-117.19388580322266,33.13328552246094
94460554,2024,2024-11-06,9645,2024-10-18,1345,022512,NA,5,1,5,3709,0,1,1,NA,2,009,INTERSTATE 805 SOUTHBOUND,E. 8TH STREET,310,N,N,A,-,Y,SD,NA,805,NA,NA,10.682,H,NA,L,Y,4,0,2,3,A,-,03,22350,NA,N,C,C,A,A,H,-,A,D,0,NA,NA,NA,NA,Y,NA,A,01,0,0,2,0,0,0,0,0,0,-,-,32.68233871459961,-117.0873794555664,SAN DIEGO,NATIONAL CITY,-117.08745574951172,32.68231201171875
94463340,2024,2024-11-08,9645,2024-10-27,530,023923,NA,7,3,7,3711,0,1,1,NA,2,003,I-5 S/B,CESAR E. CHAVEZ PKWY,560,N,N,A,-,Y,SD,NA,5,NA,R,14.258,H,NA,L,Y,4,0,1,1,A,-,08,22107,NA,N,E,I,A,A,H,-,D,D,0,NA,NA,NA,NA,Y,NA,A,01,0,0,1,0,0,0,0,0,0,-,-,32.70309066772461,-117.14540863037108,SAN DIEGO,SAN DIEGO,-117.1454620361328,32.70303726196289
94464225,2024,2024-11-08,9645,2024-11-02,1345,023659,NA,6,1,7,3711,0,1,1,NA,2,009,I-805 SB,E PLAZA BLVD,528,N,N,A,-,Y,SD,NA,805,NA,NA,10.402,H,NA,L,N,4,0,1,2,A,-,07,21658,A,N,B,C,A,A,H,-,A,D,0,NA,NA,NA,NA,Y,NA,D,22,0,0,1,0,0,0,0,0,0,-,-,32.67863082885742,-117.08554077148438,SAN DIEGO,SAN DIEGO,-117.08554840087892,32.678627014160156
94465042,2024,2024-11-11,9645,2024-10-05,2250,023659,NA,6,3,7,3711,0,1,1,NA,2,001,I-5 NB,PALM AVE,1056,N,N,A,-,Y,SD,NA,5,NA,NA,4.836,H,NA,R,Y,4,0,1,2,A,-,03,22350,NA,F,C,C,A,A,H,-,A,D,0,NA,NA,NA,NA,Y,Y,A,01,0,0,1,0,0,0,0,0,0,-,-,32.5867805480957,-117.08747100830078,SAN DIEGO,SAN DIEGO,-117.08750152587892,32.58677673339844
94468369,2024,2024-11-13,9650,2024-10-29,1545,017828,NA,2,2,9,3700,0,1,1,NA,2,003,I-5 N/B,LAS PULGAS RD,13200,S,N,A,-,Y,SD,NA,5,NA,R,59.382,H,NA,R,N,4,0,2,4,A,-,08,22107,NA,M,D,C,A,A,H,-,A,D,0,NA,NA,NA,NA,Y,NA,-,-,0,0,2,0,0,0,0,0,0,-,-,33.26797103881836,-117.43611145019533,SAN DIEGO,UNINCORPORATED,-117.43611145019533,33.26797103881836
94471746,2024,2024-11-15,9680,2024-11-03,1835,023846,NA,7,2,5,3781,0,1,3,NA,2,028,SR-125 N/B,MISSION GORGE RD,54,S,N,A,-,Y,SD,NA,125,NA,NA,22.283,H,NA,R,Y,2,0,3,2,A,-,01,23152,A,N,C,C,A,A,H,-,C,A,0,NA,NA,NA,NA,Y,Y,A,07,1,0,2,0,0,0,0,0,0,-,-,32.838321685791016,-117.00321197509766,SAN DIEGO,SANTEE,-117.00318145751952,32.838321685791016
94482451,2024,2024-11-25,9650,2024-11-20,1610,019346,NA,3,2,5,3713,0,1,3,NA,2,017,SR-78 E/B,CIVIC CENTER AVE,150,W,N,A,-,Y,SD,NA,78,NA,NA,6.859,H,NA,L,Y,3,0,2,2,A,-,03,22350,NA,N,C,C,A,A,H,-,A,A,0,NA,NA,NA,NA,Y,NA,A,01,0,1,1,0,0,0,0,0,0,-,-,33.19007110595703,-117.24040222167967,SAN DIEGO,VISTA,-117.2405242919922,33.18991470336914
94482619,2024,2024-11-25,9645,2024-10-11,2200,023659,NA,5,3,7,3711,0,1,1,NA,2,021,SR-15 N/B TO OCEANVIEW BLVD,OCEANVIEW BLVD,440,N,N,A,-,Y,NA,NA,NA,NA,NA,NA,NA,NA,NA,Y,4,0,2,2,A,-,01,23152,A,N,A,C,A,A,H,-,C,D,0,NA,NA,NA,NA,Y,Y,A,07,0,0,2,0,0,0,0,0,0,-,-,32.702571868896484,-117.11985778808594,SAN DIEGO,SAN DIEGO,-117.12062072753906,32.70244598388672
9448611,2022,2022-06-02,3711,2022-05-12,0804,SD1140,NA,4,5,7,3711,0,0,0,NA,0,122,THOMAS AV,MILEPOST,165,N,N,A,-,N,NA,NA,NA,NA,NA,NA,NA,NA,NA,Y,3,0,2,2,C,-,18,NA,NA,N,E,I,F,A,H,-,A,D,0,Y,NA,NA,NA,Y,NA,-,-,0,1,1,0,1,0,0,0,0,-,-,NA,NA,SAN DIEGO,SAN DIEGO,NA,NA
94496045,2024,2024-12-10,9680,2024-12-02,1650,019475,NA,1,2,9,3700,0,3,5,NA,2,001,PEPPER DRIVE,WINTER GARDENS BOULEVARD,130,W,N,A,-,N,NA,NA,NA,NA,NA,NA,NA,NA,NA,N,4,0,1,3,A,-,03,22350,NA,N,C,C,A,A,H,-,E,A,0,NA,NA,NA,NA,Y,NA,A,01,0,0,1,0,0,0,0,0,0,-,-,32.8207893371582,-116.93521881103516,SAN DIEGO,UNINCORPORATED,-116.93498229980467,32.8208122253418
94496989,2024,2025-02-07,9650,2024-11-28,1958,021263,NA,4,2,6,3706,0,1,1,NA,2,023,INTERSTATE 15 NORTHBOUND,VALLEY PARKWAY,2112,N,N,A,-,Y,SD,NA,15,NA,R,31.029,H,NA,R,N,4,0,3,2,A,-,01,23152,A,F,C,C,A,A,H,-,C,D,0,NA,NA,NA,NA,Y,Y,A,01,0,0,3,0,0,0,0,0,0,-,-,33.120670318603516,-117.10164642333984,SAN DIEGO,ESCONDIDO,-117.10176849365234,33.12062072753906
94497221,2024,2025-07-30,9650,2024-12-06,1130,022139,NA,5,1,5,3712,0,1,3,NA,2,019,E/B SR-78,NORDAHL RD,200,W,N,A,-,Y,SD,NA,78,NA,NA,15.435,H,NA,R,Y,4,0,1,2,A,-,07,21658,A,N,B,C,A,A,H,-,A,D,0,NA,NA,NA,NA,Y,NA,A,07,0,0,1,0,0,0,0,0,0,-,-,33.13235855102539,-117.12227630615234,SAN DIEGO,SAN MARCOS,-117.12227630615234,33.13236618041992
94497581,2024,2024-12-13,9645,2024-11-29,1925,022765,NA,5,2,7,3711,0,1,3,NA,2,023,SR-163 N/B,GENESEE AVENUE U/C,3687,S,N,A,-,Y,SD,NA,163,NA,NA,5.111,H,NA,R,N,3,0,2,2,A,-,03,22350,NA,N,C,C,A,A,H,-,C,D,0,NA,NA,NA,NA,Y,NA,A,01,0,2,0,0,0,0,0,0,0,-,-,32.782020568847656,-117.16240692138672,SAN DIEGO,SAN DIEGO,-117.16249084472656,32.782039642333984
94500819,2024,2024-12-13,9680,2024-12-01,1150,020884,NA,7,1,9,3700,0,3,5,NA,2,001,OLDE HIGHWAY 80,SILVA RD,22,W,N,A,-,N,NA,NA,NA,NA,NA,NA,NA,NA,NA,Y,4,0,1,1,C,-,18,NA,NA,N,E,J,A,A,H,-,A,D,0,NA,NA,NA,NA,Y,NA,-,-,0,0,1,0,0,0,0,0,0,-,-,32.857421875,-116.82550048828124,SAN DIEGO,UNINCORPORATED,NA,NA
94501800,2024,2024-12-13,9680,2024-11-29,2140,023332,NA,5,2,9,3700,0,2,4,NA,1,021,DEHESA RD,HUMMINGBIRD CT,129,E,N,A,-,N,NA,NA,NA,NA,NA,NA,NA,NA,NA,Y,4,0,1,1,A,-,01,23152,A,N,E,8,A,A,H,-,C,A,0,NA,NA,NA,NA,Y,Y,D,22,0,0,1,0,0,0,0,0,0,-,-,32.787811279296875,-116.89700317382813,SAN DIEGO,UNINCORPORATED,-116.89700317382813,32.78770065307617
94504234,2024,2024-12-16,9680,2024-12-04,1655,024159,NA,3,2,9,3700,0,1,3,NA,1,017,SR-67,JOHNSON LAKE RD,0,NA,Y,A,-,Y,SD,NA,67,NA,NA,8.534,H,NA,R,Y,4,0,1,2,A,-,09,21801,A,N,D,C,A,A,H,-,D,A,0,NA,NA,NA,NA,Y,NA,D,22,0,0,1,0,0,0,0,0,0,-,-,32.89768981933594,-116.93446350097656,SAN DIEGO,UNINCORPORATED,-116.934326171875,32.897769927978516
94505703,2024,2024-12-16,9680,2024-12-04,620,018697,NA,3,1,9,3700,0,3,5,NA,2,003,26835 OLD HWY 80,OLD HIGHWAY 80,115,S,N,A,-,N,NA,NA,NA,NA,NA,NA,NA,NA,NA,N,3,0,1,2,B,-,22,NA,NA,N,H,B,E,A,H,-,D,D,0,Y,NA,NA,NA,Y,NA,A,07,0,1,0,0,1,0,0,0,0,-,-,32.852901458740234,-116.56828308105467,SAN DIEGO,UNINCORPORATED,NA,NA
9450714,2022,2022-06-13,3702,2022-04-11,1548,CV0923,NA,1,5,6,3702,0,0,0,NA,0,032,HUNTE PKWY,PROCTOR VALLEY RD,0,NA,Y,A,-,N,NA,NA,NA,NA,NA,NA,NA,NA,NA,Y,3,0,2,2,A,-,12,21453,A,N,D,C,A,A,H,-,A,A,0,NA,NA,NA,NA,Y,NA,A,01,0,1,1,0,0,0,0,0,0,-,-,NA,NA,SAN DIEGO,CHULA VISTA,-116.95536041259766,32.661441802978516
9450754,2022,2022-06-16,3711,2022-05-25,0745,SD5072,NA,3,5,7,3711,0,0,0,NA,0,447,FEDERAL BL,EUCLID AV,110,W,N,A,-,N,NA,NA,NA,NA,NA,NA,NA,NA,NA,Y,3,0,1,2,A,-,08,22102,NA,N,D,C,A,A,H,-,A,A,0,NA,NA,NA,NA,Y,NA,A,01,0,1,0,0,0,0,0,0,0,-,-,NA,NA,SAN DIEGO,SAN DIEGO,-117.08530426025392,32.72142028808594
94510920,2024,2024-12-20,9680,2024-12-09,1800,023932,NA,1,2,9,3700,0,1,3,NA,2,028,SR-125 S/B,BLOSSOM LN,650,N,N,A,-,Y,SD,NA,125,NA,NA,11.468,H,NA,L,Y,4,0,2,4,A,-,03,22350,NA,F,C,C,A,A,H,-,C,D,0,NA,NA,NA,NA,Y,NA,A,01,0,0,2,0,0,0,0,0,0,-,-,32.72677993774414,-117.01493072509766,SAN DIEGO,UNINCORPORATED,-117.01497650146484,32.726776123046875
94515544,2024,2024-12-24,9645,2024-12-16,1657,022021,NA,1,2,7,3711,0,1,1,NA,2,017,I-15 N/B,MIRAMAR ROAD,920,N,N,A,-,Y,SD,NA,15,NA,M,14.468,H,NA,R,Y,4,0,1,3,A,-,03,22350,NA,N,C,C,A,A,H,-,A,D,0,NA,NA,NA,NA,Y,NA,A,01,0,0,1,0,0,0,0,0,0,-,-,32.895790100097656,-117.11575317382813,SAN DIEGO,SAN DIEGO,-117.1156768798828,32.89580154418945
94519358,2024,2024-12-30,9650,2024-10-25,1530,022625,NA,5,2,9,3700,0,2,4,NA,2,061,MISSION RD,HILL AVE,225,S,N,A,-,N,NA,NA,NA,NA,NA,NA,NA,NA,NA,N,4,0,1,2,A,-,03,22350,NA,M,C,C,A,A,H,-,A,A,0,NA,NA,NA,NA,Y,NA,A,07,0,0,1,0,0,0,0,0,0,-,-,33.384159088134766,-117.25350189208984,SAN DIEGO,UNINCORPORATED,-117.25354766845705,33.38465881347656
94522979,2024,2025-01-02,9650,2024-12-20,26,021528,NA,5,3,5,3713,0,1,3,NA,2,017,SR-78 W/B,MELROSE DR,1268,W,N,A,-,Y,SD,NA,78,NA,NA,5.708,H,NA,L,Y,2,0,2,2,A,-,01,23152,A,N,A,C,A,A,H,-,D,D,0,NA,NA,NA,NA,Y,Y,A,07,1,1,0,0,0,0,0,0,0,-,-,33.19424819946289,-117.25846099853516,SAN DIEGO,VISTA,-117.25846099853516,33.19424819946289
94527866,2024,2025-01-07,9650,2024-12-15,1909,023524,NA,7,2,9,3700,0,2,4,NA,2,061,S. MISSION ROAD,E. CLEMMENS,318,S,N,A,-,N,NA,NA,NA,NA,NA,NA,NA,NA,NA,Y,2,0,1,2,A,-,09,21801,A,N,D,C,A,A,H,-,C,D,0,NA,NA,Y,NA,Y,NA,A,01,1,0,0,0,0,0,0,0,1,-,-,33.368431091308594,-117.25066375732422,SAN DIEGO,UNINCORPORATED,-117.25074005126952,33.36849594116211
94533653,2024,2025-01-10,9645,2024-12-29,2035,023659,NA,7,2,6,3702,0,1,1,NA,2,001,I-5 SOUTHBOUND,PALOMAR STREET,25,N,N,A,-,Y,NA,NA,NA,NA,NA,NA,NA,NA,NA,N,4,0,1,3,A,-,01,23152,A,N,C,C,A,A,H,-,C,A,0,NA,NA,NA,NA,Y,Y,A,01,0,0,1,0,0,0,0,0,0,-,-,32.604679107666016,-117.09095001220705,SAN DIEGO,CHULA VISTA,-117.08990478515624,32.60288619995117
94535724,2025,2025-01-13,9645,2025-01-03,1900,024170,NA,5,2,7,3711,0,1,1,NA,2,009,I-805 S/B,H STREET,1040,N,N,A,-,Y,SD,NA,805,NA,NA,7.357,H,NA,L,N,4,0,3,2,A,-,03,22350,NA,N,C,C,A,A,H,-,C,D,0,NA,NA,NA,NA,Y,NA,A,01,0,0,3,0,0,0,0,0,0,-,-,32.64284133911133,-117.05745697021484,SAN DIEGO,SAN DIEGO,-117.057373046875,32.64287185668945
94543151,2024,2025-01-20,9645,2024-12-10,2240,024015,NA,2,3,7,3711,0,1,1,NA,2,010,I-8 W/B TO SUNSET CLIFFS BLVD.,SUNSET CLIFFS BLVD,110,W,N,A,-,Y,SD,NA,8,NA,T,0.433,H,NA,L,Y,4,0,1,2,A,-,01,23152,A,F,C,C,A,A,H,-,C,A,0,NA,NA,NA,NA,Y,Y,A,01,0,0,1,0,0,0,0,0,0,-,-,32.75598907470703,-117.23502349853516,SAN DIEGO,SAN DIEGO,-117.23501586914063,32.75597381591797
94543325,2025,2025-01-20,9645,2025-01-14,1350,022814,NA,2,1,7,3711,0,1,1,NA,2,021,SR-15 SOUTHBOUND,WIGHTMAN STREET,1430,S,N,A,-,Y,SD,NA,15,NA,M,4.246,H,NA,L,N,4,0,2,2,A,-,03,22350,NA,N,C,C,A,A,H,-,A,D,0,NA,NA,NA,NA,Y,NA,A,01,0,0,2,0,0,0,0,0,0,-,-,32.7440185546875,-117.11052703857422,SAN DIEGO,SAN DIEGO,-117.11053466796876,32.74402618408203