CASE_ID,ACCIDENT_YEAR,PROC_DATE,JURIS,COLLISION_DATE,COLLISION_TIME,OFFICER_ID,REPORTING_DISTRICT,DAY_OF_WEEK,CHP_SHIFT,POPULATION,CNTY_CITY_LOC,SPECIAL_COND,BEAT_TYPE,CHP_BEAT_TYPE,CITY_DIVISION_LAPD,CHP_BEAT_CLASS,BEAT_NUMBER,PRIMARY_RD,SECONDARY_RD,DISTANCE,DIRECTION,INTERSECTION,WEATHER_1,WEATHER_2,STATE_HWY_IND,CALTRANS_COUNTY,CALTRANS_DISTRICT,STATE_ROUTE,ROUTE_SUFFIX,POSTMILE_PREFIX,POSTMILE,LOCATION_TYPE,RAMP_INTERSECTION,SIDE_OF_HWY,TOW_AWAY,COLLISION_SEVERITY,NUMBER_KILLED,NUMBER_INJURED,PARTY_COUNT,PRIMARY_COLL_FACTOR,PCF_CODE_OF_VIOL,PCF_VIOL_CATEGORY,PCF_VIOLATION,PCF_VIOL_SUBSECTION,HIT_AND_RUN,TYPE_OF_COLLISION,MVIW,PED_ACTION,ROAD_SURFACE,ROAD_COND_1,ROAD_COND_2,LIGHTING,CONTROL_DEVICE,CHP_ROAD_TYPE,PEDESTRIAN_ACCIDENT,BICYCLE_ACCIDENT,MOTORCYCLE_ACCIDENT,TRUCK_ACCIDENT,NOT_PRIVATE_PROPERTY,ALCOHOL_INVOLVED,STWD_VEHTYPE_AT_FAULT,CHP_VEHTYPE_AT_FAULT,COUNT_SEVERE_INJ,COUNT_VISIBLE_INJ,COUNT_COMPLAINT_PAIN,COUNT_PED_KILLED,COUNT_PED_INJURED,COUNT_BICYCLIST_KILLED,COUNT_BICYCLIST_INJURED,COUNT_MC_KILLED,COUNT_MC_INJURED,PRIMARY_RAMP,SECONDARY_RAMP,LATITUDE,LONGITUDE,COUNTY,CITY,POINT_X,POINT_Y
6397360,2014,2016-03-16,9645,2014-01-26,1015,016779,NA,7,1,7,3711,0,1,3,NA,2,006,RT 94,30TH ST,528,E,N,B,-,Y,SD,11,94,-,-,2.56,H,-,W,N,4,0,1,2,A,-,07,21658,A,N,B,C,A,A,H,-,A,-,1,NA,NA,NA,NA,Y,NA,-,-,0,0,1,0,0,0,0,0,0,-,-,32.71402,-117.1287,SAN DIEGO,SAN DIEGO,-117.12813232,32.71414616
6438203,2014,2014-07-01,3702,2014-02-22,0845,CV0969,NA,6,5,6,3702,0,0,0,NA,0,023,ORANGE AV,CONNOLEY AV,0,NA,Y,A,-,N,NA,NA,NA,NA,NA,NA,NA,NA,NA,Y,4,0,3,2,A,-,09,21800,B,N,D,C,A,A,H,-,A,D,0,NA,NA,NA,NA,Y,NA,A,01,0,0,3,0,0,0,0,0,0,-,-,NA,NA,SAN DIEGO,CHULA VISTA,-117.05550012,32.60075008
6399159,2014,2014-06-20,9680,2014-02-19,0930,18152,NA,3,1,9,3700,0,3,5,NA,2,002,CANYONVIEW CT,CLIFFSIDE AV,662,E,N,B,-,N,NA,NA,NA,NA,NA,NA,NA,NA,NA,N,3,0,2,1,A,-,03,22350,NA,N,E,I,A,A,H,-,A,D,0,NA,NA,NA,NA,Y,NA,A,07,0,1,1,0,0,0,0,0,0,-,-,32.73635,-116.97548,SAN DIEGO,UNINCORPORATED,-116.97561,32.73626
6401454,2014,2016-03-15,9680,2014-01-17,0702,15070,NA,5,1,9,3700,0,1,1,NA,2,083,RT 8,PEUTZ VALLEY RD,4224,E,N,A,-,Y,SD,11,8,-,R,27.53,H,-,W,Y,4,0,1,1,A,-,08,22107,NA,N,E,I,A,A,H,-,A,D,1,NA,NA,NA,NA,Y,NA,-,99,0,0,1,0,0,0,0,0,0,-,-,32.84451,-116.79914,SAN DIEGO,UNINCORPORATED,-116.79473659,32.8423986
6425554,2014,2014-07-08,9650,2014-03-13,1507,016516,NA,4,2,9,3700,0,3,5,NA,1,212,COUSER CANYON RD,LILAC RD,500,N,N,A,-,N,NA,NA,NA,NA,NA,NA,NA,NA,NA,Y,3,0,1,2,A,-,06,21750,NA,N,B,C,A,A,H,-,A,D,0,NA,NA,Y,Y,Y,NA,C,02,0,1,0,0,0,0,0,0,1,-,-,NA,NA,SAN DIEGO,UNINCORPORATED,-117.08612421,33.29949419
6402690,2014,2014-06-05,3709,2014-02-26,1647,358,SOUTH,3,5,5,3709,0,0,0,NA,0,024,MILES OF CAR WAY,WILSON AV,77,W,N,A,-,N,NA,NA,NA,NA,NA,NA,NA,NA,NA,N,4,0,1,2,A,-,04,21703,NA,N,C,C,A,A,H,-,B,D,0,NA,NA,NA,NA,Y,NA,D,22,0,0,1,0,0,0,0,0,0,-,-,NA,NA,SAN DIEGO,NATIONAL CITY,-117.06430324,33.13910308
6428466,2014,2016-02-17,9645,2014-02-28,0623,13033,NA,5,1,7,3711,0,1,1,NA,2,017,RT 15,MIRAMAR WY,1056,S,N,C,-,Y,SD,11,15,-,M,13,H,-,N,Y,4,0,1,5,A,-,03,22350,NA,N,E,I,A,B,H,-,A,D,1,NA,NA,NA,NA,Y,NA,A,01,0,0,1,0,0,0,0,0,0,-,-,32.8847,-117.11021,SAN DIEGO,SAN DIEGO,-117.10710948,32.87575665
6428569,2014,2016-01-25,9645,2014-02-20,2305,19010,NA,4,3,6,3702,0,1,1,NA,2,009,RT 805,RT 54,400,S,N,A,-,Y,SD,11,805,-,-,8.77,H,-,S,Y,4,0,1,2,A,-,02,21654,A,N,B,C,A,A,-,-,C,D,1,NA,NA,NA,NA,Y,NA,A,01,0,0,1,0,0,0,0,0,0,-,-,32.6565,-117.07317,SAN DIEGO,CHULA VISTA,-117.07383908,32.65732198
6429618,2014,2014-07-28,3711,2014-01-30,2235,6701,NA,4,5,7,3711,0,0,0,NA,0,934,TOWNSGATE DR,KELSFORD PL,132,S,N,C,-,N,NA,NA,NA,NA,NA,NA,NA,NA,NA,Y,3,0,1,4,A,-,03,22350,NA,N,C,E,A,B,H,-,C,D,0,NA,NA,NA,NA,Y,Y,A,01,0,1,0,0,0,0,0,0,0,-,-,NA,NA,SAN DIEGO,SAN DIEGO,-117.23174408,32.95173661
6431093,2014,2014-06-28,3700,2014-03-27,0001,SH0535,NA,4,5,5,3713,0,0,0,NA,0,311,EUCALYPTUS AV,CIVIC CENTER DR,500,W,N,B,-,N,NA,NA,NA,NA,NA,NA,NA,NA,NA,Y,3,0,1,1,A,-,08,22107,NA,N,F,I,A,A,H,-,C,D,0,NA,NA,NA,NA,Y,NA,A,01,0,1,0,0,0,0,0,0,0,-,-,NA,NA,SAN DIEGO,VISTA,-117.23724722,33.20245911
6418775,2014,2014-06-24,9650,2014-03-18,1743,15446,NA,2,2,9,3700,0,2,4,NA,2,061,SOUTH MISSION RD,WINTER HAVEN RD,2640,S,N,A,-,N,NA,NA,NA,NA,NA,NA,NA,NA,NA,N,3,0,3,4,A,-,08,22107,NA,F,G,B,E,A,H,-,A,D,0,Y,NA,NA,NA,Y,NA,D,22,0,3,0,0,3,0,0,0,0,-,-,33.34056,-117.23914,SAN DIEGO,UNINCORPORATED,-117.23885266,33.33986857
6443780,2014,2014-07-03,3711,2014-03-30,2104,6534,NA,7,5,7,3711,0,0,0,NA,0,813,UNIVERSITY AV,UNIVERSITY AV 3200,2,N,N,A,-,N,NA,NA,NA,NA,NA,NA,NA,NA,NA,N,4,0,1,1,A,-,08,22107,NA,N,A,-,A,A,H,-,C,D,0,NA,Y,NA,NA,Y,NA,L,04,0,0,1,0,0,0,1,0,0,-,-,NA,NA,SAN DIEGO,SAN DIEGO,NA,NA
6445797,2014,2014-06-13,3700,2014-01-24,1949,SH5794,NA,5,5,5,3781,0,0,0,NA,0,514,CUYAMACA ST,TOWN CENTER PKWY,773,N,N,A,-,N,NA,NA,NA,NA,NA,NA,NA,NA,NA,N,3,0,1,2,A,-,03,22350,NA,F,C,G,A,A,H,-,D,D,0,NA,Y,NA,NA,Y,Y,-,NA,0,1,0,0,0,0,1,0,0,-,-,NA,NA,SAN DIEGO,SANTEE,-116.98368798,32.84433437
6446245,2014,2015-11-10,9680,2014-03-23,1434,018672,NA,7,2,9,3700,0,1,3,NA,1,052,RT 78,WYNOLA RD,21648,E,N,A,-,Y,SD,11,78,-,-,64.36,H,-,E,Y,4,0,1,1,A,-,05,21650,NA,N,E,I,A,A,H,-,A,D,0,NA,NA,Y,NA,Y,NA,C,02,0,0,1,0,0,0,0,0,1,-,-,33.06643,-116.55296,SAN DIEGO,UNINCORPORATED,-116.5530247,33.06643924
6449044,2014,2014-07-03,3711,2014-03-14,1856,4298,NA,5,5,7,3711,0,0,0,NA,0,313,CONVOY ST,OTHELLO AV,0,NA,Y,A,-,N,NA,NA,NA,NA,NA,NA,NA,NA,NA,Y,3,0,1,2,A,-,12,21453,A,N,D,C,A,A,H,-,B,A,0,NA,NA,NA,NA,Y,NA,-,NA,0,1,0,0,0,0,0,0,0,-,-,NA,NA,SAN DIEGO,SAN DIEGO,-117.15477007,32.81714005
6449106,2014,2014-07-09,3711,2014-03-12,1433,7074,NA,3,5,7,3711,0,0,0,NA,0,833,CHAMOUNE AV,UNIVERSITY AV,22,N,N,A,-,N,NA,NA,NA,NA,NA,NA,NA,NA,NA,Y,4,0,1,2,A,-,09,21801,A,N,D,C,A,A,H,-,A,A,0,NA,NA,NA,NA,Y,NA,-,NA,0,0,1,0,0,0,0,0,0,-,-,NA,NA,SAN DIEGO,SAN DIEGO,-117.09657865,32.74966025
6449113,2014,2014-07-03,3711,2014-03-15,1957,6865,NA,6,5,7,3711,0,0,0,NA,0,446,LOGAN AV,49TH ST,0,NA,Y,A,-,N,NA,NA,NA,NA,NA,NA,NA,NA,NA,Y,4,0,1,2,A,-,09,21801,A,M,D,C,A,A,H,-,C,A,0,NA,NA,NA,NA,Y,NA,-,NA,0,0,1,0,0,0,0,0,0,-,-,NA,NA,SAN DIEGO,SAN DIEGO,-117.08944012,32.69680003
6450651,2014,2016-03-21,3711,2014-03-28,0542,00001,NA,5,5,7,3711,0,0,0,NA,0,NA,AERO DR,RT 15,39,S,N,B,-,Y,SD,11,15,-,R,8.318,R,3,S,Y,3,0,1,1,A,-,03,22350,NA,N,H,J,A,A,H,-,B,A,0,NA,NA,Y,NA,Y,NA,C,02,0,1,0,0,0,0,0,0,1,TO,NO,NA,NA,SAN DIEGO,SAN DIEGO,-117.11422358,32.80967237
6450906,2014,2016-02-01,3711,2014-03-26,0455,6915,NA,3,5,7,3711,0,0,0,NA,0,NA,OTAY MESA RD,RT 125,51,W,N,A,-,Y,SD,11,125,-,L,1.063,R,4,S,Y,3,0,2,2,A,-,12,21453,A,N,D,C,A,A,H,-,C,A,0,NA,NA,NA,NA,Y,NA,-,NA,0,1,1,0,0,0,0,0,0,-,-,NA,NA,SAN DIEGO,SAN DIEGO,-116.95002923,32.56952062
6451230,2014,2014-06-26,3702,2014-04-03,1540,CV0881,NA,4,5,6,3702,0,0,0,NA,0,024,BRANDYWINE,MAIN ST,185,N,N,A,-,N,NA,NA,NA,NA,NA,NA,NA,NA,NA,Y,4,0,1,2,A,-,09,21804,A,N,D,C,A,A,H,-,A,D,0,NA,NA,NA,NA,Y,NA,A,01,0,0,1,0,0,0,0,0,0,-,-,NA,NA,SAN DIEGO,CHULA VISTA,-117.02941,32.59539671
6452889,2014,2014-07-09,3711,2014-04-15,1319,5901,NA,2,5,7,3711,0,0,0,NA,0,627,ROBINSON AV,8TH AV,16,E,N,A,-,N,NA,NA,NA,NA,NA,NA,NA,NA,NA,N,3,0,1,3,A,-,08,22107,NA,N,A,C,A,A,H,-,A,D,0,NA,NA,NA,NA,Y,NA,-,NA,0,1,0,0,0,0,0,0,0,-,-,NA,NA,SAN DIEGO,SAN DIEGO,-117.15714825,32.74694712
6452890,2014,2014-07-09,3711,2014-04-15,1845,6018,NA,2,5,7,3711,0,0,0,NA,0,623,FRIARS RD,FASHION VALLEY RD,1056,W,N,A,-,N,NA,NA,NA,NA,NA,NA,NA,NA,NA,Y,4,0,2,2,A,-,05,21651,NA,N,-,C,A,A,H,-,A,D,0,NA,NA,NA,NA,Y,NA,-,NA,0,0,2,0,0,0,0,0,0,-,-,NA,NA,SAN DIEGO,SAN DIEGO,-117.17474605,32.76760329
6452897,2014,2014-07-17,3711,2014-04-15,1450,5559,NA,2,5,7,3711,0,0,0,NA,0,931,SORRENTO VALLEY RD,ARBUTUS ST,3,N,N,A,-,N,NA,NA,NA,NA,NA,NA,NA,NA,NA,Y,3,0,2,2,A,-,09,21801,A,N,D,C,A,A,H,-,A,D,0,NA,NA,NA,NA,Y,NA,-,-,0,2,0,0,0,0,0,0,0,-,-,NA,NA,SAN DIEGO,SAN DIEGO,-117.22049609,32.89831642
6453603,2014,2016-03-28,9645,2014-04-07,0750,13599,NA,1,1,7,3711,0,1,3,NA,2,014,RT 52,RT 805,3696,W,N,A,-,Y,SD,11,52,-,-,3.06,H,-,W,Y,4,0,1,3,A,-,02,22400,A,N,C,C,A,A,H,-,A,D,1,NA,NA,NA,NA,Y,NA,A,01,0,0,1,0,0,0,0,0,0,-,-,NA,NA,SAN DIEGO,SAN DIEGO,-117.19015691,32.84627761
6454614,2014,2016-02-06,9645,2014-04-13,2110,016816,NA,7,2,7,3711,0,1,1,NA,2,007,RT 5,VIA DE LA VALLE,1500,S,N,A,-,Y,SD,11,5,-,R,35.99,H,-,S,Y,4,0,1,3,A,-,03,22350,NA,N,D,C,A,A,H,-,D,D,1,NA,NA,NA,NA,Y,NA,A,01,0,0,1,0,0,0,0,0,0,-,-,32.97381,-117.25101,SAN DIEGO,SAN DIEGO,-117.25174638,32.97598065
6419010,2014,2014-06-30,3710,2014-02-28,1310,OC1086,NA,5,5,6,3710,0,0,0,NA,0,030,VISTA,COLLEGE,10,E,N,A,-,N,NA,NA,NA,NA,NA,NA,NA,NA,NA,N,4,0,1,2,A,-,03,22350,NA,N,C,C,A,B,H,-,A,A,0,NA,NA,NA,NA,Y,NA,A,01,0,0,1,0,0,0,0,0,0,-,-,NA,NA,SAN DIEGO,OCEANSIDE,-117.29646743,33.18400078
6432428,2014,2014-06-25,3702,2014-03-02,2020,CV0980,NA,7,5,6,3702,0,0,0,NA,0,023,FIRST AV,EMERSON ST,48,S,N,A,-,N,NA,NA,NA,NA,NA,NA,NA,NA,NA,Y,3,0,1,4,A,-,01,23152,B,N,C,E,A,A,H,-,C,D,0,NA,NA,NA,NA,Y,Y,A,01,0,1,0,0,0,0,0,0,0,-,-,NA,NA,SAN DIEGO,CHULA VISTA,-117.06021861,32.61411593
6433214,2014,2014-06-20,3711,2014-02-28,0650,6741,SAN D,5,5,7,3711,0,0,0,NA,0,511,S SAMPSON ST,NATIONAL AV,3,S,N,B,C,N,NA,NA,NA,NA,NA,NA,NA,NA,NA,N,4,0,1,2,A,-,10,21950,A,M,G,B,B,B,H,-,A,A,0,Y,NA,NA,NA,Y,NA,-,NA,0,0,1,0,1,0,0,0,0,-,-,NA,NA,SAN DIEGO,SAN DIEGO,-117.14006627,32.69721372
6420772,2014,2014-06-13,9645,2014-02-19,0920,14922,NA,3,1,6,3702,0,1,1,NA,2,001,RT 5,J ST,177,S,N,A,-,Y,NA,NA,5,NA,NA,NA,NA,NA,NA,Y,3,0,2,1,A,-,08,22107,NA,N,E,I,A,A,H,-,A,D,0,NA,NA,NA,NA,Y,NA,A,01,0,2,0,0,0,0,0,0,0,-,-,32.62207,-117.0929,SAN DIEGO,CHULA VISTA,-117.09297478,32.62204211
6425815,2014,2015-02-24,9645,2014-03-20,2255,19049,NA,4,3,7,3711,0,1,1,NA,2,005,RT 5,CLAIRMONT DR,200,S,N,A,-,Y,NA,NA,5,NA,NA,NA,NA,NA,NA,Y,3,0,1,1,A,-,01,23152,A,N,E,I,A,A,H,-,C,D,0,NA,NA,NA,NA,Y,Y,A,01,0,1,0,0,0,0,0,0,0,-,-,32.78967,-117.20738,SAN DIEGO,SAN DIEGO,-117.20714796,32.78968964
6457998,2014,2014-07-10,3700,2014-04-12,1335,SH2439,NA,6,5,5,3713,0,0,0,NA,0,303,EAST VISTA WY,EAST BOBIER DR,35,N,N,A,-,N,NA,NA,NA,NA,NA,NA,NA,NA,NA,Y,4,0,1,2,A,-,03,22350,NA,N,C,C,A,A,H,-,A,A,0,NA,NA,NA,NA,Y,NA,A,01,0,0,1,0,0,0,0,0,0,-,-,NA,NA,SAN DIEGO,VISTA,-117.22621417,33.21733496
6458936,2014,2016-03-26,9645,2014-05-06,2113,016138,NA,2,2,7,3711,0,1,1,NA,2,010,RT 8,MISSION GORGE RD,1200,W,N,B,-,Y,SD,11,8,-,-,6.06,H,-,W,Y,3,0,1,2,A,-,07,21658,A,N,B,C,A,B,H,-,C,D,1,NA,NA,NA,NA,Y,Y,A,07,0,1,0,0,0,0,0,0,0,TO,-,32.77968,-117.10855,SAN DIEGO,SAN DIEGO,-117.10517998,32.77887572
6427612,2014,2016-02-02,9680,2014-03-26,0520,14631,NA,3,3,5,3705,0,1,1,NA,2,082,RT 8,JOHNSON AV,128,E,N,B,C,Y,SD,11,8,-,-,15.33,H,-,W,Y,4,0,2,2,A,-,03,22350,NA,N,C,C,A,B,H,-,C,D,1,NA,NA,NA,NA,Y,NA,D,22,0,0,2,0,0,0,0,0,0,-,-,32.80315,-116.97013,SAN DIEGO,EL CAJON,-116.9706763,32.8030215
6459492,2014,2014-08-01,3711,2014-05-14,1008,5450,NA,3,5,7,3711,0,0,0,NA,0,123,WEST MISSION BAY DR,QUIVIRA RD,1300,E,N,A,-,N,NA,NA,NA,NA,NA,NA,NA,NA,NA,N,3,0,1,2,A,-,07,21658,A,N,C,C,A,A,H,-,A,D,0,NA,NA,Y,NA,Y,NA,A,08,0,1,0,0,0,0,0,0,1,-,-,NA,NA,SAN DIEGO,SAN DIEGO,-117.23397579,32.76423312
6427624,2014,2016-01-23,9680,2014-03-19,0900,015972,NA,3,1,9,3700,0,2,4,NA,1,029,RT 94,SINGER LN,2640,E,N,A,-,Y,SD,11,94,-,-,15.79,H,-,E,Y,4,0,3,2,A,-,03,22350,NA,N,C,C,A,A,H,-,A,D,0,NA,NA,NA,NA,Y,NA,A,08,0,0,3,0,0,0,0,0,0,-,-,32.72966,-116.93358,SAN DIEGO,UNINCORPORATED,-116.93358509,32.72972064
6460096,2014,2016-02-17,9645,2014-04-11,1020,013383,NA,5,1,7,3711,0,1,1,NA,2,019,RT 15,DUENDA RD,620,N,N,A,-,Y,SD,11,15,-,M,24.51,H,-,N,Y,4,0,1,2,A,-,08,22107,NA,N,C,C,A,A,H,-,A,D,1,NA,NA,NA,NA,Y,NA,A,01,0,0,1,0,0,0,0,0,0,-,-,33.03419,-117.07712,SAN DIEGO,SAN DIEGO,-117.07707631,33.03463654
6428260,2014,2016-02-11,9650,2014-03-24,0640,015273,NA,1,1,5,3701,0,1,1,NA,2,005,RT 5,LA COSTA AV,500,N,N,B,-,Y,SD,11,5,-,R,44.16,H,-,S,Y,3,0,1,2,A,-,03,22350,NA,N,C,C,A,B,H,-,B,D,1,NA,NA,Y,NA,Y,NA,C,02,0,1,0,0,0,0,0,0,1,-,-,NA,NA,SAN DIEGO,CARLSBAD,-117.29896196,33.08535277
6428378,2014,2015-11-09,9645,2014-03-01,0231,019035,NA,6,3,7,3711,0,1,1,NA,2,001,RT 5,RT 15,150,S,N,C,-,Y,SD,11,5,-,R,12.6,H,-,N,Y,4,0,1,2,A,-,07,21658,A,F,B,C,A,B,H,-,C,D,1,NA,NA,NA,NA,Y,NA,-,99,0,0,1,0,0,0,0,0,0,-,-,32.68796,-117.11454,SAN DIEGO,SAN DIEGO,-117.12104129,32.69257422
6460178,2014,2016-03-28,9645,2014-04-10,1605,017524,NA,4,2,7,3711,0,1,1,NA,2,015,RT 805,GOVERNOR DR,1056,N,N,A,-,Y,SD,11,805,-,-,24.67,H,-,S,Y,3,0,2,4,A,-,03,22350,NA,N,C,C,A,A,H,-,A,D,1,NA,NA,NA,NA,Y,NA,A,07,0,1,1,0,0,0,0,0,0,-,-,32.86447,-117.19019,SAN DIEGO,SAN DIEGO,-117.18638446,32.86054557
6428445,2014,2016-03-25,9645,2014-02-13,0725,016542,NA,4,1,7,3711,0,1,3,NA,2,006,RT 94,28TH ST,1333,W,N,A,-,Y,SD,11,94,-,-,1.96,H,-,W,Y,3,0,1,2,A,-,03,22350,NA,N,B,C,A,A,H,-,A,D,1,NA,NA,Y,NA,Y,NA,C,02,0,1,0,0,0,0,0,0,1,-,-,32.71342,-117.13453,SAN DIEGO,SAN DIEGO,-117.13834773,32.7132807
6464812,2014,2016-03-23,9645,2014-03-21,0805,14804,NA,5,1,7,3711,0,1,3,NA,2,014,RT 52,RT 5,2112,E,N,B,-,Y,SD,11,52,-,-,0.74,H,-,W,Y,4,0,1,3,A,-,03,22350,NA,N,C,C,A,A,H,-,A,D,1,NA,NA,NA,NA,Y,NA,A,01,0,0,1,0,0,0,0,0,0,-,-,32.83999,-117.2245,SAN DIEGO,SAN DIEGO,-117.22786221,32.83926764
6464836,2014,2014-07-08,9645,2014-03-27,1325,16543,NA,4,1,9,3700,0,3,5,NA,2,018,BONITA RD,ACACIA AV,0,NA,Y,A,-,N,NA,NA,NA,NA,NA,NA,NA,NA,NA,N,3,0,1,2,A,-,08,22107,NA,F,D,G,A,A,H,-,A,A,0,NA,Y,NA,NA,Y,NA,A,01,0,1,0,0,0,0,1,0,0,-,-,32.66546,-117.024,SAN DIEGO,UNINCORPORATED,-117.02389001,32.66559003
6466194,2014,2014-07-15,3710,2014-04-01,1324,OC0778,NA,2,5,6,3710,0,0,0,NA,0,037,PLAZA,PLAZA 3804,0,NA,N,A,-,N,NA,NA,NA,NA,NA,NA,NA,NA,NA,N,4,0,1,2,A,-,09,21804,A,N,G,B,F,A,H,-,A,D,0,Y,NA,NA,NA,Y,NA,D,22,0,0,1,0,1,0,0,0,0,-,-,NA,NA,SAN DIEGO,OCEANSIDE,-117.29299486,33.18242255
6441927,2014,2014-07-01,3710,2014-03-27,1510,OC1395,NA,4,5,6,3710,0,0,0,NA,0,036,OCEANSIDE BL,CATALINA CIR,0,NA,Y,A,-,N,NA,NA,NA,NA,NA,NA,NA,NA,NA,Y,3,0,1,2,A,-,12,21453,A,N,D,C,A,A,H,-,A,A,0,NA,NA,NA,NA,Y,Y,A,01,0,1,0,0,0,0,0,0,0,-,-,NA,NA,SAN DIEGO,OCEANSIDE,-117.2663401,33.21920011
6471775,2014,2014-07-22,3711,2014-04-22,1653,7083,SAN D,2,5,7,3711,0,0,0,NA,0,931,FERRIS SQ,BROWN DEER RD,300,W,N,A,-,N,NA,NA,NA,NA,NA,NA,NA,NA,NA,Y,4,0,1,1,A,-,08,22107,NA,N,F,I,A,A,H,-,A,D,0,NA,NA,NA,NA,Y,Y,A,01,0,0,1,0,0,0,0,0,0,-,-,NA,NA,SAN DIEGO,SAN DIEGO,-117.18058608,32.88987694
6472693,2014,2014-07-10,3706,2014-04-17,1450,0383,ESPD,4,5,6,3706,0,0,0,NA,0,042,W WASHINGTON AV,ESCONDIDO BL,528,E,N,A,-,N,NA,NA,NA,NA,NA,NA,NA,NA,NA,N,4,0,1,2,A,-,05,21650,1,N,D,G,A,A,H,-,A,D,0,NA,Y,NA,NA,Y,NA,L,04,0,0,1,0,0,0,1,0,0,-,-,NA,NA,SAN DIEGO,ESCONDIDO,-117.08632753,33.12621071
6473601,2014,2016-03-26,9645,2014-04-20,1240,018118,NA,7,1,6,3702,0,1,1,NA,2,009,RT 805,BONITA RD,500,S,N,A,-,Y,SD,11,805,-,-,0.76,H,-,N,Y,4,0,1,1,A,-,08,22107,NA,N,E,I,A,A,H,-,A,D,1,NA,NA,NA,NA,Y,NA,A,01,0,0,1,0,0,0,0,0,0,-,-,32.64392,-117.05772,SAN DIEGO,CHULA VISTA,-117.04131943,32.55322019
6442962,2014,2014-07-02,3711,2014-03-28,1845,5335,NA,5,5,7,3711,0,0,0,NA,0,232,HIGHLAND RANCH RD,CARMEL RIDGE RD,10,N,N,A,-,N,NA,NA,NA,NA,NA,NA,NA,NA,NA,Y,3,0,3,2,A,-,12,21453,A,N,D,C,A,A,H,-,B,A,0,NA,NA,NA,NA,Y,NA,-,NA,0,1,2,0,0,0,0,0,0,-,-,NA,NA,SAN DIEGO,SAN DIEGO,-117.07110485,32.97827708
6479333,2014,2016-03-26,9645,2014-05-01,0642,014461,NA,4,1,7,3711,0,1,3,NA,2,016,RT 52,MAST BL,3696,W,N,A,-,Y,SD,11,52,-,-,12.5,H,-,W,Y,3,0,1,4,A,-,03,22350,NA,N,C,C,A,A,H,-,A,D,1,NA,NA,NA,Y,Y,NA,F,26,0,1,0,0,0,0,0,0,0,-,-,32.85138,-117.03671,SAN DIEGO,SAN DIEGO,-117.0370446,32.85132104
6480196,2014,2014-07-23,3711,2014-04-26,1530,7051,NA,6,5,7,3711,0,0,0,NA,0,931,MIRAMAR RD,MIRAMAR PL,0,NA,Y,B,-,N,NA,NA,NA,NA,NA,NA,NA,NA,NA,Y,3,0,2,2,A,-,12,21453,A,N,D,C,A,A,H,-,A,A,0,NA,NA,NA,NA,Y,NA,-,NA,0,1,1,0,0,0,0,0,0,-,-,NA,NA,SAN DIEGO,SAN DIEGO,-117.17839003,32.87767001
6480253,2014,2014-07-30,3711,2014-04-22,2140,6150,NA,2,5,7,3711,0,0,0,NA,0,451,60TH ST,MICHAEL ST,6,NA,N,A,-,N,NA,NA,NA,NA,NA,NA,NA,NA,NA,N,2,0,1,2,A,-,11,21950,B,N,G,B,F,A,H,-,C,D,0,Y,NA,NA,NA,Y,NA,N,60,1,0,0,0,1,0,0,0,0,-,-,NA,NA,SAN DIEGO,SAN DIEGO,-117.06713011,32.7428301
6480259,2014,2014-07-30,3711,2014-04-24,1559,7061,NA,4,5,7,3711,0,0,0,NA,0,111,CLAIREMONT MESA BL,FRINK AV,0,NA,Y,A,-,N,NA,NA,NA,NA,NA,NA,NA,NA,NA,N,4,0,1,2,A,-,03,22350,NA,N,C,C,A,A,H,-,A,D,0,NA,NA,NA,NA,Y,NA,-,NA,0,0,1,0,0,0,0,0,0,-,-,NA,NA,SAN DIEGO,SAN DIEGO,-117.19155009,32.83455001
6480391,2014,2014-07-15,9680,2014-04-20,1910,019418,NA,7,2,9,3700,0,2,4,NA,1,026,JAMACHA RD,KEMPTON ST,0,NA,Y,A,-,N,NA,NA,NA,NA,NA,NA,NA,NA,NA,Y,4,0,3,2,D,-,00,NA,NA,N,D,C,A,A,H,-,B,A,0,NA,NA,NA,NA,Y,NA,-,-,0,0,3,0,0,0,0,0,0,-,-,32.71479,-117.00176,SAN DIEGO,UNINCORPORATED,-117.00164007,32.71486011
6482122,2014,2014-08-01,3711,2014-05-09,1414,7064,NA,5,5,7,3711,0,0,0,NA,0,511,NATIONAL AV,2600 NATIONAL AV,0,NA,Y,A,-,N,NA,NA,NA,NA,NA,NA,NA,NA,NA,Y,3,0,2,2,A,-,08,22107,NA,N,B,C,A,A,H,-,A,D,0,NA,NA,NA,NA,Y,NA,-,NA,0,1,1,0,0,0,0,0,0,-,-,NA,NA,SAN DIEGO,SAN DIEGO,-117.13810444,32.69591333
6483972,2014,2014-07-25,3702,2014-05-02,2130,CV0982,NA,5,5,6,3702,0,0,0,NA,0,013,BROADWAY,J ST,27,S,N,A,-,N,NA,NA,NA,NA,NA,NA,NA,NA,NA,N,3,0,1,2,A,-,11,21950,B,N,G,B,D,A,H,-,C,A,0,Y,NA,NA,NA,Y,NA,N,60,0,1,0,0,1,0,0,0,0,-,-,NA,NA,SAN DIEGO,CHULA VISTA,-117.08673245,32.62395981
6491611,2014,2016-03-28,9650,2014-05-09,1540,17743,NA,5,2,5,3712,0,1,3,NA,2,019,RT 78,NORDAHL RD,1320,W,N,A,-,Y,SD,11,78,-,-,15.24,H,-,E,N,4,0,1,2,A,-,03,22350,NA,N,C,C,A,A,H,-,A,D,1,NA,NA,NA,NA,Y,NA,B,07,0,0,1,0,0,0,0,0,0,-,-,33.13381,-117.12566,SAN DIEGO,SAN MARCOS,-117.12531082,33.13370799
6491650,2014,2014-07-08,3705,2014-03-26,1056,EC0301,NA,3,5,5,3705,0,0,0,NA,0,010,JOHNSON,MADISON,0,NA,Y,A,-,N,NA,NA,NA,NA,NA,NA,NA,NA,NA,Y,3,0,2,2,A,-,17,21457,B,N,D,C,A,A,H,-,A,A,0,NA,NA,NA,NA,Y,NA,A,07,0,1,1,0,0,0,0,0,0,-,-,NA,NA,SAN DIEGO,EL CAJON,-116.97104011,32.80038012