CASE_ID,ACCIDENT_YEAR,PROC_DATE,JURIS,COLLISION_DATE,COLLISION_TIME,OFFICER_ID,REPORTING_DISTRICT,DAY_OF_WEEK,CHP_SHIFT,POPULATION,CNTY_CITY_LOC,SPECIAL_COND,BEAT_TYPE,CHP_BEAT_TYPE,CITY_DIVISION_LAPD,CHP_BEAT_CLASS,BEAT_NUMBER,PRIMARY_RD,SECONDARY_RD,DISTANCE,DIRECTION,INTERSECTION,WEATHER_1,WEATHER_2,STATE_HWY_IND,CALTRANS_COUNTY,CALTRANS_DISTRICT,STATE_ROUTE,ROUTE_SUFFIX,POSTMILE_PREFIX,POSTMILE,LOCATION_TYPE,RAMP_INTERSECTION,SIDE_OF_HWY,TOW_AWAY,COLLISION_SEVERITY,NUMBER_KILLED,NUMBER_INJURED,PARTY_COUNT,PRIMARY_COLL_FACTOR,PCF_CODE_OF_VIOL,PCF_VIOL_CATEGORY,PCF_VIOLATION,PCF_VIOL_SUBSECTION,HIT_AND_RUN,TYPE_OF_COLLISION,MVIW,PED_ACTION,ROAD_SURFACE,ROAD_COND_1,ROAD_COND_2,LIGHTING,CONTROL_DEVICE,CHP_ROAD_TYPE,PEDESTRIAN_ACCIDENT,BICYCLE_ACCIDENT,MOTORCYCLE_ACCIDENT,TRUCK_ACCIDENT,NOT_PRIVATE_PROPERTY,ALCOHOL_INVOLVED,STWD_VEHTYPE_AT_FAULT,CHP_VEHTYPE_AT_FAULT,COUNT_SEVERE_INJ,COUNT_VISIBLE_INJ,COUNT_COMPLAINT_PAIN,COUNT_PED_KILLED,COUNT_PED_INJURED,COUNT_BICYCLIST_KILLED,COUNT_BICYCLIST_INJURED,COUNT_MC_KILLED,COUNT_MC_INJURED,PRIMARY_RAMP,SECONDARY_RAMP,LATITUDE,LONGITUDE,COUNTY,CITY,POINT_X,POINT_Y
6724495,2014,2015-01-14,9680,2014-11-14,1445,018734,NA,5,2,9,3700,0,3,5,NA,2,003,OLD HWY 80,RT 79,8976,E,N,A,-,N,NA,NA,NA,NA,NA,NA,NA,NA,NA,N,3,0,1,2,A,-,08,22107,NA,N,D,C,A,A,H,-,A,D,0,NA,NA,Y,NA,Y,NA,A,01,0,1,0,0,0,0,0,0,1,-,-,32.85267,-116.56643,SAN DIEGO,UNINCORPORATED,-116.56735407,32.85304057
6725735,2014,2015-01-20,3701,2014-11-16,1130,5470,110,7,5,5,3701,0,0,0,NA,0,008,RANCHO SANTA FE,VIA MERCADO,80,S,N,A,-,N,NA,NA,NA,NA,NA,NA,NA,NA,NA,N,4,0,2,2,A,-,04,21703,NA,N,C,C,A,A,H,-,C,A,0,NA,NA,NA,NA,Y,NA,D,22,0,0,2,0,0,0,0,0,0,-,-,NA,NA,SAN DIEGO,CARLSBAD,-117.23175646,33.08376229
6727926,2014,2015-01-14,3711,2014-11-22,0659,7148,NA,6,5,7,3711,0,0,0,NA,0,311,GRAMERCY DR,RUFFIN RD,28,W,N,A,-,N,NA,NA,NA,NA,NA,NA,NA,NA,NA,N,4,0,1,2,A,-,03,22350,NA,N,B,C,A,A,H,-,A,A,0,NA,NA,NA,NA,Y,NA,-,NA,0,0,1,0,0,0,0,0,0,-,-,NA,NA,SAN DIEGO,SAN DIEGO,-117.12903493,32.80189718
6729868,2014,2016-05-25,9645,2014-11-28,1140,019054,NA,5,1,7,3711,0,1,3,NA,2,023,RT 163,KEARNY PEDESTRIAN,947,S,N,A,-,Y,SD,11,163,-,-,5.34,H,-,S,Y,4,0,2,2,A,-,03,22350,NA,N,C,C,A,A,H,-,A,D,1,NA,NA,NA,NA,Y,NA,A,01,0,0,2,0,0,0,0,0,0,-,-,32.78506,-117.16169,SAN DIEGO,SAN DIEGO,-117.16158763,32.78522808
6729888,2014,2015-01-14,3701,2014-11-21,1635,5427,3,5,5,5,3701,0,0,0,NA,0,002,MADISON ST,OAK AV,180,S,N,A,-,N,NA,NA,NA,NA,NA,NA,NA,NA,NA,Y,4,0,1,3,A,-,08,22107,NA,N,C,E,A,A,H,-,A,D,0,NA,NA,NA,NA,Y,NA,A,07,0,0,1,0,0,0,0,0,0,-,-,NA,NA,SAN DIEGO,CARLSBAD,-117.34539266,33.15925082
6730983,2014,2015-01-20,3710,2014-11-25,1554,OC0778,NA,2,5,6,3710,0,0,0,NA,0,011,SAN DIEGO ST,MISSION AV,5,N,N,A,-,N,NA,NA,NA,NA,NA,NA,NA,NA,NA,N,3,0,1,2,A,-,10,21950,A,N,G,B,B,A,H,-,A,A,0,Y,NA,NA,NA,Y,NA,A,01,0,1,0,0,1,0,0,0,0,-,-,33.12109,-117.22146,SAN DIEGO,OCEANSIDE,-117.36907792,33.20179197
6731685,2014,2015-01-30,3711,2014-12-05,1845,6057,NA,5,5,7,3711,0,0,0,NA,0,447,FEDERAL BL,49TH ST,24,W,N,A,-,N,NA,NA,NA,NA,NA,NA,NA,NA,NA,NA,4,0,2,2,A,-,08,22107,NA,N,D,C,A,A,H,-,C,A,0,NA,NA,NA,NA,Y,NA,-,NA,0,0,2,0,0,0,0,0,0,-,-,NA,NA,SAN DIEGO,SAN DIEGO,-117.08985775,32.72143135
6731689,2014,2015-01-30,3711,2014-12-04,1125,4957,NA,4,5,7,3711,0,0,0,NA,0,234,BERNARDO CENTER DR,BERNARDO PLAZA,38,S,N,B,-,N,NA,NA,NA,NA,NA,NA,NA,NA,NA,N,4,0,1,2,A,-,03,22350,NA,N,C,C,A,A,H,-,A,A,0,NA,NA,NA,NA,Y,NA,-,NA,0,0,1,0,0,0,0,0,0,-,-,NA,NA,SAN DIEGO,SAN DIEGO,-117.07554854,33.02748935
6731697,2014,2015-01-30,3711,2014-12-05,0540,7232,NA,5,5,7,3711,0,0,0,NA,0,241,POMERADO RD,RT 15,0,NA,Y,A,-,Y,NA,NA,NA,NA,NA,NA,NA,NA,NA,Y,4,0,1,2,A,-,04,21703,NA,N,C,C,A,A,H,-,A,A,0,NA,NA,NA,NA,Y,NA,-,NA,0,0,1,0,0,0,0,0,0,-,NF,NA,NA,SAN DIEGO,SAN DIEGO,-117.11502009,32.89320012
6731713,2014,2015-01-30,3711,2014-12-05,0833,7122,NA,5,5,7,3711,0,0,0,NA,0,621,LINDA VISTA RD,FULTON ST,70,N,N,A,-,N,NA,NA,NA,NA,NA,NA,NA,NA,NA,N,4,0,2,2,A,-,04,21703,NA,N,C,C,A,A,H,-,A,A,0,NA,NA,NA,NA,Y,NA,-,NA,0,0,2,0,0,0,0,0,0,-,-,NA,NA,SAN DIEGO,SAN DIEGO,-117.16741531,32.79008777
6731722,2014,2015-01-26,3702,2014-11-14,1510,CV1053,NA,5,5,6,3702,0,0,0,NA,0,022,ORANGE AV,4TH AV,0,NA,Y,A,-,N,NA,NA,NA,NA,NA,NA,NA,NA,NA,Y,3,0,2,2,A,-,12,21453,A,N,-,-,A,A,H,-,A,A,0,NA,NA,NA,Y,Y,NA,A,01,0,2,0,0,0,0,0,0,0,-,-,NA,NA,SAN DIEGO,CHULA VISTA,-117.06920011,32.60228007
6731877,2014,2015-01-30,3711,2014-12-07,2002,7126,SDPD,7,5,7,3711,0,0,0,NA,0,934,TIMBER BROOK LN,CARMEL MOUNTAIN RD,14,N,N,A,-,N,NA,NA,NA,NA,NA,NA,NA,NA,NA,Y,3,0,4,2,A,-,09,21802,A,N,A,C,A,A,H,-,C,D,0,NA,NA,NA,NA,Y,NA,-,NA,0,1,3,0,0,0,0,0,0,-,-,NA,NA,SAN DIEGO,SAN DIEGO,-117.19213131,32.92875765
6731913,2014,2015-01-30,3711,2014-12-06,1140,5983,NA,6,5,7,3711,0,0,0,NA,0,826,EL CAJON BL,WINONA AV,0,NA,Y,A,-,N,NA,NA,NA,NA,NA,NA,NA,NA,NA,N,3,0,1,2,A,-,10,21950,A,N,G,B,B,A,H,-,A,A,0,Y,NA,NA,NA,Y,NA,A,01,0,1,0,0,1,0,0,0,0,-,-,NA,NA,SAN DIEGO,SAN DIEGO,-117.08789008,32.75665009
6731994,2014,2015-01-23,3702,2014-11-30,0150,CV1083,NA,7,5,6,3702,0,0,0,NA,0,012,H ST,BROADWAY,105,W,N,A,-,N,NA,NA,NA,NA,NA,NA,NA,NA,NA,Y,4,0,1,1,A,-,01,23152,A,N,A,I,A,A,H,-,C,A,0,NA,NA,NA,NA,Y,Y,A,01,0,0,1,0,0,0,0,0,0,-,-,NA,NA,SAN DIEGO,CHULA VISTA,-117.08978312,32.63087076
6732706,2014,2015-04-29,3700,2014-10-31,1629,SH7406,NA,5,5,4,3780,0,0,0,NA,0,416,MIDLAND RD,POWAY RD,182,N,N,A,-,N,NA,NA,NA,NA,NA,NA,NA,NA,NA,N,4,0,1,2,A,-,09,21804,A,N,D,C,A,A,H,-,A,D,0,NA,NA,Y,NA,Y,NA,A,01,0,0,1,0,0,0,0,0,1,-,-,NA,NA,SAN DIEGO,POWAY,-117.03667442,32.95681695
6735893,2014,2015-01-22,9650,2014-11-29,2214,020254,NA,6,3,9,3700,0,3,5,NA,2,006,MISSILE RD,HAMILTON LN,460,W,N,A,-,N,NA,NA,NA,NA,NA,NA,NA,NA,NA,Y,4,0,5,2,A,-,08,22107,NA,N,A,C,A,A,H,-,C,D,0,NA,NA,NA,NA,Y,NA,A,01,0,0,5,0,0,0,0,0,0,-,-,33.39119,-117.21592,SAN DIEGO,UNINCORPORATED,-117.215858,33.391336
6737087,2014,2015-01-30,9645,2014-12-08,0840,14909,NA,1,1,7,3711,0,1,3,NA,2,014,RT 52,KEARNY VILLA RD,528,E,N,A,-,Y,NA,NA,52,NA,NA,NA,NA,NA,NA,Y,3,0,2,3,A,-,03,22350,NA,N,C,C,A,A,H,-,A,D,0,NA,NA,NA,NA,Y,NA,A,07,0,1,1,0,0,0,0,0,0,TO,-,32.84217,-117.12469,SAN DIEGO,SAN DIEGO,-117.12468639,32.84190412
6737203,2014,2015-01-30,9645,2014-12-10,1730,016766,NA,3,2,7,3711,0,1,1,NA,2,017,RT 15,RT 163,1320,N,N,A,-,Y,NA,NA,15,NA,NA,NA,NA,NA,NA,Y,4,0,2,2,A,-,03,22350,NA,N,C,C,A,A,H,-,D,D,0,NA,NA,Y,NA,Y,NA,C,02,0,0,2,0,0,0,0,0,1,-,-,32.86253,-117.11138,SAN DIEGO,SAN DIEGO,-117.11150973,32.86260962
6737430,2014,2015-01-16,3708,2014-11-12,1800,LM1214,1,3,5,5,3708,0,0,0,NA,0,NA,WAITE DR,VIOLET ST,0,NA,Y,A,-,N,NA,NA,NA,NA,NA,NA,NA,NA,NA,Y,4,0,2,2,A,-,09,21802,A,N,D,C,A,A,H,-,C,A,0,NA,NA,NA,NA,Y,NA,D,22,0,0,2,0,0,0,0,0,0,-,-,NA,NA,SAN DIEGO,LA MESA,-117.04494004,32.74620001
6737475,2014,2015-01-20,3711,2014-11-29,1233,7030,NA,6,5,7,3711,0,0,0,NA,0,611,SPORTS ARENA BL,HANCOCK ST,400,E,N,A,-,N,NA,NA,NA,NA,NA,NA,NA,NA,NA,Y,3,0,2,3,A,-,08,22107,NA,N,A,C,A,A,H,-,A,D,0,NA,NA,NA,NA,Y,NA,-,NA,0,1,1,0,0,0,0,0,0,-,-,NA,NA,SAN DIEGO,SAN DIEGO,-117.21587184,32.75444082
6738163,2014,2015-01-29,9680,2014-12-02,2235,13686,NA,2,3,9,3700,0,1,3,NA,2,016,RT 67 S,PROSPECT AV,175,N,N,B,C,Y,NA,NA,NA,NA,NA,NA,NA,NA,NA,Y,4,0,1,1,A,-,03,22350,NA,N,E,I,A,B,H,-,C,D,0,NA,NA,NA,NA,Y,NA,A,01,0,0,1,0,0,0,0,0,0,-,-,32.83196,-116.9619,SAN DIEGO,UNINCORPORATED,NA,NA
6738173,2014,2015-01-21,9680,2014-11-15,1230,015081,NA,6,1,9,3700,0,1,3,NA,1,052,RT 78,WYNOLA RD,3696,E,N,A,-,Y,NA,NA,78,NA,NA,NA,NA,NA,NA,Y,3,0,4,2,A,-,03,22350,NA,N,C,C,A,A,H,-,A,D,0,NA,NA,NA,NA,Y,NA,D,22,0,1,3,0,0,0,0,0,0,-,-,33.08293,-116.64604,SAN DIEGO,UNINCORPORATED,-116.64602374,33.08293261
6738593,2014,2015-01-30,3711,2014-12-03,1630,4691,NA,3,5,7,3711,0,0,0,NA,0,243,KEARNY VILLA RD,HARRIS PLANT RD,528,S,N,B,-,N,NA,NA,NA,NA,NA,NA,NA,NA,NA,Y,4,0,2,2,A,-,08,22107,NA,N,B,C,A,B,F,-,D,D,0,NA,NA,NA,NA,Y,NA,-,NA,0,0,2,0,0,0,0,0,0,-,-,NA,NA,SAN DIEGO,SAN DIEGO,-117.11750098,32.85908041
6738680,2014,2015-02-12,3711,2014-12-07,2115,7018,NA,7,5,7,3711,0,0,0,NA,0,321,SAN DIEGO  MISSION RD,SAN DIEGO MISSION RD 9900,90,E,N,A,-,N,NA,NA,NA,NA,NA,NA,NA,NA,NA,N,4,0,3,2,A,-,09,21801,A,N,D,C,A,A,H,-,C,D,0,NA,NA,NA,NA,Y,NA,A,01,0,0,3,0,0,0,0,0,0,-,-,NA,NA,SAN DIEGO,SAN DIEGO,NA,NA
6738687,2014,2016-02-23,3711,2014-12-06,2500,5791,NA,6,5,7,3711,0,0,0,NA,0,122,MISSION BL,REED AV,0,NA,Y,B,-,N,NA,NA,NA,NA,NA,NA,NA,NA,NA,Y,4,0,5,2,A,-,03,22350,NA,N,C,C,A,A,H,-,C,A,0,NA,NA,NA,NA,Y,Y,-,NA,0,0,5,0,0,0,0,0,0,-,-,NA,NA,SAN DIEGO,SAN DIEGO,-117.25430011,32.79269005
6738969,2014,2015-01-16,3711,2014-11-23,1044,7021,NA,7,5,7,3711,0,0,0,NA,0,614,CABLE ST,NEWPORT AV,0,NA,Y,A,-,N,NA,NA,NA,NA,NA,NA,NA,NA,NA,N,3,0,1,2,A,-,10,21950,A,N,G,B,B,A,H,-,A,A,0,Y,NA,NA,NA,Y,NA,-,NA,0,1,0,0,1,0,0,0,0,-,-,NA,NA,SAN DIEGO,SAN DIEGO,-117.24931009,32.74580011
6738997,2014,2015-02-19,3711,2014-11-14,1055,6173,NA,5,5,7,3711,0,0,0,NA,0,114,CLAIREMONT MESA BL,CLAIREMONT DR,150,E,N,A,-,N,NA,NA,NA,NA,NA,NA,NA,NA,NA,Y,4,0,1,2,A,-,09,21804,A,N,D,C,A,A,H,-,A,D,0,NA,NA,NA,NA,Y,NA,-,NA,0,0,1,0,0,0,0,0,0,-,-,NA,NA,SAN DIEGO,SAN DIEGO,-117.20566339,32.82770175
6742329,2014,2015-02-05,9645,2014-12-15,1835,018950,NA,1,2,6,3702,0,1,1,NA,2,009,RT 805,MAIN ST,176,S,N,A,-,Y,NA,NA,805,NA,NA,NA,NA,NA,NA,Y,3,0,1,1,A,-,01,23152,A,N,F,A,A,A,H,-,D,D,0,NA,NA,NA,NA,Y,Y,A,01,0,1,0,0,0,0,0,0,0,-,-,32.59365,-117.03666,SAN DIEGO,CHULA VISTA,-117.03648452,32.59364711
6742395,2014,2014-12-30,3705,2014-10-07,1608,EC0301,NA,2,5,5,3705,0,0,0,NA,0,008,WEST WASHINGTON ST,EMERALD,187,E,N,A,-,N,NA,NA,NA,NA,NA,NA,NA,NA,NA,Y,4,0,1,2,A,-,03,22350,NA,N,C,C,A,A,H,-,A,A,0,NA,NA,NA,NA,Y,NA,A,01,0,0,1,0,0,0,0,0,0,-,-,NA,NA,SAN DIEGO,EL CAJON,-116.9681837,32.7876623
6743839,2014,2015-01-23,9680,2014-11-18,1558,019870,NA,2,2,9,3700,0,3,5,NA,2,002,SAINT GEORGE SAINT,SWEETWATER RD,1,E,N,A,-,N,NA,NA,NA,NA,NA,NA,NA,NA,NA,N,4,0,1,2,A,-,05,21650,NA,N,H,G,A,A,H,-,A,A,0,NA,Y,NA,NA,Y,NA,L,04,0,0,1,0,0,0,1,0,0,-,-,32.71221,-117.01279,SAN DIEGO,UNINCORPORATED,-117.012649,32.712176
6743844,2014,2015-01-23,9680,2014-11-25,1350,016622,NA,2,1,9,3700,0,3,5,NA,2,001,OLDE HIGHWAY 80,HAWLEY RD,528,W,N,A,-,N,NA,NA,NA,NA,NA,NA,NA,NA,NA,Y,4,0,1,1,A,-,08,22107,NA,N,E,I,A,A,H,-,A,D,0,NA,NA,NA,NA,Y,NA,D,22,0,0,1,0,0,0,0,0,0,-,-,32.85545,-116.8383,SAN DIEGO,UNINCORPORATED,-116.836152,32.856128
6745484,2014,2015-01-20,9645,2014-11-22,1715,20541,NA,6,2,7,3711,0,1,3,NA,2,014,RT 52,SANTO RD,10560,E,N,A,-,Y,NA,NA,52,NA,NA,NA,NA,NA,NA,Y,4,0,1,2,A,-,03,22350,NA,N,C,C,A,A,H,-,D,D,0,NA,NA,NA,NA,Y,NA,A,07,0,0,1,0,0,0,0,0,0,-,-,32.85236,-117.07023,SAN DIEGO,SAN DIEGO,-117.07026934,32.85242986
6745534,2014,2015-01-20,9645,2014-11-21,0305,020165,NA,5,3,7,3711,0,1,1,NA,2,019,RT 15,BERNARDO CENTER DR,1450,N,N,C,-,Y,NA,NA,15,NA,NA,NA,NA,NA,NA,Y,2,0,3,5,A,-,01,23152,A,N,C,C,E,B,H,-,E,D,0,Y,NA,NA,NA,Y,Y,A,07,1,1,1,0,2,0,0,0,0,-,-,33.04279,-117.07395,SAN DIEGO,SAN DIEGO,-117.07401518,33.04281771
6747066,2014,2016-05-25,9645,2014-12-03,1130,016728,NA,3,1,7,3711,0,1,3,NA,2,023,RT 163,FRIARS RD,250,N,N,C,-,Y,SD,11,163,-,-,4.67,R,2,N,Y,4,0,1,2,A,-,08,22107,NA,N,A,C,A,B,H,-,A,D,1,NA,NA,NA,NA,Y,NA,D,22,0,0,1,0,0,0,0,0,0,TO,-,32.7728,-117.16008,SAN DIEGO,SAN DIEGO,-117.16169542,32.77589414
6747724,2014,2015-01-22,3710,2014-11-27,1740,OC1263,NA,4,5,6,3710,0,0,0,NA,0,028,OCEANSIDE,BEVERLY GLEN,0,NA,Y,A,-,N,NA,NA,NA,NA,NA,NA,NA,NA,NA,Y,4,0,2,2,A,-,12,21453,A,N,D,C,A,A,H,-,C,A,0,NA,NA,NA,NA,Y,NA,A,08,0,0,2,0,0,0,0,0,0,-,-,NA,NA,SAN DIEGO,OCEANSIDE,-117.27531002,33.21289005
6748316,2014,2015-01-30,3711,2014-12-04,1427,6843,SD,4,5,7,3711,0,0,0,NA,0,234,POMERADO RD,RANCHO BERNARDO RD,616,S,N,A,-,N,NA,NA,NA,NA,NA,NA,NA,NA,NA,Y,4,0,1,2,A,-,09,21804,A,N,D,C,A,A,H,-,A,D,0,NA,NA,NA,NA,Y,NA,-,NA,0,0,1,0,0,0,0,0,0,-,-,NA,NA,SAN DIEGO,SAN DIEGO,-117.06102,33.01878
6748331,2014,2015-01-30,3706,2014-12-11,1229,ES0393,NA,4,5,6,3706,0,0,0,NA,0,052,9TH AV,ESCONDIDO BL,126,W,N,A,-,N,NA,NA,NA,NA,NA,NA,NA,NA,NA,Y,3,0,2,2,A,-,09,21801,A,F,D,C,A,A,H,-,A,D,0,NA,NA,NA,NA,Y,NA,A,01,0,2,0,0,0,0,0,0,0,-,-,NA,NA,SAN DIEGO,ESCONDIDO,-117.07945255999999,33.11293372
6748357,2014,2015-02-02,3706,2014-12-08,1604,ES0424,NA,1,5,6,3706,0,0,0,NA,0,041,N BROADWAY,LINCOLN AV,0,NA,Y,A,-,N,NA,NA,NA,NA,NA,NA,NA,NA,NA,Y,4,0,2,2,A,-,09,21802,A,N,D,C,A,A,H,-,A,A,0,NA,NA,NA,NA,Y,NA,A,01,0,0,2,0,0,0,0,0,0,-,-,NA,NA,SAN DIEGO,ESCONDIDO,-117.08680004,33.13375007
6749668,2014,2015-02-04,3700,2014-12-14,1821,SH5502,NA,7,5,5,3713,0,0,0,NA,0,303,EAST VISTA WY,OLD TAYLOR ST,344,S,N,A,-,N,NA,NA,NA,NA,NA,NA,NA,NA,NA,Y,3,0,2,2,A,-,01,23152,A,N,D,C,A,A,H,-,C,D,0,NA,NA,NA,NA,Y,Y,D,22,0,2,0,0,0,0,0,0,0,-,-,NA,NA,SAN DIEGO,VISTA,-117.22616915,33.22848761
6750312,2014,2015-01-29,3711,2014-12-18,0820,6925,NA,4,5,7,3711,0,0,0,NA,0,313,RUFFNER,CLAIREMONT MESA BL,0,NA,Y,A,-,N,NA,NA,NA,NA,NA,NA,NA,NA,NA,NA,4,0,1,2,A,-,10,21950,A,N,G,B,B,A,H,-,A,A,0,Y,NA,NA,NA,Y,NA,-,-,0,0,1,0,1,0,0,0,0,-,-,NA,NA,SAN DIEGO,SAN DIEGO,-117.15922004,32.83270004
6750337,2014,2015-02-04,3711,2014-12-10,0600,6659,NA,3,5,7,3711,0,0,0,NA,0,838,UNIVERSITY AV,38TH ST,59,E,N,A,-,N,NA,NA,NA,NA,NA,NA,NA,NA,NA,N,4,0,1,3,A,-,09,21801,A,N,D,C,A,A,H,-,A,A,0,NA,NA,NA,NA,Y,NA,-,-,0,0,1,0,0,0,0,0,0,-,-,NA,NA,SAN DIEGO,SAN DIEGO,-117.11169876,32.74969846
6750393,2014,2015-01-29,3711,2014-12-21,0330,6334,NA,7,5,7,3711,0,0,0,NA,0,NA,JAMACHA RD,GLENCOE DR,650,E,N,A,-,N,NA,NA,NA,NA,NA,NA,NA,NA,NA,NA,3,0,1,3,A,-,08,22107,NA,N,C,E,A,A,H,-,C,D,0,NA,NA,NA,NA,Y,NA,-,NA,0,1,0,0,0,0,0,0,0,-,-,NA,NA,SAN DIEGO,SAN DIEGO,-117.02991879,32.71604444
6752427,2014,2015-02-12,3701,2014-12-09,1452,5454,119,2,5,5,3701,0,0,0,NA,0,008,CALLE BARCELONA,WOODFERN LN,290,W,N,A,-,N,NA,NA,NA,NA,NA,NA,NA,NA,NA,Y,4,0,1,2,A,-,09,21804,A,N,D,C,A,A,H,-,A,D,0,NA,NA,NA,NA,Y,NA,A,01,0,0,1,0,0,0,0,0,0,-,-,NA,NA,SAN DIEGO,CARLSBAD,-117.26665056,33.07281884
6752454,2014,2015-02-05,3701,2014-12-17,0852,5470,103,3,5,5,3701,0,0,0,NA,0,007,EL CAMINIO REAL,ARENAL,240,N,N,B,-,N,NA,NA,NA,NA,NA,NA,NA,NA,NA,Y,4,0,3,4,A,-,07,21658,A,N,A,C,A,B,H,-,A,A,0,NA,NA,NA,NA,Y,NA,A,01,0,0,3,0,0,0,0,0,0,-,-,NA,NA,SAN DIEGO,CARLSBAD,-117.26754095,33.09515031
6752574,2014,2015-02-05,3706,2014-12-23,1720,ES0393,NA,2,5,6,3706,0,0,0,NA,0,054,VALLEY PKWY,ROSE ST,530,E,N,A,-,N,NA,NA,NA,NA,NA,NA,NA,NA,NA,N,4,0,1,2,A,-,05,21650,1,N,A,G,A,A,H,-,C,D,0,NA,Y,NA,NA,Y,NA,L,04,0,0,1,0,0,0,1,0,0,-,-,NA,NA,SAN DIEGO,ESCONDIDO,-117.05796859,33.13467019
6752582,2014,2015-02-05,3706,2014-12-17,2225,ES0393,NA,3,5,6,3706,0,0,0,NA,0,044,MISSION RD,ROSE ST,0,NA,Y,A,-,N,NA,NA,NA,NA,NA,NA,NA,NA,NA,Y,3,0,3,2,A,-,01,23152,A,M,D,C,A,A,H,-,C,A,0,NA,NA,NA,NA,Y,Y,A,01,0,1,2,0,0,0,0,0,0,-,-,NA,NA,SAN DIEGO,ESCONDIDO,-117.06338006,33.14025003
6752622,2014,2015-02-05,3706,2014-12-23,1813,ES0318,NA,2,5,6,3706,0,0,0,NA,0,045,MISSION AV,CENTRE CITY PKWY,275,E,N,A,-,N,NA,NA,NA,NA,NA,NA,NA,NA,NA,Y,4,0,3,2,A,-,09,21801,A,N,D,C,A,A,H,-,C,D,0,NA,NA,NA,NA,Y,NA,A,01,0,0,3,0,0,0,0,0,0,-,-,NA,NA,SAN DIEGO,ESCONDIDO,-117.09084286,33.12862632
6754117,2014,2015-02-09,9680,2014-12-19,1700,19794,NA,5,2,9,3700,0,3,5,NA,2,001,E BRADLEY AV,GRAVES AV,335,E,N,A,-,N,NA,NA,NA,NA,NA,NA,NA,NA,NA,N,4,0,1,2,A,-,05,21460,A,N,D,G,A,A,H,-,D,D,0,NA,Y,NA,NA,Y,NA,L,04,0,0,1,0,0,0,1,0,0,-,-,32.82031,-116.95713,SAN DIEGO,UNINCORPORATED,-116.95787359,32.81911
6754228,2014,2015-02-05,9680,2014-12-26,1815,19794,NA,5,2,9,3700,0,3,5,NA,2,002,AVOCADO BL,EXPLORER RD,65,S,N,A,-,N,NA,NA,NA,NA,NA,NA,NA,NA,NA,N,4,0,1,2,A,-,11,21956,A,N,G,B,E,A,H,-,D,D,0,Y,NA,NA,NA,Y,NA,N,60,0,0,1,0,1,0,0,0,0,-,-,32.75783,-116.96188,SAN DIEGO,UNINCORPORATED,-116.96190405,32.75764202
6755377,2014,2015-02-09,9650,2014-12-07,1305,19227,NA,7,1,9,3700,0,1,3,NA,1,028,RT 76,SOUTH GRADE RD,8976,W,N,A,-,Y,NA,NA,76,NA,NA,NA,NA,NA,NA,Y,2,0,1,1,A,-,08,22107,NA,N,F,A,A,A,H,-,A,D,0,NA,NA,Y,NA,Y,NA,C,02,1,0,0,0,0,0,0,0,1,-,-,33.2968,-116.91792,SAN DIEGO,UNINCORPORATED,-116.91792453,33.29685542
6757070,2014,2015-02-04,3709,2014-12-22,1150,418,NA,1,5,5,3709,0,0,0,NA,0,020,HIGHLAND AV,NE WALMART ENTRANCE,12,S,N,A,-,N,NA,NA,NA,NA,NA,NA,NA,NA,NA,N,4,0,1,2,A,-,08,22102,NA,N,D,C,A,A,H,-,A,A,0,NA,NA,NA,NA,Y,NA,A,01,0,0,1,0,0,0,0,0,0,-,-,NA,NA,SAN DIEGO,NATIONAL CITY,-117.09745824,32.67500158
6758714,2014,2015-02-02,3711,2014-12-07,1839,6609,NA,7,5,7,3711,0,0,0,NA,0,515,25TH ST,L ST,0,NA,Y,A,-,N,NA,NA,NA,NA,NA,NA,NA,NA,NA,N,4,0,1,2,A,-,09,21800,A,N,D,C,A,A,H,-,C,A,0,NA,NA,NA,NA,Y,NA,-,NA,0,0,1,0,0,0,0,0,0,-,-,NA,NA,SAN DIEGO,SAN DIEGO,-117.14022008,32.70738004
6760575,2014,2015-02-02,9645,2014-12-10,1620,017953,NA,3,2,7,3711,0,1,1,NA,2,005,RT 5,SEA WORLD DR,7392,NA,N,B,-,Y,NA,NA,5,NA,NA,NA,NA,NA,NA,Y,3,0,2,3,A,-,03,22350,NA,N,C,C,A,A,H,-,B,D,0,NA,NA,NA,NA,Y,NA,D,22,0,1,1,0,0,0,0,0,0,-,-,32.78021,-117.20865,SAN DIEGO,SAN DIEGO,-117.20849112,32.78018256
6760579,2014,2015-02-02,9645,2014-12-11,0855,19410,NA,4,1,7,3711,0,1,1,NA,2,010,RT 8,PRESIDIO PARK,120,W,N,B,-,Y,NA,NA,8,NA,NA,NA,NA,NA,NA,Y,4,0,2,5,A,-,03,22350,NA,F,C,C,A,A,H,-,A,D,0,NA,NA,NA,NA,Y,NA,A,01,0,0,2,0,0,0,0,0,0,-,-,32.76013,-117.18918,SAN DIEGO,SAN DIEGO,-117.18919988,32.75999059
6763097,2014,2015-02-04,9650,2014-12-07,1725,018321,NA,7,2,9,3700,0,1,3,NA,2,065,RT 76,EAST VISTA WY,573,W,N,A,-,Y,NA,NA,76,NA,NA,NA,NA,NA,NA,Y,4,0,2,3,A,-,03,22350,NA,N,C,C,A,A,H,-,C,A,0,NA,NA,NA,NA,Y,NA,D,22,0,0,2,0,0,0,0,0,0,-,-,33.2566,-117.23848,SAN DIEGO,UNINCORPORATED,-117.2386665,33.25680754
6764186,2014,2015-02-02,3711,2014-12-13,1032,5652,SANDI,6,5,7,3711,0,0,0,NA,0,234,RANCHO BERNARDO RD,WEST BERNARDO DR,1056,E,N,A,-,N,NA,NA,NA,NA,NA,NA,NA,NA,NA,Y,4,0,1,2,A,-,12,21453,A,N,-,C,A,A,H,-,A,A,0,NA,NA,NA,NA,Y,NA,-,NA,0,0,1,0,0,0,0,0,0,-,-,NA,NA,SAN DIEGO,SAN DIEGO,-117.07898574,33.02306168