CASE_ID,ACCIDENT_YEAR,PROC_DATE,JURIS,COLLISION_DATE,COLLISION_TIME,OFFICER_ID,REPORTING_DISTRICT,DAY_OF_WEEK,CHP_SHIFT,POPULATION,CNTY_CITY_LOC,SPECIAL_COND,BEAT_TYPE,CHP_BEAT_TYPE,CITY_DIVISION_LAPD,CHP_BEAT_CLASS,BEAT_NUMBER,PRIMARY_RD,SECONDARY_RD,DISTANCE,DIRECTION,INTERSECTION,WEATHER_1,WEATHER_2,STATE_HWY_IND,CALTRANS_COUNTY,CALTRANS_DISTRICT,STATE_ROUTE,ROUTE_SUFFIX,POSTMILE_PREFIX,POSTMILE,LOCATION_TYPE,RAMP_INTERSECTION,SIDE_OF_HWY,TOW_AWAY,COLLISION_SEVERITY,NUMBER_KILLED,NUMBER_INJURED,PARTY_COUNT,PRIMARY_COLL_FACTOR,PCF_CODE_OF_VIOL,PCF_VIOL_CATEGORY,PCF_VIOLATION,PCF_VIOL_SUBSECTION,HIT_AND_RUN,TYPE_OF_COLLISION,MVIW,PED_ACTION,ROAD_SURFACE,ROAD_COND_1,ROAD_COND_2,LIGHTING,CONTROL_DEVICE,CHP_ROAD_TYPE,PEDESTRIAN_ACCIDENT,BICYCLE_ACCIDENT,MOTORCYCLE_ACCIDENT,TRUCK_ACCIDENT,NOT_PRIVATE_PROPERTY,ALCOHOL_INVOLVED,STWD_VEHTYPE_AT_FAULT,CHP_VEHTYPE_AT_FAULT,COUNT_SEVERE_INJ,COUNT_VISIBLE_INJ,COUNT_COMPLAINT_PAIN,COUNT_PED_KILLED,COUNT_PED_INJURED,COUNT_BICYCLIST_KILLED,COUNT_BICYCLIST_INJURED,COUNT_MC_KILLED,COUNT_MC_INJURED,PRIMARY_RAMP,SECONDARY_RAMP,LATITUDE,LONGITUDE,COUNTY,CITY,POINT_X,POINT_Y
6858010,2015,2016-11-04,3710,2015-03-15,0321,OC1387,NA,7,5,6,3710,0,0,0,NA,0,033,RT 76,COLLEGE,0,NA,Y,A,-,Y,SD,11,76,-,R,6.207,I,5,E,N,3,0,1,2,A,-,12,21453,A,N,A,C,A,A,H,-,C,A,0,NA,NA,NA,NA,Y,NA,A,01,0,1,0,0,0,0,0,0,0,-,-,NA,NA,SAN DIEGO,OCEANSIDE,-117.28978991,33.24363557
6858288,2015,2015-04-02,3709,2015-02-26,1429,437,3709,4,5,5,3709,0,0,0,NA,0,024,HIGHLAND AV,18TH ST,0,NA,Y,A,-,N,NA,NA,NA,NA,NA,NA,NA,NA,NA,N,3,0,2,3,A,-,10,21950,A,N,G,B,B,A,H,-,A,A,0,Y,NA,NA,NA,Y,NA,A,01,0,1,1,0,2,0,0,0,0,-,-,NA,NA,SAN DIEGO,NATIONAL CITY,-117.09536008,32.66949009
6858757,2015,2016-09-13,9650,2015-03-04,0009,15868,NA,3,3,6,3706,0,1,3,NA,2,019,RT 78,NORDAHL RD,18,E,N,A,-,Y,SD,11,78,-,R,0.635,R,3,E,Y,3,0,1,1,A,-,01,23152,A,N,E,I,A,A,H,-,C,D,1,NA,NA,NA,NA,Y,Y,A,01,0,1,0,0,0,0,0,0,0,FR,-,33.13159,-117.12148,SAN DIEGO,ESCONDIDO,-117.34647566,33.17981199
6858769,2015,2015-03-25,9650,2015-03-08,1029,15302,NA,7,1,9,3700,0,3,5,NA,2,070,LA GRANADA,AVENIDA MARAVILLAS,500,E,N,A,-,N,NA,NA,NA,NA,NA,NA,NA,NA,NA,Y,4,0,2,2,A,-,03,22350,NA,N,B,C,A,A,H,-,A,D,0,NA,NA,NA,NA,Y,NA,A,01,0,0,2,0,0,0,0,0,0,-,-,33.01209,-117.13116,SAN DIEGO,UNINCORPORATED,-117.21992551,33.02246251
6858774,2015,2015-03-25,3701,2015-03-03,2128,5326,61,2,5,5,3701,0,0,0,NA,0,005,FARADAY AV,COLLEGE BL,0,NA,Y,A,-,N,NA,NA,NA,NA,NA,NA,NA,NA,NA,Y,3,0,2,2,A,-,12,21453,A,N,D,C,A,A,H,-,C,A,0,NA,NA,NA,NA,Y,NA,A,01,0,1,1,0,0,0,0,0,0,-,-,33.13526,-117.28605,SAN DIEGO,CARLSBAD,-117.28600002,33.13549004
6858835,2015,2016-09-23,9645,2015-03-04,1955,017499,NA,3,2,7,3711,0,1,1,NA,2,003,RT 5,PARK BL,200,S,N,A,-,Y,SD,11,5,-,R,15.78,H,-,N,N,4,0,1,2,A,-,11,21954,A,N,G,B,D,A,H,-,C,D,1,Y,NA,NA,NA,Y,NA,N,60,0,0,1,0,1,0,0,0,0,-,-,32.72377,-117.15183,SAN DIEGO,SAN DIEGO,-117.15058758,32.723841
6859956,2015,2015-04-07,3711,2015-03-16,0200,5556,NA,1,5,7,3711,0,0,0,NA,0,312,CLAIREMONT MESA BL,MISSION TRAILS REGIONAL PARK ENT,0,NA,Y,A,-,N,NA,NA,NA,NA,NA,NA,NA,NA,NA,Y,4,0,1,1,A,-,03,22350,NA,N,E,I,A,A,H,-,C,D,0,NA,NA,NA,NA,Y,NA,-,NA,0,0,1,0,0,0,0,0,0,-,-,NA,NA,SAN DIEGO,SAN DIEGO,NA,NA
6861380,2015,2015-04-03,3702,2015-02-20,1435,CV0912,NA,5,5,6,3702,0,0,0,NA,0,022,QUINTARD ST,3RD AV,0,W,N,A,-,N,NA,NA,NA,NA,NA,NA,NA,NA,NA,Y,4,0,1,2,A,-,09,21804,A,M,D,C,A,A,H,-,A,D,0,NA,NA,Y,NA,Y,NA,A,01,0,0,1,0,0,0,0,0,0,-,-,NA,NA,SAN DIEGO,CHULA VISTA,-117.06504004,32.60332009
6863626,2015,2016-10-04,9645,2015-03-17,1502,018697,NA,2,2,5,3709,0,1,1,NA,2,009,RT 805,22ND ST,300,S,N,B,-,Y,SD,11,805,-,-,9.68,H,-,S,Y,3,0,5,4,A,-,03,22350,NA,N,C,C,A,A,H,-,A,D,1,NA,NA,NA,NA,Y,NA,A,01,0,3,2,0,0,0,0,0,0,-,-,32.66774,-117.08088,SAN DIEGO,NATIONAL CITY,-117.08116607,32.66877481
6866841,2015,2017-01-13,9645,2015-08-17,0530,16047,NA,1,3,7,3711,0,1,1,NA,2,021,RT 15,RT 94,200,S,N,A,-,Y,SD,11,15,-,-,2.2,H,-,S,Y,3,0,2,2,A,-,03,22350,NA,N,C,C,A,A,H,-,D,D,1,NA,NA,NA,NA,Y,NA,A,01,0,1,1,0,0,0,0,0,0,-,-,32.7155,-117.11776,SAN DIEGO,SAN DIEGO,-117.11789266,32.71643901
6867280,2015,2016-09-09,9645,2015-03-25,1710,17025,NA,3,2,7,3711,0,1,3,NA,2,023,RT 163,FRIARS RD,1056,N,N,A,-,Y,SD,11,163,-,-,4.57,H,-,S,Y,4,0,1,2,A,-,03,22350,NA,N,C,C,A,A,H,-,A,D,1,NA,NA,NA,NA,Y,NA,A,01,0,0,1,0,0,0,0,0,0,-,-,32.77784,-117.16269,SAN DIEGO,SAN DIEGO,-117.16137415,32.7744058
6869561,2015,2016-10-19,9645,2015-03-18,1120,13111,NA,3,1,7,3711,0,1,1,NA,2,007,RT 5,LA JOLLA VILLAGE DR,1942,N,N,A,-,Y,SD,11,5,-,R,28.8,H,-,S,Y,4,0,1,2,A,-,03,22350,NA,N,C,C,A,A,H,-,A,D,1,NA,NA,NA,NA,Y,NA,A,01,0,0,1,0,0,0,0,0,0,-,-,32.87912,-117.2287,SAN DIEGO,SAN DIEGO,-117.2288267,32.87746187
6869866,2015,2015-04-13,3700,2015-02-07,0011,SH7406,NA,6,5,4,3780,0,0,0,NA,0,410,POMERADO RD,TWIN PEAKS RD,0,NA,Y,E,-,N,NA,NA,NA,NA,NA,NA,NA,NA,NA,Y,4,0,2,2,A,-,12,21453,A,N,D,C,A,A,H,-,C,A,0,NA,NA,NA,NA,Y,NA,A,01,0,0,2,0,0,0,0,0,0,-,-,NA,NA,SAN DIEGO,POWAY,-117.06196005,32.98347004
6870070,2015,2016-09-09,9645,2015-03-23,0600,14692,NA,1,1,7,3711,0,1,3,NA,2,016,RT 52,OAK CANYON BRIDGE,1640,E,N,A,-,Y,SD,11,52,-,-,12.11,H,-,W,Y,4,0,1,3,A,-,03,22350,NA,N,C,C,A,A,H,-,B,D,1,NA,NA,NA,NA,Y,NA,A,01,0,0,1,0,0,0,0,0,0,-,-,32.85196,-117.04208,SAN DIEGO,SAN DIEGO,-117.04371014,32.85229792
6870358,2015,2015-04-13,3711,2015-03-28,1717,6070,NA,6,5,7,3711,0,0,0,NA,0,123,SEA WORLD DR,FRIARS RD,0,NA,Y,A,-,N,NA,NA,NA,NA,NA,NA,NA,NA,NA,Y,4,0,1,2,A,-,03,22350,NA,N,C,C,A,A,H,-,A,D,0,NA,NA,NA,NA,Y,Y,A,NA,0,0,1,0,0,0,0,0,0,-,-,NA,NA,SAN DIEGO,SAN DIEGO,-117.20969011,32.76354005
6870422,2015,2016-09-08,9680,2015-03-26,1500,016981,NA,4,2,9,3700,0,1,3,NA,2,016,RT 67,MAPLEVIEW ST,30,S,N,A,-,Y,SD,11,67,-,R,5.47,H,-,N,N,4,0,1,2,A,-,03,22350,NA,N,C,C,A,A,H,-,A,A,1,NA,NA,NA,NA,Y,NA,A,01,0,0,1,0,0,0,0,0,0,-,-,32.86276,-116.92277,SAN DIEGO,UNINCORPORATED,-116.92312683,32.86218574
6870451,2015,2016-10-19,3701,2015-03-22,0640,5362,2,7,5,5,3701,0,0,0,NA,0,001,CARLSBAD VILLAGE DR,RT 5,0,NA,Y,A,-,Y,SD,11,5,-,R,49.973,R,4,N,N,3,0,1,2,A,-,11,21451,C,N,D,B,E,A,H,-,A,A,0,Y,NA,NA,NA,Y,NA,N,60,0,1,0,0,1,0,0,0,0,-,NF,NA,NA,SAN DIEGO,CARLSBAD,-117.34120214,33.16142398
6870484,2015,2016-10-12,9680,2015-03-27,1825,019822,NA,5,2,5,3708,0,2,4,NA,1,031,RT 8,FLETCHER PKWY,528,W,N,A,-,Y,SD,11,8,-,-,10.315,R,2,E,Y,3,0,2,2,A,-,03,22350,NA,F,C,C,A,A,H,-,C,D,1,NA,NA,NA,NA,Y,NA,A,01,0,1,1,0,0,0,0,0,0,TO,-,32.77374,-117.03388,SAN DIEGO,LA MESA,-117.03431312,32.77387636
6870555,2015,2016-10-12,9680,2015-03-31,0024,15070,NA,2,3,5,3705,0,1,1,NA,2,081,RT 8,2ND ST,378,E,N,A,-,Y,SD,11,8,-,-,17.494,R,2,W,Y,4,0,1,1,A,-,08,22107,NA,N,B,I,A,A,H,-,C,D,1,NA,NA,NA,NA,Y,NA,A,01,0,0,1,0,0,0,0,0,0,TO,-,32.80352,-116.9346,SAN DIEGO,EL CAJON,-116.93325309,32.80316619
6870652,2015,2015-04-16,3706,2015-03-26,1347,ES0318,NA,4,5,6,3706,0,0,0,NA,0,055,9TH AV,QUINCE ST,204,E,N,A,-,N,NA,NA,NA,NA,NA,NA,NA,NA,NA,Y,3,0,1,3,A,-,03,22350,NA,N,C,C,A,A,H,-,A,D,0,NA,NA,NA,NA,Y,NA,A,01,0,1,0,0,0,0,0,0,0,-,-,NA,NA,SAN DIEGO,ESCONDIDO,-117.08256316,33.11137095
6870700,2015,2016-09-23,9645,2015-03-25,1520,18146,NA,3,2,7,3711,0,1,3,NA,2,023,RT 5,B ST,400,N,N,A,-,Y,SD,11,5,-,R,15.381,R,1,S,Y,3,0,3,3,A,-,03,22350,NA,N,C,C,A,A,H,-,A,D,1,NA,NA,NA,NA,Y,NA,A,07,0,1,2,0,0,0,0,0,0,FR,-,32.72077,-117.14863,SAN DIEGO,SAN DIEGO,-117.14789441,32.71857087
6872277,2015,2016-10-26,9680,2015-03-13,0600,18152,NA,5,1,9,3700,0,1,3,NA,2,027,RT 94,SPRING ST,65,W,N,A,-,Y,SD,11,94,-,R,10.25,H,-,W,Y,4,0,1,2,D,-,00,NA,NA,N,C,C,A,A,H,-,D,D,1,NA,NA,NA,NA,Y,NA,-,-,0,0,1,0,0,0,0,0,0,-,-,32.75358,-117.01222,SAN DIEGO,UNINCORPORATED,-117.01251944,32.75348962
6875996,2015,2016-04-18,3711,2015-03-23,0032,7132,NA,1,5,7,3711,0,0,0,NA,0,241,POMERADO RD,RT 15,2640,E,N,A,-,N,NA,NA,NA,NA,NA,NA,NA,NA,NA,Y,3,0,1,1,A,-,08,22107,NA,N,F,I,A,A,H,-,D,D,0,NA,NA,NA,NA,Y,Y,A,01,0,1,0,0,0,0,0,0,0,-,-,NA,NA,SAN DIEGO,SAN DIEGO,-117.10728794,32.89588092
6878291,2015,2016-09-13,9650,2015-03-27,0615,13570,NA,5,1,5,3712,0,1,3,NA,2,019,RT 78,RANCHO SANTA FE RD,909,W,N,A,-,Y,SD,11,78,-,-,10.44,H,-,W,Y,4,0,1,1,A,-,08,22107,NA,N,F,I,A,A,H,-,D,D,1,NA,NA,NA,NA,Y,NA,A,01,0,0,1,0,0,0,0,0,0,-,-,33.15222,-117.20045,SAN DIEGO,SAN MARCOS,-117.20022676,33.15193607
6879713,2015,2015-04-20,3702,2015-03-07,1000,CV1053,NA,6,5,6,3702,0,0,0,NA,0,024,JASPER AV,EAST ORANGE AV,180,S,N,A,-,N,NA,NA,NA,NA,NA,NA,NA,NA,NA,Y,4,0,1,2,A,-,08,22107,NA,N,B,C,A,A,H,-,A,D,0,NA,NA,NA,NA,Y,NA,A,01,0,0,1,0,0,0,0,0,0,-,-,NA,NA,SAN DIEGO,CHULA VISTA,-117.05058,32.59954697
6879762,2015,2015-04-20,9680,2015-04-03,1850,015733,NA,5,2,9,3700,0,2,4,NA,1,093,VISTA RAMONA RD,OLD JULIAN HWY,3168,N,N,A,-,N,NA,NA,NA,NA,NA,NA,NA,NA,NA,N,2,0,1,1,A,-,08,22107,NA,N,E,I,A,A,H,-,A,D,0,NA,NA,Y,NA,Y,NA,C,02,1,0,0,0,0,0,0,0,1,-,-,33.03424,-116.82011,SAN DIEGO,UNINCORPORATED,-116.83012,33.03673
6879962,2015,2016-11-03,9645,2015-03-29,1328,19410,NA,7,1,7,3711,0,1,1,NA,2,010,RT 8,MORENA BL,120,W,N,A,-,Y,SD,11,8,-,R,0.34,H,-,W,Y,4,0,2,3,A,-,08,22107,NA,N,B,C,A,A,H,-,A,D,0,NA,NA,NA,NA,Y,NA,A,01,0,0,2,0,0,0,0,0,0,-,-,32.76021,-117.19882,SAN DIEGO,SAN DIEGO,-117.19857938,32.7601577
6880387,2015,2015-05-07,3711,2015-04-06,2340,4310,NA,1,5,7,3711,0,0,0,NA,0,111,CLAIREMONT MESA BL,DIANE AV,142,W,N,A,-,N,NA,NA,NA,NA,NA,NA,NA,NA,NA,Y,4,0,1,3,A,-,08,22107,NA,N,B,E,A,A,H,-,C,D,0,NA,NA,NA,NA,Y,NA,A,01,0,0,1,0,0,0,0,0,0,-,-,NA,NA,SAN DIEGO,SAN DIEGO,-117.18751057,32.83454166
6881463,2015,2015-04-27,3700,2015-03-28,1805,SH2560,NA,6,5,5,3713,0,0,0,NA,0,306,EAST BOBIER DR,GOODWIN DR,0,NA,Y,A,-,N,NA,NA,NA,NA,NA,NA,NA,NA,NA,Y,3,0,4,2,A,-,09,21804,A,N,D,D,A,A,H,-,A,D,0,NA,NA,NA,NA,Y,NA,A,01,0,1,3,0,0,0,0,0,0,-,-,NA,NA,SAN DIEGO,VISTA,-117.24256001,33.22136004
6882299,2015,2015-04-29,3711,2015-04-08,1405,6969,NA,3,5,7,3711,0,0,0,NA,0,621,GENESEE AV,PARK MESA WY,27,N,N,A,-,N,NA,NA,NA,NA,NA,NA,NA,NA,NA,Y,4,0,1,2,A,-,03,22350,NA,N,C,C,A,A,G,-,A,A,0,NA,NA,NA,NA,Y,NA,-,NA,0,0,1,0,0,0,0,0,0,-,-,NA,NA,SAN DIEGO,SAN DIEGO,-117.17168221,32.79764324
6882987,2014,2015-04-20,3702,2014-12-12,1432,CV0986,NA,5,5,6,3702,0,0,0,NA,0,031,TELEGRAPH CANYON RD,CREST DR,0,NA,Y,C,-,N,NA,NA,NA,NA,NA,NA,NA,NA,NA,Y,2,0,1,2,A,-,11,21456,B,N,G,B,B,B,H,-,A,A,0,Y,NA,NA,NA,Y,NA,N,60,1,0,0,0,1,0,0,0,0,-,-,NA,NA,SAN DIEGO,CHULA VISTA,-117.03669011,32.62802011
6883992,2015,2016-11-19,9680,2015-04-01,1328,018152,NA,3,1,9,3700,0,1,3,NA,1,023,RT 94,KENWOOD DR,500,W,N,A,-,Y,SD,11,94,-,R,11.69,H,-,W,Y,3,0,2,2,A,-,08,22107,NA,N,E,I,A,A,H,-,A,D,0,NA,NA,NA,NA,Y,NA,A,01,0,1,1,0,0,0,0,0,0,-,-,32.74689,-116.99149,SAN DIEGO,UNINCORPORATED,-116.99164153,32.74746453
6884125,2015,2016-09-08,9680,2015-03-31,1530,016622,NA,2,2,9,3700,0,1,3,NA,2,016,RT 67,BRADLEY AV,1056,S,N,A,-,Y,SD,11,67,-,R,0.92,H,-,N,N,4,0,1,2,A,-,03,22350,NA,F,C,C,A,A,H,-,A,D,1,NA,NA,NA,NA,Y,NA,D,22,0,0,1,0,0,0,0,0,0,-,-,32.81589,-116.96089,SAN DIEGO,UNINCORPORATED,-116.96084425,32.81629854
6884225,2015,2016-12-01,9680,2015-04-03,0835,017389,NA,5,1,5,3708,0,1,1,NA,2,081,RT 8,BALTIMORE DR,528,W,N,A,-,Y,SD,11,8,-,-,10.484,R,1,W,Y,4,0,1,2,A,-,03,22350,NA,N,C,C,A,A,H,-,A,D,1,NA,NA,NA,NA,Y,NA,A,01,0,0,1,0,0,0,0,0,0,FR,-,32.77395,-117.03021,SAN DIEGO,LA MESA,-117.03123648,32.77389302
6884531,2015,2016-12-19,9650,2015-04-03,1107,016103,NA,5,1,9,3700,0,1,3,NA,2,065,RT 76,RT 395,7920,W,N,A,-,Y,SD,11,76,-,-,15.73,H,-,W,Y,4,0,1,1,A,-,08,22107,NA,N,F,A,A,A,H,-,A,D,0,NA,NA,NA,Y,Y,NA,F,24,0,0,1,0,0,0,0,0,0,-,-,33.31597,-117.17757,SAN DIEGO,UNINCORPORATED,-117.17812693,33.31584279
6886304,2015,2016-11-17,9645,2015-04-13,1010,15698,NA,1,1,6,3702,0,1,1,NA,2,001,RT 5,PALOMAR ST,10,N,N,A,-,Y,SD,11,5,-,-,6.194,R,1,S,Y,4,0,1,2,A,-,03,22350,NA,N,C,C,A,A,H,-,A,A,1,NA,NA,NA,NA,Y,NA,D,22,0,0,1,0,0,0,0,0,0,TO,-,32.60506,-117.09101,SAN DIEGO,CHULA VISTA,-117.09032019,32.60635266
6886785,2015,2015-04-27,3711,2015-04-12,1850,5559,NA,7,5,7,3711,0,0,0,NA,0,931,CAMINO SANTA FE,TOP GUN ST,528,N,N,A,-,N,NA,NA,NA,NA,NA,NA,NA,NA,NA,N,3,0,1,1,D,-,00,NA,NA,N,H,A,A,A,H,-,A,D,0,NA,Y,NA,NA,Y,NA,-,-,0,1,0,0,0,0,1,0,0,-,-,NA,NA,SAN DIEGO,SAN DIEGO,-117.1728397,32.91211153
6887537,2015,2016-11-21,9650,2015-04-04,1400,18741,NA,6,2,5,3701,0,1,1,NA,2,005,RT 5,JEFFERSON ST,190,N,N,A,-,Y,SD,11,5,-,R,50.9,H,-,N,Y,3,0,2,3,A,-,03,22350,NA,N,C,C,A,A,H,-,A,D,1,NA,NA,NA,NA,Y,NA,A,07,0,2,0,0,0,0,0,0,0,-,-,33.1733,-117.34841,SAN DIEGO,CARLSBAD,-117.34839145,33.17339237
6888669,2015,2015-05-04,3700,2015-01-12,2338,SH7552,NA,1,5,4,3707,0,0,0,NA,0,702,PALM AV,7TH ST,0,NA,Y,A,-,N,NA,NA,NA,NA,NA,NA,NA,NA,NA,N,4,0,1,2,B,-,22,NA,NA,N,B,C,A,A,H,-,C,A,0,NA,NA,Y,NA,Y,NA,C,02,0,0,1,0,0,0,0,0,1,-,-,NA,NA,SAN DIEGO,IMPERIAL BEACH,-117.11800994,32.58392004
6890326,2015,2016-11-17,9645,2015-04-04,1140,18250,NA,6,1,7,3711,0,1,1,NA,2,005,RT 5,OLD TOWN AV,300,S,N,A,-,Y,SD,11,5,-,R,18.78,H,-,N,Y,3,0,2,1,A,-,08,22107,NA,N,F,A,A,A,H,-,A,D,1,NA,NA,NA,NA,Y,Y,A,07,0,2,0,0,0,0,0,0,0,-,-,32.74502,-117.18685,SAN DIEGO,SAN DIEGO,-117.18959173,32.74590426
6894595,2015,2015-05-11,3711,2015-04-15,2337,5985,NA,3,5,7,3711,0,0,0,NA,0,511,MAIN ST,VESTA ST,58,W,N,A,-,N,NA,NA,NA,NA,NA,NA,NA,NA,NA,Y,3,0,2,3,A,-,03,22350,NA,N,C,C,A,A,H,-,C,D,0,NA,NA,NA,NA,Y,Y,A,01,0,1,1,0,0,0,0,0,0,-,-,NA,NA,SAN DIEGO,SAN DIEGO,-117.11551482,32.6855912
6894677,2015,2015-05-07,3706,2015-04-12,2117,ES0486,NA,7,5,6,3706,0,0,0,NA,0,045,AUTO PARK WY,ALPINE WY,156,E,N,A,-,N,NA,NA,NA,NA,NA,NA,NA,NA,NA,Y,3,0,1,1,A,-,01,23152,A,N,C,C,A,A,H,-,C,A,0,NA,NA,NA,NA,Y,Y,A,01,0,1,0,0,0,0,0,0,0,-,-,NA,NA,SAN DIEGO,ESCONDIDO,-117.11908807,33.124979
6896319,2015,2016-11-21,9650,2015-04-24,0945,013636,NA,5,1,5,3701,0,1,1,NA,2,005,RT 5,LA COSTA AV,3168,N,N,B,-,Y,SD,11,5,-,R,44.67,H,-,S,Y,4,0,2,3,A,-,03,22350,NA,N,C,C,A,A,H,-,A,D,1,NA,NA,NA,NA,Y,NA,D,22,0,0,2,0,0,0,0,0,0,-,-,NA,NA,SAN DIEGO,CARLSBAD,-117.30320001,33.09181843
6896346,2015,2016-06-06,9680,2015-04-12,1055,17996,NA,7,1,9,3700,0,3,5,NA,2,002,ELKELTON PL,PARADISE VALLEY RD,10,S,N,A,-,N,NA,NA,NA,NA,NA,NA,NA,NA,NA,N,4,0,1,2,A,-,03,22350,NA,N,C,C,A,A,H,-,A,D,0,NA,NA,NA,NA,Y,NA,D,22,0,0,1,0,0,0,0,0,0,-,-,32.70255,-117.01261,SAN DIEGO,UNINCORPORATED,-117.01296331,32.70221447
6897091,2015,2015-05-18,9680,2015-04-13,0800,18166,NA,1,1,9,3700,0,2,4,NA,1,026,SWEETWATER RD,LAMAR ST,10,S,N,A,-,N,NA,NA,NA,NA,NA,NA,NA,NA,NA,Y,3,0,2,2,A,-,03,22350,NA,N,C,C,A,A,H,-,A,D,0,NA,NA,NA,NA,Y,NA,A,01,0,1,1,0,0,0,0,0,0,-,-,32.73855,-117.0144,SAN DIEGO,UNINCORPORATED,-117.01447986,32.73866261
6897103,2015,2015-05-18,9680,2015-04-14,1640,019870,NA,2,2,9,3700,0,3,5,NA,2,002,PARADISE VALLEY RD,WORTHINGTON ST,0,NA,Y,A,-,N,NA,NA,NA,NA,NA,NA,NA,NA,NA,Y,3,0,2,2,A,-,09,21453,C,N,A,C,A,A,H,-,A,A,0,NA,NA,NA,NA,Y,NA,A,01,0,1,1,0,0,0,0,0,0,-,-,32.69744,-117.01892,SAN DIEGO,UNINCORPORATED,-117.01850012,32.69732006
6897317,2015,2015-05-12,3701,2015-04-11,2138,5429,37,6,5,5,3701,0,0,0,NA,0,002,CARLSBAD BL,CHERRY AV,8,S,N,A,-,N,NA,NA,NA,NA,NA,NA,NA,NA,NA,N,4,0,1,2,A,-,10,21950,A,N,G,B,C,A,H,-,C,A,0,Y,NA,NA,NA,Y,NA,A,01,0,0,1,0,1,0,0,0,0,-,-,NA,NA,SAN DIEGO,CARLSBAD,-117.34745605,33.15024149
6901006,2015,2015-05-01,9650,2015-04-10,1825,017328,NA,5,2,9,3700,0,3,5,NA,2,006,OLD STAGE RD,PIPPIN DR,433,S,N,A,-,N,NA,NA,NA,NA,NA,NA,NA,NA,NA,Y,2,0,1,2,A,-,09,21804,A,N,D,C,A,A,H,-,A,D,0,NA,NA,Y,NA,Y,NA,A,01,1,0,0,0,0,0,0,0,1,-,-,33.37141,-117.24935,SAN DIEGO,UNINCORPORATED,-117.24932497,33.37148384
6902516,2015,2015-05-13,3711,2015-04-23,1730,6865,NA,4,5,7,3711,0,0,0,NA,0,451,54TH ST,WESTOVER PL,160,N,N,B,-,N,NA,NA,NA,NA,NA,NA,NA,NA,NA,Y,4,0,2,2,A,-,09,21804,A,N,D,C,A,A,H,-,A,D,0,NA,NA,NA,NA,Y,NA,-,NA,0,0,2,0,0,0,0,0,0,-,-,NA,NA,SAN DIEGO,SAN DIEGO,-117.08369503,32.72517812
6902646,2015,2015-05-07,3711,2015-04-25,0910,6009,EASTE,6,5,7,3711,0,0,0,NA,0,325,GOLFCREST DR,JACKSON DR,0,NA,Y,B,-,N,NA,NA,NA,NA,NA,NA,NA,NA,NA,Y,4,0,1,2,A,-,12,21453,A,N,D,C,A,A,H,-,A,A,0,NA,NA,NA,NA,Y,NA,-,NA,0,0,1,0,0,0,0,0,0,-,-,NA,NA,SAN DIEGO,SAN DIEGO,-117.03990008,32.80122002
6905810,2015,2015-05-21,9650,2015-03-27,2200,19191,NA,5,3,9,3700,0,1,1,NA,2,021,RT 15,RT 76,416,S,N,A,-,Y,SD,11,15,-,R,46.439,R,2,N,Y,1,1,0,2,A,-,08,22107,NA,N,D,D,A,A,H,-,C,D,1,NA,NA,Y,Y,Y,NA,C,02,0,0,0,0,0,0,0,1,0,FR,-,33.33003,-117.15902,SAN DIEGO,UNINCORPORATED,-117.1591419,33.33060921
6906959,2015,2016-06-08,3708,2015-04-11,1411,LM1257,NA,6,5,5,3708,0,0,0,NA,0,004,AMAYA DR,FLETCHER PKWY,0,NA,Y,A,-,N,NA,NA,NA,NA,NA,NA,NA,NA,NA,N,4,0,1,2,A,-,03,22350,NA,N,C,C,A,A,H,-,A,A,0,NA,NA,NA,NA,Y,NA,A,01,0,0,1,0,0,0,0,0,0,-,-,NA,NA,SAN DIEGO,LA MESA,-117.00317002,32.78680004
6907164,2015,2016-06-06,3711,2015-04-29,0344,7034,NA,3,5,7,3711,0,0,0,NA,0,723,DEL SUR BL,MARZO,90,S,N,A,-,N,NA,NA,NA,NA,NA,NA,NA,NA,NA,Y,4,0,1,2,A,-,08,22107,NA,N,C,C,A,A,H,-,C,D,0,NA,NA,NA,NA,Y,Y,-,NA,0,0,1,0,0,0,0,0,0,-,-,NA,NA,SAN DIEGO,SAN DIEGO,-117.05802,32.57010348
6907172,2015,2015-05-26,3711,2015-04-03,0308,7147,NA,5,5,7,3711,0,0,0,NA,0,621,COMSTOCK ST,KELLY ST,163,W,N,A,-,N,NA,NA,NA,NA,NA,NA,NA,NA,NA,Y,4,0,1,3,A,-,08,22107,NA,N,C,E,A,A,H,-,C,D,0,NA,NA,NA,NA,Y,Y,-,NA,0,0,1,0,0,0,0,0,0,-,-,NA,NA,SAN DIEGO,SAN DIEGO,-117.17260385,32.78361308
6909006,2015,2016-12-20,9645,2015-04-22,1738,017667,NA,3,2,7,3711,0,1,1,NA,2,009,RT 805,CAMINO DE LA PLAZA,500,N,N,B,-,Y,SD,11,5,-,R,0.4,H,-,S,N,4,0,1,3,A,-,08,22107,NA,N,B,C,A,A,H,-,A,D,1,NA,NA,Y,NA,Y,NA,C,02,0,0,1,0,0,0,0,0,1,-,-,32.54769,-117.3925,SAN DIEGO,SAN DIEGO,-117.03395185,32.54517251
6909170,2015,2015-05-26,3701,2015-04-30,0720,5191,79,4,5,5,3701,0,0,0,NA,0,006,PALOMAR AIRPORT RD,EL CAMINO REAL,346,E,N,A,-,N,NA,NA,NA,NA,NA,NA,NA,NA,NA,Y,3,0,1,2,A,-,03,22350,NA,N,C,C,A,A,H,-,A,D,0,NA,NA,Y,NA,Y,NA,C,02,0,1,0,0,0,0,0,0,1,-,-,33.12987,-117.26585,SAN DIEGO,CARLSBAD,-117.26585738,33.12987023