CASE_ID,ACCIDENT_YEAR,PROC_DATE,JURIS,COLLISION_DATE,COLLISION_TIME,OFFICER_ID,REPORTING_DISTRICT,DAY_OF_WEEK,CHP_SHIFT,POPULATION,CNTY_CITY_LOC,SPECIAL_COND,BEAT_TYPE,CHP_BEAT_TYPE,CITY_DIVISION_LAPD,CHP_BEAT_CLASS,BEAT_NUMBER,PRIMARY_RD,SECONDARY_RD,DISTANCE,DIRECTION,INTERSECTION,WEATHER_1,WEATHER_2,STATE_HWY_IND,CALTRANS_COUNTY,CALTRANS_DISTRICT,STATE_ROUTE,ROUTE_SUFFIX,POSTMILE_PREFIX,POSTMILE,LOCATION_TYPE,RAMP_INTERSECTION,SIDE_OF_HWY,TOW_AWAY,COLLISION_SEVERITY,NUMBER_KILLED,NUMBER_INJURED,PARTY_COUNT,PRIMARY_COLL_FACTOR,PCF_CODE_OF_VIOL,PCF_VIOL_CATEGORY,PCF_VIOLATION,PCF_VIOL_SUBSECTION,HIT_AND_RUN,TYPE_OF_COLLISION,MVIW,PED_ACTION,ROAD_SURFACE,ROAD_COND_1,ROAD_COND_2,LIGHTING,CONTROL_DEVICE,CHP_ROAD_TYPE,PEDESTRIAN_ACCIDENT,BICYCLE_ACCIDENT,MOTORCYCLE_ACCIDENT,TRUCK_ACCIDENT,NOT_PRIVATE_PROPERTY,ALCOHOL_INVOLVED,STWD_VEHTYPE_AT_FAULT,CHP_VEHTYPE_AT_FAULT,COUNT_SEVERE_INJ,COUNT_VISIBLE_INJ,COUNT_COMPLAINT_PAIN,COUNT_PED_KILLED,COUNT_PED_INJURED,COUNT_BICYCLIST_KILLED,COUNT_BICYCLIST_INJURED,COUNT_MC_KILLED,COUNT_MC_INJURED,PRIMARY_RAMP,SECONDARY_RAMP,LATITUDE,LONGITUDE,COUNTY,CITY,POINT_X,POINT_Y
8090919,2016,2016-07-27,3711,2016-07-16,1835,5301,NA,6,5,7,3711,0,0,0,NA,0,723,30TH ST,CORONADO AV,504,S,N,A,-,N,NA,NA,NA,NA,NA,NA,NA,NA,NA,N,4,0,1,2,A,-,08,22107,NA,N,D,C,A,A,H,-,A,D,0,NA,NA,NA,NA,Y,NA,-,NA,0,0,1,0,0,0,0,0,0,-,-,NA,NA,SAN DIEGO,SAN DIEGO,-117.06894870000001,32.57532278
8090939,2016,2016-07-27,3711,2016-07-04,0853,5313,NA,1,5,7,3711,0,0,0,NA,0,NA,INGRAHAM ST,LAW ST,0,NA,Y,A,-,N,NA,NA,NA,NA,NA,NA,NA,NA,NA,Y,3,0,1,2,A,-,08,22107,NA,N,B,C,A,A,H,-,A,D,0,NA,NA,NA,NA,Y,NA,A,01,0,1,0,0,0,0,0,0,0,-,-,NA,NA,SAN DIEGO,SAN DIEGO,-117.24261007,32.80537006
8091273,2016,2016-07-29,3706,2016-07-21,0650,496,ESCON,4,5,6,3706,0,0,0,NA,0,055,GRAND AV,SPRUCE ST,85,E,N,A,-,N,NA,NA,NA,NA,NA,NA,NA,NA,NA,Y,3,0,2,2,A,-,09,21802,A,N,D,C,A,A,H,-,A,D,0,NA,NA,NA,NA,Y,NA,D,22,0,1,1,0,0,0,0,0,0,-,-,NA,NA,SAN DIEGO,ESCONDIDO,-117.0905961,33.11710162
8091857,2016,2016-08-01,3703,2016-07-18,0950,1270,NA,1,5,3,3703,0,0,0,NA,0,003,10TH ST,C AV,0,NA,Y,A,-,N,NA,NA,NA,NA,NA,NA,NA,NA,NA,N,3,0,1,2,A,-,03,22350,NA,N,G,B,B,A,H,-,A,D,0,Y,NA,NA,NA,Y,NA,A,01,0,1,0,0,1,0,0,0,0,-,-,NA,NA,SAN DIEGO,CORONADO,-117.1786501,32.68540009
8092947,2016,2016-07-28,3709,2016-07-08,1304,406,NA,5,5,5,3709,0,0,0,NA,0,023,L AV,21ST ST,75,S,N,A,-,N,NA,NA,NA,NA,NA,NA,NA,NA,NA,N,4,0,1,2,A,-,05,21202,A,N,G,G,A,A,H,-,A,D,0,NA,Y,NA,NA,Y,NA,L,04,0,0,1,0,0,0,1,0,0,-,-,NA,NA,SAN DIEGO,NATIONAL CITY,-117.09017739,32.66784396
8094309,2016,2016-08-03,3711,2016-07-22,2316,7416,SANDI,5,5,7,3711,0,0,0,NA,0,321,FRIARS RD,SANTO RD,1056,W,N,A,-,N,NA,NA,NA,NA,NA,NA,NA,NA,NA,N,4,0,1,2,A,-,08,22107,NA,N,B,C,A,A,H,-,C,D,0,NA,NA,NA,NA,Y,NA,A,01,0,0,1,0,0,0,0,0,0,-,-,NA,NA,SAN DIEGO,SAN DIEGO,-117.10837751,32.78947722
8094924,2016,2016-08-05,3702,2016-07-12,1225,CV0673,NA,2,5,6,3702,0,0,0,NA,0,022,4TH AV,OXFORD ST,135,S,N,A,-,N,NA,NA,NA,NA,NA,NA,NA,NA,NA,Y,4,0,2,2,A,-,03,22350,NA,N,C,C,A,A,H,-,A,D,0,NA,NA,NA,NA,Y,NA,A,07,0,0,2,0,0,0,0,0,0,-,-,NA,NA,SAN DIEGO,CHULA VISTA,-117.07169587,32.608718089999996
8095402,2016,2016-08-03,3711,2016-07-24,0048,5555,NA,7,5,7,3711,0,0,0,NA,0,522,ISLAND AV,3RD AV,10,S,N,A,-,N,NA,NA,NA,NA,NA,NA,NA,NA,NA,N,4,0,1,2,A,-,12,22450,A,M,D,B,B,A,H,-,C,D,0,Y,NA,NA,NA,Y,Y,-,NA,0,0,1,0,1,0,0,0,0,-,-,NA,NA,SAN DIEGO,SAN DIEGO,-117.16198,32.71044
8095403,2016,2016-08-03,3711,2016-07-25,1000,4957,NA,1,5,7,3711,0,0,0,NA,0,234,POMERADO RD,STONE CANYON,56,N,N,A,-,N,NA,NA,NA,NA,NA,NA,NA,NA,NA,Y,3,0,1,1,A,-,08,22107,NA,N,F,A,A,A,H,-,A,D,0,NA,NA,NA,NA,Y,NA,-,NA,0,1,0,0,0,0,0,0,0,-,-,NA,NA,SAN DIEGO,SAN DIEGO,-117.05785549,33.00424199
8095409,2016,2016-09-27,3711,2016-07-26,1813,7073,NA,2,5,7,3711,0,0,0,NA,0,611,CAMINO DEL RIO W,SPORTS ARENA BL,300,S,N,A,-,N,NA,NA,NA,NA,NA,NA,NA,NA,NA,NA,3,0,1,2,A,-,05,21650,NA,N,D,G,A,A,H,-,A,D,0,NA,Y,NA,NA,Y,NA,L,04,0,1,0,0,0,0,1,0,0,-,-,NA,NA,SAN DIEGO,SAN DIEGO,-117.20494,32.75153
8095460,2016,2017-01-23,3711,2016-07-23,0001,5072,NA,6,5,7,3711,0,0,0,NA,0,442,SOUTH 43RD ST,RT 805,0,NA,Y,A,-,Y,SD,11,805,-,-,11.025,R,4,N,N,4,0,1,2,A,-,12,21453,A,M,D,C,A,A,H,-,C,A,0,NA,NA,NA,NA,Y,Y,D,23,0,0,1,0,0,0,0,0,0,-,SF,NA,NA,SAN DIEGO,SAN DIEGO,-117.0909514,32.68602326
8095537,2016,2016-08-03,3711,2016-07-22,0600,7336,SANDI,5,5,7,3711,0,0,0,NA,0,837,GATEWAY DR,HOME AV,34,N,N,A,-,N,NA,NA,NA,NA,NA,NA,NA,NA,NA,Y,4,0,1,2,A,-,03,22350,NA,N,C,C,A,A,H,-,B,A,0,NA,NA,NA,NA,Y,NA,-,NA,0,0,1,0,0,0,0,0,0,-,-,NA,NA,SAN DIEGO,SAN DIEGO,-117.10768874,32.72332278
8095550,2016,2016-08-02,3711,2016-07-25,1607,4897,NA,1,5,7,3711,0,0,0,NA,0,122,HAINES ST,GRAND AV,0,NA,Y,A,-,N,NA,NA,NA,NA,NA,NA,NA,NA,NA,Y,3,0,2,2,A,-,09,21802,A,N,D,C,A,A,H,-,A,A,0,NA,NA,NA,NA,Y,NA,A,01,0,2,0,0,0,0,0,0,0,-,-,NA,NA,SAN DIEGO,SAN DIEGO,-117.24213003,32.79752005
8095554,2016,2016-08-04,3711,2016-07-25,2040,7462,SANDI,1,5,7,3711,0,0,0,NA,0,614,SUNSET CLIFFS BL,SUNSET CLIFFS BL 2500,0,NA,-,A,-,N,NA,NA,NA,NA,NA,NA,NA,NA,NA,Y,3,0,1,1,A,-,03,22350,NA,N,H,A,A,A,H,-,C,D,0,NA,NA,Y,NA,Y,NA,C,02,0,1,0,0,0,0,0,0,1,-,-,NA,NA,SAN DIEGO,SAN DIEGO,-117.2391808,32.75324161
8096602,2016,2017-03-06,3711,2016-07-29,0938,4274,NA,5,5,7,3711,0,0,0,NA,0,315,MISSION CENTER RD,MISSION CENTER CT,0,NA,Y,A,-,N,NA,NA,NA,NA,NA,NA,NA,NA,NA,Y,4,0,4,3,A,-,12,21453,A,N,D,C,A,A,H,-,A,A,0,NA,NA,NA,NA,Y,NA,-,NA,0,0,4,0,0,0,0,0,0,-,-,NA,NA,SAN DIEGO,SAN DIEGO,-117.15417001,32.77358006
8096603,2016,2017-02-18,3711,2016-07-23,0525,7382,NA,6,5,7,3711,0,0,0,NA,0,713,OTAY MESA RD,RT 125,96,E,N,E,-,Y,SD,11,125,-,L,1.063,R,4,S,N,3,0,2,1,A,-,17,21461,A,M,E,I,A,A,H,-,B,A,0,NA,NA,NA,NA,Y,NA,-,NA,0,1,1,0,0,0,0,0,0,-,SF,NA,NA,SAN DIEGO,SAN DIEGO,-116.95002923,32.56952062
8096628,2016,2016-08-11,3711,2016-07-27,1935,6501,MC,3,5,7,3711,0,0,0,NA,0,813,UNIVERSITY AV,BANCROFT ST,0,NA,-,A,-,N,NA,NA,NA,NA,NA,NA,NA,NA,NA,NA,3,0,1,2,A,-,08,22107,NA,N,B,G,A,A,H,-,B,D,0,NA,Y,NA,NA,Y,NA,-,NA,0,1,0,0,0,0,1,0,0,-,-,NA,NA,SAN DIEGO,SAN DIEGO,-117.12394008,32.74850009
8096646,2016,2016-08-11,3711,2016-08-02,0232,7375,NA,2,5,7,3711,0,0,0,NA,0,116,CLAIREMONT DR,CLAIREMONT CT,5,S,N,A,-,N,NA,NA,NA,NA,NA,NA,NA,NA,NA,Y,3,0,2,1,A,-,08,22107,NA,N,E,I,A,A,H,-,C,D,0,NA,NA,NA,NA,Y,Y,A,01,0,1,1,0,0,0,0,0,0,-,-,NA,NA,SAN DIEGO,SAN DIEGO,-117.1979445,32.79132387
8098409,2016,2017-02-15,3705,2016-06-18,1950,EC0349,NA,6,5,5,3705,0,0,0,NA,0,007,FLETCHER PKWY,RT 67,0,NA,Y,B,-,Y,SD,11,67,-,R,0.599,R,4,S,Y,3,0,3,2,A,-,12,21453,A,N,D,C,A,A,H,-,B,A,0,NA,NA,NA,NA,Y,Y,A,01,0,1,2,0,0,0,0,0,0,-,SF,NA,NA,SAN DIEGO,EL CAJON,-116.96195619,32.81178335
8098410,2016,2016-08-05,3702,2016-06-30,1302,CV1060,NA,4,5,6,3702,0,0,0,NA,0,024,MELROSE AV,TOURMALINE CT,0,NA,Y,A,-,N,NA,NA,NA,NA,NA,NA,NA,NA,NA,Y,4,0,1,2,A,-,09,21802,A,N,D,C,A,A,H,-,A,D,0,NA,NA,NA,NA,Y,NA,A,01,0,0,1,0,0,0,0,0,0,-,-,NA,NA,SAN DIEGO,CHULA VISTA,-117.03992001,32.59684006
8100265,2016,2016-08-15,3703,2016-08-05,1703,1289,NA,5,5,3,3703,0,0,0,NA,0,002,8TH ST,F AV,0,NA,Y,A,-,N,NA,NA,NA,NA,NA,NA,NA,NA,NA,N,3,0,1,2,A,-,12,22450,A,N,D,G,A,A,H,-,A,A,0,NA,Y,NA,NA,Y,NA,L,04,0,1,0,0,0,0,1,0,0,-,-,NA,NA,SAN DIEGO,CORONADO,-117.18160003,32.69018001
8100730,2016,2016-08-19,3701,2016-07-25,1140,5339,121,1,5,5,3701,0,0,0,NA,0,008,CALLE BARCELONA,EL CAMINIO REAL,210,W,N,A,-,N,NA,NA,NA,NA,NA,NA,NA,NA,NA,Y,3,0,2,2,A,-,08,22107,NA,N,D,C,A,A,H,-,A,D,0,NA,NA,NA,NA,Y,NA,D,22,0,1,1,0,0,0,0,0,0,-,-,NA,NA,SAN DIEGO,CARLSBAD,-117.26341041,33.07303675
8101517,2016,2016-09-02,3711,2016-08-09,1427,5985,NA,2,5,7,3711,0,0,0,NA,0,838,EL CAJON BL,36TH ST,0,NA,Y,A,-,N,NA,NA,NA,NA,NA,NA,NA,NA,NA,N,4,0,1,2,A,-,05,21650,1,N,H,G,A,A,H,-,A,A,0,NA,Y,NA,NA,Y,NA,L,04,0,0,1,0,0,0,1,0,0,-,-,NA,NA,SAN DIEGO,SAN DIEGO,-117.11578006,32.75529001
8101523,2016,2016-08-17,3711,2016-08-08,2300,8181,NA,1,5,7,3711,0,0,0,NA,0,327,COLLEGE AV,AZTEC CIRCLE DR,8,S,N,B,-,N,NA,NA,NA,NA,NA,NA,NA,NA,NA,Y,3,0,1,2,A,-,07,21658,A,N,D,C,A,A,H,-,C,D,0,NA,NA,NA,NA,Y,NA,-,NA,0,1,0,0,0,0,0,0,0,-,-,NA,NA,SAN DIEGO,SAN DIEGO,-117.06967115,32.77286731
8101580,2016,2016-08-18,3711,2016-08-04,2043,7289,NA,4,5,7,3711,0,0,0,NA,0,627,SUNSET CLIFFS BL,NIMITZ BL,0,NA,Y,A,-,N,NA,NA,NA,NA,NA,NA,NA,NA,NA,Y,3,0,1,2,A,-,04,21703,NA,N,B,C,A,A,H,-,C,A,0,NA,NA,NA,NA,Y,NA,-,NA,0,1,0,0,0,0,0,0,0,-,-,NA,NA,SAN DIEGO,SAN DIEGO,-117.23730005,32.75412007
8102507,2016,2016-08-18,3709,2016-08-03,1336,406,NA,3,5,5,3709,0,0,0,NA,0,021,EAST 8TH ST,HARBISON AV,0,NA,Y,-,-,N,NA,NA,NA,NA,NA,NA,NA,NA,NA,Y,3,0,1,2,A,-,09,21803,B,N,B,C,A,-,H,-,A,A,0,NA,NA,NA,NA,Y,NA,-,NA,0,1,0,0,0,0,0,0,0,-,-,NA,NA,SAN DIEGO,NATIONAL CITY,-117.07519013,32.68474001
8102531,2016,2016-08-18,3710,2016-08-08,1005,OC0891,NA,1,5,6,3710,0,0,0,NA,0,037,LAKE BL,SKY HAVEN LN,66,E,N,B,-,N,NA,NA,NA,NA,NA,NA,NA,NA,NA,Y,4,0,2,2,A,-,03,22350,NA,N,C,C,A,A,H,-,A,A,0,NA,NA,NA,NA,Y,NA,A,01,0,0,2,0,0,0,0,0,0,-,-,NA,NA,SAN DIEGO,OCEANSIDE,-117.28063842,33.1772679
8103376,2016,2016-09-28,3702,2016-08-22,2100,CV0910,NA,1,5,6,3702,0,0,0,NA,0,021,BROADWAY,ARIZONA,156,N,N,A,-,N,NA,NA,NA,NA,NA,NA,NA,NA,NA,Y,3,0,1,2,A,-,01,23152,A,N,C,E,A,A,H,-,C,D,0,NA,NA,NA,NA,Y,Y,A,01,0,1,0,0,0,0,0,0,0,-,-,NA,NA,SAN DIEGO,CHULA VISTA,-117.08361661000001,32.61580337
8103388,2016,2016-09-28,3702,2016-08-22,1345,CV0984,NA,1,5,6,3702,0,0,0,NA,0,042,LYTTON CREEK CT,NETTLE CREEK WY,309,E,N,A,-,N,NA,NA,NA,NA,NA,NA,NA,NA,NA,Y,3,0,1,2,A,-,21,22106,NA,N,C,E,A,A,H,-,A,D,0,NA,NA,NA,NA,Y,NA,A,01,0,1,0,0,0,0,0,0,0,-,-,NA,NA,SAN DIEGO,CHULA VISTA,-116.93527044,32.63604802
8103392,2016,2016-09-28,3702,2016-08-30,0920,CV0534,NA,2,5,6,3702,0,0,0,NA,0,013,BROADWAY,L ST,12,S,N,A,-,N,NA,NA,NA,NA,NA,NA,NA,NA,NA,N,4,0,1,2,A,-,03,22350,NA,N,C,C,A,A,H,-,A,A,0,NA,NA,NA,NA,Y,NA,A,01,0,0,1,0,0,0,0,0,0,-,-,NA,NA,SAN DIEGO,CHULA VISTA,-117.08407727,32.61712721
8103431,2016,2016-09-28,3702,2016-08-05,1325,CV1056,NA,5,5,6,3702,0,0,0,NA,0,013,J ST,5TH AV,56,W,N,A,-,N,NA,NA,NA,NA,NA,NA,NA,NA,NA,Y,4,0,1,2,A,-,01,23152,E,M,C,C,A,A,H,-,A,A,0,NA,NA,NA,NA,Y,NA,A,01,0,0,1,0,0,0,0,0,0,-,-,NA,NA,SAN DIEGO,CHULA VISTA,-117.08280255,32.62514302
8104644,2016,2016-08-26,3711,2016-08-14,1845,4490,NA,7,5,7,3711,0,0,0,NA,0,311,PHYLLIS PL,ABBOTSHILL RD,0,NA,Y,A,-,N,NA,NA,NA,NA,NA,NA,NA,NA,NA,Y,3,0,1,1,A,-,03,22350,NA,M,E,I,A,A,H,-,A,A,0,NA,NA,NA,NA,Y,NA,-,NA,0,1,0,0,0,0,0,0,0,-,-,NA,NA,SAN DIEGO,SAN DIEGO,-117.15004,32.78451004
8104727,2016,2016-08-29,3711,2016-08-13,1515,5046,NA,6,5,7,3711,0,0,0,NA,0,231,SABRE SPRINGS PKWY,SABRE SPRINGS PKWY 13538,0,NA,N,A,-,N,NA,NA,NA,NA,NA,NA,NA,NA,NA,N,3,0,1,2,C,-,18,NA,NA,N,H,B,-,A,H,-,A,D,0,Y,NA,NA,NA,Y,NA,-,-,0,1,0,0,1,0,0,0,0,-,-,NA,NA,SAN DIEGO,SAN DIEGO,-117.09134281,32.96293451
8105404,2016,2016-08-26,3711,2016-08-16,1818,7082,NA,2,5,7,3711,0,0,0,NA,0,832,40TH ST,ORANGE AV,0,NA,Y,A,-,N,NA,NA,NA,NA,NA,NA,NA,NA,NA,N,3,0,1,3,A,-,09,21801,A,N,D,G,A,A,H,-,A,A,0,NA,Y,NA,NA,Y,NA,A,01,0,1,0,0,0,0,1,0,0,-,-,NA,NA,SAN DIEGO,SAN DIEGO,-117.10941007,32.75324011
8107496,2016,2016-08-22,3711,2016-08-11,0900,7486,NA,4,5,7,3711,0,0,0,NA,0,934,TOWNSGATE,EL CAMINIO REAL,0,NA,Y,A,-,N,NA,NA,NA,NA,NA,NA,NA,NA,NA,Y,4,0,2,2,A,-,09,21453,C,N,-,C,A,A,H,-,A,A,0,NA,NA,NA,NA,Y,NA,A,01,0,0,2,0,0,0,0,0,0,-,-,NA,NA,SAN DIEGO,SAN DIEGO,-117.23604011,32.9495701
8107510,2016,2016-10-20,3703,2016-08-10,1215,1185,NA,3,5,3,3703,0,0,0,NA,0,003,AVENIDA DE LAS ARENAS,RT 75,413,S,N,A,-,N,NA,NA,NA,NA,NA,NA,NA,NA,NA,N,4,0,1,2,A,-,21,22106,NA,N,D,C,A,A,H,-,A,D,0,NA,NA,NA,NA,Y,NA,A,07,0,0,1,0,0,0,0,0,0,-,-,NA,NA,SAN DIEGO,CORONADO,-117.17293113,32.67591897
8108179,2016,2017-01-23,3700,2016-07-08,1808,SH2558,NA,5,5,5,3712,0,0,0,NA,0,355,NORTH LAS POSAS RD,RT 78,0,NA,Y,A,-,Y,SD,11,78,-,-,11.336,R,1,W,N,4,0,1,2,A,-,05,21202,A,N,G,J,A,A,H,-,A,A,0,NA,Y,NA,NA,Y,NA,L,04,0,0,1,0,0,0,1,0,0,-,WF,NA,NA,SAN DIEGO,SAN MARCOS,-117.18924807,33.14278211
8108808,2016,2017-01-21,3710,2016-08-17,0225,OC1428,NA,3,5,6,3710,0,0,0,NA,0,022,RT 76,SANTA FE AV,500,W,N,A,-,Y,SD,11,76,-,R,6.63,H,-,E,Y,4,0,1,2,A,-,07,21658,A,F,F,A,A,A,H,-,A,D,0,NA,NA,Y,NA,Y,NA,-,99,0,0,1,0,0,0,0,0,1,-,-,NA,NA,SAN DIEGO,OCEANSIDE,-117.28289473,33.24525386
8108838,2016,2016-09-13,3711,2016-08-15,0824,5313,NA,1,5,7,3711,0,0,0,NA,0,NA,BROADWAY,19TH ST,0,NA,Y,A,-,N,NA,NA,NA,NA,NA,NA,NA,NA,NA,N,3,0,1,2,A,-,12,22450,A,N,D,C,A,A,H,-,A,A,0,NA,NA,NA,NA,Y,NA,A,01,0,1,0,0,0,0,0,0,0,-,-,32.7157,-117.14673,SAN DIEGO,SAN DIEGO,-117.14678007,32.71579006
8108845,2016,2016-09-13,3711,2016-08-28,1159,6931,SD,7,5,7,3711,0,0,0,NA,0,512,CESAR CHAVEZ PKWY,KEARNY AV,9,S,N,A,-,N,NA,NA,NA,NA,NA,NA,NA,NA,NA,N,4,0,1,2,A,-,08,22107,NA,N,B,C,A,A,H,-,A,A,0,NA,NA,Y,NA,Y,NA,D,22,0,0,1,0,0,0,0,0,1,-,-,NA,NA,SAN DIEGO,SAN DIEGO,-117.14351714,32.70231831
8109712,2016,2016-11-17,3705,2016-08-11,1520,EC0295,NA,4,5,5,3705,0,0,0,NA,0,008,EL CAJON BL,WILSON AV,165,N,N,A,-,N,NA,NA,NA,NA,NA,NA,NA,NA,NA,Y,4,0,4,6,A,-,03,22350,NA,N,C,C,A,A,H,-,A,A,0,NA,NA,NA,NA,Y,NA,A,01,0,0,4,0,0,0,0,0,0,-,-,NA,NA,SAN DIEGO,EL CAJON,-116.97610305,32.78652099
8110237,2016,2016-08-31,3706,2016-08-13,1419,1603,ESCON,6,5,6,3706,0,0,0,NA,0,046,WASHINGTON AV,WEATHERBY AV,0,NA,Y,A,-,N,NA,NA,NA,NA,NA,NA,NA,NA,NA,Y,3,0,1,2,A,-,03,22350,NA,N,B,C,A,A,H,-,A,D,0,NA,NA,NA,NA,Y,NA,A,01,0,1,0,0,0,0,0,0,0,-,-,33.14507,-117.04974,SAN DIEGO,ESCONDIDO,-117.05219006,33.14292011
8111137,2016,2017-01-21,3710,2016-08-16,0644,OC1428,NA,2,5,6,3710,0,0,0,NA,0,024,RT 76,RANCHO DEL ORO,60,E,N,A,-,Y,SD,11,76,-,R,4.211,I,5,E,Y,3,0,2,2,A,-,12,21453,A,N,D,C,A,A,H,-,A,A,0,NA,NA,NA,NA,Y,NA,A,01,0,1,1,0,0,0,0,0,0,-,-,NA,NA,SAN DIEGO,OCEANSIDE,-117.31822439,33.2278143
8111213,2016,2016-08-29,3709,2016-08-22,0010,465,3709,1,5,5,3709,0,0,0,NA,0,024,30TH ST,COMMERICAL BL,0,NA,-,A,-,N,NA,NA,NA,NA,NA,NA,NA,NA,NA,Y,4,0,1,1,A,-,01,23152,A,N,E,I,A,A,H,-,D,A,0,NA,NA,NA,NA,Y,Y,A,01,0,0,1,0,0,0,0,0,0,-,-,NA,NA,SAN DIEGO,NATIONAL CITY,-117.12954009,32.70542004
8112043,2016,2016-08-31,3711,2016-08-22,1130,7177,NA,1,5,7,3711,0,0,0,NA,0,432,NARANJA ST,NARANJA ST 5100,0,NA,N,A,-,N,NA,NA,NA,NA,NA,NA,NA,NA,NA,N,3,0,1,1,A,-,03,22350,NA,N,-,A,A,A,A,-,A,A,0,NA,Y,NA,NA,Y,NA,L,04,0,1,0,0,0,0,1,0,0,-,-,NA,NA,SAN DIEGO,SAN DIEGO,-117.08503425,32.70862203
8112887,2016,2016-09-06,3706,2016-08-28,1536,322,ESCON,7,5,6,3706,0,0,0,NA,0,055,CITRACADO PKWY,MILLER AV,216,E,N,A,-,N,NA,NA,NA,NA,NA,NA,NA,NA,NA,N,3,0,1,2,A,-,09,21804,A,N,E,J,A,A,H,-,A,D,0,NA,NA,Y,NA,Y,NA,A,07,0,1,0,0,0,0,0,0,1,-,-,NA,NA,SAN DIEGO,ESCONDIDO,-117.07938396,33.09188137
8112928,2016,2016-09-06,3710,2016-08-20,1225,OC1263,NA,6,5,6,3710,0,0,0,NA,0,027,COLLEGE BL,BARNARD DR,210,N,N,A,-,N,NA,NA,NA,NA,NA,NA,NA,NA,NA,Y,4,0,1,2,A,-,03,22350,NA,N,C,C,A,A,H,-,A,A,0,NA,NA,NA,NA,Y,NA,A,01,0,0,1,0,0,0,0,0,0,-,-,NA,NA,SAN DIEGO,OCEANSIDE,-117.29610114,33.18670993
8113787,2016,2016-09-09,3701,2016-08-26,1612,3454,104,5,5,5,3701,0,0,0,NA,0,008,EL CAMINO REAL,ALGA RD,12,N,N,A,-,N,NA,NA,NA,NA,NA,NA,NA,NA,NA,Y,4,0,1,2,A,-,03,22350,NA,N,C,C,A,A,H,-,A,A,0,NA,NA,NA,NA,Y,NA,D,22,0,0,1,0,0,0,0,0,0,-,-,33.10236,-117.26516,SAN DIEGO,CARLSBAD,-117.266416,33.10236249
8113931,2016,2016-09-08,3701,2016-08-19,1322,5291,66,5,5,5,3701,0,0,0,NA,0,002,PASEO DEL NORTE,CANNON RD,0,NA,Y,A,-,N,NA,NA,NA,NA,NA,NA,NA,NA,NA,Y,4,0,1,3,A,-,12,21453,A,N,D,C,A,A,H,-,A,A,0,NA,NA,NA,NA,Y,NA,A,07,0,0,1,0,0,0,0,0,0,-,-,33.13545,-117.32711,SAN DIEGO,CARLSBAD,-117.32707009,33.13547002
8114153,2016,2016-09-12,3702,2016-08-09,1140,CV0730,NA,2,5,6,3702,0,0,0,NA,0,022,NAPLES ST,3RD AV,135,W,N,A,-,N,NA,NA,NA,NA,NA,NA,NA,NA,NA,N,4,0,2,2,A,-,03,22350,NA,N,C,C,A,A,H,-,A,D,0,NA,NA,Y,NA,Y,NA,C,06,0,0,2,0,0,0,0,0,1,-,-,NA,NA,SAN DIEGO,CHULA VISTA,-117.06950505,32.61356452
8115043,2016,2016-09-01,3711,2016-08-23,1533,7299,SD,2,5,7,3711,0,0,0,NA,0,627,UNIVERSITY AV,CENTRE ST,0,NA,Y,A,-,N,NA,NA,NA,NA,NA,NA,NA,NA,NA,N,3,0,1,2,A,-,09,21801,A,N,H,A,A,A,H,-,A,A,0,NA,NA,NA,NA,Y,NA,-,NA,0,1,0,0,0,0,0,0,0,-,-,NA,NA,SAN DIEGO,SAN DIEGO,-117.14838005,32.74841007
8115439,2016,2016-09-02,3700,2016-08-05,1440,SH0616,NA,5,5,5,3713,0,0,0,NA,0,307,EUCALYPTUS AV,TIGER TAIL RD,0,NA,Y,A,-,N,NA,NA,NA,NA,NA,NA,NA,NA,NA,N,4,0,1,2,A,-,09,21801,A,N,D,C,A,A,H,-,A,D,0,NA,NA,NA,NA,Y,NA,A,01,0,0,1,0,0,0,0,0,0,-,-,NA,NA,SAN DIEGO,VISTA,-117.22839002,33.19981002
8117064,2016,2016-09-08,3711,2016-08-24,2248,8861,NA,3,5,7,3711,0,0,0,NA,0,627,UNIVERSITY AV,CENTRE ST,15,E,N,A,-,N,NA,NA,NA,NA,NA,NA,NA,NA,NA,N,4,0,1,2,A,-,03,22350,NA,N,H,G,A,A,H,-,C,A,0,NA,Y,NA,NA,Y,NA,L,04,0,0,1,0,0,0,1,0,0,-,-,NA,NA,SAN DIEGO,SAN DIEGO,-117.14833138,32.74841
8117115,2016,2016-09-08,3711,2016-08-26,2027,7371,SD,5,5,7,3711,0,0,0,NA,0,116,BALBOA AV,MODOC ST,16,W,N,A,-,N,NA,NA,NA,NA,NA,NA,NA,NA,NA,N,4,0,1,2,A,-,03,22350,NA,N,C,C,A,A,H,-,C,A,0,NA,NA,NA,NA,Y,NA,A,01,0,0,1,0,0,0,0,0,0,-,-,NA,NA,SAN DIEGO,SAN DIEGO,-117.20165184,32.81167225
8117161,2016,2016-09-08,3710,2016-08-26,1730,OC1344,NA,5,5,6,3710,0,0,0,NA,0,032,MISSION AV,MISSION GATE,0,NA,Y,A,-,N,NA,NA,NA,NA,NA,NA,NA,NA,NA,Y,3,0,2,2,A,-,12,22450,A,N,D,C,A,A,H,-,A,A,0,NA,NA,NA,NA,Y,NA,A,01,0,1,1,0,0,0,0,0,0,-,-,NA,NA,SAN DIEGO,OCEANSIDE,-117.38299006,33.19389002
8118137,2016,2016-09-09,3711,2016-08-28,1758,6986,NA,7,5,7,3711,0,0,0,NA,0,233,RANCHO PENASQUITOS BL,PASEO MONTRIL,350,E,N,A,-,N,NA,NA,NA,NA,NA,NA,NA,NA,NA,N,3,0,1,2,A,-,03,22350,NA,N,D,G,A,A,H,-,A,D,0,NA,Y,NA,NA,Y,NA,L,04,0,1,0,0,0,0,1,0,0,-,-,NA,NA,SAN DIEGO,SAN DIEGO,-117.10752001,32.95076004
8119687,2016,2016-09-15,3702,2016-07-27,1800,CV0506,NA,3,5,6,3702,0,0,0,NA,0,021,PALOMAR ST,5TH AV,0,NA,Y,A,-,N,NA,NA,NA,NA,NA,NA,NA,NA,NA,Y,4,0,1,2,A,-,01,23153,A,N,A,C,A,A,H,-,A,A,0,NA,NA,NA,NA,Y,Y,A,07,0,0,1,0,0,0,0,0,0,-,-,NA,NA,SAN DIEGO,CHULA VISTA,-117.07456012,32.60452005
8120785,2016,2016-09-19,3701,2016-08-25,1551,5291,44,4,5,5,3701,0,0,0,NA,0,005,CANNON RD,HEMINGWAY DR,0,NA,Y,A,-,N,NA,NA,NA,NA,NA,NA,NA,NA,NA,Y,3,0,2,2,A,-,12,21453,A,N,D,C,A,A,H,-,A,A,0,NA,NA,NA,NA,Y,NA,A,01,0,1,1,0,0,0,0,0,0,-,-,33.14393,-117.30579,SAN DIEGO,CARLSBAD,-117.30584009,33.14400006