CASE_ID,ACCIDENT_YEAR,PROC_DATE,JURIS,COLLISION_DATE,COLLISION_TIME,OFFICER_ID,REPORTING_DISTRICT,DAY_OF_WEEK,CHP_SHIFT,POPULATION,CNTY_CITY_LOC,SPECIAL_COND,BEAT_TYPE,CHP_BEAT_TYPE,CITY_DIVISION_LAPD,CHP_BEAT_CLASS,BEAT_NUMBER,PRIMARY_RD,SECONDARY_RD,DISTANCE,DIRECTION,INTERSECTION,WEATHER_1,WEATHER_2,STATE_HWY_IND,CALTRANS_COUNTY,CALTRANS_DISTRICT,STATE_ROUTE,ROUTE_SUFFIX,POSTMILE_PREFIX,POSTMILE,LOCATION_TYPE,RAMP_INTERSECTION,SIDE_OF_HWY,TOW_AWAY,COLLISION_SEVERITY,NUMBER_KILLED,NUMBER_INJURED,PARTY_COUNT,PRIMARY_COLL_FACTOR,PCF_CODE_OF_VIOL,PCF_VIOL_CATEGORY,PCF_VIOLATION,PCF_VIOL_SUBSECTION,HIT_AND_RUN,TYPE_OF_COLLISION,MVIW,PED_ACTION,ROAD_SURFACE,ROAD_COND_1,ROAD_COND_2,LIGHTING,CONTROL_DEVICE,CHP_ROAD_TYPE,PEDESTRIAN_ACCIDENT,BICYCLE_ACCIDENT,MOTORCYCLE_ACCIDENT,TRUCK_ACCIDENT,NOT_PRIVATE_PROPERTY,ALCOHOL_INVOLVED,STWD_VEHTYPE_AT_FAULT,CHP_VEHTYPE_AT_FAULT,COUNT_SEVERE_INJ,COUNT_VISIBLE_INJ,COUNT_COMPLAINT_PAIN,COUNT_PED_KILLED,COUNT_PED_INJURED,COUNT_BICYCLIST_KILLED,COUNT_BICYCLIST_INJURED,COUNT_MC_KILLED,COUNT_MC_INJURED,PRIMARY_RAMP,SECONDARY_RAMP,LATITUDE,LONGITUDE,COUNTY,CITY,POINT_X,POINT_Y
81707350,2022,2022-02-24,3706,2022-02-10,1355,558,ESCON,4,5,6,3706,0,0,0,NA,0,056,BEAR VALLEY PY,HAYDEN DR,24,W,N,A,-,N,NA,NA,NA,NA,NA,NA,NA,NA,NA,Y,4,0,1,2,A,-,12,21453,A,F,D,C,A,A,H,-,A,A,0,NA,NA,NA,NA,Y,NA,A,01,0,0,1,0,0,0,0,0,0,-,-,33.14059066772461,-117.0395278930664,SAN DIEGO,ESCONDIDO,-117.03954315185548,33.14109420776367
81707355,2022,2022-02-24,3706,2022-02-11,2142,524,ESCON,5,5,6,3706,0,0,0,NA,0,055,09TH AV,REDWOOD ST,190,W,N,A,-,N,NA,NA,NA,NA,NA,NA,NA,NA,NA,Y,3,0,2,2,A,-,01,23152,A,N,C,E,A,A,H,-,C,D,0,NA,NA,NA,NA,Y,Y,A,01,0,1,1,0,0,0,0,0,0,-,-,33.11043167114258,-117.08454132080078,SAN DIEGO,ESCONDIDO,NA,NA
81707363,2022,2022-02-24,3706,2022-02-15,2135,561,ESCON,2,5,6,3706,0,0,0,NA,0,043,NUTMEG ST,LA PALOMA AV,30,N,N,A,-,N,NA,NA,NA,NA,NA,NA,NA,NA,NA,Y,3,0,1,1,A,-,01,23152,F,N,E,I,A,B,H,-,C,D,0,NA,NA,NA,NA,Y,NA,A,01,0,1,0,0,0,0,0,0,0,-,-,33.154640197753906,-117.10926055908205,SAN DIEGO,ESCONDIDO,-117.10929107666016,33.15471649169922
8170962,2016,2016-11-23,3705,2016-10-16,0211,EC0354,NA,7,5,5,3705,0,0,0,NA,0,009,EAST WASHINGTON,SOUTH MOLLISON,5,W,N,A,-,N,NA,NA,NA,NA,NA,NA,NA,NA,NA,N,2,0,1,2,A,-,10,21950,A,F,G,B,B,A,H,-,C,A,0,Y,NA,NA,Y,Y,NA,F,26,1,0,0,0,1,0,0,0,0,-,-,NA,NA,SAN DIEGO,EL CAJON,-116.95097621,32.78764
81712720,2022,2022-03-02,3706,2022-02-22,2105,362,ESCON,2,5,6,3706,0,0,0,NA,0,052,15TH AV,MAPLE ST,41,E,N,C,-,N,NA,NA,NA,NA,NA,NA,NA,NA,NA,Y,4,0,1,2,A,-,01,23152,A,N,C,E,A,B,H,-,C,D,0,NA,NA,NA,NA,Y,Y,A,01,0,0,1,0,0,0,0,0,0,-,-,33.108421325683594,-117.07392120361328,SAN DIEGO,ESCONDIDO,-117.0738525390625,33.108489990234375
8171629,2016,2016-11-22,3700,2016-11-01,0531,SH6298,NA,2,5,5,3712,0,0,0,NA,0,357,EAST MISSION RD,WOODWARD ST,635,W,N,A,-,N,NA,NA,NA,NA,NA,NA,NA,NA,NA,Y,4,0,1,1,A,-,08,22107,NA,N,E,I,A,A,H,-,C,D,0,NA,NA,NA,NA,Y,NA,A,01,0,0,1,0,0,0,0,0,0,-,-,NA,NA,SAN DIEGO,SAN MARCOS,-117.1624994,33.14267404
8171635,2016,2016-11-30,3711,2016-11-09,0840,7045,NA,3,5,7,3711,0,0,0,NA,0,821,67TH ST,EL CAJON BL,0,NA,Y,A,-,N,NA,NA,NA,NA,NA,NA,NA,NA,NA,N,4,0,1,2,A,-,09,21801,A,N,A,C,A,A,H,-,A,A,0,NA,NA,NA,NA,Y,NA,-,-,0,0,1,0,0,0,0,0,0,-,-,NA,NA,SAN DIEGO,SAN DIEGO,-117.05368011,32.76853003
8171660,2016,2016-11-23,3711,2016-11-07,0915,7169,NA,1,5,7,3711,0,0,0,NA,0,825,W TALMADGE DR,SHORT ST,13,S,N,A,-,N,NA,NA,NA,NA,NA,NA,NA,NA,NA,Y,3,0,1,1,A,-,08,22107,NA,N,E,I,A,A,H,-,A,D,0,NA,NA,NA,NA,Y,NA,-,NA,0,1,0,0,0,0,0,0,0,-,-,NA,NA,SAN DIEGO,SAN DIEGO,-117.10150098,32.7621544
81717173,2022,2022-03-08,3706,2022-02-24,0713,1891,ESCON,4,5,6,3706,0,0,0,NA,0,044,JEFFERSON AV,HARDING ST (E),0,NA,Y,A,-,Y,NA,NA,NA,NA,NA,NA,NA,NA,NA,Y,4,0,1,2,A,-,09,21801,A,N,D,C,A,A,H,-,A,D,0,NA,NA,NA,NA,Y,NA,D,83,0,0,1,0,0,0,0,0,0,-,-,33.134891510009766,-117.06620025634766,SAN DIEGO,ESCONDIDO,-117.06622314453124,33.135040283203125
8172085,2016,2016-11-30,3711,2016-11-11,1242,7358,NA,5,5,7,3711,0,0,0,NA,0,931,MIRAMAR RD,EASTGATE MALL,0,NA,Y,A,-,N,NA,NA,NA,NA,NA,NA,NA,NA,NA,Y,3,0,3,3,A,-,12,21453,A,N,D,C,A,A,H,-,A,A,0,NA,NA,NA,Y,Y,NA,F,26,0,1,2,0,0,0,0,0,0,-,-,NA,NA,SAN DIEGO,SAN DIEGO,-117.18632007,32.87686008
8172129,2016,2016-12-22,3711,2016-11-12,1715,7342,NA,6,5,7,3711,0,0,0,NA,0,122,MISSION BL,EMERALD ST,10,N,N,A,-,N,NA,NA,NA,NA,NA,NA,NA,NA,NA,Y,4,0,1,2,A,-,09,21802,A,N,D,C,A,A,H,-,C,D,0,NA,NA,NA,NA,Y,NA,I,11,0,0,1,0,0,0,0,0,0,-,-,NA,NA,SAN DIEGO,SAN DIEGO,-117.2560678,32.79843659
81726238,2022,2022-03-18,3706,2022-03-10,1902,564,ESCON,4,5,6,3706,0,0,0,NA,0,055,09TH AV,QUINCE ST,0,NA,Y,A,-,N,NA,NA,NA,NA,NA,NA,NA,NA,NA,Y,4,0,1,2,A,-,09,21801,A,N,A,C,A,A,H,-,C,A,0,NA,NA,NA,NA,Y,NA,D,22,0,0,1,0,0,0,0,0,0,-,-,33.11088180541992,-117.08355712890624,SAN DIEGO,ESCONDIDO,NA,NA
8172644,2016,2016-11-30,3700,2016-10-11,0748,SH7341,NA,2,5,4,3780,0,0,0,NA,0,415,BOWRON RD,CIVIC CENTER DR,155,N,N,A,-,N,NA,NA,NA,NA,NA,NA,NA,NA,NA,N,4,0,1,2,A,-,04,21703,NA,N,C,C,A,A,H,-,A,A,0,NA,NA,NA,NA,Y,NA,D,22,0,0,1,0,0,0,0,0,0,-,-,NA,NA,SAN DIEGO,POWAY,-117.04515027,32.95513421
8173715,2016,2016-11-28,3705,2016-09-15,1122,EC0281,NA,4,5,5,3705,0,0,0,NA,0,010,FLETCHER PKWY,PIONEER,0,NA,Y,A,-,N,NA,NA,NA,NA,NA,NA,NA,NA,NA,Y,4,0,2,2,A,-,12,21453,A,N,D,C,A,A,H,-,A,A,0,NA,NA,NA,NA,Y,NA,A,07,0,0,2,0,0,0,0,0,0,-,-,NA,NA,SAN DIEGO,EL CAJON,-116.96745008,32.80778004
8173848,2016,2017-01-03,3706,2016-10-29,1749,492,ESCON,6,5,6,3706,0,0,0,NA,0,043,CENTER CITY PKWY,EL NORTE PKWY,0,NA,Y,A,-,N,NA,NA,NA,NA,NA,NA,NA,NA,NA,Y,3,0,3,2,A,-,12,21453,A,N,A,C,A,A,H,-,A,A,0,NA,NA,NA,NA,Y,NA,-,-,0,1,2,0,0,0,0,0,0,-,-,33.13977,-117.09332,SAN DIEGO,ESCONDIDO,-117.09339013,33.13979005
8173914,2016,2016-11-29,3706,2016-11-14,1234,393,ESPD,1,5,6,3706,0,0,0,NA,0,045,AUTO PARK WY,HOWARD AV,12,S,N,A,-,N,NA,NA,NA,NA,NA,NA,NA,NA,NA,N,4,0,1,2,A,-,03,22350,NA,N,C,C,A,A,H,-,A,A,0,NA,NA,NA,NA,Y,NA,A,07,0,0,1,0,0,0,0,0,0,-,-,NA,NA,SAN DIEGO,ESCONDIDO,-117.10892061,33.11518835
81740883,2022,2022-04-05,3701,2022-03-30,0945,CB5355,079,3,5,5,3701,0,0,0,NA,0,006,EL CAMINO REAL,PALOMAR AIRPORT RD,0,NA,Y,A,-,Y,NA,NA,NA,NA,NA,NA,NA,NA,NA,Y,3,0,2,2,A,-,12,21453,A,N,A,C,A,A,H,-,A,A,0,NA,NA,NA,NA,Y,NA,A,01,0,2,0,0,0,0,0,0,0,-,-,33.129581451416016,-117.26673889160156,SAN DIEGO,CARLSBAD,-117.26668548583984,33.12969207763672
81750701,2022,2022-04-19,3706,2022-04-11,0610,551,ESCON,1,5,6,3706,0,0,0,NA,0,046,VALLEY CENTER RD,LAKE WOHLFORD RD,4000,N,N,A,-,N,NA,NA,NA,NA,NA,NA,NA,NA,NA,Y,2,0,1,1,A,-,08,22107,NA,N,E,I,A,A,H,-,C,D,0,NA,NA,NA,NA,Y,Y,A,01,1,0,0,0,0,0,0,0,0,-,-,33.160400390625,-117.03037261962892,SAN DIEGO,ESCONDIDO,-117.03066253662108,33.16048049926758
81757270,2022,2022-04-27,3706,2022-04-21,0803,455,ESCON,4,5,6,3706,0,0,0,NA,0,041,BROADWAY,LESLIE LN,244,N,N,A,-,N,NA,NA,NA,NA,NA,NA,NA,NA,NA,N,4,0,2,2,A,-,09,21804,A,N,D,C,A,A,H,-,A,D,0,NA,NA,NA,NA,Y,NA,A,01,0,0,2,0,0,0,0,0,0,-,-,33.148380279541016,-117.0910186767578,SAN DIEGO,ESCONDIDO,-117.09098815917967,33.14903259277344
81763799,2022,2022-05-04,3706,2022-04-16,2300,543,ESCON,6,5,6,3706,0,0,0,NA,0,054,ROSE ST,GRAND AV,165,S,N,A,-,N,NA,NA,NA,NA,NA,NA,NA,NA,NA,N,4,0,1,1,D,-,00,NA,NA,N,F,A,A,A,H,-,C,D,0,NA,Y,NA,NA,Y,NA,-,-,0,0,1,0,0,0,1,0,0,-,-,33.130859375,-117.05748748779295,SAN DIEGO,ESCONDIDO,-117.05741119384766,33.130760192871094
81773598,2022,2022-05-17,3701,2022-05-12,1901,CB5567,067,4,5,5,3701,0,0,0,NA,0,002,AVENIDA ENCINAS,PALOMAR AIRPORT RD,1150,N,N,A,-,N,NA,NA,NA,NA,NA,NA,NA,NA,NA,N,3,0,1,1,A,-,01,23152,A,N,E,I,A,A,H,-,A,D,0,NA,NA,Y,NA,Y,Y,C,02,0,1,0,0,0,0,0,0,1,-,-,33.12247085571289,-117.32496643066406,SAN DIEGO,CARLSBAD,-117.32528686523438,33.12538528442383
8177735,2016,2016-12-05,3710,2016-11-27,1939,OC1390,NA,7,5,6,3710,0,0,0,NA,0,006,N HOME,CIVIC CENTER DR,132,S,N,C,-,N,NA,NA,NA,NA,NA,NA,NA,NA,NA,Y,4,0,1,1,A,-,03,22350,NA,N,E,I,A,B,H,-,C,D,0,NA,NA,NA,NA,Y,Y,A,01,0,0,1,0,0,0,0,0,0,-,-,NA,NA,SAN DIEGO,OCEANSIDE,-117.37695784,33.19956696
81778585,2022,2022-05-24,3706,2022-05-15,2142,404,ESCON,7,5,6,3706,0,0,0,NA,0,052,SAN PASQUAL VALLEY RD,02ND AV,23,S,N,A,-,Y,SD,NA,78,NA,NA,19.011,H,NA,R,Y,4,0,1,2,A,-,08,22107,NA,F,A,C,A,A,H,-,C,D,0,NA,NA,NA,NA,Y,NA,D,22,0,0,1,0,0,0,0,0,0,-,-,33.12620162963867,-117.0652084350586,SAN DIEGO,ESCONDIDO,-117.06513214111328,33.12623596191406
81779623,2022,2022-05-25,3706,2022-05-10,0920,1888,ESCON,2,5,6,3706,0,0,0,NA,0,052,FELICITA AV,ESCONDIDO BL,0,NA,Y,A,-,N,NA,NA,NA,NA,NA,NA,NA,NA,NA,Y,4,0,2,2,A,-,12,21453,A,N,B,C,A,A,H,-,A,A,0,NA,NA,NA,NA,Y,NA,I,11,0,0,2,0,0,0,0,0,0,-,-,33.104408264160156,-117.07360076904295,SAN DIEGO,ESCONDIDO,-117.07311248779295,33.10468292236328
8178363,2016,2016-12-05,3700,2016-11-10,0814,SH2505,NA,4,5,5,3712,0,0,0,NA,0,350,WEST MISSION RD,LIBERTY WY,147,E,N,A,-,N,NA,NA,NA,NA,NA,NA,NA,NA,NA,N,2,0,2,2,A,-,08,22107,NA,N,D,G,A,A,H,-,A,D,0,NA,Y,Y,NA,Y,NA,L,04,1,1,0,0,0,0,1,0,1,-,-,NA,NA,SAN DIEGO,SAN MARCOS,-117.17152986,33.14484903
81785547,2022,2022-06-01,3701,2022-05-06,1715,CB5579,076,5,5,5,3701,0,0,0,NA,0,006,AVIARA PY,CAMINO DE LAS ONDAS,0,NA,Y,A,-,N,NA,NA,NA,NA,NA,NA,NA,NA,NA,Y,4,0,1,2,A,-,12,21453,A,N,D,C,A,A,H,-,A,A,0,NA,NA,NA,NA,Y,NA,A,01,0,0,1,0,0,0,0,0,0,-,-,33.11307144165039,-117.29676818847656,SAN DIEGO,CARLSBAD,-117.29695892333984,33.112953186035156
8178566,2016,2016-12-07,3711,2016-11-09,1716,5046,NA,3,5,7,3711,0,0,0,NA,0,313,RONSON RD,ARIAL SURVEY SCE HV4,15,S,N,A,-,N,NA,NA,NA,NA,NA,NA,NA,NA,NA,N,2,0,1,2,A,-,11,21954,A,N,G,B,D,A,H,-,D,D,0,Y,NA,NA,NA,Y,Y,N,60,1,0,0,0,1,0,0,0,0,-,-,NA,NA,SAN DIEGO,SAN DIEGO,NA,NA
8178699,2016,2016-12-06,3711,2016-11-10,1807,5972,NA,4,5,7,3711,0,0,0,NA,0,447,47TH ST,FEDERAL BL,122,S,N,A,-,N,NA,NA,NA,NA,NA,NA,NA,NA,NA,N,2,0,1,2,A,-,11,21954,A,N,G,B,D,A,H,-,D,D,0,Y,NA,NA,NA,Y,Y,N,60,1,0,0,0,1,0,0,0,0,-,-,NA,NA,SAN DIEGO,SAN DIEGO,-117.09354,32.72111582
8178954,2016,2017-02-17,3700,2016-10-25,1902,SH0013,NA,2,5,5,3781,0,0,0,NA,0,519,N MAGNOLIA AV,RT 67,0,NA,Y,A,-,Y,SD,11,67,-,R,2.054,R,4,S,Y,2,0,1,2,A,-,12,21453,A,N,D,C,A,A,H,-,C,A,0,NA,NA,Y,NA,Y,Y,C,02,1,0,0,0,0,0,0,0,1,-,-,NA,NA,SAN DIEGO,SANTEE,-116.96208262,32.83278533
8179043,2016,2017-03-03,3700,2016-07-29,1853,SH7516,NA,5,5,5,3781,0,0,0,NA,0,519,MAGNOLIA AV,RT 67,0,NA,Y,A,-,Y,SD,11,67,-,R,2.054,R,4,S,Y,4,0,1,2,A,-,12,21453,A,N,D,C,A,A,H,-,A,A,0,NA,NA,NA,NA,Y,NA,A,01,0,0,1,0,0,0,0,0,0,-,SO,NA,NA,SAN DIEGO,SANTEE,-116.96208262,32.83278533
8180604,2016,2016-12-02,3705,2016-11-15,0827,EC0281,NA,2,5,5,3705,0,0,0,NA,0,009,JAMACHA,GRANITE HILLS,250,N,N,A,-,N,NA,NA,NA,NA,NA,NA,NA,NA,NA,Y,4,0,1,2,A,-,09,21804,A,N,D,C,A,A,H,-,A,D,0,NA,NA,NA,NA,Y,NA,A,07,0,0,1,0,0,0,0,0,0,-,-,NA,NA,SAN DIEGO,EL CAJON,-116.92792415,32.78597462
81810767,2022,2022-07-06,3706,2022-07-03,1123,1894,ESCON,7,5,6,3706,0,0,0,NA,0,054,SAN PASQUAL VALLEY RD,BIRCH AV,239,N,N,A,-,N,NA,NA,NA,NA,NA,NA,NA,NA,NA,Y,3,0,1,1,C,-,18,NA,NA,N,E,I,A,A,H,-,A,D,0,NA,NA,NA,NA,Y,NA,-,-,0,1,0,0,0,0,0,0,0,-,-,33.12099075317383,-117.06137847900392,SAN DIEGO,ESCONDIDO,-117.06119537353516,33.12194061279297
81811705,2022,2022-07-07,3706,2022-06-18,2027,550,ESCON,6,5,6,3706,0,0,0,NA,0,052,ESCONDIDO BL,GRAND AV,0,NA,Y,A,-,N,NA,NA,NA,NA,NA,NA,NA,NA,NA,N,4,0,2,2,A,-,09,21801,A,N,B,C,A,A,H,-,C,A,0,NA,NA,NA,NA,Y,NA,A,07,0,0,2,0,0,0,0,0,0,-,-,33.120330810546875,-117.08415985107422,SAN DIEGO,ESCONDIDO,-117.08419799804688,33.120269775390625
81820083,2022,2022-07-19,3701,2022-07-08,2209,CB5572,087,5,5,5,3701,0,0,0,NA,0,007,POINSETTIA LN,EL FUERTE ST,0,NA,Y,A,-,N,NA,NA,NA,NA,NA,NA,NA,NA,NA,Y,3,0,2,2,A,-,01,23152,A,N,D,C,A,A,H,-,C,A,0,NA,NA,NA,NA,Y,Y,A,01,0,2,0,0,0,0,0,0,0,-,-,33.11819076538086,-117.24935150146484,SAN DIEGO,CARLSBAD,-117.24938201904295,33.118282318115234
81825641,2022,2022-07-27,3706,2022-07-12,1630,565,ESCON,2,5,6,3706,0,0,0,NA,0,042,VALLEY PY,CEDAR ST,95,W,N,A,-,N,NA,NA,NA,NA,NA,NA,NA,NA,NA,Y,3,0,1,2,A,-,09,21804,A,N,D,C,A,A,H,-,A,A,0,NA,NA,NA,NA,Y,NA,A,01,0,1,0,0,0,0,0,0,0,-,-,33.128910064697266,-117.070068359375,SAN DIEGO,ESCONDIDO,-117.0701141357422,33.12905502319336
81846120,2022,2022-08-23,3706,2022-08-11,0833,424,ESCON,4,5,6,3706,0,0,0,NA,0,045,AUTO PARK WY,AERO WY,14,W,N,A,-,N,NA,NA,NA,NA,NA,NA,NA,NA,NA,Y,4,0,1,3,A,-,03,22350,NA,N,C,C,A,A,H,-,A,D,0,NA,NA,NA,NA,Y,NA,A,07,0,0,1,0,0,0,0,0,0,-,-,33.1261100769043,-117.119873046875,SAN DIEGO,ESCONDIDO,-117.11998748779295,33.126136779785156
8184979,2016,2016-12-15,3702,2016-12-04,2102,CV1107,NA,7,5,6,3702,0,0,0,NA,0,031,PASEO MAGDA,REGULO PL,11,W,N,A,-,N,NA,NA,NA,NA,NA,NA,NA,NA,NA,N,3,0,1,2,A,-,05,21650,1,N,A,G,A,A,H,-,D,D,0,NA,Y,NA,NA,Y,NA,L,04,0,1,0,0,0,0,1,0,0,-,-,NA,NA,SAN DIEGO,CHULA VISTA,-117.00904234,32.64098739
8185119,2016,2016-12-15,3702,2016-11-03,1623,CV1042,NA,4,5,6,3702,0,0,0,NA,0,032,EAST H ST,RUTGERS,0,NA,Y,A,-,N,NA,NA,NA,NA,NA,NA,NA,NA,NA,Y,4,0,2,3,A,-,12,21453,A,N,D,C,A,A,H,-,A,A,0,NA,NA,NA,NA,Y,NA,A,01,0,0,2,0,0,0,0,0,0,-,-,NA,NA,SAN DIEGO,CHULA VISTA,-116.98774006,32.64821003
81859405,2022,2022-09-08,3706,2022-09-01,1308,445,ESCON,4,5,6,3706,0,0,0,NA,0,041,COUNTRY CLUB LN,VILLAGE RD,0,NA,Y,A,-,N,NA,NA,NA,NA,NA,NA,NA,NA,NA,Y,4,0,2,2,A,-,09,21801,A,N,D,C,A,A,H,-,A,A,0,NA,NA,NA,NA,Y,NA,E,22,0,0,2,0,0,0,0,0,0,-,-,33.159278869628906,-117.09986877441406,SAN DIEGO,ESCONDIDO,-117.09989166259766,33.15924835205078
8186013,2016,2017-03-27,3702,2016-10-25,1230,CV1203,NA,2,5,6,3702,0,0,0,NA,0,023,OLYMPIC PKWY,RT 805,29,E,N,A,-,Y,SD,11,805,-,-,4.587,R,4,N,Y,4,0,1,3,A,-,03,22350,NA,N,C,C,A,A,H,-,A,A,0,NA,NA,NA,NA,Y,NA,A,01,0,0,1,0,0,0,0,0,0,-,NO,NA,NA,SAN DIEGO,CHULA VISTA,-117.03617817,32.60831457
81864809,2022,2022-09-15,3706,2022-08-27,2127,524,ESCON,6,5,6,3706,0,0,0,NA,0,041,ESCONDIDO BL,LINCOLN AV,370,N,N,A,-,N,NA,NA,NA,NA,NA,NA,NA,NA,NA,Y,4,0,1,2,A,-,09,21804,A,F,D,C,A,A,H,-,C,D,0,NA,NA,NA,NA,Y,NA,A,07,0,0,1,0,0,0,0,0,0,-,-,33.13235092163086,-117.0910873413086,SAN DIEGO,ESCONDIDO,-117.0912857055664,33.133426666259766
81869563,2022,2022-09-21,3701,2022-08-23,1445,CB5548,085,2,5,5,3701,0,0,0,NA,0,006,POINSETTIA LN,PASEO ESCUELA,15,W,N,A,-,N,NA,NA,NA,NA,NA,NA,NA,NA,NA,Y,4,0,2,2,A,-,03,22350,NA,N,C,C,A,A,H,-,A,A,0,NA,NA,NA,NA,Y,NA,A,01,0,0,2,0,0,0,0,0,0,-,-,33.11983108520508,-117.24083709716795,SAN DIEGO,CARLSBAD,-117.2409439086914,33.11994552612305
81876151,2022,2022-09-29,3706,2022-09-04,1718,479,ESCON,7,5,6,3706,0,0,0,NA,0,043,EL NORTE PY,I-15 SB,25,N,N,A,-,N,NA,NA,NA,NA,NA,NA,NA,NA,NA,Y,4,0,1,2,A,-,12,21453,A,N,A,C,A,A,H,-,A,A,0,NA,NA,NA,NA,Y,NA,A,01,0,0,1,0,0,0,0,0,0,-,-,33.146728515625,-117.10468292236328,SAN DIEGO,ESCONDIDO,-117.10470581054688,33.1467170715332
81881081,2022,2022-10-04,3706,2022-09-23,0658,424,ESCON,5,5,6,3706,0,0,0,NA,0,051,CENTRE CITY PY,ESCONDIDO BL,0,NA,Y,A,-,Y,NA,NA,NA,NA,NA,NA,NA,NA,NA,Y,4,0,1,2,A,-,09,21804,A,N,D,C,A,A,H,-,B,A,0,NA,NA,NA,NA,Y,NA,A,07,0,0,1,0,0,0,0,0,0,-,-,33.09693145751953,-117.07212066650392,SAN DIEGO,ESCONDIDO,-117.07135009765624,33.086708068847656
81883494,2022,2022-10-06,3706,2022-09-30,2159,572,ESCON,5,5,6,3706,0,0,0,NA,0,052,JUNIPER ST,FELICITA AV,0,NA,Y,A,-,N,NA,NA,NA,NA,NA,NA,NA,NA,NA,Y,2,0,2,2,A,-,01,23152,A,N,A,C,A,A,H,-,C,A,0,NA,NA,NA,NA,Y,Y,A,01,1,1,0,0,0,0,0,0,0,-,-,33.106571197509766,-117.0691375732422,SAN DIEGO,ESCONDIDO,-117.06867980957033,33.106842041015625
81883495,2022,2022-10-06,3706,2022-10-01,0635,545,ESCON,6,5,6,3706,0,0,0,NA,0,041,BROADWAY,EL NORTE PY,0,NA,Y,A,-,N,NA,NA,NA,NA,NA,NA,NA,NA,NA,Y,4,0,1,2,A,-,12,21453,A,N,D,C,A,A,H,-,A,A,0,NA,NA,NA,Y,Y,NA,F,26,0,0,1,0,0,0,0,0,0,-,-,33.13990020751953,-117.08950042724608,SAN DIEGO,ESCONDIDO,-117.08950042724608,33.139774322509766
81883497,2022,2022-10-06,3706,2022-10-03,1331,1888,ESCON,1,5,6,3706,0,0,0,NA,0,042,HICKORY ST,WASHINGTON AV,0,NA,Y,A,-,N,NA,NA,NA,NA,NA,NA,NA,NA,NA,Y,4,0,1,2,A,-,17,21451,A,N,A,C,A,A,H,-,A,A,0,NA,NA,NA,NA,Y,NA,A,01,0,0,1,0,0,0,0,0,0,-,-,33.12866973876953,-117.07823944091795,SAN DIEGO,ESCONDIDO,-117.07836151123048,33.12867736816406
8188762,2016,2016-12-15,3711,2016-12-04,1912,6332,NA,7,5,7,3711,0,0,0,NA,0,831,ORANGE AV,EUCLID AV,130,W,N,A,-,N,NA,NA,NA,NA,NA,NA,NA,NA,NA,Y,4,0,2,2,A,-,09,21804,A,N,D,C,A,A,H,-,C,D,0,NA,NA,NA,NA,Y,NA,-,NA,0,0,2,0,0,0,0,0,0,-,-,NA,NA,SAN DIEGO,SAN DIEGO,-117.0926714,32.7531
8188782,2016,2016-12-15,3711,2016-12-04,0056,7546,NA,7,5,7,3711,0,0,0,NA,0,321,AMBROSIA DR,REFLECTION DR,180,W,N,A,-,N,NA,NA,NA,NA,NA,NA,NA,NA,NA,Y,4,0,1,2,A,-,08,22107,NA,N,B,E,A,A,H,-,C,D,0,NA,NA,NA,NA,Y,NA,A,01,0,0,1,0,0,0,0,0,0,-,-,NA,NA,SAN DIEGO,SAN DIEGO,-117.1093,32.79176
8188814,2016,2017-01-06,3711,2016-11-29,1430,6699,NA,2,5,7,3711,0,0,0,NA,0,813,30TH ST,SUNCREST,0,NA,Y,A,-,N,NA,NA,NA,NA,NA,NA,NA,NA,NA,N,4,0,1,2,A,-,08,22107,NA,N,G,B,B,A,H,-,A,D,0,Y,NA,NA,NA,Y,NA,-,NA,0,0,1,0,1,0,0,0,0,-,-,NA,NA,SAN DIEGO,SAN DIEGO,-117.13021007,32.76378011
8188850,2016,2017-01-07,3711,2016-11-28,1835,5842,NA,1,5,7,3711,0,0,0,NA,0,931,SEQUENCE DR,GENETIC CENTER DR,0,NA,Y,C,-,N,NA,NA,NA,NA,NA,NA,NA,NA,NA,Y,4,0,2,2,A,-,09,21804,A,N,D,C,A,B,H,-,C,D,0,NA,NA,NA,NA,Y,NA,-,NA,0,0,2,0,0,0,0,0,0,-,-,NA,NA,SAN DIEGO,SAN DIEGO,-117.18135011,32.90780006
81892281,2022,2022-10-18,3706,2022-09-24,0045,566,ESCON,6,5,6,3706,0,0,0,NA,0,055,REDWOOD ST,FELICITA AV,0,NA,Y,A,-,N,NA,NA,NA,NA,NA,NA,NA,NA,NA,Y,4,0,1,2,A,-,12,22450,A,N,D,C,A,A,H,-,C,D,0,NA,NA,NA,Y,Y,NA,F,86,0,0,1,0,0,0,0,0,0,-,-,33.101871490478516,-117.0786590576172,SAN DIEGO,ESCONDIDO,-117.07862091064452,33.101837158203125
81893447,2022,2022-10-19,3706,2022-10-14,1628,564,ESCON,5,5,6,3706,0,0,0,NA,0,042,CENTRE CITY PY,WASHINGTON AV,400,S,N,B,-,N,NA,NA,NA,NA,NA,NA,NA,NA,NA,N,4,0,1,2,A,-,03,22350,NA,N,C,C,A,A,H,-,A,D,0,NA,NA,NA,NA,Y,NA,D,22,0,0,1,0,0,0,0,0,0,-,-,33.125,-117.0898895263672,SAN DIEGO,ESCONDIDO,-117.08946228027344,33.12406539916992