CASE_ID,ACCIDENT_YEAR,PROC_DATE,JURIS,COLLISION_DATE,COLLISION_TIME,OFFICER_ID,REPORTING_DISTRICT,DAY_OF_WEEK,CHP_SHIFT,POPULATION,CNTY_CITY_LOC,SPECIAL_COND,BEAT_TYPE,CHP_BEAT_TYPE,CITY_DIVISION_LAPD,CHP_BEAT_CLASS,BEAT_NUMBER,PRIMARY_RD,SECONDARY_RD,DISTANCE,DIRECTION,INTERSECTION,WEATHER_1,WEATHER_2,STATE_HWY_IND,CALTRANS_COUNTY,CALTRANS_DISTRICT,STATE_ROUTE,ROUTE_SUFFIX,POSTMILE_PREFIX,POSTMILE,LOCATION_TYPE,RAMP_INTERSECTION,SIDE_OF_HWY,TOW_AWAY,COLLISION_SEVERITY,NUMBER_KILLED,NUMBER_INJURED,PARTY_COUNT,PRIMARY_COLL_FACTOR,PCF_CODE_OF_VIOL,PCF_VIOL_CATEGORY,PCF_VIOLATION,PCF_VIOL_SUBSECTION,HIT_AND_RUN,TYPE_OF_COLLISION,MVIW,PED_ACTION,ROAD_SURFACE,ROAD_COND_1,ROAD_COND_2,LIGHTING,CONTROL_DEVICE,CHP_ROAD_TYPE,PEDESTRIAN_ACCIDENT,BICYCLE_ACCIDENT,MOTORCYCLE_ACCIDENT,TRUCK_ACCIDENT,NOT_PRIVATE_PROPERTY,ALCOHOL_INVOLVED,STWD_VEHTYPE_AT_FAULT,CHP_VEHTYPE_AT_FAULT,COUNT_SEVERE_INJ,COUNT_VISIBLE_INJ,COUNT_COMPLAINT_PAIN,COUNT_PED_KILLED,COUNT_PED_INJURED,COUNT_BICYCLIST_KILLED,COUNT_BICYCLIST_INJURED,COUNT_MC_KILLED,COUNT_MC_INJURED,PRIMARY_RAMP,SECONDARY_RAMP,LATITUDE,LONGITUDE,COUNTY,CITY,POINT_X,POINT_Y
8434512,2017,2017-08-23,3711,2017-08-10,0815,7547,NA,4,5,7,3711,0,0,0,NA,0,936,CAMINO DEL SUR,RT 56,0,NA,Y,A,-,N,NA,NA,NA,NA,NA,NA,NA,NA,NA,N,3,0,1,2,A,-,11,21456,B,N,D,G,A,A,H,-,A,A,0,NA,Y,NA,NA,Y,NA,L,04,0,1,0,0,0,0,1,0,0,-,EO,NA,NA,SAN DIEGO,SAN DIEGO,-117.15292633,32.95884163
84358808,2024,2024-08-19,3706,2024-08-08,754,424,NA,4,5,6,3706,0,0,0,NA,0,045,MISSION RD,ENTERPRISE ST,763,W,N,A,-,N,NA,NA,NA,NA,NA,NA,NA,NA,NA,N,3,0,1,2,A,-,03,22350,NA,N,C,C,A,A,H,-,A,D,0,NA,NA,Y,Y,Y,NA,C,02,0,1,0,0,0,0,0,0,1,-,-,33.126338958740234,-117.11260223388672,SAN DIEGO,ESCONDIDO,-117.11264038085938,33.12630081176758
8436315,2017,2017-10-02,3700,2017-07-14,0223,SH7790,NA,5,5,5,3781,0,0,0,NA,0,509,CADORETTE AV,KASCHUBE WY,277,W,N,A,-,N,NA,NA,NA,NA,NA,NA,NA,NA,NA,Y,2,0,1,2,A,-,01,23152,A,N,E,E,A,A,H,-,C,D,0,NA,NA,Y,NA,Y,Y,C,02,1,0,0,0,0,0,0,0,1,-,-,NA,NA,SAN DIEGO,SANTEE,-117.01977946,32.84292224
84372659,2024,2024-08-28,3701,2024-08-05,747,CB5572,NA,1,5,5,3701,0,0,0,NA,0,008,LA COSTA AV,ESFERA ST,0,NA,Y,A,-,N,NA,NA,NA,NA,NA,NA,NA,NA,NA,N,3,0,1,2,A,-,08,22100,A,F,D,G,A,A,H,-,A,D,0,NA,Y,NA,NA,Y,NA,A,01,0,1,0,0,0,0,1,0,0,-,-,33.08420944213867,-117.23838043212892,SAN DIEGO,CARLSBAD,-117.23841094970705,33.08424377441406
8437952,2017,2018-05-08,3700,2017-07-14,0823,SH4791,NA,5,5,5,3782,0,0,0,NA,0,240,RT 101,CHESTERFIELD DR,0,NA,Y,A,-,N,NA,NA,NA,NA,NA,NA,NA,NA,NA,Y,2,0,1,2,A,-,17,21461,A,N,D,C,A,A,D,-,A,A,0,NA,NA,Y,NA,Y,NA,A,01,1,0,0,0,0,0,0,0,1,-,-,NA,NA,SAN DIEGO,ENCINITAS,-117.28233008,33.01903009
8438265,2017,2017-09-01,3710,2017-08-04,0400,OC1418,NA,5,5,6,3710,0,0,0,NA,0,NA,COLLEGE BL,AZTEC ST,375,S,N,A,-,N,NA,NA,NA,NA,NA,NA,NA,NA,NA,Y,4,0,1,1,A,-,08,22107,NA,N,E,I,A,A,H,-,C,D,0,NA,NA,NA,NA,Y,NA,D,22,0,0,1,0,0,0,0,0,0,-,-,NA,NA,SAN DIEGO,OCEANSIDE,-117.28504546,33.20994913
8438390,2017,2018-07-09,3710,2017-07-27,1350,OC1424,011,4,5,6,3710,0,0,0,NA,0,004,RT 76,RT 5,0,NA,Y,A,-,Y,SD,11,76,-,R,0.078,I,5,E,N,3,0,2,2,A,-,12,21453,A,N,A,C,A,A,H,-,A,A,0,NA,NA,NA,NA,Y,NA,A,01,0,1,1,0,0,0,0,0,0,-,-,NA,NA,SAN DIEGO,OCEANSIDE,-117.38275711,33.20591368
8438549,2017,2017-09-09,3711,2017-08-16,1733,7581,SDPD,3,5,7,3711,0,0,0,NA,0,722,LEON AV,HOLLISTER ST,4752,W,N,A,-,N,NA,NA,NA,NA,NA,NA,NA,NA,NA,N,4,0,1,1,A,-,08,22107,NA,N,-,I,A,A,-,-,A,-,0,NA,NA,NA,NA,Y,NA,A,01,0,0,1,0,0,0,0,0,0,-,-,NA,NA,SAN DIEGO,SAN DIEGO,-117.09904006,32.56553159
8439163,2017,2017-08-30,3709,2017-08-19,0833,NC0480,NA,6,5,5,3709,0,0,0,NA,0,023,HIGHLAND AV,EAST 24TH ST,97,N,N,A,-,N,NA,NA,NA,NA,NA,NA,NA,NA,NA,Y,4,0,1,2,A,-,08,22107,NA,F,D,C,A,A,H,-,A,A,0,NA,NA,NA,NA,Y,NA,A,01,0,0,1,0,0,0,0,0,0,-,-,NA,NA,SAN DIEGO,NATIONAL CITY,-117.09345739,32.66461261
84406918,2024,2024-09-25,3706,2024-09-20,1947,549,NA,5,5,6,3706,0,0,0,NA,0,045,MISSION AV,QUINCE ST,0,NA,Y,A,-,N,NA,NA,NA,NA,NA,NA,NA,NA,NA,Y,3,0,1,2,A,-,12,21453,A,N,D,C,A,A,H,-,C,A,0,NA,NA,NA,NA,Y,NA,A,01,0,1,0,0,0,0,0,0,0,-,-,33.12771987915039,-117.09368896484376,SAN DIEGO,ESCONDIDO,-117.09341430664063,33.12782287597656
84418769,2024,2024-10-04,3706,2024-10-02,801,441,NA,3,5,6,3706,0,0,0,NA,0,052,GRAND AV,ESCONDIDO BL,0,NA,Y,A,-,N,NA,NA,NA,NA,NA,NA,NA,NA,NA,N,4,0,1,2,A,-,12,21453,A,N,D,D,A,A,H,-,A,A,0,NA,NA,NA,NA,Y,NA,A,07,0,0,1,0,0,0,0,0,0,-,-,33.120330810546875,-117.08415985107422,SAN DIEGO,ESCONDIDO,-117.08419799804688,33.120269775390625
84424044,2024,2024-10-09,3701,2024-07-30,1022,CB5528,NA,2,5,5,3701,0,0,0,NA,0,006,PALOMAR AIRPORT RD,HIDDEN VALLEY RD,43,E,N,A,-,N,NA,NA,NA,NA,NA,NA,NA,NA,NA,N,4,0,2,2,A,-,03,22350,NA,N,C,C,A,A,H,-,A,A,0,NA,NA,NA,Y,Y,NA,D,22,0,0,2,0,0,0,0,0,0,-,-,33.12350845336914,-117.30605316162108,SAN DIEGO,CARLSBAD,-117.3058853149414,33.12348175048828
8443779,2017,2017-09-12,3711,2017-08-29,1730,6344,NA,2,5,7,3711,0,0,0,NA,0,312,ANTIGUA BL,CLAIREMONT MESA BL,0,NA,Y,A,-,N,NA,NA,NA,NA,NA,NA,NA,NA,NA,Y,4,0,3,2,A,-,12,21453,A,N,D,C,A,A,H,-,A,A,0,NA,NA,NA,NA,Y,NA,-,NA,0,0,3,0,0,0,0,0,0,-,-,NA,NA,SAN DIEGO,SAN DIEGO,-117.10924002,32.8313501
84441543,2024,2024-10-23,3701,2024-08-18,1420,CB5606,NA,7,5,5,3701,0,0,0,NA,0,003,MONROE ST,CHESTNUT AV,380,N,N,A,-,N,NA,NA,NA,NA,NA,NA,NA,NA,NA,Y,3,0,1,1,A,-,03,22350,NA,N,H,A,A,A,H,-,A,D,0,NA,NA,NA,NA,Y,NA,-,99,0,1,0,0,0,0,0,0,0,-,-,33.162410736083984,-117.32525634765624,SAN DIEGO,CARLSBAD,-117.32699584960938,33.162532806396484
84443436,2024,2024-10-24,3701,2024-10-14,1742,CB5550,NA,1,5,5,3701,0,0,0,NA,0,001,CARLSBAD BL,WALNUT AV,129,N,N,A,-,N,NA,NA,NA,NA,NA,NA,NA,NA,NA,N,3,0,1,2,A,-,08,22107,NA,N,H,J,A,A,H,-,B,D,0,NA,NA,NA,NA,Y,NA,A,07,0,1,0,0,0,0,0,0,0,-,-,33.15386962890625,-117.35022735595705,SAN DIEGO,CARLSBAD,-117.3502960205078,33.15419387817383
8444344,2017,2017-09-15,3706,2017-09-02,2115,406,ESCON,6,5,6,3706,0,0,0,NA,0,041,EL NORTE PKWY,BROADWAY,129,W,N,A,-,N,NA,NA,NA,NA,NA,NA,NA,NA,NA,Y,4,0,2,3,A,-,01,23152,B,N,C,C,A,A,H,-,C,A,0,NA,NA,NA,NA,Y,Y,A,01,0,0,2,0,0,0,0,0,0,-,-,33.1399,-117.0895,SAN DIEGO,ESCONDIDO,-117.0895,33.13977
84448318,2024,2024-10-29,3706,2024-10-21,1334,450,NA,1,5,6,3706,0,0,0,NA,0,042,MISSION AV,GRAPE ST,166,E,N,A,-,N,NA,NA,NA,NA,NA,NA,NA,NA,NA,Y,4,0,2,2,A,-,03,22350,NA,N,C,C,A,A,H,-,A,A,0,NA,NA,NA,NA,Y,NA,A,01,0,0,2,0,0,0,0,0,0,-,-,33.13246154785156,-117.07882690429688,SAN DIEGO,ESCONDIDO,-117.07826232910156,33.13254928588867
84453425,2024,2024-11-01,3701,2024-09-28,1516,CB5592,NA,6,5,5,3701,0,0,0,NA,0,NA,ARENAL LN,ARENAL RD,209,N,N,A,-,N,NA,NA,NA,NA,NA,NA,NA,NA,NA,N,3,0,1,1,C,-,18,NA,NA,N,H,J,A,A,A,-,A,D,0,NA,Y,NA,NA,Y,NA,-,-,0,1,0,0,0,0,1,0,0,-,-,33.095359802246094,-117.26422882080078,SAN DIEGO,CARLSBAD,-117.26438903808594,33.09592819213867
8445455,2017,2017-09-08,3700,2017-07-14,2025,SH1725,NA,5,5,5,3712,0,0,0,NA,0,350,WEST MISSION RD,KNOLL RD,0,NA,Y,A,-,N,NA,NA,NA,NA,NA,NA,NA,NA,NA,Y,3,0,2,3,A,-,01,23152,F,N,C,C,A,A,H,-,C,A,0,NA,NA,NA,NA,Y,NA,A,07,0,1,1,0,0,0,0,0,0,-,-,NA,NA,SAN DIEGO,SAN MARCOS,-117.17341009,33.14531005
8445984,2017,2017-09-25,3711,2017-08-31,1916,7081,SAN D,4,5,7,3711,0,0,0,NA,0,713,CALIENTE AV,OTAY MESA RD,15,N,N,A,-,N,NA,NA,NA,NA,NA,NA,NA,NA,NA,N,4,0,1,2,A,-,04,21703,NA,N,C,C,A,A,H,-,B,A,0,NA,NA,NA,NA,Y,NA,-,NA,0,0,1,0,0,0,0,0,0,-,-,NA,NA,SAN DIEGO,SAN DIEGO,-117.0142,32.56833
8446460,2017,2017-09-14,3711,2017-09-04,0746,6082,NA,1,5,7,3711,0,0,0,NA,0,124,TORREY PINES RD,HILLSIDE DR,15,E,N,B,-,N,NA,NA,NA,NA,NA,NA,NA,NA,NA,N,3,0,1,2,A,-,10,21950,A,N,G,B,B,A,H,-,A,D,0,Y,NA,NA,NA,Y,NA,-,NA,0,1,0,0,1,0,0,0,0,-,-,NA,NA,SAN DIEGO,SAN DIEGO,-117.26166581,32.84945725
84467275,2024,2024-11-13,3701,2024-10-30,757,CB5600,NA,3,5,5,3701,0,0,0,NA,0,004,TAMARACK AV,HARWICH DR,20,N,N,A,-,N,NA,NA,NA,NA,NA,NA,NA,NA,NA,N,3,0,1,2,A,-,03,22350,NA,N,C,C,A,A,H,-,A,A,0,NA,NA,NA,NA,Y,Y,A,01,0,1,0,0,0,0,0,0,0,-,-,33.172969818115234,-117.29888916015624,SAN DIEGO,CARLSBAD,-117.29891204833984,33.17292404174805
8447598,2017,2017-09-29,3711,2017-08-21,2356,7612,NA,1,5,7,3711,0,0,0,NA,0,931,SORRENTO VALLEY BL,OLEAN HEIGHTS WY,0,NA,Y,B,-,N,NA,NA,NA,NA,NA,NA,NA,NA,NA,Y,3,0,1,1,A,-,08,22107,NA,N,E,I,A,-,H,-,C,D,0,NA,NA,NA,NA,Y,NA,A,01,0,1,0,0,0,0,0,0,0,-,-,NA,NA,SAN DIEGO,SAN DIEGO,-117.19441987,32.91398002
84484998,2024,2024-11-27,3701,2024-11-20,1555,CB5584,NA,3,5,5,3701,0,0,0,NA,0,001,ROOSEVELT ST,BEECH AV,181,N,N,A,-,N,NA,NA,NA,NA,NA,NA,NA,NA,NA,N,3,0,1,1,A,-,03,22350,NA,N,H,A,A,A,H,-,A,D,0,NA,Y,NA,NA,Y,NA,M,91,0,1,0,0,0,0,1,0,0,-,-,33.16292953491211,-117.34992980957033,SAN DIEGO,CARLSBAD,-117.3502960205078,33.16337585449219
84489656,2024,2024-12-03,3701,2024-11-26,1706,CB5523,NA,2,5,5,3701,0,0,0,NA,0,005,COLLEGE BL,EL CAMINO REAL,500,E,N,A,-,N,NA,NA,NA,NA,NA,NA,NA,NA,NA,N,3,0,1,1,A,-,07,21658,A,N,E,I,A,A,H,-,C,D,0,NA,Y,NA,NA,Y,NA,L,04,0,1,0,0,0,0,1,0,0,-,-,33.14308166503906,-117.28305053710938,SAN DIEGO,CARLSBAD,-117.28250122070313,33.14439010620117
8450169,2017,2017-09-28,3711,2017-09-08,1945,7177,NA,5,5,7,3711,0,0,0,NA,0,441,OCEANVIEW BL,OCEANVIEW BL 3500,0,NA,-,B,-,N,NA,NA,NA,NA,NA,NA,NA,NA,NA,Y,4,0,1,2,A,-,03,22350,NA,N,C,C,A,A,H,-,C,A,0,NA,NA,NA,NA,Y,NA,-,NA,0,0,1,0,0,0,0,0,0,-,-,NA,NA,SAN DIEGO,SAN DIEGO,-117.11872011,32.70122589
8450405,2017,2018-05-08,3711,2017-07-17,1709,SIMS,NA,1,5,7,3711,0,0,0,NA,0,611,PACIFIC HWY,ROSECRANS ST,300,S,N,A,-,N,NA,NA,NA,NA,NA,NA,NA,NA,NA,Y,3,0,3,2,A,-,04,21703,NA,N,C,C,A,A,H,-,A,D,0,NA,NA,NA,NA,Y,NA,-,NA,0,1,2,0,0,0,0,0,0,-,-,NA,NA,SAN DIEGO,SAN DIEGO,-117.20092497,32.7546177
8450409,2017,2017-09-30,3711,2017-09-14,0642,7204,SD,4,5,7,3711,0,0,0,NA,0,121,MISSION BL,MISSION BAY,528,S,N,A,-,N,NA,NA,NA,NA,NA,NA,NA,NA,NA,N,4,0,1,2,A,-,04,21703,NA,N,C,C,A,A,H,-,A,A,0,NA,NA,NA,NA,Y,NA,-,NA,0,0,1,0,0,0,0,0,0,-,-,NA,NA,SAN DIEGO,SAN DIEGO,-117.25876032,32.80724725
8450599,2017,2017-10-14,3711,2017-09-06,2246,6146,NA,3,5,7,3711,0,0,0,NA,0,246,SCRIPPS POWAY PKWY,SCRIPPS HIGHLAND DR,0,NA,Y,A,-,N,NA,NA,NA,NA,NA,NA,NA,NA,NA,Y,3,0,3,3,A,-,00,21453,NA,N,D,C,A,A,H,-,C,A,0,NA,NA,NA,NA,Y,NA,A,01,0,2,1,0,0,0,0,0,0,-,-,NA,NA,SAN DIEGO,SAN DIEGO,-117.10765012,32.93653005
8450892,2017,2017-10-16,3711,2017-09-10,0112,6372,NA,7,5,7,3711,0,0,0,NA,0,828,UNIVERSITY AV,RENO DR,4,W,N,A,-,N,NA,NA,NA,NA,NA,NA,NA,NA,NA,Y,4,0,2,3,A,-,08,22107,NA,N,B,C,A,A,H,-,C,A,0,NA,NA,NA,NA,Y,NA,-,99,0,0,2,0,0,0,0,0,0,-,-,NA,NA,SAN DIEGO,SAN DIEGO,-117.09200297,32.74955
84509401,2024,2024-12-19,3706,2024-12-12,1530,605,NA,4,5,6,3706,0,0,0,NA,0,041,BROADWAY,EL NORTE PY,537,N,N,A,-,N,NA,NA,NA,NA,NA,NA,NA,NA,NA,N,3,0,1,2,A,-,08,22107,NA,N,D,G,A,A,H,-,A,D,0,NA,Y,NA,NA,Y,NA,I,11,0,1,0,0,0,0,1,0,0,-,-,33.13962936401367,-117.0896224975586,SAN DIEGO,ESCONDIDO,-117.08969879150392,33.141231536865234
84514298,2024,2024-12-24,3701,2024-12-06,1614,CB5570,NA,5,5,5,3701,0,0,0,NA,0,006,CONEFLOWER DR,SNOWDROP WY,0,NA,Y,A,-,N,NA,NA,NA,NA,NA,NA,NA,NA,NA,N,3,0,1,1,A,-,03,22350,NA,N,F,A,A,A,H,-,A,D,0,NA,Y,NA,NA,Y,NA,M,91,0,1,0,0,0,0,1,0,0,-,-,33.11431121826172,-117.30008697509766,SAN DIEGO,CARLSBAD,-117.29998779296876,33.114356994628906
84514303,2024,2024-12-24,3701,2024-12-18,1605,CB5584,NA,3,5,5,3701,0,0,0,NA,0,003,CARLSBAD VILLAGE DR,HIGHLAND DR,29,E,N,A,-,N,NA,NA,NA,NA,NA,NA,NA,NA,NA,N,4,0,3,2,A,-,03,22350,NA,N,C,C,A,A,H,-,B,A,0,NA,NA,NA,NA,Y,NA,A,07,0,0,3,0,0,0,0,0,0,-,-,33.16611099243164,-117.33782196044922,SAN DIEGO,CARLSBAD,-117.3378448486328,33.166107177734375
84515841,2024,2024-12-25,3701,2024-12-17,1424,CB5584,NA,2,5,5,3701,0,0,0,NA,0,005,CANNON RD,HEMINGWAY DR,40,N,N,A,-,N,NA,NA,NA,NA,NA,NA,NA,NA,NA,Y,4,0,1,2,A,-,12,21453,A,N,D,C,A,A,H,-,A,A,0,NA,NA,NA,NA,Y,NA,A,07,0,0,1,0,0,0,0,0,0,-,-,33.14390182495117,-117.30581665039063,SAN DIEGO,CARLSBAD,-117.30575561523438,33.14408493041992
8451820,2017,2017-09-18,3705,2017-08-18,1353,EC0337,NA,5,5,5,3705,0,0,0,NA,0,009,WALTER WY,E MADISON,570,S,N,A,-,N,NA,NA,NA,NA,NA,NA,NA,NA,NA,Y,3,0,1,2,A,-,09,21804,A,N,C,C,A,A,H,-,A,D,0,NA,NA,Y,NA,Y,NA,A,07,0,1,0,0,0,0,0,0,1,-,-,NA,NA,SAN DIEGO,EL CAJON,-116.93458416,32.79860901
8452054,2017,2017-09-18,3705,2017-09-08,0746,EC0277,NA,5,5,5,3705,0,0,0,NA,0,010,LINCOLN,MAIN,347,S,N,B,-,N,NA,NA,NA,NA,NA,NA,NA,NA,NA,Y,4,0,3,2,A,-,09,21804,A,N,D,C,A,A,H,-,A,D,0,NA,NA,NA,NA,Y,NA,A,01,0,0,3,0,0,0,0,0,0,-,-,NA,NA,SAN DIEGO,EL CAJON,-116.95368471,32.79400978
8452062,2017,2017-09-18,3705,2017-09-01,2125,EC0360,NA,5,5,5,3705,0,0,0,NA,0,007,E MADISON AV,GRAPE ST,27,S,N,A,-,N,NA,NA,NA,NA,NA,NA,NA,NA,NA,Y,4,0,1,2,A,-,09,21804,A,N,D,C,A,A,H,-,C,D,0,NA,NA,NA,NA,Y,NA,A,01,0,0,1,0,0,0,0,0,0,-,-,NA,NA,SAN DIEGO,EL CAJON,-116.93135,32.80015
8452069,2017,2018-06-14,3711,2017-09-05,1529,5958,NA,2,5,7,3711,0,0,0,NA,0,241,MIRAMAR WY,RT 15,0,NA,Y,A,-,Y,SD,11,15,-,M,13.103,R,4,S,Y,4,0,2,3,A,-,12,22450,A,N,D,C,A,A,H,-,A,D,0,NA,NA,NA,NA,Y,NA,-,NA,0,0,2,0,0,0,0,0,0,-,-,32.8806,-117.11042,SAN DIEGO,SAN DIEGO,-117.10807233,32.87728093
84520812,2024,2024-12-31,3706,2024-12-13,1520,561,NA,5,5,6,3706,0,0,0,NA,0,043,EL NORTE PY,IRIS LN,230,W,N,A,-,N,NA,NA,NA,NA,NA,NA,NA,NA,NA,N,3,0,1,2,A,-,10,21950,A,N,G,B,C,A,H,-,A,A,0,Y,NA,NA,NA,Y,NA,A,01,0,1,0,0,1,0,0,0,0,-,-,33.14413070678711,-117.09825134277344,SAN DIEGO,ESCONDIDO,-117.09877777099608,33.14446258544922
84520814,2024,2024-12-31,3706,2024-12-20,1500,540,NA,5,5,6,3706,0,0,0,NA,0,052,09TH AV,JUNIPER ST,0,NA,Y,A,-,N,NA,NA,NA,NA,NA,NA,NA,NA,NA,N,4,0,1,2,A,-,09,21802,A,F,B,C,A,A,H,-,A,A,0,NA,NA,NA,NA,Y,Y,A,01,0,0,1,0,0,0,0,0,0,-,-,33.11581039428711,-117.07367706298828,SAN DIEGO,ESCONDIDO,NA,NA
84522318,2024,2025-01-01,3706,2024-12-17,2251,594,NA,2,5,6,3706,0,0,0,NA,0,055,FELICITA AV,CENTRE CITY PY,0,S,Y,A,-,N,NA,NA,NA,NA,NA,NA,NA,NA,NA,Y,4,0,3,2,A,-,12,21453,A,N,D,C,A,A,H,-,A,A,0,NA,NA,NA,NA,Y,NA,D,22,0,0,3,0,0,0,0,0,0,-,-,33.103118896484375,-117.07608795166016,SAN DIEGO,ESCONDIDO,-117.07566833496094,33.10334014892578
8453081,2017,2017-09-25,3711,2017-09-08,1236,7547,NA,5,5,7,3711,0,0,0,NA,0,935,CARMEL VALLEY RD,PACIFIC HIGHLAND RANCH PKWY,58,S,N,A,-,N,NA,NA,NA,NA,NA,NA,NA,NA,NA,N,3,0,1,1,A,-,08,22107,NA,N,E,A,A,A,H,-,A,A,0,NA,Y,NA,NA,Y,NA,L,04,0,1,0,0,0,0,1,0,0,-,-,NA,NA,SAN DIEGO,SAN DIEGO,-117.19080618,32.96287489
84530812,2025,2025-01-09,3701,2025-01-01,1622,CB5550,NA,3,5,5,3701,0,0,0,NA,0,006,PALOMAR AIRPORT RD,AVENIDA ENCINAS,0,NA,Y,B,-,N,NA,NA,NA,NA,NA,NA,NA,NA,NA,N,3,0,1,2,A,-,12,21453,A,N,D,C,A,A,H,-,A,A,0,NA,NA,NA,NA,Y,NA,A,01,0,1,0,0,0,0,0,0,0,-,-,33.12247085571289,-117.32496643066406,SAN DIEGO,CARLSBAD,-117.32495880126952,33.12232208251953
8453109,2017,2017-09-25,3711,2017-09-06,0641,7132,SDPD,3,5,7,3711,0,0,0,NA,0,242,CAMINO RUIZ,CAMINO RUIZ  10300,0,NA,N,A,-,N,NA,NA,NA,NA,NA,NA,NA,NA,NA,N,4,0,1,2,A,-,12,21453,A,N,D,C,A,A,H,-,A,A,0,NA,NA,NA,NA,Y,NA,A,01,0,0,1,0,0,0,0,0,0,-,-,32.9054,-117.1462,SAN DIEGO,SAN DIEGO,-117.14619666,32.90532938
8453777,2017,2017-09-28,3706,2017-09-17,1343,445,ESCON,7,5,6,3706,0,0,0,NA,0,043,EL NORTE PKWY,REES RD,0,NA,Y,A,-,N,NA,NA,NA,NA,NA,NA,NA,NA,NA,Y,3,0,2,2,A,-,12,21453,A,N,D,C,A,A,H,-,A,A,0,NA,NA,NA,NA,Y,NA,A,01,0,2,0,0,0,0,0,0,0,-,-,NA,NA,SAN DIEGO,ESCONDIDO,-117.11519011,33.14888011
8453793,2017,2017-09-28,3706,2017-09-12,0750,380,ESCON,2,5,6,3706,0,0,0,NA,0,043,EL NORTE PKWY,CENTRE CITY PKWY,680,W,N,B,-,N,NA,NA,NA,NA,NA,NA,NA,NA,NA,Y,3,0,1,2,A,-,09,21804,A,N,D,C,A,A,H,-,A,D,0,NA,NA,NA,NA,Y,NA,A,07,0,1,0,0,0,0,0,0,0,-,-,33.13977,-117.09332,SAN DIEGO,ESCONDIDO,-117.09470453,33.14124371
84540785,2024,2025-01-17,3701,2024-12-27,1404,CB5521,NA,5,5,5,3701,0,0,0,NA,0,007,AVENIDA ENCINAS,PONTO DR,0,NA,Y,A,-,N,NA,NA,NA,NA,NA,NA,NA,NA,NA,Y,3,0,3,2,A,-,09,21801,A,N,A,C,A,A,H,-,A,D,0,NA,NA,NA,NA,Y,NA,A,01,0,3,0,0,0,0,0,0,0,-,-,33.09218978881836,-117.31253814697266,SAN DIEGO,CARLSBAD,-117.31265258789063,33.09212875366211
84545102,2025,2025-01-22,3706,2025-01-09,1259,450,NA,4,5,6,3706,0,0,0,NA,0,044,VALLEY PY,ASH ST,375,E,N,A,-,N,NA,NA,NA,NA,NA,NA,NA,NA,NA,N,4,0,2,2,A,-,08,22107,NA,N,B,C,A,A,H,-,A,D,0,NA,NA,NA,NA,Y,NA,A,01,0,0,2,0,0,0,0,0,0,-,-,33.13045120239258,-117.067138671875,SAN DIEGO,ESCONDIDO,-117.06597900390624,33.13096618652344
84545110,2025,2025-01-22,3706,2025-01-16,1648,499,NA,4,5,6,3706,0,0,0,NA,0,044,VALLEY PY,HARDING ST,0,NA,Y,A,-,N,NA,NA,NA,NA,NA,NA,NA,NA,NA,Y,3,0,2,2,A,-,12,21453,A,N,D,D,A,A,H,-,A,A,0,NA,NA,NA,NA,Y,NA,A,01,0,2,0,0,0,0,0,0,0,-,-,33.13203048706055,-117.06365966796876,SAN DIEGO,ESCONDIDO,-117.06356811523438,33.1320686340332
84545115,2025,2025-01-22,3706,2025-01-18,415,576,NA,6,5,6,3706,0,0,0,NA,0,045,STATE PL,AUTO PARK WY,119,N,N,A,-,N,NA,NA,NA,NA,NA,NA,NA,NA,NA,Y,3,0,2,2,A,-,01,23152,F,N,A,E,A,A,H,-,C,D,0,NA,NA,NA,NA,Y,NA,A,01,0,1,1,0,0,0,0,0,0,-,-,33.12112045288086,-117.11279296875,SAN DIEGO,ESCONDIDO,-117.11253356933594,33.121315002441406
84553401,2025,2025-01-29,3701,2025-01-07,1517,CB5508,NA,2,5,5,3701,0,0,0,NA,0,006,EL FUERTE ST,PACIFIC RIDGE,15,N,N,A,-,N,NA,NA,NA,NA,NA,NA,NA,NA,NA,N,3,0,2,3,A,-,03,22350,NA,N,C,C,A,A,H,-,A,A,0,NA,NA,NA,NA,Y,NA,A,01,0,2,0,0,0,0,0,0,0,-,-,NA,NA,SAN DIEGO,CARLSBAD,NA,NA
8455921,2017,2017-11-09,3711,2017-09-12,1332,8192,NA,2,5,7,3711,0,0,0,NA,0,841,COLLEGE AV,MALCOLM DR,10,S,N,A,-,N,NA,NA,NA,NA,NA,NA,NA,NA,NA,Y,4,0,1,1,A,-,08,22107,NA,N,A,I,A,A,H,-,A,A,0,NA,NA,NA,NA,Y,NA,A,01,0,0,1,0,0,0,0,0,0,-,-,NA,NA,SAN DIEGO,SAN DIEGO,-117.06485738,32.75362477
8456202,2017,2017-09-22,3711,2017-09-08,1243,7390,NA,5,5,7,3711,0,0,0,NA,0,124,LA JOLLA VILLAGE DR,VILLA LA JOLLA DR,0,NA,Y,A,-,N,NA,NA,NA,NA,NA,NA,NA,NA,NA,Y,4,0,1,2,A,-,04,21703,NA,N,C,C,A,A,H,-,A,A,0,NA,NA,NA,NA,Y,NA,-,NA,0,0,1,0,0,0,0,0,0,-,-,NA,NA,SAN DIEGO,SAN DIEGO,-117.2339,32.87178004