CASE_ID,ACCIDENT_YEAR,PROC_DATE,JURIS,COLLISION_DATE,COLLISION_TIME,OFFICER_ID,REPORTING_DISTRICT,DAY_OF_WEEK,CHP_SHIFT,POPULATION,CNTY_CITY_LOC,SPECIAL_COND,BEAT_TYPE,CHP_BEAT_TYPE,CITY_DIVISION_LAPD,CHP_BEAT_CLASS,BEAT_NUMBER,PRIMARY_RD,SECONDARY_RD,DISTANCE,DIRECTION,INTERSECTION,WEATHER_1,WEATHER_2,STATE_HWY_IND,CALTRANS_COUNTY,CALTRANS_DISTRICT,STATE_ROUTE,ROUTE_SUFFIX,POSTMILE_PREFIX,POSTMILE,LOCATION_TYPE,RAMP_INTERSECTION,SIDE_OF_HWY,TOW_AWAY,COLLISION_SEVERITY,NUMBER_KILLED,NUMBER_INJURED,PARTY_COUNT,PRIMARY_COLL_FACTOR,PCF_CODE_OF_VIOL,PCF_VIOL_CATEGORY,PCF_VIOLATION,PCF_VIOL_SUBSECTION,HIT_AND_RUN,TYPE_OF_COLLISION,MVIW,PED_ACTION,ROAD_SURFACE,ROAD_COND_1,ROAD_COND_2,LIGHTING,CONTROL_DEVICE,CHP_ROAD_TYPE,PEDESTRIAN_ACCIDENT,BICYCLE_ACCIDENT,MOTORCYCLE_ACCIDENT,TRUCK_ACCIDENT,NOT_PRIVATE_PROPERTY,ALCOHOL_INVOLVED,STWD_VEHTYPE_AT_FAULT,CHP_VEHTYPE_AT_FAULT,COUNT_SEVERE_INJ,COUNT_VISIBLE_INJ,COUNT_COMPLAINT_PAIN,COUNT_PED_KILLED,COUNT_PED_INJURED,COUNT_BICYCLIST_KILLED,COUNT_BICYCLIST_INJURED,COUNT_MC_KILLED,COUNT_MC_INJURED,PRIMARY_RAMP,SECONDARY_RAMP,LATITUDE,LONGITUDE,COUNTY,CITY,POINT_X,POINT_Y
8757595,2018,2018-12-20,3711,2018-11-30,0039,6856,NA,5,5,7,3711,0,0,0,NA,0,627,ROBINSON AV,7TH AV,90,W,N,C,-,N,NA,NA,NA,NA,NA,NA,NA,NA,NA,Y,4,0,1,2,A,-,08,22107,NA,N,C,E,A,B,H,-,C,D,0,NA,NA,NA,NA,Y,Y,A,01,0,0,1,0,0,0,0,0,0,-,-,NA,NA,SAN DIEGO,SAN DIEGO,-117.1586685180664,32.7469367980957
8757636,2018,2019-02-02,3710,2018-12-01,2338,OC1456,37,6,5,6,3710,0,0,0,NA,0,0B7,LAKE BL,KINGS AV,669,E,N,B,F,N,NA,NA,NA,NA,NA,NA,NA,NA,NA,Y,3,0,1,1,A,-,03,22350,NA,N,E,I,A,A,H,-,C,D,0,NA,NA,NA,NA,Y,Y,A,01,0,1,0,0,0,0,0,0,0,-,-,33.177101135253906,-117.27754974365234,SAN DIEGO,OCEANSIDE,-117.27532958984376,33.17731475830078
8757680,2018,2019-02-02,3711,2018-12-02,1830,7851,NA,7,5,7,3711,0,0,0,NA,0,834,MARLBOROUGH,UNIVERSITY,250,S,N,A,-,N,NA,NA,NA,NA,NA,NA,NA,NA,NA,N,4,0,1,2,A,-,21,22106,NA,N,G,B,E,A,H,-,C,D,0,Y,NA,NA,NA,Y,NA,-,NA,0,0,1,0,1,0,0,0,0,-,-,NA,NA,SAN DIEGO,SAN DIEGO,-117.10569763183594,32.74899673461914
8757731,2018,2019-01-09,3706,2018-11-27,1437,1834,ESCON,2,5,6,3706,0,0,0,NA,0,042,HICKORY ST,PENNSYLVANIA AV,0,NA,Y,A,-,N,NA,NA,NA,NA,NA,NA,NA,NA,NA,Y,4,0,2,2,A,-,09,21801,A,N,A,C,A,A,H,-,A,D,0,NA,NA,NA,NA,Y,NA,A,01,0,0,2,0,0,0,0,0,0,-,-,33.12638854980469,-117.07685089111328,SAN DIEGO,ESCONDIDO,-117.07698059082033,33.12641906738281
8758520,2018,2019-01-19,3700,2018-11-21,0629,SH0141,NA,3,5,5,3712,0,0,0,NA,0,351,NORTH LAS POSAS RD,CAMINO DEL SOL,0,NA,Y,A,-,N,NA,NA,NA,NA,NA,NA,NA,NA,NA,Y,4,0,1,2,A,-,09,21802,A,N,D,C,A,A,H,-,A,A,0,NA,NA,NA,NA,Y,NA,A,01,0,0,1,0,0,0,0,0,0,-,-,NA,NA,SAN DIEGO,SAN MARCOS,-117.18903350830078,33.15755844116211
8759882,2018,2019-02-05,3711,2018-12-06,1740,7654,SD,4,5,7,3711,0,0,0,NA,0,714,EAST SAN YSIDRO BL,RAIL CT,0,NA,Y,C,-,N,NA,NA,NA,NA,NA,NA,NA,NA,NA,N,4,0,1,2,A,-,08,22107,NA,N,A,B,B,B,H,-,C,A,0,Y,NA,NA,NA,Y,NA,A,07,0,0,1,0,1,0,0,0,0,-,-,NA,NA,SAN DIEGO,SAN DIEGO,-117.02871704101563,32.5442008972168
8759996,2018,2019-01-26,3711,2018-12-09,1200,7444,NA,7,5,7,3711,0,0,0,NA,0,115,CHARMANT DR,LEBON DR,0,NA,Y,A,-,N,NA,NA,NA,NA,NA,NA,NA,NA,NA,Y,4,0,2,2,A,-,09,21801,NA,N,D,C,A,A,H,-,A,A,0,NA,NA,NA,NA,Y,NA,A,01,0,0,2,0,0,0,0,0,0,-,-,NA,NA,SAN DIEGO,SAN DIEGO,-117.22548675537108,32.86486053466797
8762654,2018,2019-01-29,3711,2018-12-03,2045,7695,3711,1,5,7,3711,0,0,0,NA,0,524,W BROADWAY AV,PACIFIC HWY,234,E,N,A,-,N,NA,NA,NA,NA,NA,NA,NA,NA,NA,N,3,0,1,1,A,-,03,22350,A,N,E,A,A,A,H,-,C,D,0,NA,NA,Y,NA,Y,NA,-,-,0,1,0,0,0,0,0,0,1,-,-,NA,NA,SAN DIEGO,SAN DIEGO,-117.17031097412108,32.715782165527344
8762987,2018,2019-01-08,3700,2018-12-05,2048,SH7275,NA,3,5,5,3713,0,0,0,NA,0,312,HACIENDA DR,NORTH EMERALD DR,104,W,N,C,-,N,NA,NA,NA,NA,NA,NA,NA,NA,NA,N,4,0,1,2,A,-,04,21703,NA,M,C,C,A,B,H,-,C,D,0,NA,NA,NA,NA,Y,NA,A,01,0,0,1,0,0,0,0,0,0,-,-,NA,NA,SAN DIEGO,VISTA,-117.27989196777344,33.186622619628906
8763783,2018,2019-01-02,3710,2018-10-26,0755,OC1063,026,5,5,6,3710,0,0,0,NA,0,006,EL CAMINIO REAL,HAYMAR DR,110,N,N,A,-,N,NA,NA,NA,NA,NA,NA,NA,NA,NA,Y,2,0,1,2,A,-,08,22107,NA,F,B,C,A,A,H,-,A,A,0,NA,NA,Y,NA,Y,NA,A,01,1,0,0,0,0,0,0,0,1,-,-,33.18035888671875,-117.32679748535156,SAN DIEGO,OCEANSIDE,-117.32691955566406,33.1806526184082
8763903,2018,2018-12-28,3700,2018-04-07,1857,SH3095,NA,6,5,5,3781,0,0,0,NA,0,519,MISSION GORGE RD,N MAGNOLIA AV,39,W,N,A,-,N,NA,NA,NA,NA,NA,NA,NA,NA,NA,Y,4,0,1,2,A,-,01,23153,A,N,C,C,A,A,H,-,A,A,0,NA,NA,NA,NA,Y,Y,A,01,0,0,1,0,0,0,0,0,0,-,-,NA,NA,SAN DIEGO,SANTEE,-116.96735382080078,32.83838653564453
8764489,2018,2019-01-08,3711,2018-11-04,1837,7796,MIDCI,7,5,7,3711,0,0,0,NA,0,833,EUCLID AV,EUCLID AV 3400,45,S,N,A,-,N,NA,NA,NA,NA,NA,NA,NA,NA,NA,Y,3,0,3,3,A,-,03,22350,A,N,C,C,A,A,H,-,C,D,0,NA,NA,NA,NA,Y,NA,-,NA,0,1,2,0,0,0,0,0,0,-,-,NA,NA,SAN DIEGO,SAN DIEGO,NA,NA
8764574,2018,2019-01-10,3702,2018-11-25,1426,CV1200,NA,7,5,6,3702,0,0,0,NA,0,024,ORANGE AV,SECOND AV,0,NA,Y,A,-,N,NA,NA,NA,NA,NA,NA,NA,NA,NA,N,4,0,1,2,A,-,01,23152,E,N,B,C,A,A,H,-,A,A,0,NA,NA,NA,NA,Y,NA,A,01,0,0,1,0,0,0,0,0,0,-,-,NA,NA,SAN DIEGO,CHULA VISTA,-117.06011962890624,32.601539611816406
8764598,2018,2019-01-09,3702,2018-11-10,2125,CV1203,NA,6,5,6,3702,0,0,0,NA,0,013,3RD AV,PARK WY,0,NA,Y,A,-,N,NA,NA,NA,NA,NA,NA,NA,NA,NA,Y,2,0,1,2,A,-,09,21800,A,N,D,C,A,A,H,-,C,D,0,NA,NA,Y,NA,Y,NA,A,01,1,0,0,0,0,0,0,0,1,-,-,NA,NA,SAN DIEGO,CHULA VISTA,-117.0788803100586,32.63869094848633
8764635,2018,2019-01-10,3702,2018-11-26,0829,CV0673,NA,1,5,6,3702,0,0,0,NA,0,014,TELEGRAPH CANYON RD,NACION AV,0,NA,Y,A,-,N,NA,NA,NA,NA,NA,NA,NA,NA,NA,Y,4,0,2,2,A,-,03,22350,NA,N,D,C,A,A,H,-,A,D,0,NA,NA,NA,NA,Y,NA,A,07,0,0,2,0,0,0,0,0,0,-,-,NA,NA,SAN DIEGO,CHULA VISTA,-117.047119140625,32.629058837890625
8764817,2018,2019-01-10,3711,2018-10-29,0937,SD6774,NA,1,5,7,3711,0,0,0,NA,0,122,BUNKER HILL ST,MISSION BAY DR,36,E,N,B,-,N,NA,NA,NA,NA,NA,NA,NA,NA,NA,Y,4,0,1,2,A,-,21,22106,NA,N,C,C,A,A,H,-,A,A,0,NA,NA,NA,NA,Y,NA,J,48,0,0,1,0,0,0,0,0,0,-,-,NA,NA,SAN DIEGO,SAN DIEGO,-117.2163314819336,32.802921295166016
8766437,2018,2019-01-03,3700,2018-12-14,2107,SH0320,NA,5,5,5,3713,0,0,0,NA,0,308,NORTH MELROSE DR,WEST VISTA WY,0,NA,Y,A,-,N,NA,NA,NA,NA,NA,NA,NA,NA,NA,Y,4,0,2,2,A,-,12,21453,A,N,D,C,A,A,H,-,C,A,0,NA,NA,NA,NA,Y,NA,A,01,0,0,2,0,0,0,0,0,0,-,-,NA,NA,SAN DIEGO,VISTA,-117.25466918945313,33.19552993774414
8767163,2018,2019-01-08,3711,2018-12-12,2236,7827,NA,3,5,7,3711,0,0,0,NA,0,524,7TH AV,A ST,12,E,N,A,-,N,NA,NA,NA,NA,NA,NA,NA,NA,NA,Y,3,0,1,2,A,-,12,21453,A,N,D,C,A,A,H,-,C,A,0,NA,NA,NA,NA,Y,NA,-,NA,0,1,0,0,0,0,0,0,0,-,-,NA,NA,SAN DIEGO,SAN DIEGO,-117.15834045410156,32.7188606262207
8767408,2018,2019-01-28,3709,2018-11-30,0643,NC0457,NA,5,5,5,3709,0,0,0,NA,0,021,EAST PLAZA BL,PALM AV,276,E,N,C,-,N,NA,NA,NA,NA,NA,NA,NA,NA,NA,Y,4,0,1,2,A,-,09,21804,A,N,D,C,A,B,H,-,A,B,0,NA,NA,NA,NA,Y,NA,A,07,0,0,1,0,0,0,0,0,0,-,-,NA,NA,SAN DIEGO,NATIONAL CITY,-117.08828735351563,32.67661666870117
8767494,2018,2019-01-30,3705,2018-12-04,1755,EC0324,NA,2,5,5,3705,0,0,0,NA,0,002,NARANCA,2ND,0,NA,Y,A,-,N,NA,NA,NA,NA,NA,NA,NA,NA,NA,Y,4,0,2,2,A,-,09,21802,A,N,B,C,A,A,H,-,C,D,0,NA,NA,NA,NA,Y,NA,A,07,0,0,2,0,0,0,0,0,0,-,-,NA,NA,SAN DIEGO,EL CAJON,-116.935791015625,32.80390930175781
8767736,2018,2019-01-08,3705,2018-11-30,2136,EC0379,NA,5,5,5,3705,0,0,0,NA,0,001,PARTRIDGE AV,ALLEY,0,NA,Y,A,-,N,NA,NA,NA,NA,NA,NA,NA,NA,NA,Y,4,0,2,2,A,-,09,21804,A,N,D,C,A,A,H,-,D,D,0,NA,NA,NA,NA,Y,NA,A,01,0,0,2,0,0,0,0,0,0,-,-,NA,NA,SAN DIEGO,EL CAJON,NA,NA
8767813,2018,2019-01-08,3706,2018-12-19,1541,393,ESCON,3,5,6,3706,0,0,0,NA,0,045,VALLEY PKWY,9TH AV,0,NA,Y,A,-,N,NA,NA,NA,NA,NA,NA,NA,NA,NA,Y,3,0,2,2,A,-,12,21453,A,N,D,C,A,A,H,-,A,A,0,NA,NA,NA,NA,Y,NA,A,01,0,1,1,0,0,0,0,0,0,-,-,33.11064147949219,-117.10350799560548,SAN DIEGO,ESCONDIDO,-117.10352325439452,33.11069869995117
8768007,2018,2018-12-27,3705,2018-11-26,0334,EC0371,NA,1,5,5,3705,0,0,0,NA,0,002,EAST MAIN ST,ANZA ST,298,E,N,A,-,N,NA,NA,NA,NA,NA,NA,NA,NA,NA,Y,3,0,1,2,A,-,03,22350,NA,N,C,E,A,A,H,-,C,D,0,NA,NA,NA,Y,Y,NA,A,07,0,1,0,0,0,0,0,0,0,-,-,NA,NA,SAN DIEGO,EL CAJON,-116.94722747802734,32.79494857788086
8768151,2017,2018-12-26,3700,2017-02-02,0909,SH3324,NA,4,5,4,3720,0,0,0,NA,0,602,NEW JERSEY AV,CENTRAL AV,0,NA,Y,A,-,N,NA,NA,NA,NA,NA,NA,NA,NA,NA,Y,4,0,1,2,A,-,12,22450,A,N,D,C,A,A,H,-,A,A,0,NA,NA,NA,NA,Y,NA,A,01,0,0,1,0,0,0,0,0,0,-,-,NA,NA,SAN DIEGO,LEMON GROVE,-117.03645001,32.7389301
8768326,2018,2019-01-08,3711,2018-11-22,0620,5910,504A,4,5,7,3711,0,0,0,NA,0,504,NORTH HARBOR DR,NORTH HARBOR DR 2100,100,S,N,C,-,N,NA,NA,NA,NA,NA,NA,NA,NA,NA,N,3,0,1,1,A,-,03,22350,NA,N,F,A,A,B,H,-,B,D,0,NA,NA,NA,NA,Y,NA,M,93,0,1,0,0,0,0,0,0,0,-,-,NA,NA,SAN DIEGO,SAN DIEGO,NA,NA
8768506,2018,2019-01-26,3711,2018-12-25,2129,4310,NA,2,5,7,3711,0,0,0,NA,0,529,WEST LAUREL ST,1ST AV,0,NA,Y,A,-,N,NA,NA,NA,NA,NA,NA,NA,NA,NA,Y,4,0,2,2,A,-,09,21801,A,N,A,C,A,A,H,-,C,A,0,NA,NA,NA,NA,Y,NA,A,01,0,0,2,0,0,0,0,0,0,-,-,NA,NA,SAN DIEGO,SAN DIEGO,-117.16394805908205,32.731361389160156
8769193,2018,2019-01-22,3705,2018-12-17,2137,EC0372,NA,1,5,5,3705,0,0,0,NA,0,001,EL CAJON BL,S MARSHALL AV,0,NA,Y,A,-,N,NA,NA,NA,NA,NA,NA,NA,NA,NA,Y,4,0,2,2,A,-,12,21453,A,N,A,C,A,A,H,-,C,A,0,NA,NA,NA,Y,Y,NA,A,01,0,0,2,0,0,0,0,0,0,-,-,NA,NA,SAN DIEGO,EL CAJON,-116.97486114501952,32.787811279296875
8769796,2018,2019-02-07,3711,2018-12-11,1210,7057,NA,2,5,7,3711,0,0,0,NA,0,242,MIRA MESA BL,CAMINO RUIZ,30,E,N,A,-,N,NA,NA,NA,NA,NA,NA,NA,NA,NA,Y,4,0,1,3,A,-,17,22109,NA,N,C,C,A,A,H,-,A,A,0,NA,NA,NA,NA,Y,NA,A,01,0,0,1,0,0,0,0,0,0,-,-,NA,NA,SAN DIEGO,SAN DIEGO,-117.14390563964844,32.91282653808594
8770442,2018,2019-02-06,3700,2018-02-09,2020,SH7477,NA,5,5,4,3720,0,0,0,NA,0,603,SWEETWATER RD,SANDY BEV LN,22,S,N,A,-,N,NA,NA,NA,NA,NA,NA,NA,NA,NA,Y,3,0,2,2,A,-,08,22107,NA,N,C,C,A,A,H,-,C,D,0,NA,NA,NA,NA,Y,NA,A,01,0,1,1,0,0,0,0,0,0,-,-,NA,NA,SAN DIEGO,LEMON GROVE,-117.01444244384766,32.73965072631836
8771487,2018,2019-01-03,3700,2018-11-17,1705,SH0742,NA,6,5,4,3780,0,0,0,NA,0,416,COMMUNITY RD,POWAY RD,44,N,N,A,-,N,NA,NA,NA,NA,NA,NA,NA,NA,NA,N,4,0,1,2,A,-,21,22106,NA,N,C,C,A,A,H,-,C,A,0,NA,NA,NA,NA,Y,NA,A,01,0,0,1,0,0,0,0,0,0,-,-,NA,NA,SAN DIEGO,POWAY,-117.04080200195313,32.95650100708008
8771503,2018,2019-01-03,3710,2018-11-29,0140,OC1419,014,4,5,6,3710,0,0,0,NA,0,004,FOUSSAT RD,ALEX RD,100,S,N,C,-,N,NA,NA,NA,NA,NA,NA,NA,NA,NA,Y,3,0,1,1,A,-,03,22350,NA,N,F,A,A,B,H,-,C,D,0,NA,NA,NA,NA,Y,NA,A,01,0,1,0,0,0,0,0,0,0,-,-,NA,NA,SAN DIEGO,OCEANSIDE,-117.34481424,33.22082986
8772495,2018,2019-01-16,3711,2018-12-28,1255,7281,SAN D,5,5,7,3711,0,0,0,NA,0,524,6TH AV,B ST,0,NA,Y,A,-,N,NA,NA,NA,NA,NA,NA,NA,NA,NA,N,4,0,1,2,A,-,12,21453,A,N,D,C,A,A,H,-,A,A,0,NA,NA,NA,NA,Y,NA,A,01,0,0,1,0,0,0,0,0,0,-,-,NA,NA,SAN DIEGO,SAN DIEGO,-117.15927124023438,32.71780014038086
8772536,2018,2019-02-04,3711,2018-12-29,0537,7486,NA,6,5,7,3711,0,0,0,NA,0,713,BRITANNIA BL,RT 905,0,NA,Y,A,-,Y,SD,11,905,-,R,8.925,R,4,E,Y,3,0,2,2,A,-,12,21453,A,N,D,C,A,A,H,-,B,A,0,NA,NA,NA,NA,Y,NA,A,01,0,1,1,0,0,0,0,0,0,-,EO,NA,NA,SAN DIEGO,SAN DIEGO,-116.97744750976563,32.56412124633789
8772609,2018,2019-01-18,3711,2018-12-27,1016,7800,NA,4,5,7,3711,0,0,0,NA,0,433,BROOKLYN AV,63RD ST,40,W,N,A,-,N,NA,NA,NA,NA,NA,NA,NA,NA,NA,Y,4,0,1,2,A,-,21,22106,NA,N,F,I,A,A,H,-,A,D,0,NA,NA,NA,NA,Y,NA,A,07,0,0,1,0,0,0,0,0,0,-,-,NA,NA,SAN DIEGO,SAN DIEGO,-117.06266784667967,32.713130950927734
8773740,2018,2019-02-04,3710,2018-12-13,2048,OC1413,035,4,5,6,3710,0,0,0,NA,0,009,COLLEGE BL,RT 76,0,NA,Y,A,-,Y,SD,11,76,-,R,6.207,I,5,W,N,4,0,1,2,A,-,09,21453,C,N,A,C,A,A,H,-,C,A,0,NA,NA,NA,NA,Y,NA,A,01,0,0,1,0,0,0,0,0,0,-,-,33.24361038208008,-117.28972625732422,SAN DIEGO,OCEANSIDE,-117.28981018066406,33.24375915527344
8775069,2018,2019-01-12,3711,2018-12-26,1645,7387,NA,3,5,7,3711,0,0,0,NA,0,813,ARIZONA ST,EL CAJON BL,0,NA,-,A,-,N,NA,NA,NA,NA,NA,NA,NA,NA,NA,Y,3,0,1,5,A,-,08,22107,NA,N,C,B,F,A,H,-,A,D,0,Y,NA,NA,NA,Y,NA,A,01,0,1,0,0,1,0,0,0,0,-,-,NA,NA,SAN DIEGO,SAN DIEGO,-117.13760375976563,32.75537872314453
8775077,2018,2019-01-26,3711,2018-12-25,0600,7858,NA,2,5,7,3711,0,0,0,NA,0,437,PARADISE VALLEY RD,DEEP DELL RD,600,E,-,B,-,N,NA,NA,NA,NA,NA,NA,NA,NA,NA,Y,4,0,1,1,A,-,08,22107,NA,N,C,C,A,B,H,-,B,D,0,NA,NA,NA,NA,Y,NA,A,01,0,0,1,0,0,0,0,0,0,-,-,NA,NA,SAN DIEGO,SAN DIEGO,-117.02776336669922,32.69636917114258
8777930,2018,2019-01-24,3711,2018-12-12,1347,SD6210,NA,3,5,7,3711,0,0,0,NA,0,243,MIRAMAR RD,MIRAMAR RD 8400,0,NA,Y,A,-,N,NA,NA,NA,NA,NA,NA,NA,NA,NA,Y,4,0,1,2,A,-,08,22107,NA,N,D,C,A,A,H,-,A,D,0,NA,NA,NA,NA,Y,NA,A,01,0,0,1,0,0,0,0,0,0,-,-,NA,NA,SAN DIEGO,SAN DIEGO,-117.14050055,32.8911195
8778004,2018,2019-01-22,3711,2018-10-30,0747,SD5313,NA,2,5,7,3711,0,0,0,NA,0,521,F ST,14TH ST,0,NA,Y,B,-,N,NA,NA,NA,NA,NA,NA,NA,NA,NA,Y,4,0,2,3,A,-,09,21802,B,N,D,C,A,A,H,-,A,D,0,NA,NA,NA,NA,Y,NA,A,01,0,0,2,0,0,0,0,0,0,-,-,NA,NA,SAN DIEGO,SAN DIEGO,-117.15191650390624,32.713661193847656
8778166,2019,2019-03-08,3711,2019-01-02,1724,7690,NA,3,5,7,3711,0,0,0,NA,0,115,LA JOLLA VILLAGE DR,RT 805,90,E,N,A,-,Y,SD,11,805,-,-,25.757,R,4,S,N,3,0,1,2,A,-,08,22107,NA,N,C,C,A,A,H,-,B,A,0,NA,NA,NA,NA,Y,NA,A,01,0,1,0,0,0,0,0,0,0,-,-,NA,NA,SAN DIEGO,SAN DIEGO,-117.1980209350586,32.87286376953125
8778428,2018,2019-01-28,3705,2018-12-08,1453,EC0337,NA,6,5,5,3705,0,0,0,NA,0,001,S MARSHALL,PALM,0,NA,Y,A,-,N,NA,NA,NA,NA,NA,NA,NA,NA,NA,Y,4,0,1,2,A,-,08,22107,NA,N,D,C,A,A,H,-,A,A,0,NA,NA,NA,NA,Y,NA,A,01,0,0,1,0,0,0,0,0,0,-,-,NA,NA,SAN DIEGO,EL CAJON,-116.97550964355467,32.79132843017578
8778485,2018,2019-01-31,3705,2018-12-25,1839,EC0376,NA,2,5,5,3705,0,0,0,NA,0,004,W CHASE,MAGNOLIA,0,NA,Y,A,-,N,NA,NA,NA,NA,NA,NA,NA,NA,NA,N,3,0,2,3,A,-,11,21456,B,N,G,B,B,B,H,-,C,A,0,Y,NA,NA,NA,Y,NA,A,01,0,1,1,0,2,0,0,0,0,-,-,NA,NA,SAN DIEGO,EL CAJON,-116.96230316162108,32.780399322509766
8778552,2019,2019-02-02,3711,2019-01-15,1140,7335,NA,2,5,7,3711,0,0,0,NA,0,NA,COLLEGE AV,NAVAJO RD,0,NA,Y,B,-,N,NA,NA,NA,NA,NA,NA,NA,NA,NA,Y,4,0,2,3,A,-,12,21453,A,N,D,C,A,B,H,-,A,A,0,NA,NA,NA,NA,Y,NA,A,01,0,0,2,0,0,0,0,0,0,-,-,NA,NA,SAN DIEGO,SAN DIEGO,-117.06771850585938,32.79365158081055
8779727,2017,2019-01-11,3700,2017-09-12,2245,SH0473,NA,2,5,4,3720,0,0,0,NA,0,601,CENTRAL AV,HIBISCUS DR,1,W,N,A,-,N,NA,NA,NA,NA,NA,NA,NA,NA,NA,N,4,0,1,2,A,-,05,21650,NA,N,E,I,A,A,H,-,C,D,0,NA,NA,NA,NA,Y,NA,A,01,0,0,1,0,0,0,0,0,0,-,-,NA,NA,SAN DIEGO,LEMON GROVE,-117.05248255,32.73745831
8779731,2017,2019-01-11,3700,2017-09-08,0945,SH2281,NA,5,5,4,3720,0,0,0,NA,0,605,MASSACHUSETTS AV,MOUNT VERNON ST,142,S,N,A,-,N,NA,NA,NA,NA,NA,NA,NA,NA,NA,Y,4,0,1,2,A,-,05,21651,A,M,D,C,A,A,H,-,A,D,0,NA,NA,NA,NA,Y,NA,A,01,0,0,1,0,0,0,0,0,0,-,-,NA,NA,SAN DIEGO,LEMON GROVE,-117.04297729,32.73121111
8779889,2018,2019-01-31,3706,2018-12-11,1916,1834,ESCON,2,5,6,3706,0,0,0,NA,0,042,CENTRE CITY PY,2ND AV,0,NA,Y,A,-,N,NA,NA,NA,NA,NA,NA,NA,NA,NA,Y,3,0,5,2,A,-,12,21453,A,N,D,C,A,A,H,-,C,A,0,NA,NA,NA,NA,Y,NA,A,01,0,2,3,0,0,0,0,0,0,-,-,33.11817169189453,-117.08602142333984,SAN DIEGO,ESCONDIDO,-117.08612823486328,33.11811065673828
8779893,2018,2019-01-31,3706,2018-12-12,1749,1834,ESCON,3,5,6,3706,0,0,0,NA,0,041,CENTRE CITY PY,IRIS LN,41,N,N,A,-,N,NA,NA,NA,NA,NA,NA,NA,NA,NA,Y,4,0,1,2,A,-,03,22350,NA,N,C,C,A,A,H,-,C,A,0,NA,NA,NA,NA,Y,NA,A,07,0,0,1,0,0,0,0,0,0,-,-,33.15156173706055,-117.09635925292967,SAN DIEGO,ESCONDIDO,-117.0964126586914,33.15153884887695
8780062,2018,2019-02-15,3706,2018-11-05,1700,342,ESCON,1,5,6,3706,0,0,0,NA,0,042,WASHINGTON AV,DATE ST,185,E,N,A,-,Y,SD,11,78,-,T,18.776,I,5,E,Y,2,0,1,2,A,-,03,22350,NA,N,D,C,A,A,H,-,A,D,0,NA,NA,Y,NA,Y,NA,C,02,1,0,0,0,0,0,0,0,1,-,-,33.13051986694336,-117.07254028320313,SAN DIEGO,ESCONDIDO,-117.07249450683594,33.130496978759766
8784932,2018,2019-03-26,3700,2018-08-25,1825,SH3585,NA,6,5,5,3781,0,0,0,NA,0,519,CUYAMACA ST,RT 52,0,NA,Y,A,-,Y,SD,11,52,-,-,16.299,R,4,E,Y,4,0,1,2,A,-,12,21453,A,N,D,C,A,A,H,-,A,A,0,NA,NA,NA,NA,Y,NA,A,01,0,0,1,0,0,0,0,0,0,-,EF,NA,NA,SAN DIEGO,SANTEE,-116.98139190673828,32.83283996582031
8787590,2019,2019-02-05,3709,2019-01-09,1935,NC0494,NA,3,5,5,3709,0,0,0,NA,0,024,EAST 30TH ST,E 30TH ST 500,0,NA,Y,A,-,N,NA,NA,NA,NA,NA,NA,NA,NA,NA,N,3,0,1,2,A,-,00,21235,B,N,B,J,A,A,H,-,C,D,0,NA,NA,NA,NA,Y,NA,-,NA,0,1,0,0,0,0,0,0,0,-,-,NA,NA,SAN DIEGO,NATIONAL CITY,-117.094305,32.658305
8788763,2019,2019-02-02,3711,2019-01-02,1100,7547,NA,3,5,7,3711,0,0,0,NA,0,524,A ST,10TH AV,0,NA,Y,A,-,N,NA,NA,NA,NA,NA,NA,NA,NA,NA,Y,3,0,1,2,A,-,-,NA,NA,N,D,C,A,A,H,-,A,A,0,NA,NA,NA,NA,Y,NA,A,01,0,1,0,0,0,0,0,0,0,-,-,NA,NA,SAN DIEGO,SAN DIEGO,-117.15561676025392,32.7188606262207
8789059,2018,2019-01-30,3711,2018-12-30,2057,7628,NA,7,5,7,3711,0,0,0,NA,0,446,47TH ST,MAGNUS WY,3,E,N,A,-,N,NA,NA,NA,NA,NA,NA,NA,NA,NA,Y,4,0,1,2,A,-,08,22107,NA,N,C,J,A,A,H,-,C,A,0,NA,NA,NA,NA,Y,Y,-,NA,0,0,1,0,0,0,0,0,0,-,-,NA,NA,SAN DIEGO,SAN DIEGO,-117.0937728881836,32.692569732666016
8789310,2019,2019-02-07,3711,2019-01-11,1249,7685,NA,5,5,7,3711,0,0,0,NA,0,121,OCEAN FRONT WALK,SAN FERNANDO PL,40,S,N,A,-,N,NA,NA,NA,NA,NA,NA,NA,NA,NA,N,3,0,1,1,A,-,08,22107,NA,N,B,I,A,A,H,-,A,D,0,NA,NA,Y,NA,Y,NA,C,03,0,1,0,0,0,0,0,0,1,-,-,NA,NA,SAN DIEGO,SAN DIEGO,-117.25254821777344,32.76755905151367
8789456,2019,2019-02-12,3711,2019-01-23,1544,6741,SAN D,3,5,7,3711,0,0,0,NA,0,526,7TH AV,ASH ST,0,NA,Y,A,-,N,NA,NA,NA,NA,NA,NA,NA,NA,NA,N,4,0,1,2,A,-,10,21950,A,N,G,B,B,A,H,-,A,A,0,Y,NA,NA,NA,Y,NA,-,NA,0,0,1,0,1,0,0,0,0,-,-,NA,NA,SAN DIEGO,SAN DIEGO,-117.15838623046876,32.71989822387695
8789638,2019,2019-03-08,3711,2019-01-20,0017,5690,NA,7,5,7,3711,0,0,0,NA,0,242,MERCY RD,ALAMANIA RD,279,E,N,A,-,Y,SD,11,15,-,M,17.514,R,4,S,N,4,0,1,2,A,-,08,22107,NA,N,B,C,A,A,H,-,C,A,0,NA,NA,NA,NA,Y,NA,A,01,0,0,1,0,0,0,0,0,0,-,-,NA,NA,SAN DIEGO,SAN DIEGO,-117.11058044433594,32.93962860107422