CASE_ID,ACCIDENT_YEAR,PROC_DATE,JURIS,COLLISION_DATE,COLLISION_TIME,OFFICER_ID,REPORTING_DISTRICT,DAY_OF_WEEK,CHP_SHIFT,POPULATION,CNTY_CITY_LOC,SPECIAL_COND,BEAT_TYPE,CHP_BEAT_TYPE,CITY_DIVISION_LAPD,CHP_BEAT_CLASS,BEAT_NUMBER,PRIMARY_RD,SECONDARY_RD,DISTANCE,DIRECTION,INTERSECTION,WEATHER_1,WEATHER_2,STATE_HWY_IND,CALTRANS_COUNTY,CALTRANS_DISTRICT,STATE_ROUTE,ROUTE_SUFFIX,POSTMILE_PREFIX,POSTMILE,LOCATION_TYPE,RAMP_INTERSECTION,SIDE_OF_HWY,TOW_AWAY,COLLISION_SEVERITY,NUMBER_KILLED,NUMBER_INJURED,PARTY_COUNT,PRIMARY_COLL_FACTOR,PCF_CODE_OF_VIOL,PCF_VIOL_CATEGORY,PCF_VIOLATION,PCF_VIOL_SUBSECTION,HIT_AND_RUN,TYPE_OF_COLLISION,MVIW,PED_ACTION,ROAD_SURFACE,ROAD_COND_1,ROAD_COND_2,LIGHTING,CONTROL_DEVICE,CHP_ROAD_TYPE,PEDESTRIAN_ACCIDENT,BICYCLE_ACCIDENT,MOTORCYCLE_ACCIDENT,TRUCK_ACCIDENT,NOT_PRIVATE_PROPERTY,ALCOHOL_INVOLVED,STWD_VEHTYPE_AT_FAULT,CHP_VEHTYPE_AT_FAULT,COUNT_SEVERE_INJ,COUNT_VISIBLE_INJ,COUNT_COMPLAINT_PAIN,COUNT_PED_KILLED,COUNT_PED_INJURED,COUNT_BICYCLIST_KILLED,COUNT_BICYCLIST_INJURED,COUNT_MC_KILLED,COUNT_MC_INJURED,PRIMARY_RAMP,SECONDARY_RAMP,LATITUDE,LONGITUDE,COUNTY,CITY,POINT_X,POINT_Y
90183975,2016,2016-05-20,9645,2016-05-07,2025,013648,NA,6,2,7,3711,0,1,1,NA,2,001,I-5 SOUTHBOUND,PALM AVE. O/C,400,N,N,B,-,Y,NA,NA,5,NA,NA,NA,NA,NA,S,Y,4,0,1,2,A,-,03,22350,NA,N,C,C,A,A,H,-,C,D,0,NA,NA,NA,NA,Y,NA,A,01,0,0,1,0,0,0,0,0,0,-,-,32.57607,-117.0824,SAN DIEGO,SAN DIEGO,-117.08228048,32.57619871
90184123,2016,2016-05-20,9650,2016-05-15,1140,014615,NA,7,1,9,3700,0,1,1,NA,2,003,I-5 N/B,LAS PULGAS RD,2640,S,N,B,-,Y,NA,NA,NA,NA,NA,NA,NA,NA,NA,Y,4,0,2,2,A,-,03,22350,NA,N,C,C,A,A,H,-,A,D,0,NA,NA,NA,NA,Y,NA,A,08,0,0,2,0,0,0,0,0,0,-,-,NA,NA,SAN DIEGO,UNINCORPORATED,-117.45842878,33.29370592
90184252,2016,2016-05-23,9645,2016-05-13,0245,020500,NA,5,3,7,3711,0,1,1,NA,2,011,I-805 SB TO SR-15 SB TRANSITION RD.,LANDIS ST O/C,3168,S,N,B,-,Y,NA,NA,805,NA,NA,NA,R,NA,S,Y,2,0,1,1,A,-,01,23152,F,M,E,I,A,A,H,-,D,D,0,NA,NA,NA,NA,Y,Y,A,01,1,0,0,0,0,0,0,0,0,-,-,32.73668,-117.1153,SAN DIEGO,SAN DIEGO,-117.1153,32.73668
90184405,2016,2016-05-23,9645,2016-05-10,0817,017025,NA,2,1,9,3700,0,3,5,NA,2,018,BONITA RD. E/B,ACACIA AVE,371,E,N,B,-,N,NA,NA,NA,NA,NA,NA,NA,NA,NA,Y,4,0,1,2,A,-,09,21801,A,N,C,A,A,A,H,-,A,D,0,NA,NA,Y,NA,Y,NA,A,07,0,0,1,0,0,0,0,0,0,-,-,32.66675,-117.02311,SAN DIEGO,UNINCORPORATED,-117.02327248,32.66645505
9018478,2019,2020-02-03,3705,2019-12-16,1622,EC0324,NA,1,5,5,3705,0,0,0,NA,0,003,MAIN,GREENFIELD,273,W,N,A,-,N,NA,NA,NA,NA,NA,NA,NA,NA,NA,Y,3,0,2,2,A,-,09,21801,A,N,D,C,A,A,H,-,A,D,0,NA,NA,NA,NA,Y,NA,A,07,0,1,1,0,0,0,0,0,0,-,-,NA,NA,SAN DIEGO,EL CAJON,-116.91899871826172,32.81166458129883
90185578,2016,2016-05-24,9645,2016-05-13,1825,017499,NA,5,2,7,3711,0,1,3,NA,2,002,SR-905 WESTBOUND,I-805,1500,E,N,A,-,Y,NA,NA,905,NA,NA,NA,NA,NA,W,Y,4,0,1,1,A,-,03,22350,NA,N,E,I,A,A,H,-,B,D,0,NA,NA,NA,NA,Y,NA,A,01,0,0,1,0,0,0,0,0,0,-,-,32.56864,-117.02864,SAN DIEGO,SAN DIEGO,-117.02861431,32.56826942
90186839,2016,2016-05-25,9645,2016-04-22,1620,020165,NA,5,2,7,3711,0,1,1,NA,2,017,I-15 S/B,MIRAMAR WAY,1500,S,N,A,-,Y,NA,NA,15,NA,NA,NA,NA,NA,S,Y,4,0,2,4,A,-,03,22350,NA,N,C,C,A,A,H,-,A,D,0,NA,NA,NA,NA,Y,NA,A,07,0,0,2,0,0,0,0,0,0,-,-,32.87001,-117.10829,SAN DIEGO,SAN DIEGO,-117.1080482,32.86996809
90188279,2016,2016-05-26,9645,2016-05-07,0910,017473,NA,6,1,7,3711,0,1,1,NA,2,005,I-5 N/B,MISSION BAY DR.,1000,N,N,B,C,Y,NA,NA,5,NA,NA,NA,NA,NA,N,Y,4,0,1,1,A,-,03,22350,NA,N,E,I,A,B,H,-,A,D,0,NA,NA,NA,NA,Y,NA,A,01,0,0,1,0,0,0,0,0,0,-,-,32.8177,-117.2245,SAN DIEGO,SAN DIEGO,-117.2244557,32.8177412
90190246,2016,2016-05-31,9645,2016-05-01,0752,017723,NA,7,1,7,3711,0,1,1,NA,2,001,I-5 S/B,PALOMAR ST.,528,N,N,B,-,Y,NA,NA,NA,NA,NA,NA,NA,NA,NA,N,4,0,1,2,A,-,08,22107,NA,N,C,C,A,A,H,-,A,D,0,NA,NA,NA,NA,Y,NA,-,-,0,0,1,0,0,0,0,0,0,-,-,NA,NA,SAN DIEGO,SAN DIEGO,NA,NA
90190294,2016,2016-06-29,9645,2016-05-18,1005,014909,NA,3,1,7,3711,0,1,1,NA,2,013,I-805 S/B,I-8,3168,N,N,A,-,Y,NA,NA,805,NA,NA,NA,NA,NA,S,Y,4,0,1,2,A,-,03,22350,NA,N,C,C,A,A,H,-,A,D,0,NA,NA,NA,NA,Y,NA,A,01,0,0,1,0,0,0,0,0,0,-,-,32.77858,-117.13699,SAN DIEGO,SAN DIEGO,-117.13702863,32.77855467
9019032,2019,2020-02-05,3710,2019-12-09,1446,OC1484,NA,1,5,6,3710,0,0,0,NA,0,017,VANDERGRIFT BL,GOLD DR,242,S,N,A,-,N,NA,NA,NA,NA,NA,NA,NA,NA,NA,Y,4,0,3,3,A,-,03,22350,NA,N,C,C,A,A,H,-,A,A,0,NA,NA,NA,NA,Y,NA,A,07,0,0,3,0,0,0,0,0,0,-,-,NA,NA,SAN DIEGO,OCEANSIDE,-117.29890441894533,33.25739669799805
90191700,2016,2016-05-31,9645,2016-04-30,1140,019291,NA,6,1,6,3702,0,1,1,NA,2,001,I-5 SB,MAIN ST,1320,N,N,A,-,Y,NA,NA,5,NA,NA,NA,NA,NA,S,N,4,0,3,2,A,-,03,22350,NA,N,C,C,A,A,H,-,A,D,0,NA,NA,NA,NA,Y,NA,A,01,0,0,3,0,0,0,0,0,0,-,-,32.60052,-117.08963,SAN DIEGO,CHULA VISTA,-117.08965193,32.6005175
90193672,2016,2016-06-02,9680,2016-05-14,1328,019384,NA,6,1,9,3700,0,3,5,NA,2,001,HWY 8 BUSINESS,LAKE JENNINGS PARK RD,600,W,N,B,-,N,NA,NA,NA,NA,NA,NA,NA,NA,NA,N,4,0,1,2,A,-,21,22106,NA,N,H,C,A,A,H,-,A,D,0,NA,NA,NA,NA,Y,NA,A,01,0,0,1,0,0,0,0,0,0,-,-,32.84466,-116.88321,SAN DIEGO,UNINCORPORATED,-116.8834915,32.8439694
90193679,2016,2016-06-02,9645,2016-06-01,1505,018393,NA,3,2,5,3709,0,1,1,NA,2,009,I-805 S/B,PLAZA BLVD U/C,700,N,N,B,-,Y,NA,NA,805,NA,NA,NA,NA,NA,S,Y,4,0,2,2,A,-,03,22350,NA,N,C,C,A,A,H,-,A,D,0,NA,NA,NA,NA,Y,NA,A,01,0,0,2,0,0,0,0,0,0,-,-,32.67798,-117.08496,SAN DIEGO,NATIONAL CITY,-117.08515713,32.67787689
90194357,2016,2016-06-06,9645,2016-04-30,1130,014922,NA,6,1,7,3711,0,1,3,NA,2,002,SR-905 NORTHBOUND,JCT 11,2000,N,N,A,-,Y,NA,NA,NA,NA,NA,NA,NA,NA,NA,Y,4,0,1,1,A,-,08,22107,NA,N,F,A,A,A,H,-,A,D,0,NA,NA,NA,NA,Y,NA,A,01,0,0,1,0,0,0,0,0,0,-,-,32.5644,-116.95805,SAN DIEGO,SAN DIEGO,NA,NA
9019738,2019,2020-02-04,3705,2019-12-06,0934,EC0219,NA,5,5,5,3705,0,0,0,NA,0,001,NAVAJO RD,MEDFORD AV,28,W,N,A,-,N,NA,NA,NA,NA,NA,NA,NA,NA,NA,N,4,0,1,2,A,-,10,21950,A,F,G,B,B,A,H,-,A,A,0,Y,NA,NA,NA,Y,NA,A,01,0,0,1,0,1,0,0,0,0,-,-,NA,NA,SAN DIEGO,EL CAJON,-117.00293731689452,32.80209732055664
90201220,2016,2016-06-14,9645,2016-05-14,1605,018678,NA,6,2,7,3711,0,1,3,NA,2,023,SR-163 (N/B),FRIARS ROAD O/C,700,S,N,B,-,Y,NA,NA,163,NA,NA,NA,NA,NA,NA,Y,4,0,4,3,A,-,04,21703,NA,N,C,C,A,A,H,-,A,D,0,NA,NA,NA,NA,Y,NA,A,01,0,0,4,0,0,0,0,0,0,-,-,32.76992,-117.16124,SAN DIEGO,SAN DIEGO,-117.16161665,32.77003655
90204682,2016,2016-06-20,9650,2016-05-21,1250,017994,NA,6,1,9,3700,0,3,5,NA,2,213,STATE PARK RD,SOUTH GRADE RD,6864,W,N,B,-,N,NA,NA,NA,NA,NA,NA,NA,NA,NA,Y,4,0,1,1,A,-,03,22350,NA,N,E,I,A,A,H,-,A,D,0,NA,NA,Y,NA,Y,NA,C,02,0,0,1,0,0,0,0,0,1,-,-,33.31884,-116.88626,SAN DIEGO,UNINCORPORATED,-116.88626,33.31884
90205620,2016,2016-07-21,9650,2016-06-18,1645,016026,NA,6,2,6,3710,0,1,3,NA,2,015,SR-78 W/B TO EL CAMINO REAL,EL CAMINO REAL,361,E,N,A,-,Y,NA,NA,78,NA,NA,NA,R,NA,W,Y,3,0,1,2,A,-,03,22350,NA,N,C,C,A,A,H,-,A,D,0,NA,NA,Y,NA,Y,NA,C,02,0,1,0,0,0,0,0,0,1,-,-,33.18238,-117.32473,SAN DIEGO,OCEANSIDE,-117.32473,33.18238
90205882,2016,2016-06-21,9680,2016-06-06,1730,020249,NA,1,2,9,3700,0,1,3,NA,1,052,STATE ROUTE 78,EAST WYNOLA ROAD,14256,E,N,A,-,Y,NA,NA,78,NA,NA,NA,NA,NA,NA,Y,3,0,2,1,A,-,08,22107,NA,N,E,I,A,A,H,-,A,D,0,NA,NA,NA,NA,Y,NA,D,22,0,2,0,0,0,0,0,0,0,-,-,33.06974,-116.54571,SAN DIEGO,UNINCORPORATED,-116.54566462,33.06968505
90207404,2016,2016-06-22,9645,2016-06-13,1820,013599,NA,1,2,7,3711,0,1,3,NA,2,022,SR-56 E/B FROM RANCHO PENASQUITOS BL.,SR-56,30,S,N,A,-,Y,NA,NA,NA,NA,NA,NA,NA,NA,NA,N,4,0,1,2,A,-,03,22350,NA,N,C,C,A,A,H,-,A,A,0,NA,NA,NA,NA,Y,NA,A,01,0,0,1,0,0,0,0,0,0,-,-,32.57285,-117.65145,SAN DIEGO,SAN DIEGO,NA,NA
90209400,2016,2016-06-27,9650,2016-06-09,2300,017028,NA,4,3,6,3710,0,1,3,NA,2,015,SR-78 WB,JEFFERSON ST.,1000,W,N,A,-,Y,NA,NA,78,NA,NA,NA,NA,NA,W,Y,4,0,1,1,A,-,01,23152,A,N,E,I,A,A,H,-,C,D,0,NA,NA,NA,NA,Y,Y,D,22,0,0,1,0,0,0,0,0,0,-,-,33.18096,-117.34419,SAN DIEGO,OCEANSIDE,-117.34417815,33.18090184
90209410,2016,2016-06-27,9645,2016-06-23,0630,017473,NA,4,1,7,3711,0,1,1,NA,2,009,I-805 N/B,MARKET ST.,200,N,N,B,-,Y,NA,NA,805,NA,NA,NA,NA,NA,N,Y,4,0,1,2,A,-,03,22350,NA,N,C,C,A,A,H,-,A,D,0,NA,NA,NA,NA,Y,NA,A,01,0,0,1,0,0,0,0,0,0,-,-,32.71438,-117.1024,SAN DIEGO,SAN DIEGO,-117.10240045,32.71437985
9021011,2019,2020-02-12,3711,2019-12-15,1751,SD7285,NA,7,5,7,3711,0,0,0,NA,0,832,UNIVERSITY AV,41ST ST,42,E,N,A,-,N,NA,NA,NA,NA,NA,NA,NA,NA,NA,Y,4,0,2,2,A,-,04,21703,NA,N,C,C,A,A,H,-,C,D,0,NA,NA,NA,NA,Y,NA,A,01,0,0,2,0,0,0,0,0,0,-,-,NA,NA,SAN DIEGO,SAN DIEGO,-117.10680389404295,32.74968719482422
9021184,2019,2020-02-14,3711,2019-12-13,1839,SD7969,NA,5,5,7,3711,0,0,0,NA,0,838,UNIVERSITY AV,WILSON AV,109,E,N,A,-,N,NA,NA,NA,NA,NA,NA,NA,NA,NA,N,4,0,1,2,A,-,11,21950,B,N,G,B,D,A,H,-,C,A,0,Y,NA,NA,NA,Y,Y,N,60,0,0,1,0,1,0,0,0,0,-,-,NA,NA,SAN DIEGO,SAN DIEGO,-117.11647033691406,32.74974822998047
9021196,2019,2020-02-14,3711,2019-12-14,0830,SD4691,NA,6,5,7,3711,0,0,0,NA,0,231,POWAY RD,CREEKVIEW,0,NA,Y,A,-,N,NA,NA,NA,NA,NA,NA,NA,NA,NA,Y,4,0,3,2,A,-,12,21453,A,N,D,C,A,A,H,-,A,A,0,NA,NA,NA,NA,Y,NA,A,01,0,0,3,0,0,0,0,0,0,-,-,NA,NA,SAN DIEGO,SAN DIEGO,-117.09024810791016,32.94641876220703
90212717,2016,2016-06-30,9680,2016-06-18,0500,017460,NA,6,3,9,3700,0,3,5,NA,2,006,BUCKMAN SPRINGS RD,OAK DRIVE,7392,N,N,A,-,N,NA,NA,NA,NA,NA,NA,NA,NA,NA,Y,4,0,1,1,A,-,00,22017,NA,N,E,I,A,A,H,-,D,D,0,NA,NA,NA,NA,Y,NA,A,01,0,0,1,0,0,0,0,0,0,-,-,32.71261,-116.49442,SAN DIEGO,UNINCORPORATED,-116.49246082,32.70940837
90213005,2016,2016-06-30,9645,2016-06-19,1450,020474,NA,7,2,7,3711,0,1,3,NA,1,004,SR-75 CORONADO BAY BRIDGE,GLORIETTA BLVD,2006,S,N,A,-,Y,NA,NA,NA,NA,NA,NA,NA,NA,NA,Y,4,0,1,3,A,-,03,22350,NA,N,C,C,A,A,H,-,A,D,0,NA,NA,NA,NA,Y,NA,A,07,0,0,1,0,0,0,0,0,0,-,-,32.68884,-117.1639,SAN DIEGO,SAN DIEGO,NA,NA
90213153,2016,2016-06-30,9680,2016-06-20,2038,019490,NA,1,2,9,3700,0,3,5,NA,2,002,BONITA BLUFFS CT,AVENIDA ANGULIA,187,E,N,A,-,N,NA,NA,NA,NA,NA,NA,NA,NA,NA,Y,3,0,1,3,A,-,01,23152,A,N,A,E,A,A,H,-,C,D,0,NA,NA,NA,NA,Y,Y,A,01,0,1,0,0,0,0,0,0,0,-,-,32.69773,-117.01505,SAN DIEGO,UNINCORPORATED,-117.01521824,32.69769911
90213280,2016,2016-06-30,9645,2016-06-28,1745,016435,NA,2,2,7,3711,0,1,1,NA,2,019,I-15 S/B ON-RAMP FROM CARMEL MOUNTAIN,CARMEL MOUNTAIN RD,150,S,N,A,-,Y,NA,NA,15,NA,NA,NA,R,NA,S,Y,4,0,1,2,A,-,03,22350,NA,N,C,C,A,A,H,-,A,D,0,NA,NA,NA,NA,Y,NA,A,01,0,0,1,0,0,0,0,0,0,-,-,32.97726,-117.08804,SAN DIEGO,SAN DIEGO,-117.08804,32.97726
90215148,2016,2016-07-04,9650,2016-06-29,0620,013696,NA,3,1,9,3700,0,1,1,NA,2,022,I-15 S/B,RAINBOW VALLEY BLVD O/C,528,S,N,B,-,Y,NA,NA,15,NA,NA,NA,NA,NA,S,Y,4,0,1,2,A,-,03,22350,NA,N,C,C,A,A,H,-,A,D,0,NA,NA,NA,NA,Y,NA,A,01,0,0,1,0,0,0,0,0,0,-,-,33.42932,-117.14754,SAN DIEGO,UNINCORPORATED,-117.14743959,33.42920393
90215156,2016,2016-07-04,9650,2016-06-26,1010,013696,NA,7,1,9,3700,0,3,5,NA,2,006,DE LUZ RD,W. DOUGHERTY STREET,2112,N,N,A,-,N,NA,NA,NA,NA,NA,NA,NA,NA,NA,Y,4,0,1,1,A,-,08,22107,NA,N,E,I,A,A,H,-,A,D,0,NA,NA,Y,NA,Y,NA,C,02,0,0,1,0,0,0,0,0,1,-,-,33.39313,-117.25269,SAN DIEGO,UNINCORPORATED,-117.25279446,33.39304409
90215528,2016,2016-07-05,9650,2016-06-15,1701,016121,NA,3,2,9,3700,0,3,5,NA,2,191,ELFIN FOREST ROAD,QUESTHAVEN RD,2112,W,N,A,-,N,NA,NA,NA,NA,NA,NA,NA,NA,NA,N,2,0,1,2,A,-,08,22107,NA,F,H,G,A,A,H,-,A,D,0,NA,Y,NA,NA,Y,NA,-,99,1,0,0,0,0,0,1,0,0,-,-,33.07737,-117.17055,SAN DIEGO,UNINCORPORATED,-117.16931503,33.07615502
90216477,2016,2016-07-05,9645,2016-06-27,1847,019291,NA,1,2,7,3711,0,1,3,NA,2,020,I-15 N/B,AERO DR,2640,S,N,A,-,Y,NA,NA,15,NA,NA,NA,NA,NA,N,Y,4,0,1,1,A,-,08,22107,NA,M,A,I,A,A,H,-,A,A,0,NA,NA,NA,NA,Y,NA,A,01,0,0,1,0,0,0,0,0,0,-,-,32.80171,-117.11225,SAN DIEGO,SAN DIEGO,-117.11259607,32.80167871
90216655,2016,2016-07-06,9645,2016-06-28,1715,018950,NA,2,2,7,3711,0,1,1,NA,2,021,I-15 S/B,FRIARS ROAD,200,N,N,A,-,Y,NA,NA,15,NA,NA,NA,NA,NA,S,Y,4,0,1,2,A,-,07,21658,A,N,B,C,A,A,H,-,A,D,0,NA,NA,NA,NA,Y,NA,A,01,0,0,1,0,0,0,0,0,0,-,-,32.78768,-117.1144,SAN DIEGO,SAN DIEGO,-117.1143953,32.78767878
90216740,2016,2016-07-06,9645,2016-06-29,1013,013383,NA,3,1,7,3711,0,1,3,NA,2,016,SR-52 W/B,I-15,2112,E,N,A,-,Y,NA,NA,52,NA,NA,NA,NA,NA,W,Y,3,0,1,1,A,-,03,22350,NA,N,F,A,A,A,H,-,A,D,0,NA,NA,Y,NA,Y,NA,C,02,0,1,0,0,0,0,0,0,1,-,-,32.842060000000004,-117.11355,SAN DIEGO,SAN DIEGO,-117.11355031,32.84201442
90218155,2016,2016-07-07,9645,2016-07-01,1500,019344,NA,5,2,6,3702,0,1,1,NA,2,001,I-5 S/B,MAIN ST. U/C,300,N,N,A,-,Y,NA,NA,NA,NA,NA,NA,NA,NA,NA,N,4,0,1,2,A,-,03,22350,NA,N,C,C,A,A,H,-,A,D,0,NA,NA,NA,NA,Y,NA,A,01,0,0,1,0,0,0,0,0,0,-,-,32.6841,-117.1118,SAN DIEGO,CHULA VISTA,-117.08902598,32.59575584
90219284,2016,2016-07-11,9645,2016-07-03,1709,020066,NA,7,2,7,3711,0,1,1,NA,2,007,I-5 N/B,CARMEL VALLEY ROAD,1500,S,N,A,-,Y,NA,NA,5,NA,NA,NA,NA,NA,N,Y,4,0,1,2,A,-,07,21658,NA,N,F,I,A,A,H,-,A,D,0,NA,NA,Y,NA,Y,NA,A,07,0,0,1,0,0,0,0,0,1,-,-,32.9229,-117.23846,SAN DIEGO,SAN DIEGO,-117.23835611,32.92294682
9021953,2019,2020-02-12,3711,2019-12-25,2305,SD8816,NA,3,5,7,3711,0,0,0,NA,0,112,GENESEE AV,MARLESTA DR,300,N,N,A,-,N,NA,NA,NA,NA,NA,NA,NA,NA,NA,Y,4,0,1,2,A,-,08,22107,NA,N,B,C,A,A,H,-,C,D,0,NA,NA,NA,NA,Y,Y,A,01,0,0,1,0,0,0,0,0,0,-,-,NA,NA,SAN DIEGO,SAN DIEGO,-117.1757354736328,32.805660247802734
90220229,2016,2016-07-11,9680,2016-06-28,1125,019384,NA,2,1,9,3700,0,1,1,NA,2,081,I-8 WESTBOUND,WEST MAIN STREET,3444,W,N,A,-,Y,NA,NA,NA,NA,NA,NA,NA,NA,NA,Y,4,0,1,3,A,-,03,22350,NA,N,C,C,A,A,H,-,A,D,0,NA,NA,NA,NA,Y,NA,A,01,0,0,1,0,0,0,0,0,0,-,-,32.78571,-116.97924,SAN DIEGO,UNINCORPORATED,-116.97734,32.79497
90220938,2016,2016-07-12,9650,2016-06-24,1541,014772,NA,5,2,9,3700,0,1,1,NA,2,001,I-5 S/B,AGRA OH,2640,N,N,B,-,Y,NA,NA,5,NA,NA,NA,NA,NA,S,Y,4,0,1,1,A,-,08,22107,NA,N,E,I,A,A,H,-,A,D,0,NA,NA,NA,NA,Y,NA,D,22,0,0,1,0,0,0,0,0,0,-,-,33.33851,-117.50638,SAN DIEGO,UNINCORPORATED,-117.5062401,33.3387023
90221585,2016,2016-07-29,9645,2016-07-07,1305,014804,NA,4,1,7,3711,0,1,1,NA,2,003,I-5 (N/B),PERSHING DRIVE O/C,1056,N,N,A,-,Y,NA,NA,5,NA,NA,NA,NA,NA,NA,N,4,0,1,2,A,-,03,22350,NA,N,C,C,A,A,H,-,A,D,0,NA,NA,NA,NA,Y,NA,A,01,0,0,1,0,0,0,0,0,0,-,-,32.72254,-117.14923,SAN DIEGO,SAN DIEGO,-117.14920128,32.72255689
9022315,2019,2020-02-07,3711,2019-12-27,2017,SD7233,NA,5,5,7,3711,0,0,0,NA,0,311,DALEY CENTER DR,STONECREST BL,420,N,N,B,-,N,NA,NA,NA,NA,NA,NA,NA,NA,NA,Y,3,0,1,1,A,-,08,22107,NA,N,E,I,A,A,H,-,C,D,0,NA,NA,NA,NA,Y,Y,A,01,0,1,0,0,0,0,0,0,0,-,-,NA,NA,SAN DIEGO,SAN DIEGO,-117.11749267578124,32.80363464355469
90223727,2016,2016-07-15,9650,2016-06-26,0910,017994,NA,7,1,9,3700,0,3,5,NA,2,213,SOUTH GRADE RD,SR-76,12672,N,N,A,-,N,NA,NA,NA,NA,NA,NA,NA,NA,NA,Y,4,0,1,2,A,-,03,22350,NA,N,F,A,A,A,H,-,A,D,0,NA,NA,Y,NA,Y,NA,C,02,0,0,1,0,0,0,0,0,1,-,-,33.3016,-116.88252,SAN DIEGO,UNINCORPORATED,-116.88507549,33.30108609
90225171,2016,2016-07-19,9645,2016-07-07,2043,019291,NA,4,2,7,3711,0,1,1,NA,2,021,SR-15 S/B,I-805,1056,N,N,A,-,Y,NA,NA,15,NA,NA,NA,NA,NA,S,Y,4,0,2,3,A,-,07,21658,A,M,B,C,A,A,H,-,C,D,0,NA,NA,NA,NA,Y,NA,A,01,0,0,2,0,0,0,0,0,0,-,-,32.74219,-117.11222,SAN DIEGO,SAN DIEGO,-117.11222439,32.74219401
90225430,2016,2016-07-19,9645,2016-07-07,1435,017401,NA,4,2,7,3711,0,1,1,NA,2,015,I-805 SOUTHBOUND,MIRAMAR RD.,528,N,N,A,-,Y,NA,NA,805,NA,NA,NA,NA,NA,S,Y,4,0,1,4,A,-,03,22350,NA,N,C,C,A,A,H,-,A,A,0,NA,NA,NA,NA,Y,NA,A,01,0,0,1,0,0,0,0,0,0,-,-,32.88078,-117.20158,SAN DIEGO,SAN DIEGO,-117.20133121,32.88086267
90227301,2016,2016-07-21,9645,2016-07-13,1218,014804,NA,3,1,7,3711,0,1,1,NA,2,010,I-8 (E/B) FROM ROSECRANS STREET,I-5 (N/B),27,E,N,A,-,Y,NA,NA,8,NA,NA,NA,R,NA,NA,Y,3,0,1,1,A,-,01,23152,A,N,E,I,A,A,H,-,A,A,0,NA,NA,NA,NA,Y,Y,A,01,0,1,0,0,0,0,0,0,0,-,-,32.75815,-117.20351,SAN DIEGO,SAN DIEGO,-117.20351,32.75815
90227602,2016,2016-07-21,9645,2016-07-12,1850,017524,NA,2,2,7,3711,0,1,1,NA,2,015,I-805 N/B,GOVERNOR DR. U/C,1056,N,N,A,-,Y,NA,NA,NA,NA,NA,NA,NA,NA,NA,Y,4,0,1,3,A,-,03,22350,NA,N,C,C,A,A,H,-,A,D,0,NA,NA,NA,NA,Y,NA,A,07,0,0,1,0,0,0,0,0,0,-,-,32.86501,-117.18791,SAN DIEGO,SAN DIEGO,-117.18599441,32.86054118
90228747,2016,2016-07-25,9645,2016-07-08,2500,017025,NA,5,4,7,3711,0,1,3,NA,2,020,SR-56 E/B,OLD CARMEL VALLEY RD. U/C,39,W,N,A,-,Y,NA,NA,56,NA,NA,NA,NA,NA,E,Y,2,0,1,2,A,-,05,21651,B,N,E,I,A,A,H,-,B,D,0,NA,NA,NA,NA,Y,NA,A,01,1,0,0,0,0,0,0,0,0,-,-,32.94908,-117.20294,SAN DIEGO,SAN DIEGO,-117.20290356,32.94900159
90229037,2016,2016-07-25,9645,2016-07-06,1520,019729,NA,3,2,7,3711,0,1,1,NA,2,003,I-5 S/B,ISLAND AVE O/C,350,N,N,A,-,Y,NA,NA,5,NA,NA,NA,NA,NA,S,Y,4,0,1,2,A,-,03,22350,NA,N,C,C,A,A,H,-,A,D,0,NA,NA,NA,NA,Y,NA,A,07,0,0,1,0,0,0,0,0,0,-,-,32.71093,-117.14772,SAN DIEGO,SAN DIEGO,-117.14775475,32.71093016
90230812,2016,2016-07-26,9680,2016-07-14,1625,017621,NA,4,2,9,3700,0,1,3,NA,1,090,SR-67,ETCHEVERRY ST,10,S,N,A,-,Y,NA,NA,67,NA,NA,NA,NA,NA,NA,N,4,0,1,2,A,-,03,22350,NA,N,C,C,A,A,H,-,A,D,0,NA,NA,NA,NA,Y,NA,D,22,0,0,1,0,0,0,0,0,0,-,-,33.02488,-116.8936,SAN DIEGO,UNINCORPORATED,-116.89361401,33.02489781
90232576,2016,2016-08-02,9650,2016-07-20,1859,014772,NA,3,2,9,3700,0,3,5,NA,2,010,OLD HWY 101,I-5 S/B,250,W,N,A,-,Y,NA,NA,NA,NA,NA,NA,NA,NA,NA,Y,3,0,1,1,A,-,01,23152,A,N,E,I,A,A,H,-,A,D,0,NA,NA,NA,NA,Y,Y,A,07,0,1,0,0,0,0,0,0,0,-,-,33.38458,-117.58378,SAN DIEGO,UNINCORPORATED,NA,NA
90233006,2016,2016-07-28,9680,2016-07-18,0720,016181,NA,1,1,9,3700,0,2,4,NA,1,013,WILDCAT CANYON RD,OLD BARONA RD,4224,N,N,B,-,N,NA,NA,NA,NA,NA,NA,NA,NA,NA,Y,3,0,1,1,A,-,08,22107,NA,N,E,I,A,A,H,-,A,D,0,NA,NA,NA,NA,Y,NA,A,01,0,1,0,0,0,0,0,0,0,-,-,32.92658,-116.87465,SAN DIEGO,UNINCORPORATED,-116.87483218,32.92613012
90233947,2016,2016-08-01,9650,2016-07-18,1635,018321,NA,1,2,9,3700,0,3,5,NA,2,010,OLD HIGHWAY 101,EL CAMINO REAL,16,S,N,A,-,N,NA,NA,NA,NA,NA,NA,NA,NA,NA,Y,4,0,3,3,A,-,01,23152,A,N,C,C,A,A,H,-,A,D,0,NA,NA,NA,NA,Y,Y,D,22,0,0,3,0,0,0,0,0,0,-,-,33.38183,-117.57484,SAN DIEGO,UNINCORPORATED,-117.574873,33.381777