CASE_ID,ACCIDENT_YEAR,PROC_DATE,JURIS,COLLISION_DATE,COLLISION_TIME,OFFICER_ID,REPORTING_DISTRICT,DAY_OF_WEEK,CHP_SHIFT,POPULATION,CNTY_CITY_LOC,SPECIAL_COND,BEAT_TYPE,CHP_BEAT_TYPE,CITY_DIVISION_LAPD,CHP_BEAT_CLASS,BEAT_NUMBER,PRIMARY_RD,SECONDARY_RD,DISTANCE,DIRECTION,INTERSECTION,WEATHER_1,WEATHER_2,STATE_HWY_IND,CALTRANS_COUNTY,CALTRANS_DISTRICT,STATE_ROUTE,ROUTE_SUFFIX,POSTMILE_PREFIX,POSTMILE,LOCATION_TYPE,RAMP_INTERSECTION,SIDE_OF_HWY,TOW_AWAY,COLLISION_SEVERITY,NUMBER_KILLED,NUMBER_INJURED,PARTY_COUNT,PRIMARY_COLL_FACTOR,PCF_CODE_OF_VIOL,PCF_VIOL_CATEGORY,PCF_VIOLATION,PCF_VIOL_SUBSECTION,HIT_AND_RUN,TYPE_OF_COLLISION,MVIW,PED_ACTION,ROAD_SURFACE,ROAD_COND_1,ROAD_COND_2,LIGHTING,CONTROL_DEVICE,CHP_ROAD_TYPE,PEDESTRIAN_ACCIDENT,BICYCLE_ACCIDENT,MOTORCYCLE_ACCIDENT,TRUCK_ACCIDENT,NOT_PRIVATE_PROPERTY,ALCOHOL_INVOLVED,STWD_VEHTYPE_AT_FAULT,CHP_VEHTYPE_AT_FAULT,COUNT_SEVERE_INJ,COUNT_VISIBLE_INJ,COUNT_COMPLAINT_PAIN,COUNT_PED_KILLED,COUNT_PED_INJURED,COUNT_BICYCLIST_KILLED,COUNT_BICYCLIST_INJURED,COUNT_MC_KILLED,COUNT_MC_INJURED,PRIMARY_RAMP,SECONDARY_RAMP,LATITUDE,LONGITUDE,COUNTY,CITY,POINT_X,POINT_Y
90556017,2017,2017-09-26,9645,2017-07-28,2330,020480,NA,5,3,7,3711,0,1,1,NA,2,010,I-8 E/B,FAIRMOUNT AVE U/C,200,E,N,A,-,Y,NA,NA,8,NA,NA,NA,NA,NA,E,Y,4,0,2,3,A,-,03,22350,NA,N,C,C,A,A,H,-,C,D,0,NA,NA,NA,NA,Y,NA,A,01,0,0,2,0,0,0,0,0,0,-,-,32.77912,-117.09972,SAN DIEGO,SAN DIEGO,-117.09973832,32.77923425
90557769,2017,2017-09-28,9645,2017-08-05,1950,021617,NA,6,2,9,3700,0,1,3,NA,2,008,SR-54 E/B,BRIARWOOD ROAD O/C,2904,E,N,A,-,Y,NA,NA,54,NA,NA,NA,NA,NA,E,N,3,0,1,1,A,-,08,22107,NA,N,E,I,A,A,H,-,B,D,0,NA,NA,Y,NA,Y,NA,C,02,0,1,0,0,0,0,0,0,1,-,-,32.68671,-117.02259,SAN DIEGO,UNINCORPORATED,-117.0226156,32.68674872
90558076,2017,2017-09-28,9680,2017-09-22,1304,015877,NA,5,1,5,3705,0,1,1,NA,2,082,I-8 W/B TO SR-67,BALLANTYNE ST,75,E,N,A,-,Y,NA,NA,8,NA,NA,NA,R,NA,W,Y,4,0,1,3,A,-,03,22350,NA,N,C,C,A,A,H,-,A,D,0,NA,NA,NA,NA,Y,NA,A,07,0,0,1,0,0,0,0,0,0,-,-,32.80328,-116.95736,SAN DIEGO,EL CAJON,-116.95736,32.80328
90559838,2017,2017-09-29,9645,2017-09-20,0617,016766,NA,3,1,7,3711,0,1,3,NA,2,006,SR-94 W/B,FEDERAL BLVD,1320,E,N,A,-,Y,NA,NA,94,NA,NA,NA,NA,NA,W,Y,3,0,1,3,A,-,03,22350,NA,N,F,A,A,A,H,-,D,D,0,NA,NA,Y,NA,Y,NA,C,02,0,1,0,0,0,0,0,0,1,-,-,32.73124,-117.06206,SAN DIEGO,SAN DIEGO,-117.06211646,32.73131889
90560386,2017,2017-10-02,9650,2017-07-26,1629,017994,NA,3,2,9,3700,0,1,3,NA,1,028,SR-76,COUSER CANYON RD,7392,E,N,A,-,Y,NA,NA,NA,NA,NA,NA,NA,NA,NA,Y,2,0,3,2,A,-,01,23152,A,N,A,C,A,A,H,-,A,D,0,NA,NA,NA,NA,Y,Y,A,01,1,2,0,0,0,0,0,0,0,-,-,33.21013,-117.06492,SAN DIEGO,UNINCORPORATED,-117.11286084,33.3506634
90560680,2017,2017-10-02,9650,2017-09-24,1545,021698,NA,7,2,6,3710,0,1,3,NA,2,015,SR-78 E/B,I-5 N/B,66,W,N,A,-,Y,NA,NA,78,NA,NA,NA,NA,NA,E,Y,4,0,1,1,A,-,21,22106,NA,N,F,A,A,A,H,-,A,A,0,NA,NA,Y,NA,Y,NA,C,02,0,0,1,0,0,0,0,0,1,-,-,33.17637,-117.35176,SAN DIEGO,OCEANSIDE,-117.35128167,33.1769536
90560973,2017,2017-10-02,9645,2017-09-17,0635,015494,NA,7,1,7,3711,0,1,1,NA,2,021,SR-15 S/B FROM OCEAN VIEW BLVD,OCEAN VIEW BLVD,150,N,N,B,-,Y,NA,NA,15,NA,NA,NA,R,NA,S,Y,3,0,1,1,A,-,01,23152,A,M,E,I,A,A,H,-,A,D,0,NA,NA,NA,NA,Y,Y,A,01,0,1,0,0,0,0,0,0,0,-,-,32.70249,-117.12117,SAN DIEGO,SAN DIEGO,-117.12117,32.70249
90561576,2017,2017-10-03,9650,2017-09-21,1735,014886,NA,4,2,9,3700,0,3,5,NA,2,070,RAMBLA DE LAS FLORES,LA GRANADA,100,W,N,B,-,N,NA,NA,NA,NA,NA,NA,NA,NA,NA,N,3,0,1,2,A,-,03,22350,NA,N,A,C,A,A,H,-,A,D,0,NA,NA,Y,NA,Y,NA,C,02,0,1,0,0,0,0,0,0,1,-,-,33.02247,-117.22758,SAN DIEGO,UNINCORPORATED,-117.22740952,33.02252048
90562582,2017,2017-10-04,9650,2017-09-28,1920,021805,NA,4,2,6,3710,0,1,1,NA,2,005,I-5 N/B,MISSION AVE,2640,S,N,A,-,Y,NA,NA,5,NA,NA,NA,NA,NA,N,Y,4,0,1,3,A,-,03,22350,NA,N,C,C,A,A,H,-,D,D,0,NA,NA,NA,NA,Y,NA,A,01,0,0,1,0,0,0,0,0,0,-,-,33.19445,-117.36548,SAN DIEGO,OCEANSIDE,-117.36553507,33.19440454
90562593,2017,2017-10-04,9650,2017-09-29,1943,021805,NA,5,2,7,3711,0,1,3,NA,2,015,SR-78 W/B,EMERALD DR,1584,W,N,A,-,Y,NA,NA,NA,NA,NA,NA,NA,NA,NA,Y,4,0,3,2,A,-,03,22350,NA,N,C,C,A,A,H,-,D,D,0,NA,NA,NA,NA,Y,NA,A,01,0,0,3,0,0,0,0,0,0,-,-,33.18561,-117.2844,SAN DIEGO,SAN DIEGO,-117.28399429,33.18581593
90562837,2017,2017-10-04,9680,2017-09-26,1830,016694,NA,2,2,5,3708,0,1,1,NA,2,081,I-8 W/B TO SR-125 S/B,GROSSMONT BOULEVARD,218,E,N,A,-,Y,NA,NA,8,NA,NA,NA,R,NA,W,Y,3,0,1,2,A,-,08,22107,NA,N,E,I,A,A,H,-,A,D,0,NA,NA,NA,NA,Y,NA,A,08,0,1,0,0,0,0,0,0,0,-,-,32.77772,-117.00365,SAN DIEGO,LA MESA,-117.00365,32.77772
90564263,2017,2017-10-05,9680,2017-09-27,1756,021756,NA,3,2,9,3700,0,2,4,NA,1,012,MAPLEVIEW ST,VINE ST,15,E,N,A,-,N,NA,NA,NA,NA,NA,NA,NA,NA,NA,Y,4,0,1,2,A,-,05,21651,A,F,F,A,A,A,H,-,A,A,0,NA,Y,Y,NA,Y,NA,L,04,0,0,1,0,0,0,0,0,1,-,-,32.8632,-116.92153,SAN DIEGO,UNINCORPORATED,-116.92146187,32.86310611
90565556,2017,2017-10-09,9680,2017-09-29,1835,021764,NA,5,2,9,3700,0,1,3,NA,2,016,SR-67 S/B TO FLETCHER PARKWAY,FLETCHER PARKWAY,528,N,N,A,-,Y,NA,NA,67,NA,NA,NA,R,NA,S,Y,4,0,1,3,A,-,03,22350,NA,N,C,C,A,A,H,-,A,D,0,NA,NA,NA,NA,Y,NA,A,01,0,0,1,0,0,0,0,0,0,-,-,32.80971,-116.96231,SAN DIEGO,UNINCORPORATED,-116.96231,32.80971
90565699,2017,2017-10-09,9680,2017-09-30,1030,015877,NA,6,1,5,3705,0,1,1,NA,2,082,I-8 W/B,MOLLISON AVE,150,E,N,A,-,Y,NA,NA,8,NA,NA,NA,NA,NA,W,Y,3,0,1,3,A,-,03,22350,NA,F,C,C,A,A,H,-,A,D,0,NA,NA,NA,NA,Y,NA,D,22,0,1,0,0,0,0,0,0,0,-,-,32.80322,-116.95023,SAN DIEGO,EL CAJON,-116.95023018,32.80316087
90565718,2017,2017-10-09,9680,2017-09-29,2308,020884,NA,5,3,5,3705,0,1,1,NA,2,081,I-8 E/B,GROSSMONT BLVD,206,E,N,A,-,Y,NA,NA,8,NA,NA,NA,NA,NA,E,Y,4,0,1,3,A,-,08,22107,NA,N,E,I,A,A,H,-,D,D,0,NA,NA,NA,NA,Y,NA,A,01,0,0,1,0,0,0,0,0,0,-,-,32.77904,-116.98967,SAN DIEGO,EL CAJON,-116.98967412,32.77893494
90570810,2017,2017-10-16,9680,2017-10-06,1835,021764,NA,5,2,9,3700,0,2,4,NA,1,032,LA CRESTA RD,HAMLET DRIVE,1056,W,N,A,-,N,NA,NA,NA,NA,NA,NA,NA,NA,NA,Y,4,0,1,2,A,-,09,21804,A,N,D,C,A,A,H,-,B,D,0,NA,NA,Y,NA,Y,NA,D,22,0,0,1,0,0,0,0,0,1,-,-,32.8148,-116.86682,SAN DIEGO,UNINCORPORATED,-116.86625159,32.81481
90574508,2017,2017-10-19,9645,2017-10-09,0810,014909,NA,1,1,7,3711,0,1,1,NA,2,007,I-5 S/B (SR-56 BY-PASS),CARMEL MOUNTAIN ROAD,3696,S,N,A,-,Y,NA,NA,NA,NA,NA,NA,NA,NA,NA,Y,4,0,1,2,A,-,03,22350,NA,N,C,C,A,A,H,-,A,D,0,NA,NA,NA,NA,Y,NA,A,07,0,0,1,0,0,0,0,0,0,-,-,32.909,-117.2275,SAN DIEGO,SAN DIEGO,NA,NA
90575788,2017,2017-10-23,9645,2017-10-04,0746,018149,NA,3,1,7,3711,0,1,3,NA,2,006,SR-94 W/B FROM FEDERAL BLVD.,KELTON ROAD O/C,1500,E,N,A,-,Y,NA,NA,94,NA,NA,NA,R,NA,W,Y,3,0,2,2,A,-,03,22350,NA,N,C,C,A,A,H,-,A,D,0,NA,NA,NA,NA,Y,NA,A,01,0,2,0,0,0,0,0,0,0,-,-,32.72673,-117.07259,SAN DIEGO,SAN DIEGO,-117.07259,32.72673
90576654,2017,2017-10-23,9650,2017-10-23,1020,013636,NA,1,1,5,3782,0,1,1,NA,2,007,I-5 S/B,LEUCADIA BLVD,2640,N,N,A,-,Y,NA,NA,5,NA,NA,NA,NA,NA,S,Y,4,0,1,2,A,-,03,22350,NA,N,C,C,A,A,H,-,A,D,0,NA,NA,NA,NA,Y,NA,A,01,0,0,1,0,0,0,0,0,0,-,-,33.07021,-117.29356,SAN DIEGO,ENCINITAS,-117.29391728,33.07010283
90576713,2017,2017-10-24,9650,2017-07-12,1758,015531,NA,3,2,5,3782,0,1,1,NA,2,007,I-5 N/B,LEUCADIA BLVD,500,N,N,A,-,Y,NA,NA,NA,NA,NA,NA,NA,NA,NA,Y,4,0,1,2,A,-,03,22350,NA,F,B,C,A,A,H,-,A,D,0,NA,NA,NA,NA,Y,NA,A,01,0,0,1,0,0,0,0,0,0,-,-,33.40516,-117.17335,SAN DIEGO,ENCINITAS,-117.29251664,33.06643855
90577105,2017,2017-10-24,9645,2017-09-24,1500,020997,NA,7,2,7,3711,0,1,1,NA,2,009,I-805 S/B TO MARKET STREET,MARKET STREET,30,N,N,A,-,Y,NA,NA,805,NA,NA,NA,R,NA,S,Y,3,0,4,3,A,-,01,23152,A,F,B,C,A,A,H,-,A,A,0,NA,NA,NA,NA,Y,Y,A,01,0,3,1,0,0,0,0,0,0,-,-,32.71163,-117.10186,SAN DIEGO,SAN DIEGO,-117.10186,32.71163
90578530,2017,2017-10-25,9645,2017-10-15,0134,020939,NA,7,3,7,3711,0,1,3,NA,2,023,SR-163 N/B TO I-5 N/B,6TH AVE,550,S,N,A,-,Y,NA,NA,163,NA,NA,NA,R,NA,N,Y,3,0,1,1,A,-,01,23152,A,N,E,I,A,A,H,-,D,D,0,NA,NA,NA,NA,Y,Y,A,01,0,1,0,0,0,0,0,0,0,-,-,32.7242,-117.1575,SAN DIEGO,SAN DIEGO,-117.1575,32.7242
90578751,2017,2017-10-25,9645,2017-10-21,1046,019054,NA,6,1,7,3711,0,1,3,NA,2,023,SR-163 N/B,MESA COLLEGE DRIVE O/C,1150,S,N,A,-,Y,NA,NA,163,NA,NA,NA,NA,NA,N,N,4,0,1,2,A,-,03,22350,NA,N,C,C,A,A,H,-,A,D,0,NA,NA,NA,NA,Y,NA,A,01,0,0,1,0,0,0,0,0,0,-,-,32.79922,-117.1561,SAN DIEGO,SAN DIEGO,-117.15616945,32.79924384
90582000,2017,2017-10-30,9650,2017-10-12,1839,017743,NA,4,2,6,3706,0,1,3,NA,2,019,SR-78 W/B,NORDAHL RD,2323,E,N,A,-,Y,NA,NA,78,NA,NA,NA,NA,NA,W,Y,4,0,2,3,A,-,03,22350,NA,N,C,C,A,A,H,-,C,D,0,NA,NA,NA,NA,Y,NA,A,01,0,0,2,0,0,0,0,0,0,-,-,33.1289,-117.11398,SAN DIEGO,ESCONDIDO,-117.11394094,33.12899189
90582595,2017,2017-10-30,9645,2017-10-18,1625,018950,NA,3,2,7,3711,0,1,3,NA,2,016,SR-52 E/B,MAST BLVD,528,W,N,A,-,Y,NA,NA,52,NA,NA,NA,NA,NA,E,Y,4,0,2,3,A,-,03,22350,NA,N,C,C,A,A,H,-,A,D,0,NA,NA,NA,NA,Y,NA,D,22,0,0,2,0,0,0,0,0,0,-,-,32.84977,-117.03229,SAN DIEGO,SAN DIEGO,-117.03226281,32.84983501
90582679,2017,2017-10-30,9680,2017-10-20,1832,018583,NA,5,2,5,3705,0,1,1,NA,2,082,I-8 W/B TO W. MAIN STREET,W. MAIN ST,304,E,N,A,-,Y,NA,NA,8,NA,NA,NA,R,NA,W,Y,3,0,3,2,A,-,03,22350,NA,N,C,C,A,A,H,-,A,A,0,NA,NA,Y,NA,Y,NA,C,02,0,1,2,0,0,0,0,0,1,-,-,32.79586,-116.97741,SAN DIEGO,EL CAJON,-116.97741,32.79586
90583378,2017,2017-10-31,9645,2017-10-23,0910,017498,NA,1,1,7,3711,0,1,3,NA,2,006,SR-94 WESTBOUND,28TH STREET UNDER CROSS,1056,E,N,A,-,Y,NA,NA,94,NA,NA,NA,NA,NA,W,Y,3,0,3,3,A,-,03,22350,NA,N,F,A,A,A,H,-,A,D,0,NA,NA,Y,NA,Y,NA,C,02,0,3,0,0,0,0,0,0,3,-,-,32.71381,-117.12963,SAN DIEGO,SAN DIEGO,-117.12962167,32.71377245
90584722,2017,2017-11-01,9645,2017-09-16,0420,020474,NA,6,3,7,3711,0,1,1,NA,2,021,SR-15 S/B,WIGHTMAN STREET,2270,S,N,A,-,Y,NA,NA,15,NA,NA,NA,NA,NA,S,Y,4,0,1,3,A,-,07,21658,A,N,B,C,A,A,H,-,A,D,0,NA,NA,NA,NA,Y,NA,A,01,0,0,1,0,0,0,0,0,0,-,-,32.742,-117.1124,SAN DIEGO,SAN DIEGO,-117.11240161,32.74200148
90584867,2017,2017-11-01,9680,2017-10-23,0210,020780,NA,1,3,9,3700,0,3,5,NA,2,002,HARNESS ST,CANYON RD,280,W,N,B,-,N,NA,NA,NA,NA,NA,NA,NA,NA,NA,Y,4,0,1,3,A,-,08,22107,NA,N,B,E,A,A,H,-,C,D,0,NA,NA,NA,NA,Y,NA,A,01,0,0,1,0,0,0,0,0,0,-,-,32.71851,-117.00454,SAN DIEGO,UNINCORPORATED,-117.00445708,32.71851
90585796,2017,2018-01-02,9645,2017-09-27,0530,021697,NA,3,3,7,3711,0,1,1,NA,2,001,I-5 N/B,L STREET OVER CROSSING,1000,S,N,A,-,Y,NA,NA,NA,NA,NA,NA,NA,NA,NA,N,1,1,0,2,A,-,11,21954,A,F,G,B,E,A,H,-,D,D,0,Y,NA,NA,NA,Y,NA,N,60,0,0,0,1,0,0,0,0,0,-,-,32.61214,-117.09077,SAN DIEGO,SAN DIEGO,-117.16058,32.70685
90586141,2017,2017-11-02,9645,2017-10-31,1645,017270,NA,2,2,7,3711,0,1,1,NA,2,015,I-805 S/B,SR-163,250,N,N,A,-,Y,NA,NA,805,NA,NA,NA,NA,NA,S,Y,4,0,1,2,A,-,03,22350,NA,N,C,C,A,A,H,-,A,D,0,NA,NA,NA,NA,Y,NA,A,01,0,0,1,0,0,0,0,0,0,-,-,32.8117,-117.1555,SAN DIEGO,SAN DIEGO,-117.155605,32.81159348
90586619,2017,2017-11-03,9680,2017-10-26,2100,018427,NA,4,2,9,3700,0,2,4,NA,1,011,HIGHWAY 8 BUSINESS,KAY JAY LN,97,W,N,A,-,N,NA,NA,NA,NA,NA,NA,NA,NA,NA,Y,3,0,5,2,A,-,03,22350,NA,N,C,C,A,A,H,-,D,D,0,NA,NA,NA,NA,Y,NA,A,01,0,1,4,0,0,0,0,0,0,-,-,32.838589999999996,-116.89616,SAN DIEGO,UNINCORPORATED,-116.89618879,32.83860829
90587789,2017,2017-11-06,9645,2017-08-26,0005,021097,NA,6,3,7,3711,0,1,1,NA,2,027,SR-15 N/B TO ADAMS AVE,ADAMS AVE,19,S,N,A,-,Y,NA,NA,15,NA,NA,NA,R,NA,N,Y,2,0,3,1,A,-,01,23152,F,N,E,I,A,A,H,-,C,A,0,NA,NA,NA,NA,Y,NA,A,01,1,2,0,0,0,0,0,0,0,-,-,32.76319,-117.10867,SAN DIEGO,SAN DIEGO,-117.10867,32.76319
90588544,2017,2017-11-07,9645,2017-10-25,0710,016047,NA,3,1,6,3702,0,1,1,NA,2,001,I-5 NORTHBOUND TO E STREET,E STREET,325,S,N,A,-,Y,NA,NA,5,NA,NA,NA,R,NA,N,Y,4,0,1,3,A,-,03,22350,NA,N,C,C,A,A,H,-,A,D,0,NA,NA,NA,NA,Y,NA,A,01,0,0,1,0,0,0,0,0,0,-,-,32.63761,-117.09891,SAN DIEGO,CHULA VISTA,-117.09891,32.63761
9058994,2020,2020-05-22,3700,2020-02-26,0734,SH7275,NA,3,5,5,3713,0,0,0,NA,0,306,EAST BOBIER DR,ANZA AV,0,NA,Y,A,-,N,NA,NA,NA,NA,NA,NA,NA,NA,NA,Y,4,0,2,3,A,-,09,21800,D,N,D,C,A,A,H,-,B,B,0,NA,NA,NA,NA,Y,NA,A,01,0,0,2,0,0,0,0,0,0,-,-,NA,NA,SAN DIEGO,VISTA,-117.23422241210938,33.219268798828125
9059006,2020,2020-05-22,3700,2020-02-23,0047,SH0320,NA,7,5,5,3713,0,0,0,NA,0,306,NORTH SANTA FE AV,W ORANGE ST,20,N,N,A,-,N,NA,NA,NA,NA,NA,NA,NA,NA,NA,Y,4,0,1,2,A,-,03,22350,NA,N,C,C,A,A,H,-,C,D,0,NA,NA,NA,NA,Y,NA,A,01,0,0,1,0,0,0,0,0,0,-,-,NA,NA,SAN DIEGO,VISTA,-117.24504852294922,33.204994201660156
9059085,2020,2020-05-21,3711,2020-02-18,1542,SD7017,NA,2,5,7,3711,0,0,0,NA,0,615,CATALINA BL,TALBOT,0,NA,Y,A,-,N,NA,NA,NA,NA,NA,NA,NA,NA,NA,N,4,0,1,2,A,-,09,21802,B,N,A,C,A,A,H,-,A,A,0,NA,NA,NA,NA,Y,NA,-,NA,0,0,1,0,0,0,0,0,0,-,-,NA,NA,SAN DIEGO,SAN DIEGO,-117.24564361572266,32.72267150878906
9059093,2020,2020-05-21,3711,2020-02-18,1530,SD6897,NA,2,5,7,3711,0,0,0,NA,0,837,HOME AV,RT 805,300,E,N,A,-,N,NA,NA,NA,NA,NA,NA,NA,NA,NA,N,4,0,2,3,A,-,03,22350,NA,N,C,C,A,A,H,-,A,A,0,NA,NA,NA,NA,Y,NA,A,01,0,0,2,0,0,0,0,0,0,-,NO,NA,NA,SAN DIEGO,SAN DIEGO,-117.10320281982422,32.72576904296875
90591404,2017,2017-11-09,9645,2017-10-30,0435,021631,NA,1,3,6,3702,0,1,1,NA,2,009,I-805 S/B,PALM AVE,250,N,N,A,-,Y,NA,NA,NA,NA,NA,NA,NA,NA,NA,Y,3,0,1,2,A,-,01,23152,A,N,C,C,A,A,H,-,D,D,0,NA,NA,NA,NA,Y,Y,A,01,0,1,0,0,0,0,0,0,0,-,-,32.58442,-117.037,SAN DIEGO,CHULA VISTA,-117.03700662,32.58444597
90593035,2017,2017-11-13,9680,2017-11-02,2250,017460,NA,4,3,9,3700,0,2,4,NA,1,061,OLD HIGHWAY 80,MCCAIN VALLEY ROAD,6336,E,N,A,-,N,NA,NA,NA,NA,NA,NA,NA,NA,NA,N,4,0,1,2,A,-,03,22350,NA,N,C,C,A,A,H,-,D,D,0,NA,NA,NA,NA,Y,NA,A,01,0,0,1,0,0,0,0,0,0,-,-,32.65027,-116.24334,SAN DIEGO,UNINCORPORATED,-116.2450222,32.65278577
90594849,2017,2017-11-15,9645,2017-11-01,0819,015270,NA,3,1,7,3711,0,1,1,NA,2,003,I-5 NORTHBOUND,RIGEL STREET,888,S,N,B,-,Y,NA,NA,5,NA,NA,NA,NA,NA,N,Y,4,0,1,3,A,-,03,22350,NA,N,B,C,A,A,H,-,A,D,0,NA,NA,Y,NA,Y,NA,C,02,0,0,1,0,0,0,0,0,1,-,-,32.68992,-117.1165,SAN DIEGO,SAN DIEGO,-117.11676381,32.68954748
90595250,2017,2017-11-15,9680,2017-11-05,1445,021772,NA,7,2,9,3700,0,3,5,NA,2,002,SKYLINE TRUCK TRAIL,SOARING HAWK LANE,6,W,N,A,-,N,NA,NA,NA,NA,NA,NA,NA,NA,NA,Y,4,0,1,1,A,-,08,22107,NA,N,E,I,A,A,H,-,A,D,0,NA,NA,NA,NA,Y,NA,A,07,0,0,1,0,0,0,0,0,0,-,-,32.72324,-116.76086,SAN DIEGO,UNINCORPORATED,-116.76086407,32.72336133
90597946,2017,2017-11-20,9645,2017-10-13,1845,020997,NA,5,2,6,3702,0,1,3,NA,2,031,SR-125 S/B,MOUNT MIGUEL ROAD,1545,N,N,A,-,Y,NA,NA,125,NA,NA,NA,NA,NA,S,Y,2,0,1,2,A,-,11,21954,A,N,G,B,E,A,H,-,D,D,0,Y,NA,NA,NA,Y,Y,N,60,1,0,0,0,1,0,0,0,0,-,-,32.6742,-116.98563,SAN DIEGO,CHULA VISTA,-116.98572489,32.67418699
90599589,2017,2017-11-21,9680,2017-11-10,1735,019270,NA,5,2,9,3700,0,1,3,NA,1,017,SR-67 S/B,VIGILANTE RD,25,N,N,A,-,Y,NA,NA,67,NA,NA,NA,NA,NA,S,N,3,0,1,2,A,-,03,22350,NA,N,C,C,A,A,H,-,A,D,0,NA,NA,NA,NA,Y,NA,A,01,0,1,0,0,0,0,0,0,0,-,-,32.90476,-116.94022,SAN DIEGO,UNINCORPORATED,-116.94019577,32.90478189
90600983,2017,2017-11-22,9650,2017-11-10,1319,017392,NA,5,1,9,3700,0,3,5,NA,2,070,SAN DIEGUITO RD,CIRCA DEL SUR,0,NA,Y,B,-,N,NA,NA,NA,NA,NA,NA,NA,NA,NA,Y,3,0,2,3,A,-,09,21802,A,N,D,C,A,A,H,-,A,D,0,NA,NA,NA,NA,Y,NA,A,01,0,2,0,0,0,0,0,0,0,-,-,32.9967,-117.1873,SAN DIEGO,UNINCORPORATED,-117.18729001,32.9966901
90602176,2017,2017-11-27,9650,2017-11-21,1325,016485,NA,2,1,9,3700,0,1,1,NA,2,021,I-15 S/B,MESA ROCK RD,2640,N,N,A,-,Y,NA,NA,15,NA,NA,NA,NA,NA,S,Y,3,0,1,2,A,-,17,23114,A,F,E,I,A,A,H,-,A,D,0,NA,NA,NA,NA,Y,NA,D,22,0,1,0,0,0,0,0,0,0,-,-,33.18305,-117.1179,SAN DIEGO,UNINCORPORATED,-117.11776463,33.18312753
90602697,2017,2017-11-27,9645,2017-11-13,1730,018145,NA,1,2,7,3711,0,1,1,NA,2,015,I-805 SOUTHBOUND,MIRAMAR ROAD O/C,1584,S,N,A,-,Y,NA,NA,805,NA,NA,NA,NA,NA,S,N,4,0,1,3,A,-,07,21658,A,N,B,C,A,A,H,-,D,D,0,NA,NA,NA,NA,Y,NA,A,01,0,0,1,0,0,0,0,0,0,-,-,32.87351,-117.19838,SAN DIEGO,SAN DIEGO,-117.19843161,32.87347529
90602993,2017,2017-11-27,9680,2017-11-14,1530,018427,NA,2,2,9,3700,0,2,4,NA,1,018,LOS COCHES RD,LAMPLITE LN,240,N,N,A,-,N,NA,NA,NA,NA,NA,NA,NA,NA,NA,N,4,0,2,2,A,-,21,22106,NA,N,C,C,A,A,H,-,A,A,0,NA,NA,NA,NA,Y,NA,A,01,0,0,2,0,0,0,0,0,0,-,-,32.83687,-116.90846,SAN DIEGO,UNINCORPORATED,-116.90838401,32.83684558
90603921,2017,2017-11-28,9645,2017-10-26,1720,018344,NA,4,2,7,3711,0,1,1,NA,2,010,I-8 WESTBOUND,SR-163,1200,E,N,A,-,Y,NA,NA,8,NA,NA,NA,NA,NA,W,Y,4,0,1,4,A,-,03,22350,NA,N,C,C,A,A,H,-,A,D,0,NA,NA,NA,NA,Y,NA,A,01,0,0,1,0,0,0,0,0,0,-,-,32.76426,-117.15925,SAN DIEGO,SAN DIEGO,-117.15921321,32.76411601
90604241,2017,2017-11-28,9680,2017-11-17,1835,016822,NA,5,2,9,3700,0,1,3,NA,1,091,SR-78,MAGNOLIA AVENUE,0,NA,Y,A,-,Y,NA,NA,78,NA,NA,NA,NA,NA,NA,Y,2,0,1,2,A,-,09,21801,A,N,D,C,A,A,H,-,C,D,0,NA,NA,Y,NA,Y,NA,A,01,1,0,0,0,0,0,0,0,1,-,-,33.0513,-116.84482,SAN DIEGO,UNINCORPORATED,-116.84482133,33.0511446
90604253,2017,2017-11-28,9645,2017-11-20,1515,016864,NA,1,2,7,3711,0,1,1,NA,2,007,I-5 N/B,DEL MAR HEIGHTS ROAD,600,S,N,A,-,Y,NA,NA,5,NA,NA,NA,NA,NA,N,Y,4,0,2,2,A,-,03,22350,NA,N,C,C,A,A,H,-,A,D,0,NA,NA,NA,NA,Y,NA,A,07,0,0,2,0,0,0,0,0,0,-,-,32.94839,-117.24331,SAN DIEGO,SAN DIEGO,-117.2432641,32.94839862
90605024,2017,2017-11-29,9680,2017-11-19,1452,019998,NA,7,2,9,3700,0,1,3,NA,2,027,SR-94 E/B,COLLEGE AVE,1055,W,N,A,-,Y,NA,NA,NA,NA,NA,NA,NA,NA,NA,Y,4,0,3,2,A,-,03,22350,NA,N,C,C,A,A,H,-,A,D,0,NA,NA,NA,NA,Y,NA,A,01,0,0,3,0,0,0,0,0,0,-,-,32.73815,-117.05444,SAN DIEGO,UNINCORPORATED,-117.05303881,32.73979265
90606174,2017,2017-11-30,9645,2017-11-16,1720,013648,NA,4,2,7,3711,0,1,3,NA,2,006,S.R. 94 W/B TO I-5 N/B,I-5 N/B,50,E,N,B,-,Y,NA,NA,NA,NA,NA,NA,NA,NA,NA,Y,3,0,2,1,A,-,08,22107,NA,N,F,A,A,A,H,-,C,D,0,NA,NA,NA,NA,Y,NA,A,01,0,1,1,0,0,0,0,0,0,-,-,32.72056,-117.14824,SAN DIEGO,SAN DIEGO,NA,NA
90606407,2017,2017-11-30,9650,2017-11-24,1350,015788,NA,5,1,9,3700,0,1,1,NA,2,003,I-5 S/B ON RAMP FROM HARBOR DR,HARBOR DR,400,N,N,A,-,Y,NA,NA,5,NA,NA,NA,R,NA,S,N,3,0,1,1,A,-,03,22350,NA,N,F,A,A,A,H,-,A,D,0,NA,NA,Y,NA,Y,NA,C,02,0,1,0,0,0,0,0,0,1,-,-,33.2107,-117.38877,SAN DIEGO,UNINCORPORATED,-117.38877,33.2107