CASE_ID,ACCIDENT_YEAR,PROC_DATE,JURIS,COLLISION_DATE,COLLISION_TIME,OFFICER_ID,REPORTING_DISTRICT,DAY_OF_WEEK,CHP_SHIFT,POPULATION,CNTY_CITY_LOC,SPECIAL_COND,BEAT_TYPE,CHP_BEAT_TYPE,CITY_DIVISION_LAPD,CHP_BEAT_CLASS,BEAT_NUMBER,PRIMARY_RD,SECONDARY_RD,DISTANCE,DIRECTION,INTERSECTION,WEATHER_1,WEATHER_2,STATE_HWY_IND,CALTRANS_COUNTY,CALTRANS_DISTRICT,STATE_ROUTE,ROUTE_SUFFIX,POSTMILE_PREFIX,POSTMILE,LOCATION_TYPE,RAMP_INTERSECTION,SIDE_OF_HWY,TOW_AWAY,COLLISION_SEVERITY,NUMBER_KILLED,NUMBER_INJURED,PARTY_COUNT,PRIMARY_COLL_FACTOR,PCF_CODE_OF_VIOL,PCF_VIOL_CATEGORY,PCF_VIOLATION,PCF_VIOL_SUBSECTION,HIT_AND_RUN,TYPE_OF_COLLISION,MVIW,PED_ACTION,ROAD_SURFACE,ROAD_COND_1,ROAD_COND_2,LIGHTING,CONTROL_DEVICE,CHP_ROAD_TYPE,PEDESTRIAN_ACCIDENT,BICYCLE_ACCIDENT,MOTORCYCLE_ACCIDENT,TRUCK_ACCIDENT,NOT_PRIVATE_PROPERTY,ALCOHOL_INVOLVED,STWD_VEHTYPE_AT_FAULT,CHP_VEHTYPE_AT_FAULT,COUNT_SEVERE_INJ,COUNT_VISIBLE_INJ,COUNT_COMPLAINT_PAIN,COUNT_PED_KILLED,COUNT_PED_INJURED,COUNT_BICYCLIST_KILLED,COUNT_BICYCLIST_INJURED,COUNT_MC_KILLED,COUNT_MC_INJURED,PRIMARY_RAMP,SECONDARY_RAMP,LATITUDE,LONGITUDE,COUNTY,CITY,POINT_X,POINT_Y
9199954,2020,2021-02-25,3711,2020-12-14,2145,SD7552,NA,1,5,7,3711,0,0,0,NA,0,512,KEARNY AV,CESAR E CHAVEZ PKWY,0,NA,Y,A,-,N,NA,NA,NA,NA,NA,NA,NA,NA,NA,Y,4,0,1,2,A,-,03,22350,NA,M,C,C,A,A,H,-,C,A,0,NA,NA,NA,NA,Y,Y,E,22,0,0,1,0,0,0,0,0,0,-,-,NA,NA,SAN DIEGO,SAN DIEGO,-117.14350128173828,32.70233917236328
92004348,2023,2023-02-27,9650,2023-02-16,1950,022031,NA,4,2,9,3700,0,1,3,NA,2,065,SR-76 E/B,CAMINO DEL REY,745,W,N,A,-,Y,SD,NA,76,NA,R,11.778,H,NA,R,Y,4,0,3,3,A,-,03,22350,NA,N,C,C,A,A,H,-,D,D,0,NA,NA,NA,NA,Y,NA,A,01,0,0,3,0,0,0,0,0,0,-,-,33.28676986694336,-117.22540283203124,SAN DIEGO,UNINCORPORATED,-117.22540283203124,33.28676986694336
92004895,2023,2023-03-13,9650,2023-02-20,1045,019426,NA,1,1,5,3701,0,1,1,NA,2,005,I-5 N/B,PALOMAR AIRPORT RD,2640,S,N,A,-,Y,SD,NA,5,NA,R,46.577,H,NA,R,Y,4,0,2,3,A,-,03,22350,NA,N,C,C,A,A,D,-,A,D,0,NA,NA,NA,NA,Y,NA,A,01,0,0,2,0,0,0,0,0,0,-,-,33.11634826660156,-117.31838989257813,SAN DIEGO,CARLSBAD,-117.31845092773438,33.11632537841797
92004987,2023,2023-02-28,9650,2023-02-18,2330,021844,NA,6,3,5,3713,0,1,3,NA,2,017,SR-78 E/B,MAR VISTA DR,1056,E,N,A,-,Y,SD,NA,78,NA,NA,7.969,H,NA,R,Y,4,0,1,3,A,-,03,22350,NA,F,C,C,A,A,H,-,C,D,0,NA,NA,NA,NA,Y,NA,A,01,0,0,1,0,0,0,0,0,0,-,-,33.17789077758789,-117.22834777832033,SAN DIEGO,VISTA,-117.22833251953124,33.17789840698242
92010798,2023,2023-03-06,9680,2023-02-22,1605,016102,CAMPO,3,2,9,3700,0,1,1,NA,2,086,INTERSTATE 8 WEST (I-8W),CANEBRAKE ROAD,3696,E,N,B,D,Y,SD,NA,8,NA,R,64.215,H,NA,L,Y,3,0,2,1,A,-,03,22350,NA,N,F,A,A,C,H,-,A,D,0,NA,NA,NA,NA,Y,NA,A,01,0,1,1,0,0,0,0,0,0,-,-,32.69392013549805,-116.31256103515624,SAN DIEGO,UNINCORPORATED,-116.31255340576172,32.69392776489258
92010877,2023,2023-03-06,9650,2023-02-28,229,021935,NA,2,3,9,3700,0,2,4,NA,2,061,S. MISSION RD.,PASEO DEL LAGO,125,N,N,B,-,N,NA,NA,NA,NA,NA,NA,NA,NA,NA,Y,2,0,1,1,A,-,03,22350,NA,N,E,I,A,B,H,-,D,D,0,NA,NA,NA,NA,Y,NA,A,01,1,0,0,0,0,0,0,0,0,-,-,33.3253288269043,-117.23580932617188,SAN DIEGO,UNINCORPORATED,-117.23570251464844,33.325294494628906
92011839,2022,2023-03-07,9680,2022-08-30,1800,019475,NA,2,2,9,3700,0,2,4,NA,1,013,EL MONTE ROAD,MISS ELLIE LANE,3696,W,N,A,-,N,NA,NA,NA,NA,NA,NA,NA,NA,NA,Y,1,1,0,1,A,-,01,23152,F,N,E,I,A,A,H,-,A,D,0,NA,NA,Y,NA,Y,NA,C,02,0,0,0,0,0,0,0,1,0,-,-,32.86888885498047,-116.88671875,SAN DIEGO,UNINCORPORATED,-116.8881607055664,32.86836624145508
92012002,2023,2023-03-07,9645,2023-03-07,915,017678,NA,2,1,7,3711,0,1,1,NA,2,013,I-805 N/B,MESA COLLEGE DRIVE,880,S,N,A,-,Y,SD,NA,805,NA,NA,20.049,H,NA,R,N,4,0,1,2,A,-,03,22350,NA,N,C,C,A,A,H,-,A,D,0,NA,NA,NA,NA,Y,NA,A,07,0,0,1,0,0,0,0,0,0,-,-,32.80141830444336,-117.15001678466795,SAN DIEGO,SAN DIEGO,-117.15001678466795,32.80141830444336
92012334,2023,2023-03-08,9650,2023-03-01,1249,017392,NA,3,1,5,3712,0,1,3,NA,2,019,SR-78 E/B,SAN MARCOS BLVD,528,E,N,B,-,Y,SD,NA,78,NA,NA,12.429,H,NA,R,N,2,0,1,1,A,-,08,22107,NA,N,E,I,A,B,H,-,A,D,0,NA,NA,NA,NA,Y,NA,A,01,1,0,0,0,0,0,0,0,0,-,-,33.13650894165039,-117.1722412109375,SAN DIEGO,SAN MARCOS,-117.17223358154295,33.13656997680664
92012372,2023,2023-03-08,9645,2023-02-25,2230,020997,NA,6,3,7,3711,0,1,1,NA,2,030,I-15 N/B (HOV),CARROLL CANYON ROAD,480,N,N,C,-,Y,SD,NA,15,NA,M,15.077,H,NA,R,N,3,0,5,2,A,-,03,22350,NA,N,B,C,A,B,H,-,D,D,0,NA,NA,NA,NA,Y,NA,A,01,0,1,4,0,0,0,0,0,0,-,-,32.904579162597656,-117.11646270751952,SAN DIEGO,SAN DIEGO,-117.11618041992188,32.904571533203125
92014932,2023,2023-03-10,9645,2023-02-23,1823,020265,NA,4,2,7,3711,0,1,1,NA,2,009,I-805 S/B,CAMINO DE LA PLAZA O/C,1000,N,N,B,-,Y,SD,NA,805,NA,NA,0.308,H,NA,L,N,3,0,1,2,A,-,03,22350,NA,M,C,C,A,A,H,-,C,D,0,NA,NA,NA,NA,Y,NA,D,22,0,1,0,0,0,0,0,0,0,-,-,32.547420501708984,-117.03855895996094,SAN DIEGO,SAN DIEGO,-117.03853607177734,32.547447204589844
92014962,2023,2023-03-10,9680,2023-02-28,815,016415,NA,2,1,9,3700,0,2,4,NA,1,013,WILDCAT CANYON RD.,FOUNDERS WAY,1190,N,N,B,C,N,NA,NA,NA,NA,NA,NA,NA,NA,NA,Y,4,0,1,1,A,-,03,22350,NA,N,F,A,A,B,H,-,A,D,0,NA,NA,NA,NA,Y,NA,A,01,0,0,1,0,0,0,0,0,0,-,-,32.93803024291992,-116.86788177490234,SAN DIEGO,UNINCORPORATED,NA,NA
92016729,2023,2023-03-13,9650,2023-03-07,1200,015446,NA,2,1,9,3700,0,3,5,NA,1,212,COLE GRADE ROAD,COOL VALLEY ROAD,0,NA,Y,A,-,N,NA,NA,NA,NA,NA,NA,NA,NA,NA,Y,3,0,3,2,A,-,12,21453,A,N,D,C,A,A,H,-,A,A,0,NA,NA,NA,NA,Y,NA,A,01,0,2,1,0,0,0,0,0,0,-,-,33.26713943481445,-117.0235595703125,SAN DIEGO,UNINCORPORATED,-117.0234832763672,33.26720428466797
92017899,2023,2023-03-14,9645,2023-03-02,1420,021231,NA,4,2,7,3711,0,1,1,NA,2,021,SR-15 S/B,UNIVERSITY AVE.,2500,S,N,A,-,Y,NA,NA,NA,NA,NA,NA,NA,NA,NA,Y,2,0,1,2,A,-,03,22350,NA,F,C,C,A,A,H,-,A,D,0,NA,NA,Y,NA,Y,NA,-,99,1,0,0,0,0,0,0,0,1,-,-,32.73905944824219,-117.11427307128906,SAN DIEGO,SAN DIEGO,-117.11378479003906,32.7390022277832
92018483,2023,2023-03-15,9645,2023-03-03,1530,021231,NA,5,2,7,3711,0,1,3,NA,2,023,SR-163 N/B,WASHINGTON ST.,1000,N,N,A,-,Y,SD,NA,163,NA,NA,3.272,H,NA,R,Y,2,0,1,2,A,-,03,22350,NA,F,C,C,A,A,H,-,A,D,0,NA,NA,Y,NA,Y,NA,C,02,1,0,0,0,0,0,0,0,1,-,-,32.75690841674805,-117.15943908691406,SAN DIEGO,SAN DIEGO,-117.15940856933594,32.75692367553711
92019372,2023,2023-03-16,9645,2023-03-10,1425,022193,NA,5,2,7,3711,0,1,1,NA,2,011,I-805 S/B,MURRAY RIDGE RD,300,S,N,B,C,Y,SD,NA,805,NA,NA,18.751,H,NA,L,N,4,0,1,1,A,-,08,22107,NA,N,E,I,A,B,H,-,A,D,0,NA,NA,NA,NA,Y,NA,A,07,0,0,1,0,0,0,0,0,0,-,-,32.7841796875,-117.14370727539063,SAN DIEGO,SAN DIEGO,-117.14366912841795,32.78422927856445
92021128,2023,2023-03-17,9645,2023-03-10,1535,022193,NA,5,2,7,3711,0,1,1,NA,2,011,I-805 N/B,I-8,2640,S,N,B,C,Y,SD,NA,805,NA,NA,17.113,H,NA,R,N,4,0,1,2,A,-,03,22350,NA,N,C,C,A,B,H,-,A,D,0,NA,NA,NA,NA,Y,NA,D,22,0,0,1,0,0,0,0,0,0,-,-,32.76496887207031,-117.12792205810548,SAN DIEGO,SAN DIEGO,-117.1279296875,32.76496887207031
92022777,2023,2023-03-20,9650,2023-03-13,1458,016516,NA,1,2,9,3700,0,3,5,NA,1,212,OLD HWY 395,NELSON WAY,150,S,N,A,-,Y,NA,NA,NA,NA,NA,NA,NA,NA,NA,Y,3,0,1,1,A,-,08,22107,NA,N,E,I,A,A,H,-,A,D,0,NA,NA,NA,NA,Y,NA,A,07,0,1,0,0,0,0,0,0,0,-,-,33.2748908996582,-117.1523895263672,SAN DIEGO,UNINCORPORATED,NA,NA
92023773,2023,2023-03-21,9645,2023-03-13,1115,016838,NA,1,1,7,3711,0,1,1,NA,2,007,I-5 S/B,VIA DE LA VALLE,3400,S,N,A,-,Y,SD,NA,5,NA,R,35.598,H,NA,L,Y,3,0,4,2,A,-,03,22350,NA,N,C,C,A,A,H,-,A,D,0,NA,NA,NA,NA,Y,NA,A,07,0,1,3,0,0,0,0,0,0,-,-,32.97053146362305,-117.24983215332033,SAN DIEGO,SAN DIEGO,-117.2497329711914,32.970558166503906
92024136,2023,2023-03-21,9645,2023-03-17,630,020515,NA,5,1,7,3711,0,1,1,NA,2,009,I-805 N/B,IMPERIAL AVE,290,S,N,A,-,Y,SD,NA,805,NA,NA,12.278,H,NA,R,N,4,0,1,3,A,-,07,21658,A,N,C,2,A,A,H,-,D,D,0,NA,NA,NA,NA,Y,NA,A,01,0,0,1,0,0,0,0,0,0,-,-,32.70323181152344,-117.09481048583984,SAN DIEGO,SAN DIEGO,-117.09479522705078,32.70323181152344
92024226,2023,2023-03-22,9650,2023-03-15,1935,021933,NA,3,2,9,3700,0,2,4,NA,1,027,VALLEY CENTER ROAD,SUNSET RD,32,E,N,C,E,N,NA,NA,NA,NA,NA,NA,NA,NA,NA,N,2,0,1,2,A,-,11,21954,A,N,G,B,D,B,H,-,A,D,0,Y,NA,NA,NA,Y,NA,N,60,1,0,0,0,1,0,0,0,0,-,-,33.22819137573242,-116.98001098632813,SAN DIEGO,UNINCORPORATED,-116.97998809814452,33.22821044921875
92025345,2023,2023-03-22,9645,2023-03-15,1705,016137,NA,3,2,7,3711,0,1,1,NA,2,007,I-5 NORTHBOUND,VIA DE LA VALLE U/C,800,S,N,B,C,Y,SD,NA,5,NA,R,35.903,H,NA,R,N,4,0,1,2,A,-,03,22350,NA,N,C,C,A,B,H,-,A,D,0,NA,NA,NA,NA,Y,NA,A,01,0,0,1,0,0,0,0,0,0,-,-,32.97480010986328,-117.2510986328125,SAN DIEGO,SAN DIEGO,-117.25103759765624,32.974815368652344
92025884,2023,2023-03-22,9645,2023-03-16,255,018987,NA,4,3,7,3711,0,1,1,NA,2,015,I-805 NORTHBOUND,BALBOA AVE,1056,N,N,A,-,Y,SD,NA,805,NA,NA,21.907,H,NA,R,Y,2,0,1,1,A,-,01,23152,A,N,E,I,A,A,H,-,C,D,0,NA,NA,NA,NA,Y,Y,A,01,1,0,0,0,0,0,0,0,0,-,-,32.82516860961914,-117.16412353515624,SAN DIEGO,SAN DIEGO,-117.16432189941406,32.8250846862793
92029402,2023,2023-03-27,9645,2023-03-14,1655,021231,NA,2,2,7,3711,0,1,1,NA,2,005,I-5 N/B,I-8,2000,S,N,B,-,Y,SD,NA,5,NA,R,19.597,H,NA,R,Y,3,0,1,2,A,-,03,22350,NA,N,C,C,A,B,H,-,A,D,0,NA,NA,NA,NA,Y,NA,A,01,0,1,0,0,0,0,0,0,0,-,-,32.75368881225586,-117.19986724853516,SAN DIEGO,SAN DIEGO,-117.19986724853516,32.75368881225586
92030413,2023,2023-03-28,9645,2023-02-25,1505,022884,NA,6,2,7,3711,0,1,3,NA,2,006,SR-94 E/B FROM G STREET,G STREET,225,E,N,A,-,Y,SD,NA,94,NA,NA,1.416,H,NA,R,Y,4,0,1,2,A,-,03,22350,NA,M,B,C,A,B,H,-,A,D,0,NA,NA,NA,NA,Y,NA,D,22,0,0,1,0,0,0,0,0,0,-,-,32.7127685546875,-117.14778137207033,SAN DIEGO,SAN DIEGO,-117.14767456054688,32.71277618408203
92030767,2023,2023-03-28,9680,2023-03-16,1742,018672,NA,4,2,9,3700,0,1,3,NA,1,052,STATE ROUTE 78,RIVERWOOD ROAD,1584,W,N,B,-,Y,SD,NA,78,NA,NA,52.487,H,NA,R,Y,3,0,1,1,A,-,01,23152,A,N,E,I,A,A,H,-,A,D,0,NA,NA,NA,NA,Y,Y,A,01,0,1,0,0,0,0,0,0,0,-,-,33.10152816772461,-116.6620864868164,SAN DIEGO,UNINCORPORATED,-116.6621322631836,33.10155487060547
92032979,2023,2023-03-30,9680,2023-03-18,355,021724,NA,6,3,5,3705,0,1,1,NA,2,081,I-8 E/B,EL CAJON BLVD,190,W,N,A,-,Y,SD,NA,8,NA,NA,13.642,H,NA,R,Y,3,0,1,3,A,-,01,23152,A,N,C,E,A,A,D,-,D,D,0,NA,NA,NA,NA,Y,Y,D,22,0,1,0,0,0,0,0,0,0,-,-,32.781890869140625,-116.98135375976563,SAN DIEGO,EL CAJON,-116.9814453125,32.781917572021484
92035732,2023,2023-04-03,9645,2023-03-27,635,019054,NA,1,1,5,3709,0,1,1,NA,2,001,I-5 N/B,MILE OF CARS WAY,2000,S,N,A,-,Y,SD,NA,5,NA,NA,9.74,H,NA,R,N,2,0,1,1,A,-,03,22350,NA,N,F,A,A,A,H,-,A,D,0,NA,NA,Y,NA,Y,NA,C,02,1,0,0,0,0,0,0,0,1,-,-,32.655738830566406,-117.10626220703124,SAN DIEGO,NATIONAL CITY,-117.10607147216795,32.655799865722656
9203597,2020,2021-02-11,3700,2020-12-24,1329,SH2439,NA,4,5,5,3713,0,0,0,NA,0,312,HACIENDA DR,NORTH EMERALD DR,580,E,N,B,-,N,NA,NA,NA,NA,NA,NA,NA,NA,NA,Y,4,0,2,2,A,-,09,21801,A,N,D,C,A,A,H,-,A,D,0,NA,NA,Y,NA,Y,NA,A,01,0,0,2,0,0,0,0,0,1,-,-,NA,NA,SAN DIEGO,VISTA,-117.27779388427734,33.18708801269531
92037866,2022,2023-04-05,9680,2022-11-28,1600,018801,NA,1,2,9,3700,0,1,3,NA,2,027,STATE ROUTE 94 W/B,CAMPO ROAD O/C,300,E,N,A,-,Y,SD,NA,94,NA,M,10.753,H,NA,L,N,4,0,1,2,A,-,03,22350,NA,N,C,C,A,A,H,-,A,A,0,NA,NA,NA,NA,Y,NA,A,07,0,0,1,0,0,0,0,0,0,-,-,32.75191116333008,-117.0048828125,SAN DIEGO,UNINCORPORATED,-117.0048828125,32.75190353393555
92038651,2023,2023-04-06,9680,2023-03-10,1032,023240,NA,5,1,5,3705,0,1,1,NA,2,081,I-8 WESTBOUND,EL CAJON BLVD,418,E,N,B,-,Y,SD,NA,8,NA,NA,13.764,H,NA,L,Y,3,0,3,5,A,-,01,23152,F,N,C,C,F,A,D,-,A,A,0,Y,NA,Y,Y,Y,NA,D,22,0,2,1,0,1,0,0,0,1,-,-,32.78343963623047,-116.9809112548828,SAN DIEGO,EL CAJON,-116.98085021972656,32.783416748046875
92040555,2023,2023-04-10,9645,2023-03-26,225,021470,NA,7,3,7,3711,0,1,1,NA,2,003,I-5 SOUTHBOUND,I-8,500,N,N,A,-,Y,SD,NA,5,NA,R,20.206,H,NA,L,Y,3,0,3,3,A,-,01,23152,A,N,C,C,A,A,H,-,C,D,0,NA,NA,NA,NA,Y,Y,A,01,0,2,1,0,0,0,0,0,0,-,-,32.76124954223633,-117.20455169677734,SAN DIEGO,SAN DIEGO,-117.20455169677734,32.76124954223633
92042414,2023,2023-04-11,9680,2023-04-03,1140,021501,NA,1,1,9,3700,0,3,5,NA,2,007,SPLIT MOUNTAIN ROAD,SR-78,11088,S,N,A,-,N,NA,NA,NA,NA,NA,NA,NA,NA,NA,Y,2,0,1,1,A,-,08,22107,NA,N,E,I,A,A,H,-,A,D,0,NA,NA,NA,NA,Y,NA,A,07,1,0,0,0,0,0,0,0,0,-,-,33.11357116699219,-116.13289642333984,SAN DIEGO,UNINCORPORATED,-116.13282012939452,33.113948822021484
92042433,2023,2023-04-11,9650,2023-04-08,1035,019594,NA,6,1,9,3700,0,3,5,NA,2,213,PALA TEMECULA ROAD,OAK HILLS LANE,686,S,N,A,-,N,NA,NA,NA,NA,NA,NA,NA,NA,NA,Y,4,0,1,1,A,-,08,22107,NA,N,F,A,A,A,H,-,A,D,0,NA,NA,Y,NA,Y,NA,C,02,0,0,1,0,0,0,0,0,1,-,-,33.412960052490234,-117.08489990234376,SAN DIEGO,UNINCORPORATED,NA,NA
92043766,2023,2023-04-12,9650,2023-04-07,1504,021404,NA,5,2,9,3700,0,2,4,NA,1,027,VALLEY CENTER ROAD,COLE GRADE RD,528,W,N,A,-,N,NA,NA,NA,NA,NA,NA,NA,NA,NA,N,4,0,1,2,A,-,09,21801,A,N,D,C,A,A,H,-,A,D,0,NA,NA,NA,NA,Y,NA,A,01,0,0,1,0,0,0,0,0,0,-,-,33.23106002807617,-117.02646636962892,SAN DIEGO,UNINCORPORATED,-117.02597045898438,33.23115921020508
92044157,2022,2023-04-13,9680,2022-12-03,2333,022132,NA,6,3,9,3700,0,1,S,NA,2,904,SR-78 W/B TO INTERSTATE 15 N/B,METCALF STREET,170,W,N,A,-,Y,NA,NA,NA,NA,NA,NA,NA,NA,NA,Y,1,1,0,2,A,-,01,23152,A,N,F,A,A,A,H,-,C,A,0,NA,NA,NA,NA,Y,Y,D,22,0,0,0,0,0,0,0,0,0,-,-,33.12812042236328,-117.10350799560548,SAN DIEGO,UNINCORPORATED,-117.10350799560548,33.12812042236328
92045143,2023,2023-04-14,9645,2023-04-06,412,021268,NA,4,3,7,3711,0,1,1,NA,2,021,SR-15 N/B,I-805,3696,S,N,A,-,Y,SD,NA,15,NA,NA,2.537,H,NA,R,Y,4,0,1,2,A,-,07,21658,A,N,B,C,A,A,H,-,C,D,0,NA,NA,NA,NA,Y,NA,M,59,0,0,1,0,0,0,0,0,0,-,-,32.72119903564453,-117.1168212890625,SAN DIEGO,SAN DIEGO,-117.1168212890625,32.7212028503418
9204635,2020,2021-02-18,3711,2020-12-26,2055,SD1094,NA,6,5,7,3711,0,0,0,NA,0,451,GRAPE ST,54TH ST,222,E,N,A,-,N,NA,NA,NA,NA,NA,NA,NA,NA,NA,Y,3,0,1,2,A,-,00,36314,NA,N,E,E,A,A,H,-,C,D,0,NA,NA,NA,NA,Y,Y,A,01,0,1,0,0,0,0,0,0,0,-,-,NA,NA,SAN DIEGO,SAN DIEGO,-117.08255767822266,32.725685119628906
92046903,2023,2023-04-17,9645,2023-04-08,1810,022507,NA,6,2,7,3711,0,1,1,NA,2,010,I-8 WESTBOUND,MORENA BOULEVARD,950,E,N,A,-,Y,SD,NA,8,NA,R,0.57,H,NA,L,N,3,0,2,1,A,-,08,22107,NA,N,E,I,A,A,H,-,A,D,0,NA,NA,NA,NA,Y,NA,A,07,0,1,1,0,0,0,0,0,0,-,-,32.76089096069336,-117.19467163085938,SAN DIEGO,SAN DIEGO,-117.19466400146484,32.760765075683594
92046976,2023,2023-04-17,9680,2023-04-05,1440,019384,NA,3,2,9,3700,0,1,3,NA,1,017,SR-67,SLAUGHTERHOUSE CANYON ROAD,0,NA,Y,A,-,Y,SD,NA,67,NA,NA,9.32,H,NA,R,N,4,0,2,2,A,-,09,21802,A,N,D,C,A,A,H,-,A,A,0,NA,NA,NA,Y,Y,NA,F,26,0,0,2,0,0,0,0,0,0,-,-,32.906829833984375,-116.94297027587892,SAN DIEGO,UNINCORPORATED,-116.9429168701172,32.90689468383789
9204749,2020,2021-02-18,3711,2020-12-30,0945,SD6946,NA,3,5,7,3711,0,0,0,NA,0,324,LAKE MURRAY BL,LAKE MURRARY 8500 FRONTAGE RD,20,N,N,A,-,N,NA,NA,NA,NA,NA,NA,NA,NA,NA,N,3,0,1,2,A,-,08,22107,NA,M,B,G,A,A,H,-,A,D,0,NA,Y,NA,NA,Y,NA,-,99,0,1,0,0,0,0,1,0,0,-,-,NA,NA,SAN DIEGO,SAN DIEGO,NA,NA
92049419,2023,2023-04-20,9645,2023-04-13,640,017139,NA,4,1,5,3709,0,1,1,NA,2,009,I-805 N/B,SR-54 W/B TO I-805 S/B,1700,S,N,B,C,Y,SD,NA,805,NA,NA,8.455,H,NA,R,N,4,0,1,2,A,-,03,22350,NA,N,C,C,A,B,H,-,A,D,0,NA,NA,NA,NA,Y,NA,A,01,0,0,1,0,0,0,0,0,0,-,-,32.653751373291016,-117.0701904296875,SAN DIEGO,NATIONAL CITY,-117.07022094726563,32.65373229980469
92049434,2023,2023-04-20,9680,2023-04-09,1610,022161,NA,7,2,9,3700,0,2,4,NA,1,021,DEHESA RD,VISTA DE LA MONTANA,550,E,N,A,-,N,NA,NA,NA,NA,NA,NA,NA,NA,NA,Y,4,0,1,2,A,-,03,22350,NA,N,C,C,A,A,H,-,A,D,0,NA,NA,NA,NA,Y,NA,A,07,0,0,1,0,0,0,0,0,0,-,-,32.79021072387695,-116.83785247802734,SAN DIEGO,UNINCORPORATED,-116.83795928955078,32.79022216796875
92049890,2023,2023-04-20,9650,2023-04-14,1715,020673,NA,5,2,9,3700,0,1,1,NA,2,022,I-15 SOUTHBOUND,PALA MESA O/C,100,N,N,B,-,Y,NA,NA,NA,NA,NA,NA,NA,NA,NA,Y,4,0,1,3,A,-,16,24002,A,N,B,C,A,A,H,-,A,B,0,NA,NA,NA,NA,Y,NA,A,01,0,0,1,0,0,0,0,0,0,-,-,33.34159851074219,-117.15830230712892,SAN DIEGO,UNINCORPORATED,-117.15960693359376,33.341243743896484
92050460,2023,2023-04-21,9645,2023-04-15,930,020561,NA,6,1,5,3709,0,1,3,NA,2,008,SR-54 E/B,HIGHLAND AVE. O/C,238,E,N,A,-,Y,SD,NA,54,NA,NA,0.951,H,NA,R,Y,4,0,1,1,A,-,08,22107,NA,N,E,9,A,A,H,-,A,D,0,NA,NA,NA,NA,Y,NA,A,01,0,0,1,0,0,0,0,0,0,-,-,32.65489959716797,-117.08875274658205,SAN DIEGO,NATIONAL CITY,-117.0888671875,32.65507507324219
92051126,2023,2023-04-24,9650,2023-04-17,2340,020343,NA,1,3,3,3783,0,1,1,NA,2,007,I-5 N/B,LOMA SANTA FE DR,1795,N,N,B,-,Y,SD,NA,5,NA,R,37.743,H,NA,R,Y,2,0,4,2,A,-,03,22350,NA,N,C,C,A,A,H,-,C,D,0,NA,NA,NA,Y,Y,NA,A,01,2,1,1,0,0,0,0,0,0,-,-,33.00088119506836,-117.25721740722656,SAN DIEGO,SOLANA BEACH,-117.25728607177734,33.00087356567383
92052092,2023,2023-04-24,9680,2023-04-13,745,020541,NA,4,1,9,3700,0,2,4,NA,1,029,CAMPO ROAD,MERRITT BLVD.,0,NA,Y,B,C,N,NA,NA,NA,NA,NA,NA,NA,NA,NA,Y,3,0,1,2,A,-,09,21801,A,N,D,C,A,B,H,-,A,D,0,NA,NA,NA,NA,Y,NA,A,07,0,1,0,0,0,0,0,0,0,-,-,32.752349853515625,-117.00475311279295,SAN DIEGO,UNINCORPORATED,-117.00475311279295,32.752315521240234
92052622,2023,2023-04-25,9645,2023-04-15,0,022884,NA,6,3,6,3702,0,1,1,NA,2,009,I-805 NB,BONITA ROAD,1085,S,N,A,-,Y,SD,NA,805,NA,NA,7.53,H,NA,R,N,4,0,1,1,A,-,07,21658,A,N,E,I,A,A,H,-,C,D,0,NA,NA,NA,NA,Y,NA,A,07,0,0,1,0,0,0,0,0,0,-,-,32.64529037475586,-117.05821990966795,SAN DIEGO,CHULA VISTA,-117.05825805664063,32.6452751159668
92052889,2023,2023-04-25,9645,2023-04-17,1522,022243,NA,1,2,7,3711,0,1,1,NA,2,013,I-805 S/B,I-8,1500,N,N,B,-,Y,SD,NA,805,NA,NA,17.946,H,NA,L,Y,4,0,1,2,A,-,03,22350,NA,N,C,C,A,A,H,-,A,D,0,NA,NA,NA,NA,Y,NA,A,01,0,0,1,0,0,0,0,0,0,-,-,32.775550842285156,-117.13478088378906,SAN DIEGO,SAN DIEGO,-117.13471221923828,32.77558517456055