CASE_ID,ACCIDENT_YEAR,PROC_DATE,JURIS,COLLISION_DATE,COLLISION_TIME,OFFICER_ID,REPORTING_DISTRICT,DAY_OF_WEEK,CHP_SHIFT,POPULATION,CNTY_CITY_LOC,SPECIAL_COND,BEAT_TYPE,CHP_BEAT_TYPE,CITY_DIVISION_LAPD,CHP_BEAT_CLASS,BEAT_NUMBER,PRIMARY_RD,SECONDARY_RD,DISTANCE,DIRECTION,INTERSECTION,WEATHER_1,WEATHER_2,STATE_HWY_IND,CALTRANS_COUNTY,CALTRANS_DISTRICT,STATE_ROUTE,ROUTE_SUFFIX,POSTMILE_PREFIX,POSTMILE,LOCATION_TYPE,RAMP_INTERSECTION,SIDE_OF_HWY,TOW_AWAY,COLLISION_SEVERITY,NUMBER_KILLED,NUMBER_INJURED,PARTY_COUNT,PRIMARY_COLL_FACTOR,PCF_CODE_OF_VIOL,PCF_VIOL_CATEGORY,PCF_VIOLATION,PCF_VIOL_SUBSECTION,HIT_AND_RUN,TYPE_OF_COLLISION,MVIW,PED_ACTION,ROAD_SURFACE,ROAD_COND_1,ROAD_COND_2,LIGHTING,CONTROL_DEVICE,CHP_ROAD_TYPE,PEDESTRIAN_ACCIDENT,BICYCLE_ACCIDENT,MOTORCYCLE_ACCIDENT,TRUCK_ACCIDENT,NOT_PRIVATE_PROPERTY,ALCOHOL_INVOLVED,STWD_VEHTYPE_AT_FAULT,CHP_VEHTYPE_AT_FAULT,COUNT_SEVERE_INJ,COUNT_VISIBLE_INJ,COUNT_COMPLAINT_PAIN,COUNT_PED_KILLED,COUNT_PED_INJURED,COUNT_BICYCLIST_KILLED,COUNT_BICYCLIST_INJURED,COUNT_MC_KILLED,COUNT_MC_INJURED,PRIMARY_RAMP,SECONDARY_RAMP,LATITUDE,LONGITUDE,COUNTY,CITY,POINT_X,POINT_Y
94388630,2024,2024-09-10,9650,2024-08-24,2110,022924,NA,6,2,9,3700,0,3,5,NA,2,170,S. SANTA FE AVE,PALMYRA DR,100,E,N,A,-,N,NA,NA,NA,NA,NA,NA,NA,NA,NA,N,2,0,1,2,A,-,08,22107,NA,F,B,G,A,A,H,-,C,D,0,NA,Y,NA,NA,Y,NA,-,99,1,0,0,0,0,0,1,0,0,-,-,33.17036056518555,-117.2069091796875,SAN DIEGO,UNINCORPORATED,-117.20692443847656,33.17057800292969
94388750,2024,2024-09-10,9650,2024-08-26,334,022965,NA,1,3,5,3712,0,1,3,NA,2,019,SR-78 W/B,SAN MARCOS BLVD,1043,E,N,A,-,Y,SD,NA,78,NA,NA,12.395,H,NA,L,Y,3,0,4,2,A,-,01,23152,A,N,C,C,A,A,H,-,C,D,0,NA,NA,NA,NA,Y,Y,A,01,0,4,0,0,0,0,0,0,0,-,-,33.1368293762207,-117.17241668701172,SAN DIEGO,SAN MARCOS,-117.17242431640624,33.13676834106445
94389146,2024,2024-09-10,9680,2024-08-29,1550,020780,NA,4,2,9,3700,0,3,5,NA,2,001,GRAVES AVENUE,BRADLEY AVENUE,540,S,N,A,-,N,NA,NA,NA,NA,NA,NA,NA,NA,NA,N,3,0,1,2,A,-,09,21804,A,N,D,C,A,A,H,-,A,A,0,NA,NA,Y,NA,Y,NA,A,01,0,1,0,0,0,0,0,0,1,-,-,32.81755828857422,-116.9589614868164,SAN DIEGO,UNINCORPORATED,-116.95885467529295,32.817626953125
94390187,2023,2024-09-11,9645,2023-12-23,848,017678,NA,6,1,7,3711,0,1,3,NA,2,006,STATE ROUTE 94 E/B TO STATE ROUTE 15 N/B,STATE ROUTE 15,50,E,N,A,-,Y,SD,NA,94,NA,NA,3.211,H,NA,R,N,1,1,1,3,A,-,08,22107,NA,N,E,8,A,A,H,-,A,A,0,NA,NA,NA,NA,Y,NA,A,01,1,0,0,0,0,0,0,0,0,-,-,32.71672058105469,-117.11750793457033,SAN DIEGO,SAN DIEGO,-117.1174545288086,32.716468811035156
94392066,2024,2024-09-12,9680,2024-09-01,1500,019475,NA,7,2,9,3700,0,1,3,NA,1,017,SR-67 S/B,SLAUGHTERHOUSE CANYON ROAD,5808,N,N,A,-,Y,SD,NA,67,NA,NA,10.799,H,NA,L,N,3,0,1,1,A,-,03,22350,NA,N,E,I,A,A,H,-,A,D,0,NA,NA,Y,NA,Y,NA,C,02,0,1,0,0,0,0,0,0,1,-,-,32.923789978027344,-116.94583892822266,SAN DIEGO,UNINCORPORATED,-116.94586944580078,32.92380142211914
94392117,2024,2024-09-12,9680,2024-09-03,1424,015877,NA,2,2,9,3700,0,3,5,NA,2,003,GREENFIELD DR. (1800 BLOCK),LA CRESTA RD.,1056,W,N,A,-,N,NA,NA,NA,NA,NA,NA,NA,NA,NA,Y,3,0,2,2,A,-,09,21804,A,N,D,C,A,A,H,-,A,D,0,NA,NA,NA,NA,Y,NA,A,01,0,2,0,0,0,0,0,0,0,-,-,32.80883026123047,-116.91275024414063,SAN DIEGO,UNINCORPORATED,-116.91305541992188,32.80912399291992
94395812,2024,2024-09-16,9680,2024-09-04,1405,016415,NA,3,2,9,3700,0,1,3,NA,1,017,SR-67 SOUTHBOUND,VIGILANTE RD,65,S,N,A,-,Y,SD,NA,67,NA,NA,9.09,H,NA,L,N,4,0,1,1,A,-,08,22107,NA,N,E,I,A,A,H,-,A,D,0,NA,NA,NA,NA,Y,NA,A,01,0,0,1,0,0,0,0,0,0,-,-,32.90433883666992,-116.9399871826172,SAN DIEGO,UNINCORPORATED,-116.93988037109376,32.9044075012207
9439818,2022,2022-06-01,3711,2022-05-07,1145,SD1244,NA,6,5,7,3711,0,0,0,NA,0,311,MOBLEY ST,LARKIN PL,0,NA,Y,A,-,N,NA,NA,NA,NA,NA,NA,NA,NA,NA,N,3,0,1,2,B,-,22,NA,NA,N,B,G,A,A,H,-,A,D,0,NA,Y,NA,NA,Y,NA,L,04,0,1,0,0,0,0,1,0,0,-,-,NA,NA,SAN DIEGO,SAN DIEGO,-117.13536834716795,32.798988342285156
94399670,2024,2024-09-18,9680,2024-09-06,1825,023909,NA,5,2,5,3708,0,1,3,NA,2,028,SR-125 N/B TO I-8 E/B,SEVERIN DRIVE O/C,1056,W,N,A,-,Y,SD,NA,8,NA,NA,12.404,H,NA,R,Y,3,0,1,1,A,-,08,22107,NA,N,E,8,A,A,H,-,A,A,0,NA,NA,NA,NA,Y,NA,A,07,0,1,0,0,0,0,0,0,0,-,-,32.77851867675781,-117.00116729736328,SAN DIEGO,LA MESA,-117.00127410888672,32.77870559692383
94403033,2024,2024-09-20,9680,2024-06-03,315,023218,NA,1,3,9,3700,0,2,4,NA,1,010,WOODSIDE AVE,WINTER GARDENS BLVD,20,W,N,A,-,N,NA,NA,NA,NA,NA,NA,NA,NA,NA,Y,4,0,1,1,A,-,08,22107,NA,N,E,8,A,A,H,-,C,A,0,NA,NA,NA,NA,Y,Y,A,07,0,0,1,0,0,0,0,0,0,-,-,32.85612869262695,-116.93135833740234,SAN DIEGO,UNINCORPORATED,-116.93120574951172,32.856048583984375
9440423,2022,2022-05-02,3700,2022-03-11,1600,SH2001,NA,5,5,5,3781,0,0,0,NA,0,516,MISSION GORGE RD,FATHER JUNIPERO SERRA TRL,13,E,N,A,-,N,NA,NA,NA,NA,NA,NA,NA,NA,NA,N,4,0,1,2,A,-,10,21950,A,N,G,B,B,A,H,-,A,A,0,Y,NA,NA,NA,Y,NA,A,07,0,0,1,0,1,0,0,0,0,-,-,NA,NA,SAN DIEGO,SANTEE,-117.03106689453124,32.83750534057617
9440461,2022,2022-05-13,3711,2022-04-15,2314,SD7869,NA,5,5,7,3711,0,0,0,NA,0,516,K ST,32ND ST,104,E,N,B,-,N,NA,NA,NA,NA,NA,NA,NA,NA,NA,Y,3,0,1,1,A,-,03,22350,NA,N,A,I,A,A,H,-,D,A,0,NA,NA,NA,NA,Y,Y,A,01,0,1,0,0,0,0,0,0,0,-,-,NA,NA,SAN DIEGO,SAN DIEGO,-117.12490081787108,32.70851516723633
9440468,2022,2022-05-18,3711,2022-04-15,1945,SD4310,NA,5,5,7,3711,0,0,0,NA,0,529,UNIVERSITY AV,UNIVERSITY AV 1400,0,NA,-,A,-,N,NA,NA,NA,NA,NA,NA,NA,NA,NA,N,4,0,1,2,A,-,08,22107,NA,N,D,G,A,A,H,-,C,D,0,NA,Y,NA,NA,Y,NA,A,01,0,0,1,0,0,0,1,0,0,-,-,NA,NA,SAN DIEGO,SAN DIEGO,-117.16390228271484,32.74827194213867
9440477,2022,2022-05-26,3711,2022-04-17,1920,SD8334,NA,7,5,7,3711,0,0,0,NA,0,324,NAVAJO RD,RT 125,0,NA,N,A,-,Y,SD,11,125,-,-,19.542,R,4,S,N,4,0,1,2,A,-,03,22350,NA,M,C,C,A,A,H,-,A,A,0,NA,NA,NA,NA,Y,NA,-,99,0,0,1,0,0,0,0,0,0,-,SO,NA,NA,SAN DIEGO,SAN DIEGO,-117.00568389892578,32.79957580566406
94406450,2024,2024-09-24,9645,2024-09-19,1520,023641,NA,4,2,5,3709,0,1,1,NA,2,001,INTERSTATE 5 N/B,MILE OF CARS WAY,0,S,N,A,-,Y,SD,NA,5,NA,R,10.056,H,NA,R,N,4,0,1,1,A,-,08,22107,NA,N,E,I,A,A,H,-,A,D,0,NA,NA,NA,NA,Y,NA,D,22,0,0,1,0,0,0,0,0,0,-,-,32.66007995605469,-117.10798645019533,SAN DIEGO,NATIONAL CITY,-117.1078643798828,32.660118103027344
9440658,2022,2022-05-05,3711,2022-04-19,1337,SD7648,NA,2,5,7,3711,0,0,0,NA,0,123,SEA WORLD DR,MISSION BAY DR,160,N,N,A,-,N,NA,NA,NA,NA,NA,NA,NA,NA,NA,N,4,0,1,1,A,-,04,21703,NA,N,F,-,A,A,H,-,A,D,0,NA,NA,NA,NA,Y,NA,A,01,0,0,1,0,0,0,0,0,0,-,-,NA,NA,SAN DIEGO,SAN DIEGO,-117.2298583984375,32.7615852355957
9440744,2022,2022-05-13,3711,2022-04-15,2342,SD7406,NA,5,5,7,3711,0,0,0,NA,0,614,SUNSET CLIFFS BL,NIMITZ BL,0,NA,Y,A,-,N,NA,NA,NA,NA,NA,NA,NA,NA,NA,N,4,0,1,2,A,-,12,21453,A,M,B,C,A,A,H,-,D,A,0,NA,NA,NA,Y,Y,NA,F,26,0,0,1,0,0,0,0,0,0,-,-,NA,NA,SAN DIEGO,SAN DIEGO,-117.23729705810548,32.75412368774414
94407482,2024,2024-09-25,9645,2024-09-19,730,021097,NA,4,1,7,3711,0,1,1,NA,2,030,I-15 SOUTHBOUND HOV,SR-163,2640,S,N,B,-,Y,SD,NA,15,NA,M,11.738,H,NA,L,N,3,0,2,2,A,-,08,22107,NA,N,B,C,A,A,H,-,A,D,0,NA,NA,Y,NA,Y,Y,C,02,0,2,0,0,0,0,0,0,2,-,-,32.85837173461914,-117.11344909667967,SAN DIEGO,SAN DIEGO,-117.11373901367188,32.858436584472656
9440795,2022,2022-05-24,3700,2022-03-01,0645,SH0013,NA,2,5,4,3780,0,0,0,NA,0,414,SCRIPPS POWAY PKWY,POMERADO RD,0,NA,Y,A,-,N,NA,NA,NA,NA,NA,NA,NA,NA,NA,Y,2,0,2,2,A,-,09,21453,C,N,A,C,A,A,H,-,A,A,0,NA,NA,NA,NA,Y,NA,D,22,1,1,0,0,0,0,0,0,0,-,-,NA,NA,SAN DIEGO,POWAY,-117.06035614013672,32.9351921081543
94410726,2024,2024-09-27,9645,2024-08-20,1950,021231,NA,2,2,7,3711,0,1,1,NA,2,015,I-805 S/B FROM MIRAMAR ROAD,MIRAMAR ROAD,100,N,N,A,-,Y,NA,NA,NA,NA,NA,NA,NA,NA,NA,Y,2,0,1,1,A,-,03,22350,NA,N,F,A,A,A,H,-,D,D,0,NA,NA,Y,NA,Y,NA,C,02,1,0,0,0,0,0,0,0,1,-,-,32.87533950805664,-117.20091247558594,SAN DIEGO,SAN DIEGO,-117.19954681396484,32.8753547668457
94411184,2024,2024-11-22,9645,2024-09-22,1145,020515,NA,7,1,7,3711,0,1,1,NA,2,027,I-8 W/B FROM SR-15 N/B,CAMINO DEL RIO S,360,S,N,A,-,Y,NA,NA,NA,NA,NA,NA,NA,NA,NA,Y,4,0,1,2,A,-,08,22107,NA,N,B,2,A,A,H,-,A,D,0,NA,NA,NA,NA,Y,NA,A,07,0,0,1,0,0,0,0,0,0,-,-,32.776248931884766,-117.1110382080078,SAN DIEGO,SAN DIEGO,-117.14895629882813,32.766517639160156
94411265,2024,2024-09-27,9645,2024-09-18,1645,023923,NA,3,2,7,3711,0,1,1,NA,2,021,SR-15 SB,MARKET ST. U/C,118,N,N,B,-,Y,SD,NA,15,NA,NA,1.874,H,NA,L,N,4,0,2,2,A,-,01,23152,A,N,C,C,A,A,H,-,A,D,0,NA,NA,NA,NA,Y,Y,A,01,0,0,2,0,0,0,0,0,0,-,-,32.71202850341797,-117.1189422607422,SAN DIEGO,SAN DIEGO,-117.11886596679688,32.71200942993164
94412325,2024,2024-09-30,9650,2024-09-23,1410,019979,NA,1,2,6,3706,0,1,3,NA,2,019,SR-78 EASTBOUND,NORDAHL RD,800,E,N,A,-,Y,SD,NA,78,NA,R,15.844,H,NA,R,N,4,0,1,2,A,-,03,22350,NA,N,C,C,A,A,H,-,A,D,0,NA,NA,NA,Y,Y,NA,D,22,0,0,1,0,0,0,0,0,0,-,-,33.1296501159668,-117.11602020263672,SAN DIEGO,ESCONDIDO,-117.11604309082033,33.129615783691406
9441258,2022,2022-05-25,3711,2022-05-03,1928,SD7937,NA,2,5,7,3711,0,0,0,NA,0,312,TIERRASANTA BL,TIERRASANTA BL  10600,0,NA,Y,A,-,N,NA,NA,NA,NA,NA,NA,NA,NA,NA,Y,4,0,1,3,A,-,00,22350,NA,N,A,C,A,A,H,-,C,A,0,NA,NA,NA,NA,Y,NA,A,01,0,0,1,0,0,0,0,0,0,-,-,NA,NA,SAN DIEGO,SAN DIEGO,-117.10418701171876,32.823394775390625
9441828,2022,2022-05-11,3702,2022-03-02,0755,CV1125,NA,3,5,6,3702,0,0,0,NA,0,023,EAST PALOMAR ST,NACION AV,0,NA,Y,A,-,N,NA,NA,NA,NA,NA,NA,NA,NA,NA,Y,4,0,2,2,D,-,00,NA,NA,N,D,C,A,A,H,-,A,A,0,NA,NA,NA,NA,Y,NA,-,-,0,0,2,0,0,0,0,0,0,-,-,NA,NA,SAN DIEGO,CHULA VISTA,-117.03883361816406,32.614723205566406
94419954,2024,2024-10-04,9680,2024-09-24,1825,020500,NA,2,2,9,3700,0,1,3,NA,1,091,ASH STREET,SR-78,0,NA,Y,A,-,Y,SD,NA,78,NA,NA,34.353,H,NA,R,N,4,0,2,2,A,-,09,21802,A,N,D,C,A,A,H,-,B,A,0,NA,NA,NA,NA,Y,Y,A,08,0,0,2,0,0,0,0,0,0,-,-,33.058528900146484,-116.8715362548828,SAN DIEGO,UNINCORPORATED,-116.87151336669922,33.058528900146484
94421794,2024,2024-10-07,9680,2024-09-27,920,018697,NA,5,1,9,3700,0,3,5,NA,2,003,VIEJAS  GRADE ROAD,RIVERSIDE DR,1900,W,N,A,-,N,NA,NA,NA,NA,NA,NA,NA,NA,NA,N,4,0,1,2,A,-,09,21804,A,N,D,C,A,A,H,-,A,D,0,NA,NA,Y,NA,Y,NA,A,07,0,0,1,0,0,0,0,0,1,-,-,32.85422134399414,-116.62158966064452,SAN DIEGO,UNINCORPORATED,-116.6213836669922,32.85408401489258
94422114,2024,2024-10-07,9645,2024-10-04,1608,022988,NA,5,2,7,3711,0,1,1,NA,2,017,I-15 N/B,SR-52 FREEWAY,550,N,N,A,-,Y,SD,NA,15,NA,R,10.624,H,NA,R,Y,3,0,1,2,A,-,03,22350,NA,N,C,C,A,A,H,-,A,D,0,NA,NA,NA,NA,Y,NA,A,01,0,1,0,0,0,0,0,0,0,-,-,32.84252166748047,-117.12008666992188,SAN DIEGO,SAN DIEGO,-117.12015533447266,32.8425407409668
94422604,2024,2024-10-08,9645,2024-09-05,2200,022099,NA,4,3,7,3711,0,1,3,NA,2,023,STATE ROUTE 163 N/B,FRIARS ROAD,1795,N,N,A,-,Y,SD,NA,163,NA,NA,4.74,H,NA,R,Y,4,0,2,2,A,-,02,22400,A,N,C,2,A,A,H,-,D,D,0,NA,NA,NA,NA,Y,NA,A,07,0,0,2,0,0,0,0,0,0,-,-,32.776771545410156,-117.16220855712892,SAN DIEGO,SAN DIEGO,-117.16219329833984,32.77677536010742
94423271,2024,2024-10-08,9645,2024-10-01,825,024015,NA,2,1,7,3711,0,1,3,NA,2,014,I-805 N/B FROM SR-52 W/B,I-805 FREEWAY,2112,E,N,A,-,Y,SD,NA,52,NA,NA,3.35,H,NA,R,Y,4,0,1,2,A,-,03,22350,NA,N,C,C,A,A,H,-,A,D,0,NA,NA,NA,NA,Y,NA,A,01,0,0,1,0,0,0,0,0,0,-,-,32.846580505371094,-117.18506622314452,SAN DIEGO,SAN DIEGO,-117.18508911132813,32.84666442871094
94426950,2024,2024-10-10,9645,2024-10-04,1313,016138,NA,5,1,7,3711,0,1,1,NA,2,017,I-15 SOUTHBOUND,H AVENUE O/C,907,S,N,A,-,Y,SD,NA,15,NA,R,11.315,H,NA,L,Y,3,0,2,2,A,-,08,22107,NA,N,C,C,A,A,H,-,A,D,0,NA,NA,NA,NA,Y,NA,A,01,0,2,0,0,0,0,0,0,0,-,-,32.85158920288086,-117.11614227294922,SAN DIEGO,SAN DIEGO,-117.11603546142578,32.851566314697266
94428386,2024,2024-10-11,9645,2024-09-30,1735,020992,NA,1,2,7,3711,0,1,1,NA,2,007,I-5 SOUTHBOUND,VIA DE LA VALLE,100,S,N,A,-,Y,SD,NA,5,NA,R,36.32,H,NA,L,N,3,0,1,2,A,-,03,22350,NA,N,C,C,A,A,H,-,A,D,0,NA,NA,NA,NA,Y,NA,D,22,0,1,0,0,0,0,0,0,0,-,-,32.98054122924805,-117.2534408569336,SAN DIEGO,SAN DIEGO,-117.25348663330078,32.980525970458984
94429834,2024,2024-10-14,9650,2024-09-27,2140,023524,NA,5,2,6,3710,0,1,3,NA,2,015,SR-78 W/B FROM EMERALD ON RAMP,EMERALD DR,20,W,N,A,-,Y,NA,NA,NA,NA,NA,NA,NA,NA,NA,N,3,0,1,2,A,-,09,21804,A,N,D,G,A,A,H,-,C,D,0,NA,Y,NA,NA,Y,NA,L,04,0,1,0,0,0,0,1,0,0,-,-,33.18915939331055,-117.2798080444336,SAN DIEGO,OCEANSIDE,-117.27946472167967,33.18840408325195
94430370,2024,2024-10-14,9645,2024-09-26,725,021617,NA,4,1,7,3711,0,1,1,NA,2,015,I-805 NB,BALBOA AVE,728,E,N,A,-,Y,SD,NA,805,NA,NA,21.493,H,NA,R,Y,4,0,1,4,A,-,03,22350,NA,N,B,A,A,A,H,-,A,D,0,NA,NA,Y,NA,Y,NA,C,02,0,0,1,0,0,0,0,0,1,-,-,32.81972122192383,-117.16120147705078,SAN DIEGO,SAN DIEGO,-117.1611785888672,32.81972885131836
94430940,2024,2024-10-15,9650,2024-08-29,1455,022851,NA,4,2,6,3710,0,1,1,NA,2,005,I-5 S/B,CASSIDY STREET O/C,453,N,N,A,-,Y,SD,NA,5,NA,R,51.679,H,NA,L,N,3,0,1,3,A,-,03,22350,NA,F,C,C,A,A,H,-,A,D,0,NA,NA,NA,NA,Y,NA,-,-,0,1,0,0,0,0,0,0,0,-,-,33.18267059326172,-117.35607147216795,SAN DIEGO,OCEANSIDE,-117.35610961914063,33.182647705078125
94431188,2024,2024-10-15,9650,2024-10-06,1505,022031,NA,7,2,6,3710,0,1,1,NA,2,005,I-5 S/B,CASSIDY ST,1355,N,N,B,-,Y,SD,NA,5,NA,R,51.728,H,NA,L,Y,3,0,1,2,A,-,03,22350,NA,N,C,C,A,A,H,-,A,D,0,NA,NA,Y,NA,Y,NA,C,02,0,1,0,0,0,0,0,0,1,-,-,33.18321990966797,-117.35659790039063,SAN DIEGO,OCEANSIDE,-117.35659027099608,33.1832275390625
9443134,2022,2022-05-03,3709,2022-04-08,1756,NC0541,NA,5,5,5,3709,0,0,0,NA,0,023,SWEETWATER RD,PLAZA BONITA RD,0,NA,Y,A,-,N,NA,NA,NA,NA,NA,NA,NA,NA,NA,Y,3,0,2,2,A,-,12,21453,A,N,A,C,A,A,H,-,A,A,0,NA,NA,NA,NA,Y,NA,A,07,0,1,1,0,0,0,0,0,0,-,-,NA,NA,SAN DIEGO,NATIONAL CITY,-117.06626129150392,32.65971374511719
94432811,2024,2024-10-16,9650,2024-10-08,1725,021992,NA,2,2,6,3706,0,1,3,NA,2,019,SR-78 E/B,BARHAM DR,1584,W,N,A,-,Y,SD,NA,78,NA,NA,13.594,H,NA,R,N,2,0,1,2,A,-,07,21658,A,N,B,C,A,A,H,-,A,D,0,NA,NA,Y,NA,Y,NA,A,07,1,0,0,0,0,0,0,0,1,-,-,33.13938903808594,-117.1522979736328,SAN DIEGO,ESCONDIDO,-117.15229034423828,33.13936233520508
9443339,2022,2022-05-11,3711,2022-04-25,0555,SD7667,NA,1,5,7,3711,0,0,0,NA,0,122,BERYL ST,LAMONT ST,0,NA,-,A,-,N,NA,NA,NA,NA,NA,NA,NA,NA,NA,N,3,0,2,2,A,-,21,22106,NA,N,C,C,A,A,H,-,A,A,0,NA,NA,NA,Y,Y,NA,A,01,0,1,1,0,0,0,0,0,0,-,-,NA,NA,SAN DIEGO,SAN DIEGO,-117.2373504638672,32.80752944946289
94433499,2024,2024-10-16,9650,2024-10-11,1355,021844,NA,5,1,6,3710,0,1,3,NA,2,015,SR-78 E/B,COLLEGE BLVD,2640,W,N,A,-,Y,SD,NA,78,NA,NA,2.757,H,NA,R,Y,4,0,1,2,A,-,03,22350,NA,N,C,C,A,A,H,-,A,D,0,NA,NA,NA,NA,Y,NA,D,22,0,0,1,0,0,0,0,0,0,-,-,33.18054962158203,-117.30583190917967,SAN DIEGO,OCEANSIDE,-117.30583953857422,33.180572509765625
9443649,2022,2022-05-12,3711,2022-04-22,1128,SD1140,NA,5,5,7,3711,0,0,0,NA,0,121,MISSION BL,SAN JUAN PL,0,NA,Y,A,-,N,NA,NA,NA,NA,NA,NA,NA,NA,NA,N,3,0,2,2,A,-,10,21950,A,N,G,B,B,A,H,-,A,D,0,Y,Y,NA,NA,Y,NA,L,04,0,1,1,0,1,0,1,0,0,-,-,NA,NA,SAN DIEGO,SAN DIEGO,-117.25260925292967,32.78041076660156
94439447,2024,2024-10-21,9680,2024-10-09,1944,023220,NA,3,2,9,3700,0,2,4,NA,1,026,SR-54 (JAMACHA ROAD),FURY LANE,138,E,N,A,-,N,NA,NA,NA,NA,NA,NA,NA,NA,NA,Y,4,0,3,4,A,-,03,22350,NA,N,C,C,A,A,H,-,C,A,0,NA,NA,NA,NA,Y,NA,D,22,0,0,3,0,0,0,0,0,0,-,-,32.743289947509766,-116.93374633789063,SAN DIEGO,UNINCORPORATED,-116.9339599609375,32.74323272705078
94439839,2024,2024-10-22,9650,2024-10-07,915,019979,NA,1,1,6,3706,0,1,3,NA,2,019,SR-78 WESTBOUND,NORDAHL RD,800,E,N,A,-,Y,SD,NA,78,NA,R,15.795,H,NA,L,N,4,0,1,5,A,-,03,22350,NA,N,C,C,A,A,H,-,A,D,0,NA,NA,NA,NA,Y,NA,D,22,0,0,1,0,0,0,0,0,0,-,-,33.13016128540039,-117.11670684814452,SAN DIEGO,ESCONDIDO,-117.11670684814452,33.130165100097656
94440571,2024,2024-10-22,9645,2024-10-16,1748,024012,NA,3,2,7,3711,0,1,1,NA,2,015,I-805 S/B,BALBOA AVENUE,250,N,N,B,-,Y,SD,NA,805,NA,NA,22.082,H,NA,L,Y,4,0,3,4,A,-,03,22350,NA,N,C,C,A,A,H,-,A,D,0,NA,NA,NA,NA,Y,NA,D,22,0,0,3,0,0,0,0,0,0,-,-,32.82733917236328,-117.16593170166016,SAN DIEGO,SAN DIEGO,-117.16595458984376,32.827327728271484
94443755,2024,2024-10-24,9650,2024-10-23,900,019426,NA,3,1,5,3712,0,1,3,NA,2,019,SR-78 E/B,NORDAHL RD,200,W,N,A,-,Y,SD,NA,78,NA,NA,15.353,H,NA,R,Y,4,0,1,2,A,-,03,22350,NA,N,C,C,A,A,H,-,A,D,0,NA,NA,NA,NA,Y,NA,A,01,0,0,1,0,0,0,0,0,0,-,-,33.13288879394531,-117.12351989746094,SAN DIEGO,SAN MARCOS,-117.12349700927734,33.13292694091797
94445329,2024,2024-10-25,9645,2024-10-15,925,024072,NA,2,1,7,3711,0,1,1,NA,2,019,I-15 SOUTHBOUND,MIRA MESA BOULEVARD,2482,N,N,B,-,Y,SD,NA,15,NA,M,16.419,H,NA,L,Y,3,0,1,3,A,-,03,22350,NA,N,E,I,A,A,H,-,A,D,0,NA,NA,Y,NA,Y,NA,C,02,0,1,0,0,0,0,0,0,1,-,-,32.9240608215332,-117.11538696289063,SAN DIEGO,SAN DIEGO,-117.1151885986328,32.92402648925781
94445581,2024,2024-10-25,9645,2024-10-17,1723,024012,NA,4,2,6,3702,0,1,1,NA,2,009,I-805 S/B,MAIN ST,400,N,N,B,-,Y,SD,NA,805,NA,NA,3.727,H,NA,L,N,4,0,1,2,A,-,03,22350,NA,N,C,C,A,A,H,-,A,D,0,NA,NA,NA,NA,Y,NA,D,22,0,0,1,0,0,0,0,0,0,-,-,32.59579849243164,-117.03652954101563,SAN DIEGO,CHULA VISTA,-117.03646850585938,32.59579849243164
94446056,2024,2024-10-25,9680,2024-10-15,1725,022622,NA,2,2,5,3781,0,1,3,NA,2,028,SR-125 S/B,PROSPECT AVE,1056,S,N,A,-,Y,SD,NA,125,NA,NA,21.647,H,NA,L,Y,2,0,1,2,A,-,03,22350,NA,N,C,C,A,A,H,-,A,D,0,NA,NA,Y,NA,Y,NA,C,02,1,0,0,0,0,0,0,0,1,-,-,32.82904815673828,-117.00341796875,SAN DIEGO,SANTEE,-117.00343322753906,32.82904815673828
9444679,2022,2022-06-27,3711,2022-05-18,1312,SD7997,NA,3,5,7,3711,0,0,0,NA,0,524,A ST,1ST AV,102,W,N,B,-,N,NA,NA,NA,NA,NA,NA,NA,NA,NA,N,4,0,1,2,A,-,04,21703,NA,N,C,C,A,A,H,-,A,A,0,NA,NA,NA,NA,Y,NA,D,22,0,0,1,0,0,0,0,0,0,-,-,NA,NA,SAN DIEGO,SAN DIEGO,-117.1638412475586,32.71883010864258
94448114,2024,2024-10-28,9680,2024-10-16,558,017025,NA,3,3,9,3700,0,3,5,NA,2,001,MAGNOLIA AVE,DENNY WAY,1139,N,N,B,-,N,NA,NA,NA,NA,NA,NA,NA,NA,NA,N,4,0,1,3,A,-,03,22350,NA,M,C,C,A,A,H,-,D,D,0,NA,NA,NA,NA,Y,NA,A,07,0,0,1,0,0,0,0,0,0,-,-,32.82392120361328,-116.96240997314452,SAN DIEGO,UNINCORPORATED,-116.96231842041016,32.82365417480469