CASE_ID,ACCIDENT_YEAR,PROC_DATE,JURIS,COLLISION_DATE,COLLISION_TIME,OFFICER_ID,REPORTING_DISTRICT,DAY_OF_WEEK,CHP_SHIFT,POPULATION,CNTY_CITY_LOC,SPECIAL_COND,BEAT_TYPE,CHP_BEAT_TYPE,CITY_DIVISION_LAPD,CHP_BEAT_CLASS,BEAT_NUMBER,PRIMARY_RD,SECONDARY_RD,DISTANCE,DIRECTION,INTERSECTION,WEATHER_1,WEATHER_2,STATE_HWY_IND,CALTRANS_COUNTY,CALTRANS_DISTRICT,STATE_ROUTE,ROUTE_SUFFIX,POSTMILE_PREFIX,POSTMILE,LOCATION_TYPE,RAMP_INTERSECTION,SIDE_OF_HWY,TOW_AWAY,COLLISION_SEVERITY,NUMBER_KILLED,NUMBER_INJURED,PARTY_COUNT,PRIMARY_COLL_FACTOR,PCF_CODE_OF_VIOL,PCF_VIOL_CATEGORY,PCF_VIOLATION,PCF_VIOL_SUBSECTION,HIT_AND_RUN,TYPE_OF_COLLISION,MVIW,PED_ACTION,ROAD_SURFACE,ROAD_COND_1,ROAD_COND_2,LIGHTING,CONTROL_DEVICE,CHP_ROAD_TYPE,PEDESTRIAN_ACCIDENT,BICYCLE_ACCIDENT,MOTORCYCLE_ACCIDENT,TRUCK_ACCIDENT,NOT_PRIVATE_PROPERTY,ALCOHOL_INVOLVED,STWD_VEHTYPE_AT_FAULT,CHP_VEHTYPE_AT_FAULT,COUNT_SEVERE_INJ,COUNT_VISIBLE_INJ,COUNT_COMPLAINT_PAIN,COUNT_PED_KILLED,COUNT_PED_INJURED,COUNT_BICYCLIST_KILLED,COUNT_BICYCLIST_INJURED,COUNT_MC_KILLED,COUNT_MC_INJURED,PRIMARY_RAMP,SECONDARY_RAMP,LATITUDE,LONGITUDE,COUNTY,CITY,POINT_X,POINT_Y
9489289,2022,2022-08-26,3711,2022-08-06,1847,SD5812,NA,6,5,7,3711,0,0,0,NA,0,126,GENESEE AV,JOHN JAY HOPKINS DR,0,NA,Y,A,-,N,NA,NA,NA,NA,NA,NA,NA,NA,NA,N,4,0,1,1,A,-,08,22107,NA,N,H,A,A,A,H,-,A,A,0,NA,NA,NA,NA,Y,NA,-,NA,0,0,1,0,0,0,0,0,0,-,-,NA,NA,SAN DIEGO,SAN DIEGO,-117.2391357421875,32.890968322753906
9489323,2022,2022-08-31,3708,2022-08-07,1515,LM1269,NA,7,5,5,3708,0,0,0,NA,0,002,GARFIELD ST,JEFFERSON AV,272,N,N,A,-,N,NA,NA,NA,NA,NA,NA,NA,NA,NA,Y,4,0,1,2,A,-,09,21801,A,N,B,C,A,A,H,-,A,-,0,NA,NA,NA,NA,Y,NA,-,NA,0,0,1,0,0,0,0,0,0,-,-,NA,NA,SAN DIEGO,LA MESA,-117.00598907470705,32.77171325683594
94895991,2025,2025-11-13,9680,2025-10-11,1100,023556,T617,6,1,9,3700,0,2,4,NA,1,013,WILDCAT CANYON ROAD,DUMP ROAD,10,N,N,A,-,N,NA,NA,NA,NA,NA,NA,NA,NA,NA,Y,2,0,1,1,A,-,03,22350,NA,N,F,A,A,A,H,-,A,A,0,NA,NA,Y,NA,Y,NA,C,02,1,0,0,0,0,0,0,0,1,-,-,32.94126892089844,-116.85726165771484,SAN DIEGO,UNINCORPORATED,NA,NA
94896779,2025,2025-10-22,9680,2025-10-12,1445,021501,NA,7,2,9,3700,0,1,3,NA,1,051,SR-79,STAGE ROAD,1584,N,N,A,-,Y,SD,NA,79,NA,NA,35.71,H,NA,R,Y,3,0,1,1,A,-,08,22107,NA,N,F,A,A,A,H,-,A,A,0,NA,NA,Y,NA,Y,NA,C,02,0,1,0,0,0,0,0,0,1,-,-,33.286380767822266,-116.6396484375,SAN DIEGO,UNINCORPORATED,-116.63965606689452,33.28632736206055
9489725,2022,2022-09-07,3705,2022-06-27,0820,EC0279,NA,1,5,5,3705,0,0,0,NA,0,002,BROADWAY AV,CHERRYWOOD WY,210,E,N,A,-,N,NA,NA,NA,NA,NA,NA,NA,NA,NA,Y,3,0,1,2,A,-,09,21804,A,N,D,C,A,A,H,-,A,-,0,NA,NA,NA,NA,Y,NA,A,01,0,1,0,0,0,0,0,0,0,-,-,NA,NA,SAN DIEGO,EL CAJON,-116.95305633544922,32.807701110839844
94898024,2025,2025-10-22,9680,2025-10-11,1755,023865,NA,6,2,9,3700,0,3,5,NA,2,001,PARKSIDE ST,RIVER ST,300,W,N,A,-,N,NA,NA,NA,NA,NA,NA,NA,NA,NA,N,4,0,1,2,A,-,05,21460,A,N,B,C,A,A,H,-,A,D,0,NA,NA,NA,NA,Y,NA,D,22,0,0,1,0,0,0,0,0,0,-,-,32.85834884643555,-116.92384338378906,SAN DIEGO,UNINCORPORATED,-116.9237060546875,32.85832977294922
9490045,2022,2022-09-08,3705,2022-07-14,1941,EC0407,NA,4,5,5,3705,0,0,0,NA,0,002,N MOLLISON AV,RT 8,0,NA,Y,A,-,N,NA,NA,NA,NA,NA,NA,NA,NA,NA,Y,4,0,1,2,A,-,12,21453,A,N,D,C,A,A,H,-,B,A,0,NA,NA,NA,NA,Y,NA,A,01,0,0,1,0,0,0,0,0,0,-,-,NA,NA,SAN DIEGO,EL CAJON,-116.95098114013672,32.802947998046875
9490371,2022,2022-08-31,3711,2022-08-12,1330,SD1566,NA,5,5,7,3711,0,0,0,NA,0,627,PARK BL,UNIVERSITY AV,25,N,N,A,-,N,NA,NA,NA,NA,NA,NA,NA,NA,NA,N,4,0,1,2,A,-,21,22106,NA,N,C,C,A,A,H,-,A,A,0,NA,NA,NA,NA,Y,NA,D,22,0,0,1,0,0,0,0,0,0,-,-,NA,NA,SAN DIEGO,SAN DIEGO,-117.14640045166016,32.74851989746094
94903811,2025,2025-10-27,9650,2025-10-20,1325,017392,NA,1,1,9,3700,0,3,5,NA,2,070,SAN DIEGUITO RD,CIRCA DEL NORTE,0,NA,Y,A,-,N,NA,NA,NA,NA,NA,NA,NA,NA,NA,N,4,0,1,2,A,-,09,21802,A,N,D,C,A,A,H,-,A,D,0,NA,NA,NA,NA,Y,NA,A,08,0,0,1,0,0,0,0,0,0,-,-,32.997108459472656,-117.1900634765625,SAN DIEGO,UNINCORPORATED,-117.18997192382813,32.99705123901367
94904450,2025,2025-10-28,9645,2025-10-11,1720,023850,NA,6,2,7,3711,0,3,5,NA,2,024,CAMINO SAN BERNARDO N/B,CAMINO DEL NORTE,25,S,N,A,-,N,NA,NA,NA,NA,NA,NA,NA,NA,NA,Y,4,0,2,2,A,-,08,22107,NA,N,D,C,A,A,H,-,A,A,0,NA,NA,NA,NA,Y,NA,-,-,0,0,2,0,0,0,0,0,0,-,-,33.013458251953125,-117.10455322265624,SAN DIEGO,SAN DIEGO,-117.10424041748048,33.0140495300293
9490452,2022,2022-09-06,3711,2022-08-19,0805,SD6104,NA,5,5,7,3711,0,0,0,NA,0,813,EL CAJON BL,30TH ST,0,NA,Y,A,-,N,NA,NA,NA,NA,NA,NA,NA,NA,NA,N,4,0,1,2,A,-,08,22100,A,N,B,C,A,A,H,-,A,A,0,NA,NA,NA,NA,Y,NA,I,11,0,0,1,0,0,0,0,0,0,-,-,NA,NA,SAN DIEGO,SAN DIEGO,-117.1301727294922,32.7552490234375
94904685,2025,2025-10-28,9680,2025-10-17,1417,023851,NA,5,2,9,3700,0,3,5,NA,2,002,JEFFERSON RD,OLIVE VISTA DR,0,NA,Y,A,-,N,NA,NA,NA,NA,NA,NA,NA,NA,NA,Y,4,0,1,2,A,-,09,21802,A,N,D,C,A,A,H,-,A,A,0,NA,NA,NA,NA,Y,NA,A,07,0,0,1,0,0,0,0,0,0,-,-,32.721580505371094,-116.87523651123048,SAN DIEGO,UNINCORPORATED,-116.87522888183594,32.721588134765625
9490497,2022,2022-09-14,3711,2022-08-07,1600,SD1605,NA,7,5,7,3711,0,0,0,NA,0,122,INGRAHAM ST,FELSPAR ST,0,NA,Y,A,-,N,NA,NA,NA,NA,NA,NA,NA,NA,NA,N,4,0,1,2,A,-,08,22107,NA,N,A,C,A,A,H,-,A,A,0,NA,NA,Y,NA,Y,NA,A,01,0,0,1,0,0,0,0,0,1,-,-,NA,NA,SAN DIEGO,SAN DIEGO,-117.24114227294922,32.8006706237793
94905789,2025,2025-10-28,9645,2025-09-19,1625,022512,NA,5,2,6,3702,0,1,1,NA,2,009,INTERSTATE 805 SOUTHBOUND,TELEGRAPH CANYON ROAD,480,N,N,A,-,Y,SD,NA,805,NA,NA,6.187,H,NA,L,Y,3,0,1,2,A,-,07,21658,A,N,B,C,A,A,H,-,A,D,0,NA,NA,Y,NA,Y,NA,A,01,0,1,0,0,0,0,0,0,1,-,-,32.63037872314453,-117.04451751708984,SAN DIEGO,CHULA VISTA,-117.04458618164063,32.63035583496094
94908049,2025,2025-10-30,9680,2025-10-18,1115,024564,NA,6,1,9,3700,0,3,5,NA,2,002,CALAVO DR,AVOCADO BLVD,600,W,N,A,-,N,NA,NA,NA,NA,NA,NA,NA,NA,NA,N,4,0,1,2,A,-,21,22106,NA,N,H,C,A,A,H,-,A,D,0,NA,NA,NA,NA,Y,NA,A,01,0,0,1,0,0,0,0,0,0,-,-,32.765350341796875,-116.96180725097656,SAN DIEGO,UNINCORPORATED,-116.9645767211914,32.74449157714844
94908955,2025,2025-10-30,9650,2025-10-28,750,024870,NA,2,1,5,3712,0,1,3,NA,2,019,"E/B 78, E/O NORDAHL",NORDAHL RD.,1056,E,N,A,-,Y,SD,NA,78,NA,R,15.653,H,NA,R,Y,3,0,2,3,A,-,03,22350,NA,N,C,C,A,A,H,-,A,D,0,NA,NA,NA,NA,Y,NA,A,01,0,2,0,0,0,0,0,0,0,-,-,33.13090896606445,-117.11894989013672,SAN DIEGO,SAN MARCOS,-117.11896514892578,33.130882263183594
9490911,2022,2022-09-13,3711,2022-08-04,2142,SD1324,NA,4,5,7,3711,0,0,0,NA,0,529,6TH AV,REDWOOD ST,0,NA,Y,A,-,N,NA,NA,NA,NA,NA,NA,NA,NA,NA,Y,4,0,1,3,B,-,22,NA,NA,N,C,E,A,A,H,-,C,D,0,NA,NA,NA,NA,Y,Y,A,01,0,0,1,0,0,0,0,0,0,-,-,NA,NA,SAN DIEGO,SAN DIEGO,-117.159423828125,32.73765182495117
94909394,2025,2025-10-31,9645,2025-10-09,715,020161,NA,4,1,7,3711,0,1,1,NA,2,011,I-805 N/B,LANDIS STREET,1200,S,N,A,-,Y,SD,NA,805,NA,NA,15.485,H,NA,R,N,2,0,1,2,A,-,08,22107,NA,N,B,C,A,A,H,-,A,D,0,NA,NA,Y,NA,Y,NA,C,02,1,0,0,0,0,0,0,0,1,-,-,32.74327087402344,-117.11795043945313,SAN DIEGO,SAN DIEGO,-117.117919921875,32.743289947509766
9490957,2022,2022-09-01,3711,2022-08-16,1240,SD6104,NA,2,5,7,3711,0,0,0,NA,0,824,COLLWOOD BL,MONROE AV,0,NA,Y,A,-,N,NA,NA,NA,NA,NA,NA,NA,NA,NA,Y,4,0,2,3,A,-,09,21453,C,N,D,C,A,A,H,-,A,A,0,NA,NA,NA,NA,Y,NA,A,01,0,0,2,0,0,0,0,0,0,-,-,NA,NA,SAN DIEGO,SAN DIEGO,-117.08065032958984,32.759891510009766
94913784,2025,2025-11-06,9645,2025-10-28,728,024759,NA,2,1,7,3711,0,1,1,NA,2,005,I-5 N/B,CLAIREMONT DRIVE,2640,S,N,E,-,Y,SD,NA,5,NA,R,21.749,H,NA,R,N,4,0,1,3,A,-,03,22350,NA,N,C,C,A,A,H,-,A,D,0,NA,NA,NA,NA,Y,NA,A,01,0,0,1,0,0,0,0,0,0,-,-,32.78329086303711,-117.2077407836914,SAN DIEGO,SAN DIEGO,-117.20766448974608,32.78327941894531
94915093,2025,2025-11-06,9650,2025-10-28,945,019979,NA,2,1,6,3706,0,1,3,NA,2,019,SR-78 E/B,NORDAHL RD,1100,E,N,A,-,Y,SD,NA,78,NA,R,15.946,H,NA,R,N,4,0,1,2,A,-,03,22350,NA,N,C,C,A,A,H,-,A,D,0,NA,NA,NA,NA,Y,NA,A,01,0,0,1,0,0,0,0,0,0,-,-,33.128971099853516,-117.11444854736328,SAN DIEGO,ESCONDIDO,-117.11447143554688,33.12893295288086
9491530,2022,2022-09-13,3711,2022-08-26,1436,SD1696,NA,5,5,7,3711,0,0,0,NA,0,511,SOUTH 28TH ST,MAIN ST,15,S,N,A,-,N,NA,NA,NA,NA,NA,NA,NA,NA,NA,N,4,0,1,2,A,-,08,22107,NA,N,B,C,A,-,-,-,A,A,0,NA,NA,NA,NA,Y,NA,-,NA,0,0,1,0,0,0,0,0,0,-,-,NA,NA,SAN DIEGO,SAN DIEGO,-117.13372802734376,32.6927604675293
9491533,2022,2022-09-13,3711,2022-08-25,1300,SD6639,NA,4,5,7,3711,0,0,0,NA,0,122,MISSION BL,MISSOURI ST,10,N,N,A,-,N,NA,NA,NA,NA,NA,NA,NA,NA,NA,N,3,0,1,2,A,-,08,22107,NA,N,B,G,A,A,-,-,A,D,0,NA,Y,NA,NA,Y,NA,A,01,0,1,0,0,0,0,1,0,0,-,-,NA,NA,SAN DIEGO,SAN DIEGO,-117.25662994384766,32.80028533935547
9491564,2022,2022-09-14,3700,2022-08-11,1615,SH0169,NA,4,5,4,3720,0,0,0,NA,0,607,PALM ST,WASHINGTON ST,54,E,N,A,-,N,NA,NA,NA,NA,NA,NA,NA,NA,NA,N,4,0,1,2,A,-,03,22350,NA,M,C,C,A,A,H,-,A,A,0,NA,NA,NA,NA,Y,NA,-,NA,0,0,1,0,0,0,0,0,0,-,-,NA,NA,SAN DIEGO,LEMON GROVE,-117.02312469482422,32.73469161987305
94915690,2025,2025-11-07,9650,2025-10-29,1905,020343,NA,3,2,9,3700,0,2,4,NA,1,027,VESPER RD,ALMONA WAY,700,W,N,A,-,N,NA,NA,NA,NA,NA,NA,NA,NA,NA,Y,4,0,1,1,A,-,08,22107,NA,N,E,I,A,A,H,-,D,D,0,NA,NA,NA,NA,Y,NA,A,01,0,0,1,0,0,0,0,0,0,-,-,33.235111236572266,-117.00750732421876,SAN DIEGO,UNINCORPORATED,-117.00724029541016,33.235164642333984
9491629,2022,2022-09-02,3700,2022-04-27,1246,SH0113,NA,3,5,5,3713,0,0,0,NA,0,315,LUPINE HILLS DR,COUNTRYWOOD LN,38,E,N,A,-,N,NA,NA,NA,NA,NA,NA,NA,NA,NA,Y,3,0,1,1,A,-,08,22107,NA,N,F,A,A,A,H,-,A,D,0,NA,NA,Y,NA,Y,NA,C,02,0,1,0,0,0,0,0,0,1,-,-,NA,NA,SAN DIEGO,VISTA,-117.2337646484375,33.17157745361328
9491761,2022,2022-09-14,3711,2022-08-05,0735,SD5968,NA,5,5,7,3711,0,0,0,NA,0,246,SCRIPPS POWAY PKWY,SUNSHINE PEAK CT,18,W,N,A,-,N,NA,NA,NA,NA,NA,NA,NA,NA,NA,Y,4,0,1,2,A,-,03,22350,NA,N,E,I,A,A,H,-,A,A,0,NA,NA,NA,NA,Y,NA,A,01,0,0,1,0,0,0,0,0,0,-,-,NA,NA,SAN DIEGO,SAN DIEGO,-117.07839965820313,32.93415069580078
94921246,2025,2025-11-12,9650,2025-11-02,1700,023741,NA,7,2,5,3701,0,1,1,NA,2,005,I-5 NORTHBOUND,LA COSTA AVENUE,500,N,N,A,-,Y,SD,NA,5,NA,R,44.266,H,NA,R,Y,3,0,1,2,A,-,03,22350,NA,N,C,C,A,A,H,-,B,D,0,NA,NA,NA,NA,Y,NA,A,01,0,1,0,0,0,0,0,0,0,-,-,33.08679962158203,-117.29947662353516,SAN DIEGO,CARLSBAD,-117.29957580566406,33.086753845214844
94922970,2025,2025-11-12,9650,2025-11-03,1750,023757,NA,1,2,5,3712,0,1,3,NA,2,019,SR-78 E/B,MISSION RD,1010,W,N,A,-,Y,SD,NA,78,NA,NA,14.84,H,NA,R,Y,3,0,2,2,A,-,03,22350,NA,N,C,C,A,A,H,-,C,D,0,NA,NA,NA,NA,Y,NA,A,07,0,2,0,0,0,0,0,0,0,-,-,33.1351203918457,-117.13176727294922,SAN DIEGO,SAN MARCOS,-117.13176727294922,33.1351432800293
94923813,2025,2025-11-12,9645,2025-11-03,1520,023901,NA,1,2,7,3711,0,1,1,NA,2,027,I-15 N/B,I-8 W/B,528,N,N,A,-,Y,SD,NA,15,NA,R,6.248,H,NA,R,Y,3,0,2,3,A,-,08,22107,NA,N,G,E,E,A,H,-,A,D,0,Y,NA,NA,NA,Y,NA,A,01,0,1,1,0,1,0,0,0,0,-,-,32.78025817871094,-117.11270141601563,SAN DIEGO,SAN DIEGO,-117.1127700805664,32.780242919921875
94924806,2025,2025-11-12,9645,2025-10-22,1830,024812,NA,3,2,7,3711,0,1,3,NA,2,023,SR-163 SOUTHBOUND,EL PRADO,1478,N,N,A,-,Y,SD,NA,163,NA,NA,1.718,H,NA,L,Y,3,0,1,3,A,-,03,22350,NA,N,C,C,A,A,H,-,A,D,0,NA,NA,NA,NA,Y,NA,A,07,0,1,0,0,0,0,0,0,0,-,-,32.73561096191406,-117.15603637695313,SAN DIEGO,SAN DIEGO,-117.1560287475586,32.73561096191406
94924983,2025,2025-11-12,9645,2025-10-30,1630,024570,NA,4,2,7,3711,0,1,1,NA,2,009,INTERSTATE 805 NORTHBOUND FROM PALM AVE,PALM AVENUE,1462,N,N,A,-,Y,SD,NA,805,NA,NA,3.201,H,NA,R,N,3,0,1,2,A,-,03,22350,NA,N,C,C,A,A,H,-,A,D,0,NA,NA,NA,NA,Y,NA,A,01,0,1,0,0,0,0,0,0,0,-,-,32.588130950927734,-117.0360870361328,SAN DIEGO,SAN DIEGO,-117.03621673583984,32.588130950927734
94925898,2025,2025-11-12,9645,2025-11-09,1900,024488,NA,7,2,7,3711,0,1,1,NA,2,009,I-805 S/B TO IMPERIAL AVENUE,IMPERIAL AVENUE,40,N,N,A,-,Y,NA,NA,NA,NA,NA,NA,NA,NA,NA,N,3,0,1,2,A,-,03,22350,NA,N,C,C,A,A,H,-,C,A,0,NA,NA,NA,NA,Y,NA,A,01,0,1,0,0,0,0,0,0,0,-,-,32.704368591308594,-117.0959701538086,SAN DIEGO,SAN DIEGO,-117.09520721435548,32.70425796508789
94925912,2025,2025-11-12,9650,2025-11-07,1302,021805,NA,5,1,6,3710,0,1,1,NA,2,005,I-5 S/B,CALIFORNIA ST,95,S,N,A,-,Y,SD,NA,5,NA,R,51.825,H,NA,L,Y,4,0,1,3,A,-,03,22350,NA,N,C,C,A,A,H,-,A,D,0,NA,NA,NA,NA,Y,NA,A,01,0,0,1,0,0,0,0,0,0,-,-,33.184349060058594,-117.35759735107422,SAN DIEGO,OCEANSIDE,-117.35755157470705,33.18437576293945
94927482,2025,2025-11-13,9650,2025-11-01,928,020673,NA,6,1,5,3701,0,1,1,NA,2,005,I-5 SOUTHBOUND,CANNON RD.,1400,S,N,B,-,Y,SD,NA,5,NA,R,47.694,H,NA,L,Y,4,0,2,3,A,-,01,23152,F,F,B,I,A,A,H,-,A,D,0,NA,NA,NA,NA,Y,NA,A,01,0,0,2,0,0,0,0,0,0,-,-,33.13079071044922,-117.32726287841795,SAN DIEGO,CARLSBAD,-117.327392578125,33.130733489990234
94930930,2025,2025-11-14,9645,2025-11-04,1440,017499,NA,2,2,5,3709,0,1,1,NA,2,009,I-805 NORTHBOUND,DIVISION ST UC,300,S,N,A,-,Y,SD,NA,805,NA,NA,10.976,H,NA,R,Y,4,0,1,2,A,-,03,22350,NA,N,C,C,A,A,H,-,A,D,0,NA,NA,Y,NA,Y,NA,C,02,0,0,1,0,0,0,0,0,1,-,-,32.68564987182617,-117.09040832519533,SAN DIEGO,NATIONAL CITY,-117.09046936035156,32.68559646606445
94933214,2025,2025-11-17,9650,2025-11-06,2150,022506,NA,4,2,9,3700,0,2,4,NA,2,061,S. MISSION ROAD,W. COLLEGE STREET,50,N,N,A,-,N,NA,NA,NA,NA,NA,NA,NA,NA,NA,Y,4,0,1,1,A,-,01,23152,F,N,E,I,A,A,H,-,C,D,0,NA,NA,NA,NA,Y,NA,A,01,0,0,1,0,0,0,0,0,0,-,-,33.37958908081055,-117.25351715087892,SAN DIEGO,UNINCORPORATED,-117.25362396240234,33.37949752807617
94933375,2025,2025-11-17,9645,2025-11-05,1320,024843,NA,3,1,7,3711,0,1,1,NA,2,011,I-805 N/B,SR-94,100,N,N,A,-,Y,SD,NA,805,NA,NA,13.538,H,NA,R,Y,3,0,3,4,A,-,03,22350,NA,N,C,C,A,A,H,-,A,D,0,NA,NA,NA,NA,Y,NA,A,01,0,3,0,0,0,0,0,0,0,-,-,32.71955871582031,-117.10257720947266,SAN DIEGO,SAN DIEGO,-117.1026611328125,32.71956253051758
94933977,2025,2025-11-17,9645,2025-11-15,1017,022845,NA,6,1,7,3711,0,1,1,NA,2,010,I-8 E/B FROM QUALCOMM WAY,QUALCOMM WAY,177,E,N,C,-,Y,SD,NA,8,NA,NA,3.862,H,NA,R,Y,3,0,2,2,A,-,03,22350,NA,N,E,I,A,B,H,-,A,D,0,NA,NA,NA,NA,Y,NA,D,22,0,2,0,0,0,0,0,0,0,-,-,32.769508361816406,-117.14034271240234,SAN DIEGO,SAN DIEGO,-117.14039611816406,32.76964569091797
94934109,2025,2025-11-17,9680,2025-11-04,1425,024830,NA,2,2,9,3700,0,3,5,NA,2,001,GREENFIELD DR,DIAMOND LN,42,E,N,A,-,N,NA,NA,NA,NA,NA,NA,NA,NA,NA,N,4,0,1,2,A,-,09,21801,A,N,D,C,A,A,H,-,A,D,0,NA,NA,NA,NA,Y,NA,A,01,0,0,1,0,0,0,0,0,0,-,-,32.81330108642578,-116.94685363769533,SAN DIEGO,UNINCORPORATED,-116.94678497314452,32.81332015991211
94934402,2025,2025-11-17,9680,2025-10-25,120,023984,NA,6,3,9,3700,0,3,5,NA,2,002,WHITESTONE RD,ELMDALE DR,48,N,N,A,-,N,NA,NA,NA,NA,NA,NA,NA,NA,NA,Y,3,0,5,4,A,-,08,22107,NA,N,C,4,A,A,H,-,C,D,0,NA,NA,NA,NA,Y,NA,A,07,0,4,1,0,0,0,0,0,0,-,-,32.717960357666016,-116.97753143310548,SAN DIEGO,UNINCORPORATED,-116.9775390625,32.717838287353516
9493514,2022,2022-10-12,3711,2022-08-22,1415,SD7660,NA,1,5,7,3711,0,0,0,NA,0,528,ASH ST,STATE ST,0,NA,Y,A,-,N,NA,NA,NA,NA,NA,NA,NA,NA,NA,N,4,0,2,2,A,-,12,21453,A,N,D,C,A,A,H,-,A,A,0,NA,NA,NA,NA,Y,NA,A,01,0,0,2,0,0,0,0,0,0,-,-,NA,NA,SAN DIEGO,SAN DIEGO,-117.16649627685548,32.7198600769043
9493679,2022,2022-09-20,3711,2022-07-17,1502,HB4531,NA,7,5,7,3711,0,0,0,NA,0,503,NORTH HARBOR DR,BULL NOSE,247,E,N,B,F,N,NA,NA,NA,NA,NA,NA,NA,NA,NA,N,2,0,1,2,A,-,03,22350,NA,N,B,G,A,A,G,-,A,D,0,NA,Y,NA,NA,Y,NA,A,01,1,0,0,0,0,0,1,0,0,-,-,NA,NA,SAN DIEGO,SAN DIEGO,NA,NA
94937246,2025,2025-11-19,9645,2025-11-05,1835,022765,NA,3,2,7,3711,0,1,1,NA,2,013,I-805 S/B,MESA COLLEGE DR. O/C,37,S,N,A,-,Y,SD,NA,805,NA,NA,20.21,H,NA,L,Y,2,0,1,2,A,-,03,22350,NA,N,B,C,A,A,H,-,C,D,0,NA,NA,Y,NA,Y,NA,C,02,1,0,0,0,0,0,0,0,1,-,-,32.80350875854492,-117.15077972412108,SAN DIEGO,SAN DIEGO,-117.15089416503906,32.803489685058594
9493802,2022,2022-09-26,3711,2022-08-18,1655,SD7461,NA,4,5,7,3711,0,0,0,NA,0,512,NATIONAL AV,28TH ST,0,NA,Y,A,-,N,NA,NA,NA,NA,NA,NA,NA,NA,NA,Y,4,0,2,1,A,-,03,22350,NA,N,A,I,A,A,H,-,A,A,0,NA,NA,NA,NA,Y,NA,A,01,0,0,2,0,0,0,0,0,0,-,-,NA,NA,SAN DIEGO,SAN DIEGO,-117.13379669189452,32.69593811035156
94938336,2025,2025-11-19,9645,2025-08-24,428,024450,NA,7,3,7,3711,0,1,3,NA,2,023,SR-163 S/B FROM WASHINGTON STREET,WASHINGTON STREET,155,N,N,A,-,Y,SD,NA,163,NA,NA,2.783,H,NA,L,Y,2,0,1,1,A,-,03,22350,NA,N,F,A,A,A,H,-,D,D,0,NA,NA,Y,NA,Y,NA,C,02,1,0,0,0,0,0,0,0,1,-,-,32.750850677490234,-117.1555633544922,SAN DIEGO,SAN DIEGO,-117.1554718017578,32.7508659362793
9494001,2022,2022-09-26,3711,2022-09-10,1445,SD6146,NA,6,5,7,3711,0,0,0,NA,0,242,MIRA MESA BL,GREENFORD DR,302,E,N,B,-,N,NA,NA,NA,NA,NA,NA,NA,NA,NA,N,4,0,1,2,A,-,04,21703,NA,N,C,C,A,A,H,-,A,D,0,NA,NA,NA,NA,Y,NA,J,48,0,0,1,0,0,0,0,0,0,-,-,NA,NA,SAN DIEGO,SAN DIEGO,-117.13224792480467,32.9144287109375
94944871,2025,2025-11-24,9645,2025-11-12,715,024747,NA,3,1,6,3702,0,1,1,NA,2,003,I-5 N/B,J STREET,1000,S,N,A,-,Y,SD,NA,5,NA,R,14.229,H,NA,R,Y,3,0,1,1,A,-,03,22350,NA,N,F,A,A,A,H,-,A,D,0,NA,NA,Y,NA,Y,NA,C,02,0,1,0,0,0,0,0,0,1,-,-,32.702880859375,-117.14498138427734,SAN DIEGO,CHULA VISTA,-117.14494323730467,32.70291519165039
94945351,2025,2025-11-24,9645,2025-11-07,1115,024513,NA,5,1,7,3711,0,1,1,NA,2,010,INTERSTATE 8 WESTBOUND,MISSION CITY PARKWAY,190.29,W,N,A,-,Y,SD,NA,8,NA,NA,4.823,H,NA,L,Y,3,0,2,2,A,-,03,22350,NA,N,C,C,A,A,H,-,A,D,0,NA,NA,NA,NA,Y,NA,A,08,0,2,0,0,0,0,0,0,0,-,-,32.77476119995117,-117.1251983642578,SAN DIEGO,SAN DIEGO,-117.12522888183594,32.77479553222656
94945463,2025,2025-11-24,9680,2025-11-01,1635,023648,NA,6,2,9,3700,0,3,5,NA,2,005,SUTHERLAND DAM RD,DAM OAKS DR,3170,N,N,A,-,N,NA,NA,NA,NA,NA,NA,NA,NA,NA,Y,2,0,2,1,A,-,08,22107,NA,N,F,A,A,A,H,-,A,D,0,NA,NA,NA,NA,Y,NA,D,22,1,1,0,0,0,0,0,0,0,-,-,33.108638763427734,-116.79041290283205,SAN DIEGO,UNINCORPORATED,-116.79055786132813,33.10859298706055
94945809,2025,2025-11-24,9645,2025-11-19,1530,022765,NA,3,2,7,3711,0,1,1,NA,2,011,I-805 S/B,I-805 S/B FROM SR-15 S/B OVERCROSSING,26,S,N,A,-,Y,SD,NA,805,NA,NA,15.062,H,NA,L,Y,4,0,2,4,A,-,03,22350,NA,N,C,C,A,A,H,-,A,D,0,NA,NA,NA,NA,Y,NA,A,07,0,0,2,0,0,0,0,0,0,-,-,32.7375602722168,-117.1147689819336,SAN DIEGO,SAN DIEGO,-117.11471557617188,32.73757553100586