CASE_ID,ACCIDENT_YEAR,PROC_DATE,JURIS,COLLISION_DATE,COLLISION_TIME,OFFICER_ID,REPORTING_DISTRICT,DAY_OF_WEEK,CHP_SHIFT,POPULATION,CNTY_CITY_LOC,SPECIAL_COND,BEAT_TYPE,CHP_BEAT_TYPE,CITY_DIVISION_LAPD,CHP_BEAT_CLASS,BEAT_NUMBER,PRIMARY_RD,SECONDARY_RD,DISTANCE,DIRECTION,INTERSECTION,WEATHER_1,WEATHER_2,STATE_HWY_IND,CALTRANS_COUNTY,CALTRANS_DISTRICT,STATE_ROUTE,ROUTE_SUFFIX,POSTMILE_PREFIX,POSTMILE,LOCATION_TYPE,RAMP_INTERSECTION,SIDE_OF_HWY,TOW_AWAY,COLLISION_SEVERITY,NUMBER_KILLED,NUMBER_INJURED,PARTY_COUNT,PRIMARY_COLL_FACTOR,PCF_CODE_OF_VIOL,PCF_VIOL_CATEGORY,PCF_VIOLATION,PCF_VIOL_SUBSECTION,HIT_AND_RUN,TYPE_OF_COLLISION,MVIW,PED_ACTION,ROAD_SURFACE,ROAD_COND_1,ROAD_COND_2,LIGHTING,CONTROL_DEVICE,CHP_ROAD_TYPE,PEDESTRIAN_ACCIDENT,BICYCLE_ACCIDENT,MOTORCYCLE_ACCIDENT,TRUCK_ACCIDENT,NOT_PRIVATE_PROPERTY,ALCOHOL_INVOLVED,STWD_VEHTYPE_AT_FAULT,CHP_VEHTYPE_AT_FAULT,COUNT_SEVERE_INJ,COUNT_VISIBLE_INJ,COUNT_COMPLAINT_PAIN,COUNT_PED_KILLED,COUNT_PED_INJURED,COUNT_BICYCLIST_KILLED,COUNT_BICYCLIST_INJURED,COUNT_MC_KILLED,COUNT_MC_INJURED,PRIMARY_RAMP,SECONDARY_RAMP,LATITUDE,LONGITUDE,COUNTY,CITY,POINT_X,POINT_Y
94945823,2025,2025-11-24,9680,2025-11-13,1640,024830,NA,4,2,9,3700,0,3,5,NA,2,002,PEPPER DR,WENATCHEE AVE,0,NA,Y,A,-,N,NA,NA,NA,NA,NA,NA,NA,NA,NA,Y,4,0,3,2,A,-,09,21802,A,N,A,C,A,A,H,-,A,A,0,NA,NA,NA,NA,Y,NA,A,07,0,0,3,0,0,0,0,0,0,-,-,32.82514190673828,-116.95555877685548,SAN DIEGO,UNINCORPORATED,-116.95550537109376,32.825096130371094
94947093,2025,2025-11-25,9645,2025-11-02,533,015270,NA,7,3,7,3711,0,1,3,NA,2,023,SR-163 NORTHBOUND,MESA COLLEGE DRIVE,20,S,N,E,F,Y,SD,NA,163,NA,NA,6.524,H,NA,R,Y,2,0,1,2,A,-,03,22350,NA,N,D,2,A,A,H,-,D,D,0,NA,NA,NA,NA,Y,NA,A,01,1,0,0,0,0,0,0,0,0,-,-,32.80167007446289,-117.15522003173828,SAN DIEGO,SAN DIEGO,-117.15530395507813,32.801692962646484
94947694,2025,2025-11-25,9645,2025-11-03,1430,022512,NA,1,2,5,3709,0,1,3,NA,2,008,STATE ROUTE 54 WESTBOUND TO HIGHLAND AVENUE,HIGHLAND AVENUE,885,E,N,A,-,Y,SD,NA,54,NA,NA,1.091,H,NA,L,N,4,0,1,2,A,-,03,22350,NA,N,C,C,A,A,H,-,A,D,0,NA,NA,NA,NA,Y,NA,A,07,0,0,1,0,0,0,0,0,0,-,-,32.65769958496094,-117.0876007080078,SAN DIEGO,NATIONAL CITY,-117.08750152587892,32.65755844116211
94947965,2025,2025-11-26,9650,2025-11-20,730,020673,NA,4,1,5,3701,0,1,1,NA,2,005,I-5 S/B,CANNON RD.,3725,N,N,B,-,Y,SD,NA,5,NA,R,48.691,H,NA,L,N,4,0,1,2,A,-,03,22350,NA,N,C,C,A,A,H,-,A,D,0,NA,NA,NA,NA,Y,NA,D,22,0,0,1,0,0,0,0,0,0,-,-,33.14413833618164,-117.33358764648438,SAN DIEGO,CARLSBAD,-117.33370971679688,33.144134521484375
94948561,2025,2025-11-26,9645,2025-11-14,1544,024508,NA,5,2,7,3711,0,1,1,NA,2,011,I-805 NORTHBOUND FROM UNIVERSITY AVE.,UNIVERISTY AVE.,180,S,N,C,-,Y,SD,NA,805,NA,NA,15.902,H,NA,R,Y,3,0,2,2,A,-,03,22350,NA,N,D,C,A,B,H,-,A,D,0,NA,NA,NA,NA,Y,NA,A,01,0,1,1,0,0,0,0,0,0,-,-,32.748199462890625,-117.12198638916016,SAN DIEGO,SAN DIEGO,-117.1220245361328,32.74818420410156
94949321,2025,2025-11-26,9645,2025-11-07,1840,022512,NA,5,2,7,3711,0,1,3,NA,2,023,STATE ROUTE 163 SOUTHBOUND,MESA COLLEGE DRIVE,830,N,N,A,-,Y,SD,NA,163,NA,NA,6.699,H,NA,L,Y,4,0,1,3,A,-,03,22350,NA,N,C,C,A,A,H,-,C,D,0,NA,NA,NA,NA,Y,NA,A,01,0,0,1,0,0,0,0,0,0,-,-,32.80411911010742,-117.1547622680664,SAN DIEGO,SAN DIEGO,-117.15469360351563,32.80410385131836
94952640,2025,2025-12-01,9680,2025-11-15,1225,023556,NA,6,1,9,3700,0,1,3,NA,2,028,SR-125 S/B,JAMACHA ROAD,8923,N,N,C,-,Y,SD,NA,125,NA,NA,12.305,H,NA,L,Y,4,0,2,1,A,-,03,22350,NA,N,E,I,A,B,H,-,A,D,0,NA,NA,NA,NA,Y,NA,A,01,0,0,2,0,0,0,0,0,0,-,-,32.73917007446289,-117.01577758789063,SAN DIEGO,UNINCORPORATED,-117.01587677001952,32.73917007446289
94952853,2025,2025-12-01,9680,2025-11-18,1650,024178,NA,2,2,9,3700,0,1,3,NA,1,091,SR-78 (MAIN ST),6TH ST,175,E,N,B,-,Y,SD,NA,78,NA,NA,36,H,NA,R,Y,3,0,1,2,A,-,09,21804,A,N,D,C,A,B,H,-,A,D,0,NA,NA,NA,NA,Y,NA,A,01,0,1,0,0,0,0,0,0,0,-,-,33.04576110839844,-116.86168670654295,SAN DIEGO,UNINCORPORATED,-116.86172485351563,33.04580307006836
94958056,2025,2025-12-04,9680,2025-11-08,2010,023932,NA,6,2,9,3700,0,3,5,NA,2,002,SWEETWATER SPRINGS BLVD,ROTHGARD RD,115,N,N,A,-,N,NA,NA,NA,NA,NA,NA,NA,NA,NA,Y,4,0,1,3,A,-,01,23152,A,N,C,C,A,A,H,-,C,A,0,NA,NA,NA,NA,Y,Y,A,01,0,0,1,0,0,0,0,0,0,-,-,32.737159729003906,-116.97191619873048,SAN DIEGO,UNINCORPORATED,-116.97250366210938,32.73936462402344
94958406,2025,2025-12-04,9680,2025-11-25,1105,020500,NA,2,1,9,3700,0,2,4,NA,1,095,SAN VICENTE RD,CAMINO ARRIBA,565,E,N,A,-,N,NA,NA,NA,NA,NA,NA,NA,NA,NA,Y,2,0,1,2,A,-,05,21651,B,N,A,C,A,A,H,-,A,D,0,NA,NA,NA,NA,Y,NA,M,96,1,0,0,0,0,0,0,0,0,-,-,33.00300979614258,-116.80850982666016,SAN DIEGO,UNINCORPORATED,-116.80850982666016,33.003196716308594
94960009,2025,2025-12-05,9680,2025-11-24,1405,021584,NA,1,2,9,3700,0,1,3,NA,1,090,RT 67,14TH STREET,55,S,N,A,-,Y,SD,NA,67,NA,NA,23.935,H,NA,R,Y,3,0,3,3,A,-,03,22350,NA,N,C,C,A,A,H,-,A,A,0,NA,NA,NA,NA,Y,NA,D,22,0,1,2,0,0,0,0,0,0,-,-,33.03837966918945,-116.87523651123048,SAN DIEGO,UNINCORPORATED,-116.8751983642578,33.03832244873047
94960051,2025,2025-12-05,9650,2025-11-01,1515,021876,NA,6,2,9,3700,0,1,1,NA,2,022,I-15 N/B,MISSION RD,1584,S,N,A,-,Y,SD,NA,15,NA,R,50.285,H,NA,R,Y,2,0,1,2,A,-,03,22350,NA,N,C,C,A,A,H,-,A,D,0,NA,NA,Y,NA,Y,NA,C,03,1,0,0,0,0,0,0,0,1,-,-,33.38285827636719,-117.17400360107422,SAN DIEGO,UNINCORPORATED,-117.17397308349608,33.38286590576172
9496168,2022,2022-08-29,3702,2022-07-09,1159,CV1278,NA,6,5,6,3702,0,0,0,NA,0,041,OLYMPIC PKWY,HERITAGE RD,0,NA,Y,A,-,N,NA,NA,NA,NA,NA,NA,NA,NA,NA,Y,2,0,2,2,A,-,09,21453,C,N,D,C,A,A,H,-,A,D,0,NA,NA,NA,NA,Y,NA,A,01,2,0,0,0,0,0,0,0,0,-,-,NA,NA,SAN DIEGO,CHULA VISTA,-117.00212860107422,32.617008209228516
9496255,2022,2022-08-25,3702,2022-07-09,1436,CV1278,NA,6,5,6,3702,0,0,0,NA,0,041,HERITAGE RD,MAIN ST,156,S,N,A,-,N,NA,NA,NA,NA,NA,NA,NA,NA,NA,N,4,0,1,2,A,-,03,22350,NA,N,C,C,A,A,H,-,A,A,0,NA,NA,NA,NA,Y,Y,A,01,0,0,1,0,0,0,0,0,0,-,-,NA,NA,SAN DIEGO,CHULA VISTA,-117.00540161132813,32.592777252197266
94963905,2025,2025-12-09,9680,2025-02-28,1710,022554,NA,5,2,9,3700,0,1,3,NA,1,091,SR-78,INDIAN OAKS RD.,530,E,N,B,-,Y,SD,NA,78,NA,NA,32.375,H,NA,R,Y,3,0,1,2,A,-,01,23152,A,N,B,C,A,A,H,-,A,D,0,NA,NA,NA,NA,Y,Y,D,22,0,1,0,0,0,0,0,0,0,-,-,33.07061004638672,-116.89569854736328,SAN DIEGO,UNINCORPORATED,-116.89571380615234,33.070594787597656
94965974,2025,2025-12-10,9645,2025-12-02,935,022243,NA,2,1,7,3711,0,1,3,NA,2,006,SR 94 W/B,25TH ST,450,E,N,A,-,Y,SD,NA,94,NA,NA,1.94,H,NA,L,Y,4,0,3,2,A,-,03,22350,NA,N,C,C,A,A,H,-,A,D,0,NA,NA,NA,NA,Y,NA,A,01,0,0,3,0,0,0,0,0,0,-,-,32.71335983276367,-117.13874816894533,SAN DIEGO,SAN DIEGO,-117.13874816894533,32.713279724121094
9496751,2022,2022-08-30,3711,2022-08-04,1620,SD7461,NA,4,5,7,3711,0,0,0,NA,0,315,CAMINO DEL RIO,AUTO PARK CIR,791,E,N,A,-,N,NA,NA,NA,NA,NA,NA,NA,NA,NA,Y,4,0,2,2,A,-,09,21804,A,N,D,C,A,A,H,-,A,D,0,NA,NA,NA,NA,Y,NA,A,01,0,0,2,0,0,0,0,0,0,-,-,NA,NA,SAN DIEGO,SAN DIEGO,NA,NA
94967515,2025,2025-12-11,9680,2025-11-28,730,021200,NA,5,1,5,3705,0,1,1,NA,2,081,I-8 W/B,GROSSMONT BLVD,700,E,N,A,-,Y,SD,NA,8,NA,NA,13.171,H,NA,L,N,4,0,2,2,A,-,07,21658,A,N,C,C,A,A,H,-,A,A,0,NA,NA,NA,NA,Y,NA,A,01,0,0,2,0,0,0,0,0,0,-,-,32.77919006347656,-116.98829650878906,SAN DIEGO,EL CAJON,-116.9883041381836,32.779136657714844
94967546,2025,2025-12-11,9680,2025-12-01,753,023077,NA,1,1,9,3700,0,3,5,NA,2,002,FOLKESTONE ST,BLOSSOM LN,10,S,N,A,-,N,NA,NA,NA,NA,NA,NA,NA,NA,NA,N,4,0,1,2,A,-,03,22350,NA,N,C,C,A,A,H,-,A,A,0,NA,NA,NA,NA,Y,NA,A,01,0,0,1,0,0,0,0,0,0,-,-,32.72488021850586,-117.01921081542967,SAN DIEGO,UNINCORPORATED,-117.0192413330078,32.724891662597656
9496828,2022,2022-09-26,3711,2022-08-25,0022,SD6946,NA,4,5,7,3711,0,0,0,NA,0,315,FRIARS RD,NORTHSIDE DR,24,W,N,A,-,N,NA,NA,NA,NA,NA,NA,NA,NA,NA,Y,4,0,1,2,A,-,08,22107,NA,N,B,C,A,A,H,-,A,D,0,NA,NA,NA,NA,Y,NA,A,01,0,0,1,0,0,0,0,0,0,-,-,NA,NA,SAN DIEGO,SAN DIEGO,-117.12791442871094,32.78403091430664
94968392,2025,2025-12-11,9680,2025-09-27,206,024202,NA,6,3,9,3700,0,3,5,NA,2,003,GRANITE HILLS DR,LEXINGTON AVE,96,S,N,A,-,N,NA,NA,NA,NA,NA,NA,NA,NA,NA,Y,3,0,1,2,A,-,01,23152,A,N,A,2,A,A,H,-,C,A,0,NA,NA,NA,NA,Y,Y,A,07,0,1,0,0,0,0,0,0,0,-,-,32.792449951171875,-116.9207000732422,SAN DIEGO,UNINCORPORATED,-116.92066955566406,32.792476654052734
94968584,2025,2025-12-11,9645,2025-10-31,2335,024635,NA,5,3,7,3711,0,1,1,NA,2,019,I-15 SOUTHBOUND,POMERADO ROAD,100,S,N,A,-,Y,SD,NA,15,NA,M,14.257,H,NA,L,Y,4,0,1,2,A,-,03,22350,NA,N,C,C,A,A,H,-,C,D,0,NA,NA,NA,NA,Y,NA,A,01,0,0,1,0,0,0,0,0,0,-,-,32.8928108215332,-117.11527252197266,SAN DIEGO,SAN DIEGO,-117.11538696289063,32.892784118652344
94970068,2025,2025-12-12,9680,2025-12-02,1735,024827,NA,2,2,5,3708,0,1,3,NA,2,028,SR-125 S/B,CHATHAM ST,1056,S,N,A,-,Y,SD,NA,125,NA,NA,19.207,H,NA,L,N,3,0,2,2,A,-,03,22350,NA,N,C,C,A,A,H,-,C,D,0,NA,NA,NA,NA,Y,NA,A,07,0,1,1,0,0,0,0,0,0,-,-,32.794700622558594,-117.00586700439452,SAN DIEGO,LA MESA,-117.00587463378906,32.794700622558594
9497213,2022,2022-09-14,3711,2022-08-15,2326,SD6146,NA,1,5,7,3711,0,0,0,NA,0,327,MONTEZUMA RD,RESERVOIR DR,20,W,N,A,-,N,NA,NA,NA,NA,NA,NA,NA,NA,NA,Y,2,0,1,2,A,-,11,21954,A,F,G,B,D,A,H,-,C,A,0,Y,NA,NA,NA,Y,NA,N,60,1,0,0,0,1,0,0,0,0,-,-,NA,NA,SAN DIEGO,SAN DIEGO,-117.05658721923828,32.769020080566406
94972201,2025,2025-12-15,9645,2025-12-03,1615,023923,NA,3,2,7,3711,0,1,3,NA,2,025,SR-163 NB,GENESEE AVE,792,N,N,A,-,Y,SD,NA,163,NA,NA,5.975,H,NA,R,Y,4,0,1,2,A,-,03,22350,NA,N,C,C,A,A,H,-,B,D,0,NA,NA,NA,NA,Y,NA,A,01,0,0,1,0,0,0,0,0,0,-,-,32.794071197509766,-117.15792846679688,SAN DIEGO,SAN DIEGO,-117.15808868408205,32.79410934448242
94972426,2025,2025-12-15,9645,2025-12-11,1620,024170,NA,4,2,5,3709,0,1,3,NA,2,008,STATE ROUTE 54 EASTBOUND,REO DRIVE,300,W,N,A,-,Y,SD,NA,54,NA,NA,2.545,H,NA,R,N,4,0,2,2,A,-,07,21658,A,N,B,C,A,A,H,-,A,D,0,NA,NA,Y,NA,Y,NA,A,01,0,0,2,0,0,0,0,0,1,-,-,32.66250991821289,-117.06424713134766,SAN DIEGO,NATIONAL CITY,-117.06426239013672,32.66254806518555
94974815,2025,2025-12-16,9645,2025-12-05,1435,020992,NA,5,2,7,3711,0,1,1,NA,2,015,I-805 NORTHBOUND,SORRENTO VALLEY ROAD,150,N,N,A,-,Y,SD,NA,805,NA,NA,27.103,H,NA,R,N,3,0,1,2,A,-,03,22350,NA,N,C,C,A,A,H,-,A,D,0,NA,NA,NA,NA,Y,NA,A,07,0,1,0,0,0,0,0,0,0,-,-,32.890968322753906,-117.20629119873048,SAN DIEGO,SAN DIEGO,-117.20636749267578,32.89088821411133
94974912,2025,2025-12-16,9650,2025-12-04,1630,024744,NA,4,2,9,3700,0,2,4,NA,2,063,RECHE ROAD,COLINA VISTA,120,W,N,A,-,N,NA,NA,NA,NA,NA,NA,NA,NA,NA,Y,2,0,5,3,A,-,08,22107,NA,N,E,9,A,A,H,-,A,D,0,NA,NA,NA,NA,Y,NA,A,07,3,2,0,0,0,0,0,0,0,-,-,33.36397171020508,-117.1909408569336,SAN DIEGO,UNINCORPORATED,-117.19084167480467,33.363948822021484
94975004,2025,2025-12-16,9650,2025-12-15,1040,017828,NA,1,1,9,3700,0,1,1,NA,2,003,I-5 S/B,DONALD COOK ROAD,2640,N,N,B,-,Y,SD,NA,5,NA,R,58.87,H,NA,L,Y,4,0,1,1,A,-,08,22107,NA,N,E,I,A,A,H,-,A,A,0,NA,NA,NA,NA,Y,NA,A,01,0,0,1,0,0,0,0,0,0,-,-,33.26251983642578,-117.4301528930664,SAN DIEGO,UNINCORPORATED,-117.43019104003906,33.26249694824219
94976175,2025,2025-12-17,9680,2025-07-06,220,023909,NA,7,3,9,3700,0,3,5,NA,2,001,EL MONTE RD,LAKE JENNINGS PARK RD,1584,E,N,A,-,N,NA,NA,NA,NA,NA,NA,NA,NA,NA,Y,3,0,1,1,A,-,01,23152,A,N,E,I,A,A,H,-,D,D,0,NA,NA,NA,NA,Y,Y,A,01,0,1,0,0,0,0,0,0,0,-,-,32.86410140991211,-116.89808654785156,SAN DIEGO,UNINCORPORATED,-116.89830780029295,32.86378479003906
94976314,2025,2025-12-17,9645,2025-12-08,450,024812,NA,1,3,7,3711,0,1,1,NA,2,011,I-805 NORTHBOUND,ORANGE AVENUE,45,S,N,A,-,Y,SD,NA,805,NA,NA,16.291,H,NA,R,N,4,0,1,2,A,-,03,22350,NA,F,C,C,A,A,H,-,D,D,0,NA,NA,NA,NA,Y,Y,-,99,0,0,1,0,0,0,0,0,0,-,-,32.75341033935547,-117.12420654296876,SAN DIEGO,SAN DIEGO,-117.12421417236328,32.7534065246582
94976435,2025,2025-12-17,9645,2025-12-16,1410,022765,NA,2,2,7,3711,0,1,1,NA,2,015,I-805 S/B,GOVERNOR DRIVE U/C,2530,N,N,A,-,Y,SD,NA,805,NA,NA,24.933,H,NA,L,N,4,0,1,2,A,-,03,22350,NA,N,C,C,A,A,H,-,A,D,0,NA,NA,NA,NA,Y,NA,D,22,0,0,1,0,0,0,0,0,0,-,-,32.86362075805664,-117.18917846679688,SAN DIEGO,SAN DIEGO,-117.18921661376952,32.86359786987305
94977526,2025,2025-12-18,9680,2025-12-07,1315,023648,NA,7,1,9,3700,0,3,5,NA,2,002,ELKELTON BLVD,JAMACHA RD,491,S,N,A,-,N,NA,NA,NA,NA,NA,NA,NA,NA,NA,Y,3,0,2,2,A,-,09,21804,A,N,D,C,A,A,H,-,A,D,0,NA,NA,NA,NA,Y,NA,A,01,0,1,1,0,0,0,0,0,0,-,-,32.71345138549805,-117.0169677734375,SAN DIEGO,UNINCORPORATED,-117.01712799072266,32.71363830566406
94980013,2025,2025-12-22,9650,2025-03-03,47,023084,NA,1,3,9,3700,0,3,5,NA,2,030,VANDEGRIFT BOULEVARD,WIRE MOUNTAIN ROAD,230,S,N,B,-,N,NA,NA,NA,NA,NA,NA,NA,NA,NA,N,2,0,6,1,A,-,03,22350,NA,N,E,I,A,A,H,-,C,D,0,NA,NA,NA,NA,Y,NA,A,01,5,1,0,0,0,0,0,0,0,-,-,33.21548843383789,-117.38797760009766,SAN DIEGO,UNINCORPORATED,-117.38800811767578,33.21547317504883
9498343,2022,2022-10-13,3705,2022-08-31,1315,RC0383,NA,3,5,5,3705,0,0,0,NA,0,001,N MARSHALL AV,ARNELE AV,0,NA,Y,A,-,N,NA,NA,NA,NA,NA,NA,NA,NA,NA,N,3,0,1,2,A,-,10,21950,A,N,G,B,B,A,H,-,A,A,0,Y,NA,NA,NA,Y,NA,A,01,0,1,0,0,1,0,0,0,0,-,-,NA,NA,SAN DIEGO,EL CAJON,-116.97550964355467,32.80393981933594
94983545,2025,2025-12-23,9680,2025-12-11,1850,021584,NA,4,2,9,3700,0,3,5,NA,2,005,WYNOLA RD,STATE ROUTE 78,10560,E,N,A,-,N,NA,NA,NA,NA,NA,NA,NA,NA,NA,Y,3,0,1,1,A,-,08,22107,NA,N,F,A,A,A,H,-,D,D,0,NA,NA,NA,NA,Y,NA,A,01,0,1,0,0,0,0,0,0,0,-,-,33.096988677978516,-116.62068939208984,SAN DIEGO,UNINCORPORATED,-116.59403228759766,33.09608840942383
94984558,2025,2025-12-23,9650,2025-12-15,1306,017828,NA,1,1,9,3700,0,1,1,NA,2,001,I-5 N/B,CRISTIANITOS RD,2640,S,N,B,-,Y,SD,NA,5,NA,R,71.766,H,NA,R,Y,4,0,2,2,A,-,08,22107,NA,N,B,C,A,A,H,-,A,D,0,NA,NA,NA,NA,Y,NA,A,01,0,0,2,0,0,0,0,0,0,-,-,33.38916015625,-117.58821868896484,SAN DIEGO,UNINCORPORATED,-117.5881805419922,33.38917922973633
94985772,2025,2025-12-24,9680,2025-10-10,1250,021764,NA,5,1,9,3700,0,3,5,NA,2,001,ASHWOOD ST,MAPLEVIEW ST,53,N,N,A,-,N,NA,NA,NA,NA,NA,NA,NA,NA,NA,N,3,0,2,2,A,-,03,22350,NA,F,C,C,A,A,H,-,A,D,0,NA,NA,NA,NA,Y,NA,A,07,0,2,0,0,0,0,0,0,0,-,-,32.863861083984375,-116.91790771484376,SAN DIEGO,UNINCORPORATED,-116.91783905029295,32.86373519897461
9498726,2022,2022-12-07,3711,2022-11-27,1838,SD8695,NA,7,5,7,3711,0,0,0,NA,0,122,BAYARD ST,GRAND AV,0,NA,Y,A,-,N,NA,NA,NA,NA,NA,NA,NA,NA,NA,N,3,0,1,2,A,-,10,21950,A,N,G,B,B,A,H,-,C,A,0,Y,NA,NA,NA,Y,NA,D,22,0,1,0,0,1,0,0,0,0,-,-,NA,NA,SAN DIEGO,SAN DIEGO,-117.25308227539063,32.795127868652344
94987358,2025,2025-12-26,9680,2025-12-16,723,023077,NA,2,1,9,3700,0,2,4,NA,1,025,SWEETWATER RD,BLOSSOM LN,0,NA,Y,A,-,N,NA,NA,NA,NA,NA,NA,NA,NA,NA,N,3,0,1,1,A,-,08,22107,NA,N,F,A,A,A,H,-,A,A,0,NA,Y,NA,NA,Y,NA,M,91,0,1,0,0,0,0,1,0,0,-,-,32.724830627441406,-117.01416778564452,SAN DIEGO,UNINCORPORATED,-117.01409149169922,32.724910736083984
94988297,2025,2025-12-29,9645,2025-12-11,1805,023628,NA,4,2,7,3711,0,1,1,NA,2,007,INTERSTATE 5 SOUTHBOUND,GENESEE AVENUE,1056,N,N,A,-,Y,SD,NA,5,NA,R,29.654,H,NA,L,Y,4,0,3,4,A,-,03,22350,NA,N,C,C,A,A,H,-,D,D,0,NA,NA,NA,NA,Y,NA,D,22,0,0,3,0,0,0,0,0,0,-,-,32.89004135131836,-117.22765350341795,SAN DIEGO,SAN DIEGO,-117.22760009765624,32.890037536621094
9499175,2022,2022-10-21,3710,2022-10-04,1757,OC1495,NA,2,5,6,3710,0,0,0,NA,0,010,MISSION AV,CANYON DR,0,NA,Y,A,-,N,NA,NA,NA,NA,NA,NA,NA,NA,NA,Y,4,0,3,3,A,-,12,21453,A,N,D,C,A,A,H,-,A,A,0,NA,NA,NA,NA,Y,NA,A,01,0,0,3,0,0,0,0,0,0,-,-,NA,NA,SAN DIEGO,OCEANSIDE,-117.36431884765624,33.20427703857422
94991919,2025,2025-12-30,9645,2025-11-16,0,024450,NA,7,3,7,3711,0,1,1,NA,2,021,SR-15 S/B,OCEAN VIEW BLVD,1700,N,N,B,-,Y,SD,NA,15,NA,R,0.916,H,NA,L,Y,3,0,2,2,A,-,01,23152,A,N,C,2,A,B,H,-,C,D,0,NA,NA,NA,NA,Y,Y,A,01,0,2,0,0,0,0,0,0,0,-,-,32.70603942871094,-117.12064361572266,SAN DIEGO,SAN DIEGO,-117.12059783935548,32.70603561401367
9499198,2022,2022-10-25,3711,2022-10-09,1330,SD8334,NA,7,5,7,3711,0,0,0,NA,0,432,MERLIN DR,IMPERIAL AV,0,NA,N,A,-,N,NA,NA,NA,NA,NA,NA,NA,NA,NA,N,4,0,1,2,A,-,03,22350,NA,M,C,C,A,A,H,-,A,D,0,NA,NA,NA,NA,Y,NA,-,99,0,0,1,0,0,0,0,0,0,-,-,NA,NA,SAN DIEGO,SAN DIEGO,-117.0710678100586,32.70907974243164
9499202,2022,2022-10-24,3711,2022-10-10,1730,SD1706,NA,1,5,7,3711,0,0,0,NA,0,611,TRUXTUN RD,WASP WY,0,NA,Y,A,-,N,NA,NA,NA,NA,NA,NA,NA,NA,NA,N,3,0,1,1,D,-,00,NA,NA,N,H,-,A,A,H,-,A,D,0,NA,Y,NA,NA,Y,NA,-,-,0,1,0,0,0,0,1,0,0,-,-,NA,NA,SAN DIEGO,SAN DIEGO,-117.22372436523438,32.729148864746094
9499498,2022,2022-10-28,3705,2022-10-03,1455,EC0383,NA,1,5,5,3705,0,0,0,NA,0,001,WELD BL,GILLESPIE WY,0,NA,Y,A,-,N,NA,NA,NA,NA,NA,NA,NA,NA,NA,Y,4,0,1,2,A,-,09,21802,A,N,D,C,A,A,H,-,A,D,0,NA,NA,NA,NA,Y,NA,D,22,0,0,1,0,0,0,0,0,0,-,-,NA,NA,SAN DIEGO,EL CAJON,-116.98583221435548,32.82688903808594
94995209,2025,2026-01-01,9680,2025-12-20,15,024079,NA,6,3,5,3712,0,1,S,NA,2,904,SR-78 W/B,EAST MISSION RD,370,E,N,E,-,Y,SD,NA,78,NA,NA,15.102,H,NA,L,Y,4,0,1,1,A,-,08,22107,NA,N,E,8,A,B,H,-,D,D,0,NA,NA,NA,NA,Y,NA,A,01,0,0,1,0,0,0,0,0,0,-,-,33.134700775146484,-117.12750244140624,SAN DIEGO,SAN MARCOS,-117.12751007080078,33.1346549987793
94995213,2025,2026-01-01,9680,2025-12-20,805,023593,NA,6,1,9,3700,0,1,1,NA,2,082,I-8 EASTBOUND,LAKE JENNINGS PARK RD,2621,W,N,A,-,Y,SD,NA,8,NA,R,21.347,H,NA,R,N,4,0,1,2,A,-,03,22350,NA,N,C,C,A,A,H,-,A,D,0,NA,NA,NA,NA,Y,NA,A,01,0,0,1,0,0,0,0,0,0,-,-,32.8397216796875,-116.88807678222656,SAN DIEGO,UNINCORPORATED,-116.88806915283205,32.8397102355957
94996751,2025,2026-01-02,9680,2025-11-03,1737,023240,NA,1,2,9,3700,0,1,1,NA,2,082,I-8 EASTBOUND,2ND ST,1795,W,N,A,-,Y,SD,NA,8,NA,NA,17.016,H,NA,R,N,4,0,5,3,A,-,03,22350,NA,N,C,C,A,A,H,-,B,D,0,NA,NA,NA,NA,Y,NA,A,01,0,0,5,0,0,0,0,0,0,-,-,32.80292892456055,-116.94168853759766,SAN DIEGO,UNINCORPORATED,-116.94168853759766,32.802940368652344