CASE_ID,ACCIDENT_YEAR,PROC_DATE,JURIS,COLLISION_DATE,COLLISION_TIME,OFFICER_ID,REPORTING_DISTRICT,DAY_OF_WEEK,CHP_SHIFT,POPULATION,CNTY_CITY_LOC,SPECIAL_COND,BEAT_TYPE,CHP_BEAT_TYPE,CITY_DIVISION_LAPD,CHP_BEAT_CLASS,BEAT_NUMBER,PRIMARY_RD,SECONDARY_RD,DISTANCE,DIRECTION,INTERSECTION,WEATHER_1,WEATHER_2,STATE_HWY_IND,CALTRANS_COUNTY,CALTRANS_DISTRICT,STATE_ROUTE,ROUTE_SUFFIX,POSTMILE_PREFIX,POSTMILE,LOCATION_TYPE,RAMP_INTERSECTION,SIDE_OF_HWY,TOW_AWAY,COLLISION_SEVERITY,NUMBER_KILLED,NUMBER_INJURED,PARTY_COUNT,PRIMARY_COLL_FACTOR,PCF_CODE_OF_VIOL,PCF_VIOL_CATEGORY,PCF_VIOLATION,PCF_VIOL_SUBSECTION,HIT_AND_RUN,TYPE_OF_COLLISION,MVIW,PED_ACTION,ROAD_SURFACE,ROAD_COND_1,ROAD_COND_2,LIGHTING,CONTROL_DEVICE,CHP_ROAD_TYPE,PEDESTRIAN_ACCIDENT,BICYCLE_ACCIDENT,MOTORCYCLE_ACCIDENT,TRUCK_ACCIDENT,NOT_PRIVATE_PROPERTY,ALCOHOL_INVOLVED,STWD_VEHTYPE_AT_FAULT,CHP_VEHTYPE_AT_FAULT,COUNT_SEVERE_INJ,COUNT_VISIBLE_INJ,COUNT_COMPLAINT_PAIN,COUNT_PED_KILLED,COUNT_PED_INJURED,COUNT_BICYCLIST_KILLED,COUNT_BICYCLIST_INJURED,COUNT_MC_KILLED,COUNT_MC_INJURED,PRIMARY_RAMP,SECONDARY_RAMP,LATITUDE,LONGITUDE,COUNTY,CITY,POINT_X,POINT_Y
9642253,2023,2023-12-20,3700,2023-09-01,1115,SH3192,NA,5,5,5,3782,0,0,0,NA,0,221,S COAST HWY 101,D ST,0,NA,Y,A,-,N,NA,NA,NA,NA,NA,NA,NA,NA,NA,N,3,0,1,2,A,-,03,22350,NA,N,B,G,A,A,H,-,A,A,0,NA,Y,NA,NA,Y,NA,L,04,0,1,0,0,0,0,1,0,0,-,-,NA,NA,SAN DIEGO,ENCINITAS,-117.293859,33.045986
9643010,2023,2023-12-07,3700,2023-10-25,601,SH3684,NA,3,5,5,3713,0,0,0,NA,0,307,EAST VISTA WY,TOWNSITE DR,200,E,N,A,-,N,NA,NA,NA,NA,NA,NA,NA,NA,NA,N,3,0,1,2,A,-,11,21955,NA,N,G,B,D,A,H,-,B,A,0,Y,NA,NA,NA,Y,NA,N,60,0,1,0,0,1,0,0,0,0,-,-,NA,NA,SAN DIEGO,VISTA,-117.2346420288086,33.20988845825195
9643022,2023,2023-12-07,3700,2023-10-19,1226,SH3684,NA,4,5,5,3713,0,0,0,NA,0,308,WEST VISTA WY,EMERALD DR,0,NA,Y,A,-,N,NA,NA,NA,NA,NA,NA,NA,NA,NA,Y,3,0,3,4,A,-,12,21453,A,N,D,C,A,A,H,-,A,A,0,NA,NA,NA,NA,Y,NA,A,01,0,1,2,0,0,0,0,0,0,-,-,NA,NA,SAN DIEGO,VISTA,-117.27955627441406,33.18918228149414
9643276,2023,2024-01-20,3711,2023-11-24,1630,SD1666,NA,5,5,7,3711,0,0,0,NA,0,111,DERRICK DR,CHATEAU DR,0,NA,Y,A,-,N,NA,NA,NA,NA,NA,NA,NA,NA,NA,Y,3,0,1,2,A,-,00,20001,B,F,D,C,A,A,H,-,B,B,0,NA,NA,NA,NA,Y,Y,A,01,0,1,0,0,0,0,0,0,0,-,-,NA,NA,SAN DIEGO,SAN DIEGO,-117.18301391601563,32.82527542114258
9643334,2023,2023-12-06,3700,2023-10-19,1803,SH0371,NA,4,5,5,3713,0,0,0,NA,0,317,POINSETTIA AV,CORPORATE VIEW,0,NA,Y,A,-,N,NA,NA,NA,NA,NA,NA,NA,NA,NA,Y,4,0,1,2,A,-,08,22100,5,N,D,C,A,A,H,-,C,D,0,NA,NA,NA,NA,Y,NA,A,07,0,0,1,0,0,0,0,0,0,-,-,NA,NA,SAN DIEGO,VISTA,-117.22638702392578,33.135047912597656
9643343,2023,2023-12-07,3700,2023-10-08,1749,SH0371,NA,7,5,5,3713,0,0,0,NA,0,305,W LOS ANGELES,AVENIDA DE BENITO JUAREZ,369,E,N,A,-,N,NA,NA,NA,NA,NA,NA,NA,NA,NA,Y,4,0,4,6,A,-,01,23152,A,N,A,C,A,A,H,-,B,D,0,NA,NA,NA,NA,Y,NA,D,22,0,0,4,0,0,0,0,0,0,-,-,NA,NA,SAN DIEGO,VISTA,-117.24714660644533,33.21251678466797
9643749,2023,2024-01-22,3711,2023-11-10,139,SD1785,NA,5,5,7,3711,0,0,0,NA,0,122,GARNET AVE,MISSION BAY DR,60,W,N,A,-,N,NA,NA,NA,NA,NA,NA,NA,NA,NA,N,4,0,1,3,A,-,-,NA,NA,N,C,C,A,A,H,-,A,A,0,NA,NA,NA,NA,Y,NA,A,01,0,0,1,0,0,0,0,0,0,-,-,NA,NA,SAN DIEGO,SAN DIEGO,-117.21916198730467,32.80611038208008
9647925,2023,2024-02-28,3711,2023-12-10,1610,SD1391,NA,7,5,7,3711,0,0,0,NA,0,934,DEL MAR HEIGHTS,EL CAMINO REAL,0,NA,Y,A,-,N,NA,NA,NA,NA,NA,NA,NA,NA,NA,N,4,0,2,2,A,-,03,22350,NA,N,C,C,A,A,H,-,A,A,0,NA,NA,NA,NA,Y,NA,A,01,0,0,2,0,0,0,0,0,0,-,-,NA,NA,SAN DIEGO,SAN DIEGO,-117.23416900634766,32.953861236572266
9648232,2023,2023-12-20,3700,2023-10-30,1008,SH0084,NA,1,5,5,3782,0,0,0,NA,0,222,ENCINITAS BL,RT 5,0,NA,Y,A,-,Y,SD,11,5,-,R,41.376,R,4,S,N,3,0,1,3,A,-,03,22350,NA,N,C,C,A,A,H,-,A,A,0,NA,NA,NA,NA,Y,NA,A,01,0,1,0,0,0,0,0,0,0,-,-,NA,NA,SAN DIEGO,ENCINITAS,-117.28676605224608,33.04635238647461
9649415,2023,2024-02-17,3709,2023-12-24,1950,NC0550,NA,7,5,5,3709,0,0,0,NA,0,021,DIVISION ST,DIVISION ST 2200,0,NA,N,A,-,N,NA,NA,NA,NA,NA,NA,NA,NA,NA,Y,4,0,1,2,A,-,09,21804,A,N,B,C,A,A,H,-,C,D,0,NA,NA,NA,NA,Y,NA,A,01,0,0,1,0,0,0,0,0,0,-,-,NA,NA,SAN DIEGO,NATIONAL CITY,-117.0776824951172,32.691654205322266
9649488,2023,2024-03-05,3700,2023-11-23,1334,SH7085,NA,4,5,5,3713,0,0,0,NA,0,308,NORTH EMERALD DR,RT 78,0,NA,Y,A,-,Y,SD,11,78,-,-,4.554,R,4,W,Y,3,0,1,2,A,-,12,21453,A,N,-,C,A,A,H,-,A,A,0,NA,NA,NA,NA,Y,NA,D,22,0,1,0,0,0,0,0,0,0,-,-,NA,NA,SAN DIEGO,VISTA,-117.27701568603516,33.189308166503906
9649521,2023,2024-03-13,3711,2023-12-08,1855,SD1826,NA,5,5,7,3711,0,0,0,NA,0,625,ROSECRANS ST,PACIFIC HWY,0,NA,Y,A,-,N,NA,NA,NA,NA,NA,NA,NA,NA,NA,N,4,0,1,2,A,-,10,21950,A,N,G,B,C,A,H,-,C,A,0,Y,NA,NA,NA,Y,Y,-,NA,0,0,1,0,1,0,0,0,0,-,-,NA,NA,SAN DIEGO,SAN DIEGO,-117.20110321044922,32.75539016723633
9649972,2023,2024-01-09,3711,2023-12-28,1428,SD1907,NA,4,5,7,3711,0,0,0,NA,0,722,ORO VISTA RD,TOCAYO AV,0,NA,Y,A,-,N,NA,NA,NA,NA,NA,NA,NA,NA,NA,Y,4,0,2,2,A,-,12,21453,A,N,D,C,A,A,H,-,A,A,0,NA,NA,NA,NA,Y,NA,A,01,0,0,2,0,0,0,0,0,0,-,-,NA,NA,SAN DIEGO,SAN DIEGO,-117.0792999267578,32.565311431884766
9650532,2023,2024-01-30,3700,2023-12-23,700,SH3910,NA,6,5,5,3712,0,0,0,NA,0,355,WEST SAN MARCOS BL,S LAS POSAS RD,107,E,N,B,-,N,NA,NA,NA,NA,NA,NA,NA,NA,NA,N,4,0,1,2,A,-,03,22350,NA,M,C,C,A,A,H,-,A,D,0,NA,NA,NA,NA,Y,NA,D,22,0,0,1,0,0,0,0,0,0,-,-,NA,NA,SAN DIEGO,SAN MARCOS,-117.19361114501952,33.133358001708984
9651011,2023,2024-01-04,3702,2023-11-15,1040,CV1439,NA,3,5,6,3702,0,0,0,NA,0,022,OXFORD ST,3RD AV,0,NA,Y,C,-,N,NA,NA,NA,NA,NA,NA,NA,NA,NA,N,4,0,1,2,D,-,00,NA,NA,N,G,B,B,B,H,-,A,A,0,Y,NA,NA,NA,Y,NA,-,-,0,0,1,0,1,0,0,0,0,-,-,NA,NA,SAN DIEGO,CHULA VISTA,-117.06772613525392,32.6102294921875
9651238,2023,2024-01-09,3702,2023-11-15,1039,CV1494,NA,3,5,6,3702,0,0,0,NA,0,024,MAIN ST,JACQUA ST,0,NA,Y,B,-,N,NA,NA,NA,NA,NA,NA,NA,NA,NA,Y,3,0,1,2,A,-,09,21802,A,N,D,C,A,D,H,-,A,A,0,NA,NA,NA,NA,Y,NA,I,11,0,1,0,0,0,0,0,0,0,-,-,NA,NA,SAN DIEGO,CHULA VISTA,-117.0802993774414,32.59481430053711
9651254,2023,2024-01-09,3702,2023-11-03,1610,CV1493,NA,5,5,6,3702,0,0,0,NA,0,024,BROADWAY,MAIN ST,25,S,N,A,-,N,NA,NA,NA,NA,NA,NA,NA,NA,NA,N,4,0,1,2,A,-,08,22107,NA,N,B,C,A,A,H,-,A,A,0,NA,NA,NA,NA,Y,NA,D,22,0,0,1,0,0,0,0,0,0,-,-,NA,NA,SAN DIEGO,CHULA VISTA,-117.07524871826172,32.59471893310547
9651333,2023,2024-03-13,3711,2023-12-08,1840,SD6895,NA,5,5,7,3711,0,0,0,NA,0,311,CLAIREMONT MESA BL,RT 163,0,NA,Y,A,-,N,NA,NA,NA,NA,NA,NA,NA,NA,NA,N,4,0,1,2,A,-,04,21703,NA,N,-,D,A,A,H,-,A,D,0,NA,NA,NA,NA,Y,NA,A,01,0,0,1,0,0,0,0,0,0,-,-,NA,NA,SAN DIEGO,SAN DIEGO,-117.14104461669922,32.8323974609375
9651360,2023,2024-01-03,3700,2023-08-03,856,SH0141,NA,4,5,5,3712,0,0,0,NA,0,356,NORTH LAS POSAS RD,WEST MISSION RD,0,NA,Y,A,-,N,NA,NA,NA,NA,NA,NA,NA,NA,NA,N,2,0,1,2,A,-,05,21650,1,N,D,G,A,A,H,-,A,A,0,NA,Y,NA,NA,Y,NA,L,04,1,0,0,0,0,0,1,0,0,-,-,NA,NA,SAN DIEGO,SAN MARCOS,-117.18900299072266,33.148414611816406
9651503,2023,2024-02-26,3703,2023-12-16,2323,1437,1,6,5,3,3703,0,0,0,NA,0,001,D AV,2ND ST,253,S,N,A,-,N,NA,NA,NA,NA,NA,NA,NA,NA,NA,N,2,0,1,1,A,-,05,21650,NA,N,E,J,A,A,H,-,D,D,0,NA,Y,NA,NA,Y,Y,L,04,1,0,0,0,0,0,1,0,0,-,-,32.69768142700195,-117.1743392944336,SAN DIEGO,CORONADO,-117.17469787597656,32.69719696044922
9651563,2023,2024-01-22,3702,2023-11-15,1707,CV1425,NA,3,5,6,3702,0,0,0,NA,0,012,F ST,WOODLAWN AV,140,E,N,C,-,N,NA,NA,NA,NA,NA,NA,NA,NA,NA,N,3,0,1,1,A,-,03,22350,NA,N,H,J,A,B,H,-,C,D,0,NA,Y,NA,NA,Y,Y,L,04,0,1,0,0,0,0,1,0,0,-,-,NA,NA,SAN DIEGO,CHULA VISTA,-117.09577941894533,32.636837005615234
9651829,2023,2024-01-10,3702,2023-10-26,2030,CV1420,NA,4,5,6,3702,0,0,0,NA,0,024,EAST ORANGE AV,MELROSE AV,529,W,N,A,-,N,NA,NA,NA,NA,NA,NA,NA,NA,NA,N,4,0,1,2,A,-,03,22350,NA,N,C,C,A,A,H,-,C,A,0,NA,NA,NA,NA,Y,NA,A,01,0,0,1,0,0,0,0,0,0,-,-,NA,NA,SAN DIEGO,CHULA VISTA,-117.04046630859376,32.60404968261719
9652355,2024,2024-03-28,3702,2024-01-05,1832,CV1409,NA,5,5,6,3702,0,0,0,NA,0,031,EAST H ST,RT 805,500,W,N,A,-,N,NA,NA,NA,NA,NA,NA,NA,NA,NA,Y,4,0,1,3,A,-,03,22350,NA,N,C,C,A,A,H,-,D,D,0,NA,NA,NA,NA,Y,NA,A,01,0,0,1,0,0,0,0,0,0,-,SO,NA,NA,SAN DIEGO,CHULA VISTA,-117.05722045898438,32.64009475708008
9652672,2023,2024-05-08,3709,2023-01-05,2252,NC0556,NA,4,5,5,3709,0,0,0,NA,0,021,EAST DIVISION ST,S U STREET,0,NA,-,A,-,N,NA,NA,NA,NA,NA,NA,NA,NA,NA,Y,4,0,1,2,D,-,00,NA,NA,M,B,C,A,A,H,-,C,A,0,NA,NA,NA,NA,Y,NA,-,-,0,0,1,0,0,0,0,0,0,-,-,NA,NA,SAN DIEGO,NATIONAL CITY,-117.08771514892578,32.68882751464844
9653255,2023,2024-02-23,3710,2023-12-22,2110,OC1529,NA,5,5,6,3710,0,0,0,NA,0,022,RT 76,MELROSE DR,0,NA,Y,B,-,Y,SD,11,76,-,R,7.756,I,5,E,Y,3,0,2,3,A,-,12,21453,A,N,D,C,A,A,H,-,D,A,0,NA,NA,NA,NA,Y,NA,D,22,0,1,1,0,0,0,0,0,0,-,-,NA,NA,SAN DIEGO,OCEANSIDE,-117.26504516601563,33.25163650512695
9653441,2023,2024-02-29,3711,2023-12-20,2205,SD7057,NA,3,5,7,3711,0,0,0,NA,0,241,MIRA MESA BL,SCRIPPS RANCH BL,0,W,N,B,-,N,NA,NA,NA,NA,NA,NA,NA,NA,NA,Y,4,0,1,1,A,-,08,22107,NA,N,F,I,A,B,H,-,C,A,0,NA,NA,NA,NA,Y,Y,A,01,0,0,1,0,0,0,0,0,0,-,-,NA,NA,SAN DIEGO,SAN DIEGO,-117.11133575439452,32.916969299316406
9653481,2023,2024-02-23,3711,2023-12-19,1625,SD1208,NA,2,5,7,3711,0,0,0,NA,0,712,E SAN YSIDRO,E SAN YSIDRO 314,0,NA,N,B,-,N,NA,NA,NA,NA,NA,NA,NA,NA,NA,N,4,0,1,2,A,-,08,38314,NA,N,B,C,A,A,H,-,A,D,0,NA,NA,Y,NA,Y,NA,A,01,0,0,1,0,0,0,0,0,1,-,-,NA,NA,SAN DIEGO,SAN DIEGO,-117.04412841796876,32.55225372314453
9653578,2023,2024-02-26,3711,2023-12-12,1953,SD7942,NA,2,5,7,3711,0,0,0,NA,0,614,EBERS ST,POINT LOMA AV,0,NA,Y,A,-,N,NA,NA,NA,NA,NA,NA,NA,NA,NA,Y,2,0,1,2,A,-,09,21801,A,N,D,C,A,A,H,-,C,B,0,NA,NA,Y,NA,Y,Y,A,07,1,0,0,0,0,0,0,0,1,-,-,NA,NA,SAN DIEGO,SAN DIEGO,-117.2531280517578,32.73524856567383
9654922,2024,2024-06-21,3711,2024-01-03,1714,SD1169,NA,3,5,7,3711,0,0,0,NA,0,713,OTAY MESA RD,CONTINENTAL ST,0,NA,Y,B,-,N,NA,NA,NA,NA,NA,NA,NA,NA,NA,N,4,0,2,2,A,-,03,22350,NA,N,C,C,A,B,H,-,C,A,0,NA,NA,Y,NA,Y,NA,C,02,0,0,2,0,0,0,0,0,2,-,-,NA,NA,SAN DIEGO,SAN DIEGO,-116.98400115966795,32.56794738769531
9654929,2024,2024-04-26,3711,2024-01-02,657,SD1026,NA,2,5,7,3711,0,0,0,NA,0,315,FRIARS RD,RT 15,50,E,N,A,-,Y,SD,11,15,-,R,7.015,R,4,N,N,4,0,1,1,A,-,03,22350,NA,N,F,-,A,A,H,-,A,A,0,NA,NA,Y,NA,Y,NA,C,02,0,0,1,0,0,0,0,0,1,-,NO,NA,NA,SAN DIEGO,SAN DIEGO,-117.11275482177734,32.79107666015625
9655978,2023,2024-01-30,3710,2023-12-27,1525,OC1533,NA,3,5,6,3710,0,0,0,NA,0,016,OCEANSIDE BL,CROUCH ST,200,W,N,A,-,N,NA,NA,NA,NA,NA,NA,NA,NA,NA,N,4,0,1,2,D,-,00,NA,NA,N,D,-,A,A,H,-,A,A,0,NA,Y,NA,NA,Y,Y,-,-,0,0,1,0,0,0,1,0,0,-,-,NA,NA,SAN DIEGO,OCEANSIDE,-117.35381317138672,33.194984436035156
9656011,2023,2024-01-11,3710,2023-11-30,2500,OC1497,NA,4,5,6,3710,0,0,0,NA,0,032,RT 76,OLD GROVE RD,70,W,N,B,-,Y,SD,11,76,-,R,4.87,H,-,E,Y,4,0,2,2,A,-,03,22350,NA,N,C,C,A,A,H,-,A,A,0,NA,NA,NA,NA,Y,NA,A,08,0,0,2,0,0,0,0,0,0,-,-,NA,NA,SAN DIEGO,OCEANSIDE,-117.30838012695313,33.23256301879883
9657988,2024,2024-04-05,3711,2024-01-17,1348,SD1780,NA,3,5,7,3711,0,0,0,NA,0,627,WASHINGTON ST,5TH AV,0,NA,Y,A,-,N,NA,NA,NA,NA,NA,NA,NA,NA,NA,N,4,0,1,2,B,-,22,NA,NA,N,C,C,A,A,H,-,A,D,0,NA,NA,Y,NA,Y,NA,A,01,0,0,1,0,0,0,0,0,1,-,-,NA,NA,SAN DIEGO,SAN DIEGO,-117.16082763671876,32.7498664855957
9658132,2024,2024-03-05,3711,2024-01-31,940,SD1950,NA,3,5,7,3711,0,0,0,NA,0,111,MOUNT ALIFAN RD,AGUILAR DR,6,W,N,A,-,N,NA,NA,NA,NA,NA,NA,NA,NA,NA,Y,4,0,2,2,A,-,09,21800,A,N,A,C,A,A,H,-,A,A,0,NA,NA,NA,NA,Y,NA,A,01,0,0,2,0,0,0,0,0,0,-,-,NA,NA,SAN DIEGO,SAN DIEGO,-117.17766571044922,32.81804275512695
9658172,2024,2024-03-06,3711,2024-01-23,1946,SD1172,NA,2,5,7,3711,0,0,0,NA,0,937,LAZANJA DR,CAMINO DEL SUR,800,N,N,A,-,N,NA,NA,NA,NA,NA,NA,NA,NA,NA,N,4,0,1,2,A,-,01,23152,A,N,C,E,A,A,H,-,D,D,0,NA,NA,NA,NA,Y,Y,A,01,0,0,1,0,0,0,0,0,0,-,-,NA,NA,SAN DIEGO,SAN DIEGO,-117.16303253173828,32.98680114746094
9658682,2024,2024-05-17,3711,2024-02-02,1451,SD1697,NA,5,5,7,3711,0,0,0,NA,0,523,BROADWAY,4TH AV,0,NA,Y,B,-,N,NA,NA,NA,NA,NA,NA,NA,NA,NA,N,4,0,1,2,A,-,02,22400,A,N,C,C,A,A,H,-,A,A,0,NA,NA,NA,NA,Y,NA,A,01,0,0,1,0,0,0,0,0,0,-,-,NA,NA,SAN DIEGO,SAN DIEGO,-117.16105651855467,32.715694427490234
9658803,2024,2024-04-15,3711,2024-02-12,1015,SD1950,NA,1,5,7,3711,0,0,0,NA,0,112,GENESEE AV,MARLESTA DR,0,NA,Y,A,-,N,NA,NA,NA,NA,NA,NA,NA,NA,NA,N,4,0,1,2,A,-,12,21453,A,N,D,C,A,A,H,-,A,A,0,NA,NA,NA,NA,Y,NA,D,22,0,0,1,0,0,0,0,0,0,-,-,NA,NA,SAN DIEGO,SAN DIEGO,-117.17528533935548,32.804927825927734
9659026,2023,2024-02-02,3702,2023-12-13,533,CV1426,NA,3,5,6,3702,0,0,0,NA,0,012,H ST,BAY BL,326,E,N,A,-,Y,NA,NA,NA,NA,NA,NA,NA,NA,NA,Y,2,0,1,2,A,-,08,22107,NA,N,D,C,A,A,H,-,B,A,0,NA,NA,Y,NA,Y,NA,A,01,1,0,0,0,0,0,0,0,1,-,-,NA,NA,SAN DIEGO,CHULA VISTA,-117.09564971923828,32.62923049926758
9660073,2024,2024-05-03,3708,2024-02-02,1903,IM1283,NA,5,5,5,3708,0,0,0,NA,0,003,EL PASO ST,LAKE MURRAY BL,0,NA,Y,A,-,N,NA,NA,NA,NA,NA,NA,NA,NA,NA,Y,4,0,2,2,A,-,09,21801,A,N,D,C,A,A,H,-,D,A,0,NA,NA,NA,NA,Y,NA,A,01,0,0,2,0,0,0,0,0,0,-,-,NA,NA,SAN DIEGO,LA MESA,-117.02167510986328,32.789764404296875
9660472,2024,2024-03-15,3700,2024-01-25,1250,SH0578,NA,4,5,5,3782,0,0,0,NA,0,224,EL CAMINO REAL,LA FITNESS PARKING LOT,40,S,N,A,-,N,NA,NA,NA,NA,NA,NA,NA,NA,NA,Y,4,0,1,2,A,-,12,21453,A,N,D,C,A,A,H,-,A,A,0,NA,NA,NA,NA,Y,NA,A,01,0,0,1,0,0,0,0,0,0,-,-,NA,NA,SAN DIEGO,ENCINITAS,NA,NA
9660720,2023,2024-02-15,3700,2023-12-09,1807,SH7085,NA,6,5,5,3713,0,0,0,NA,0,317,SYCAMORE AV,HIBISCUS AV,0,NA,Y,A,-,N,NA,NA,NA,NA,NA,NA,NA,NA,NA,N,4,0,1,2,A,-,10,21950,A,N,G,B,B,A,H,-,C,A,0,Y,NA,NA,NA,Y,NA,A,01,0,0,1,0,1,0,0,0,0,-,-,NA,NA,SAN DIEGO,VISTA,-117.21956634521484,33.161155700683594
9662023,2024,2024-04-02,3710,2024-01-15,1819,OC1499,NA,1,5,6,3710,0,0,0,NA,0,015,EL CAMINO REAL,VISTA REY,253,N,N,A,-,N,NA,NA,NA,NA,NA,NA,NA,NA,NA,N,4,0,1,1,A,-,03,22350,NA,N,H,A,A,A,H,-,C,D,0,NA,Y,NA,NA,Y,NA,L,04,0,0,1,0,0,0,1,0,0,-,-,NA,NA,SAN DIEGO,OCEANSIDE,-117.3318099975586,33.21906280517578
9662031,2024,2024-03-28,3710,2024-01-18,1016,OC1551,NA,4,5,6,3710,0,0,0,NA,0,023,OCEANSIDE BL,MELROSE DR,0,NA,Y,A,C,N,NA,NA,NA,NA,NA,NA,NA,NA,NA,Y,4,0,1,1,A,-,08,38314,NA,N,E,I,A,A,H,-,-,A,0,NA,NA,NA,NA,Y,NA,A,01,0,0,1,0,0,0,0,0,0,-,-,NA,NA,SAN DIEGO,OCEANSIDE,-117.25927734375,33.22081756591797
9662184,2023,2024-02-15,3702,2023-12-25,1930,CV1381,NA,1,5,6,3702,0,0,0,NA,0,012,H ST,WOODLAWN AV,30,W,N,B,-,N,NA,NA,NA,NA,NA,NA,NA,NA,NA,Y,3,0,2,1,A,-,01,23152,A,N,E,I,A,A,H,-,C,A,0,NA,NA,NA,NA,Y,Y,A,01,0,2,0,0,0,0,0,0,0,-,-,NA,NA,SAN DIEGO,CHULA VISTA,-117.09400177001952,32.629695892333984
9665692,2024,2024-05-28,3711,2024-03-18,1412,SD1548,NA,1,5,7,3711,0,0,0,NA,0,525,FRONT STREET,WEST BROADWAY,0,NA,Y,A,-,N,NA,NA,NA,NA,NA,NA,NA,NA,NA,N,4,0,1,2,A,-,08,38314,NA,M,B,C,A,A,D,E,A,A,0,NA,NA,NA,NA,Y,Y,A,01,0,0,1,0,0,0,0,0,0,-,-,NA,NA,SAN DIEGO,SAN DIEGO,-117.16473388671876,32.71564865112305
9665713,2024,2024-06-03,3711,2024-03-12,1208,SD8503,NA,2,5,7,3711,0,0,0,NA,0,511,MAIN ST,THOR ST,231,W,N,A,-,N,NA,NA,NA,NA,NA,NA,NA,NA,NA,N,3,0,1,1,A,-,03,22350,NA,N,E,I,A,A,H,-,A,A,0,NA,NA,Y,NA,Y,Y,C,02,0,1,0,0,0,0,0,0,1,-,-,NA,NA,SAN DIEGO,SAN DIEGO,-117.11925506591795,32.688194274902344
9667555,2024,2024-02-29,3700,2024-01-05,1446,SH6941,NA,5,5,4,3707,0,0,0,NA,0,701,PALM AV,PALM AV 650,0,NA,Y,A,-,N,NA,NA,NA,NA,NA,NA,NA,NA,NA,N,3,0,1,2,A,-,17,21208,B,N,C,G,A,A,H,-,A,D,0,NA,Y,NA,NA,Y,NA,L,04,0,1,0,0,0,0,1,0,0,-,-,NA,NA,SAN DIEGO,IMPERIAL BEACH,-117.1154556274414,32.58388900756836
9667864,2024,2024-04-27,3702,2024-02-21,1805,CV1515,NA,3,5,6,3702,0,0,0,NA,0,023,EAST ORANGE AV,MELROSE AV,390,W,N,A,-,N,NA,NA,NA,NA,NA,NA,NA,NA,NA,N,3,0,2,3,A,-,08,22107,NA,F,D,C,A,A,H,-,C,D,0,NA,NA,NA,NA,Y,NA,A,01,0,1,1,0,0,0,0,0,0,-,-,NA,NA,SAN DIEGO,CHULA VISTA,-117.0400390625,32.604156494140625
9668483,2024,2024-05-10,3711,2024-02-18,803,SD1604,NA,7,5,7,3711,0,0,0,NA,0,233,CARMEL MOUNTAIN RD,SUNDEVIL WY,157,S,N,B,C,N,NA,NA,NA,NA,NA,NA,NA,NA,NA,Y,4,0,1,1,A,-,08,22107,NA,N,E,I,A,B,H,-,A,A,0,NA,NA,NA,NA,Y,NA,A,01,0,0,1,0,0,0,0,0,0,-,-,NA,NA,SAN DIEGO,SAN DIEGO,-117.11949157714844,32.9651985168457
9668865,2024,2024-04-17,3702,2024-02-16,954,CV1367,NA,5,5,6,3702,0,0,0,NA,0,012,BROADWAY,I ST,497,N,N,A,-,N,NA,NA,NA,NA,NA,NA,NA,NA,NA,Y,4,0,1,2,A,-,09,21804,A,N,D,C,A,A,H,-,A,D,0,NA,NA,NA,NA,Y,NA,A,01,0,0,1,0,0,0,0,0,0,-,-,NA,NA,SAN DIEGO,CHULA VISTA,-117.08860778808594,32.6287841796875
9669480,2024,2024-05-22,3710,2024-03-04,926,OC1536,NA,1,5,6,3710,0,0,0,NA,0,033,COLLEGE BL,MESA DR,335,S,N,B,-,N,NA,NA,NA,NA,NA,NA,NA,NA,NA,Y,3,0,1,3,A,-,03,22350,NA,N,C,C,A,B,H,-,A,A,0,NA,NA,NA,NA,Y,NA,D,22,0,1,0,0,0,0,0,0,0,-,-,NA,NA,SAN DIEGO,OCEANSIDE,-117.29206085205078,33.224403381347656
9669823,2024,2024-05-22,3710,2024-03-12,819,OC1358,NA,2,5,6,3710,0,0,0,NA,0,010,MISSION AV,HOLLY ST,4,S,N,B,C,N,NA,NA,NA,NA,NA,NA,NA,NA,NA,N,3,0,1,2,A,-,09,21802,A,N,C,G,A,B,H,-,A,D,0,NA,Y,NA,NA,Y,NA,A,01,0,1,0,0,0,0,1,0,0,-,-,NA,NA,SAN DIEGO,OCEANSIDE,-117.36806488037108,33.202293395996094
9670798,2023,2024-03-01,3710,2023-11-09,1729,OC3219,NA,4,5,6,3710,0,0,0,NA,0,014,RT 76,AIRPORT RD,800,W,N,A,-,Y,SD,11,76,-,R,1.99,H,-,E,Y,4,0,2,2,A,-,22,23123,A,N,C,C,A,A,H,-,C,A,0,NA,NA,NA,NA,Y,NA,A,01,0,0,2,0,0,0,0,0,0,-,-,NA,NA,SAN DIEGO,OCEANSIDE,-117.35363006591795,33.21567916870117
9671435,2024,2024-04-19,3711,2024-02-19,119,SD7839,NA,1,5,7,3711,0,0,0,NA,0,446,KELTON RD,RT 94,13,S,N,B,-,Y,SD,11,94,-,-,5.648,R,4,E,Y,3,0,1,1,A,-,03,22350,NA,N,E,I,A,A,H,-,D,A,0,NA,NA,NA,NA,Y,NA,J,48,0,1,0,0,0,0,0,0,0,-,EF,NA,NA,SAN DIEGO,SAN DIEGO,-117.07797241210938,32.722267150878906
9671541,2024,2024-03-01,3709,2024-01-26,2156,NC0550,NA,5,5,5,3709,0,0,0,NA,0,020,ROOSEVELT AV,ROOSEVELT AV 500,0,NA,N,A,-,N,NA,NA,NA,NA,NA,NA,NA,NA,NA,N,3,0,1,2,A,-,03,22350,NA,N,B,C,A,A,H,-,C,D,0,NA,NA,Y,NA,Y,Y,C,02,0,1,0,0,0,0,0,0,1,-,-,NA,NA,SAN DIEGO,NATIONAL CITY,NA,NA
9671906,2024,2024-03-25,3702,2024-01-15,1040,CV1490,NA,1,5,6,3702,0,0,0,NA,0,014,E ST,GLOVER AV,80,E,N,A,-,N,NA,NA,NA,NA,NA,NA,NA,NA,NA,Y,4,0,1,2,A,-,21,22106,NA,N,B,C,A,A,H,-,A,D,0,NA,NA,NA,NA,Y,NA,A,07,0,0,1,0,0,0,0,0,0,-,-,NA,NA,SAN DIEGO,CHULA VISTA,-117.08401489257813,32.643985748291016