CASE_ID,ACCIDENT_YEAR,PROC_DATE,JURIS,COLLISION_DATE,COLLISION_TIME,OFFICER_ID,REPORTING_DISTRICT,DAY_OF_WEEK,CHP_SHIFT,POPULATION,CNTY_CITY_LOC,SPECIAL_COND,BEAT_TYPE,CHP_BEAT_TYPE,CITY_DIVISION_LAPD,CHP_BEAT_CLASS,BEAT_NUMBER,PRIMARY_RD,SECONDARY_RD,DISTANCE,DIRECTION,INTERSECTION,WEATHER_1,WEATHER_2,STATE_HWY_IND,CALTRANS_COUNTY,CALTRANS_DISTRICT,STATE_ROUTE,ROUTE_SUFFIX,POSTMILE_PREFIX,POSTMILE,LOCATION_TYPE,RAMP_INTERSECTION,SIDE_OF_HWY,TOW_AWAY,COLLISION_SEVERITY,NUMBER_KILLED,NUMBER_INJURED,PARTY_COUNT,PRIMARY_COLL_FACTOR,PCF_CODE_OF_VIOL,PCF_VIOL_CATEGORY,PCF_VIOLATION,PCF_VIOL_SUBSECTION,HIT_AND_RUN,TYPE_OF_COLLISION,MVIW,PED_ACTION,ROAD_SURFACE,ROAD_COND_1,ROAD_COND_2,LIGHTING,CONTROL_DEVICE,CHP_ROAD_TYPE,PEDESTRIAN_ACCIDENT,BICYCLE_ACCIDENT,MOTORCYCLE_ACCIDENT,TRUCK_ACCIDENT,NOT_PRIVATE_PROPERTY,ALCOHOL_INVOLVED,STWD_VEHTYPE_AT_FAULT,CHP_VEHTYPE_AT_FAULT,COUNT_SEVERE_INJ,COUNT_VISIBLE_INJ,COUNT_COMPLAINT_PAIN,COUNT_PED_KILLED,COUNT_PED_INJURED,COUNT_BICYCLIST_KILLED,COUNT_BICYCLIST_INJURED,COUNT_MC_KILLED,COUNT_MC_INJURED,PRIMARY_RAMP,SECONDARY_RAMP,LATITUDE,LONGITUDE,COUNTY,CITY,POINT_X,POINT_Y
9761000,2024,2025-01-13,3711,2024-12-07,1846,SD1968,NA,6,5,7,3711,0,0,0,NA,0,323,COLLEGE AV,RT 8 W,0,NA,Y,A,-,Y,SD,11,8,-,-,8.228,R,4,W,Y,4,0,1,2,B,-,22,NA,NA,N,C,C,A,A,H,-,C,A,0,NA,NA,NA,NA,Y,NA,A,01,0,0,1,0,0,0,0,0,0,-,-,NA,NA,SAN DIEGO,SAN DIEGO,-117.0681610107422,32.77945327758789
9761186,2024,2024-12-24,3710,2024-12-01,250,OC1548,NA,7,5,6,3710,0,0,0,NA,0,028,COLLEGE BL,MESA DR,0,NA,Y,A,-,N,NA,NA,NA,NA,NA,NA,NA,NA,NA,Y,3,0,1,2,A,-,12,21453,A,N,A,C,A,A,H,-,C,A,0,NA,NA,NA,NA,Y,NA,A,01,0,1,0,0,0,0,0,0,0,-,-,NA,NA,SAN DIEGO,OCEANSIDE,-117.29257965087892,33.2252082824707
9761244,2024,2024-12-19,3710,2024-11-30,1640,OC1576,NA,6,5,6,3710,0,0,0,NA,0,018,NIGUEL ST,CASTELLANO DR,257,N,N,A,-,N,NA,NA,NA,NA,NA,NA,NA,NA,NA,N,3,0,1,2,A,-,09,21804,A,N,B,G,A,A,H,-,A,D,0,NA,Y,Y,NA,Y,NA,L,04,0,1,0,0,0,0,1,0,0,-,-,NA,NA,SAN DIEGO,OCEANSIDE,-117.29897308349608,33.26572799682617
9761363,2024,2024-12-19,3703,2024-11-30,1731,1438,1,6,5,3,3703,0,0,0,NA,0,001,ORANGE AV,3RD ST,0,NA,Y,A,-,N,NA,NA,NA,NA,NA,NA,NA,NA,NA,N,3,0,1,2,A,-,12,21453,A,N,D,C,A,A,H,-,C,A,0,NA,NA,NA,NA,Y,NA,A,01,0,1,0,0,0,0,0,0,0,-,-,32.695899963378906,-117.17398071289063,SAN DIEGO,CORONADO,-117.1740951538086,32.69593811035156
9762499,2024,2024-12-24,3702,2024-12-04,1424,CV1526,NA,3,5,6,3702,0,0,0,NA,0,041,EAST PALOMAR ST,HERITAGE RD,867,E,N,A,-,N,NA,NA,NA,NA,NA,NA,NA,NA,NA,Y,3,0,1,1,A,-,03,22350,NA,N,E,I,A,A,H,-,A,D,0,NA,NA,NA,NA,Y,NA,A,01,0,1,0,0,0,0,0,0,0,-,-,NA,NA,SAN DIEGO,CHULA VISTA,-117.00238037109376,32.622615814208984
9762506,2024,2024-12-24,3711,2024-12-07,1110,SD7907,NA,6,5,7,3711,0,0,0,NA,0,524,6TH AV,B ST,0,NA,Y,A,-,N,NA,NA,NA,NA,NA,NA,NA,NA,NA,Y,4,0,1,2,A,-,09,21800,A,N,D,C,A,A,H,-,A,A,0,NA,NA,Y,NA,Y,NA,A,01,0,0,1,0,0,0,0,0,1,-,-,NA,NA,SAN DIEGO,SAN DIEGO,-117.15927124023438,32.71780014038086
9762933,2024,2025-01-08,3711,2024-11-18,742,SD1853,NA,1,5,7,3711,0,0,0,NA,0,432,NARANJA ST,53RD ST,300,NA,N,B,-,N,NA,NA,NA,NA,NA,NA,NA,NA,NA,N,4,0,1,2,A,-,21,22106,NA,N,B,C,A,A,H,-,A,B,0,NA,NA,NA,NA,Y,NA,D,22,0,0,1,0,0,0,0,0,0,-,-,NA,NA,SAN DIEGO,SAN DIEGO,-117.08071899414063,32.70858383178711
9763000,2024,2025-01-08,3711,2024-12-27,1859,SD1901,NA,5,5,7,3711,0,0,0,NA,0,111,CHATEAU DR,CHATEAU DR 4651,0,NA,Y,A,-,N,NA,NA,NA,NA,NA,NA,NA,NA,NA,Y,4,0,1,1,A,-,08,22107,NA,N,E,I,A,A,H,-,D,D,0,NA,NA,NA,NA,Y,Y,A,01,0,0,1,0,0,0,0,0,0,-,-,NA,NA,SAN DIEGO,SAN DIEGO,-117.18892669677734,32.82965850830078
9764309,2025,2025-02-18,3711,2025-01-17,1737,SD2041,NA,5,5,7,3711,0,0,0,NA,0,122,INGRAHAM ST,OLIVER AV,141,S,N,A,-,N,NA,NA,NA,NA,NA,NA,NA,NA,NA,Y,3,0,1,3,A,-,08,22107,NA,N,D,C,A,A,-,-,D,D,0,NA,NA,NA,NA,Y,NA,A,01,0,1,0,0,0,0,0,0,0,-,-,NA,NA,SAN DIEGO,SAN DIEGO,-117.2392807006836,32.79464340209961
9764310,2025,2025-01-30,3711,2025-01-16,1844,SD6941,NA,4,5,7,3711,0,0,0,NA,0,722,CORONADO AV,RAEDEL DR,0,NA,Y,A,-,N,NA,NA,NA,NA,NA,NA,NA,NA,NA,N,4,0,1,2,A,-,09,21801,A,N,D,C,A,A,H,-,C,D,0,NA,NA,NA,NA,Y,NA,A,01,0,0,1,0,0,0,0,0,0,-,-,NA,NA,SAN DIEGO,SAN DIEGO,-117.0911102294922,32.57648849487305
9764535,2025,2025-02-05,3711,2025-01-10,1619,DS1788,NA,5,5,7,3711,0,0,0,NA,0,446,EUCLID AV,IMPERIAL AV,0,NA,Y,A,-,N,NA,NA,NA,NA,NA,NA,NA,NA,NA,N,4,0,1,2,A,-,05,21651,B,N,G,-,E,A,H,-,A,D,0,Y,NA,NA,NA,Y,NA,N,60,0,0,1,0,1,0,0,0,0,-,-,NA,NA,SAN DIEGO,SAN DIEGO,-117.08499908447266,32.704505920410156
9764561,2024,2025-01-28,3705,2024-12-06,1715,EC0413,NA,5,5,5,3705,0,0,0,NA,0,002,N MOLLISON,PEACH AV,50,S,N,A,-,N,NA,NA,NA,NA,NA,NA,NA,NA,NA,N,3,0,1,2,A,-,11,21954,A,N,G,B,D,A,H,-,C,D,0,Y,NA,NA,NA,Y,NA,N,60,0,1,0,0,1,0,0,0,0,-,-,NA,NA,SAN DIEGO,EL CAJON,-116.95098114013672,32.80644226074219
9764844,2025,2025-01-30,3711,2025-01-22,1440,SD7997,NA,3,5,7,3711,0,0,0,NA,0,525,FRONT ST,BROADWAY,0,NA,Y,A,-,N,NA,NA,NA,NA,NA,NA,NA,NA,NA,N,4,0,1,2,A,-,09,21453,C,N,D,G,A,A,H,-,A,A,0,NA,Y,NA,NA,Y,NA,L,04,0,0,1,0,0,0,1,0,0,-,-,NA,NA,SAN DIEGO,SAN DIEGO,-117.16473388671876,32.71564865112305
9765241,2025,2025-02-24,3711,2025-01-27,1405,SD1935,NA,1,5,7,3711,0,0,0,NA,0,242,MIRA MESA BL,WESTVIEW PKWY,0,NA,Y,A,-,N,NA,NA,NA,NA,NA,NA,NA,NA,NA,Y,2,0,1,2,A,-,12,21453,A,N,D,C,A,A,H,-,A,A,0,NA,NA,NA,NA,Y,NA,A,08,1,0,0,0,0,0,0,0,0,-,-,NA,NA,SAN DIEGO,SAN DIEGO,-117.12052154541016,32.917320251464844
9765257,2025,2025-02-24,3711,2025-01-31,1851,SD1866,NA,5,5,7,3711,0,0,0,NA,0,313,BALBOA AV,RT 805,198,E,N,A,-,N,NA,NA,NA,NA,NA,NA,NA,NA,NA,N,3,0,6,4,A,-,03,22350,NA,N,C,C,A,A,H,-,C,A,0,NA,NA,NA,NA,Y,NA,A,01,0,1,5,0,0,0,0,0,0,-,NF,NA,NA,SAN DIEGO,SAN DIEGO,-117.161865234375,32.82162857055664
9766132,2025,2025-02-27,3711,2025-02-19,720,SD1636,NA,3,5,7,3711,0,0,0,NA,0,838,ORANGE AV,ORANGE AV 3700,0,NA,Y,A,-,N,NA,NA,NA,NA,NA,NA,NA,NA,NA,Y,3,0,1,3,A,-,09,21802,B,N,D,C,A,A,H,-,A,D,0,NA,NA,NA,NA,Y,NA,A,01,0,1,0,0,0,0,0,0,0,-,-,NA,NA,SAN DIEGO,SAN DIEGO,-117.1740951538086,32.69593811035156
9766599,2025,2025-04-04,3711,2025-03-19,1528,SD7870,NA,3,5,7,3711,0,0,0,NA,0,723,TWINING AV,MARCWADE DR,0,NA,Y,A,-,N,NA,NA,NA,NA,NA,NA,NA,NA,NA,Y,4,0,2,2,A,-,12,22450,NA,N,D,C,A,A,G,-,A,A,0,NA,NA,NA,NA,Y,NA,A,01,0,0,2,0,0,0,0,0,0,-,-,NA,NA,SAN DIEGO,SAN DIEGO,-117.04540252685548,32.573062896728516
9766607,2025,2025-04-04,3702,2025-03-03,1059,CV9365,NA,1,5,6,3702,0,0,0,NA,0,013,3RD AVE,WHITNEY ST,240,S,N,A,-,N,NA,NA,NA,NA,NA,NA,NA,NA,NA,Y,4,0,2,3,A,-,07,21658,A,N,D,C,A,A,H,-,A,D,0,NA,NA,NA,NA,Y,NA,A,01,0,0,2,0,0,0,0,0,0,-,-,NA,NA,SAN DIEGO,CHULA VISTA,-117.0762176513672,32.631832122802734
9766651,2025,2025-04-21,3711,2025-03-14,750,SD4310,NA,5,5,7,3711,0,0,0,NA,0,813,ADAMS AV,30TH ST W ALLEY,15,E,N,A,-,N,NA,NA,NA,NA,NA,NA,NA,NA,NA,N,3,0,1,2,A,-,08,22107,NA,N,C,G,A,A,H,-,A,D,0,NA,Y,NA,NA,Y,NA,L,04,0,1,0,0,0,0,1,0,0,-,-,NA,NA,SAN DIEGO,SAN DIEGO,-117.1301498413086,32.76287841796875
9766825,2025,2025-04-08,3711,2025-03-26,1603,SD1834,NA,3,5,7,3711,0,0,0,NA,0,612,ROSECRANS,ELLIOTT ST,0,NA,Y,B,-,N,NA,NA,NA,NA,NA,NA,NA,NA,NA,N,3,0,1,2,A,-,08,22100,B,N,A,C,A,A,H,-,A,D,0,NA,NA,Y,NA,Y,NA,A,01,0,1,0,0,0,0,0,0,1,-,-,NA,NA,SAN DIEGO,SAN DIEGO,-117.21614074707033,32.740074157714844
9766989,2025,2025-04-23,3710,2025-03-23,1037,OC1573,NA,7,5,6,3710,0,0,0,NA,0,037,COLLEGE BL,PLAZA DR,315,S,N,A,-,N,NA,NA,NA,NA,NA,NA,NA,NA,NA,Y,3,0,1,1,C,-,18,NA,NA,N,E,I,A,A,H,-,A,D,0,NA,NA,NA,NA,Y,NA,-,-,0,1,0,0,0,0,0,0,0,-,-,NA,NA,SAN DIEGO,OCEANSIDE,-117.29639434814452,33.181190490722656
9767472,2024,2024-12-20,3711,2024-12-05,1720,SD6839,NA,4,5,7,3711,0,0,0,NA,0,931,BARNES CANYON RD,SCRANTON RD,156,E,N,A,-,N,NA,NA,NA,NA,NA,NA,NA,NA,NA,Y,3,0,1,2,A,-,08,22107,NA,N,A,C,A,A,H,-,C,D,0,NA,NA,NA,NA,Y,NA,A,07,0,1,0,0,0,0,0,0,0,-,-,NA,NA,SAN DIEGO,SAN DIEGO,-117.20217895507813,32.89899444580078
9767757,2024,2024-12-24,3705,2024-11-07,1522,EC0431,NA,4,5,5,3705,0,0,0,NA,0,004,S 1ST ST,EAST MAIN ST,107,S,N,A,-,N,NA,NA,NA,NA,NA,NA,NA,NA,NA,N,4,0,1,2,A,-,09,21804,A,N,D,G,A,A,H,-,A,D,0,NA,Y,NA,NA,Y,NA,A,08,0,0,1,0,0,0,1,0,0,-,-,NA,NA,SAN DIEGO,EL CAJON,-116.94459533691406,32.794647216796875
9767950,2024,2024-12-31,3711,2024-12-03,2054,SD7904,NA,2,5,7,3711,0,0,0,NA,0,451,BOLLENBACHER ST,SWANER ST,0,W,N,B,-,N,NA,NA,NA,NA,NA,NA,NA,NA,NA,N,4,0,1,1,A,-,08,22107,NA,M,A,I,A,A,H,-,C,D,0,NA,NA,NA,NA,Y,Y,A,01,0,0,1,0,0,0,0,0,0,-,-,NA,NA,SAN DIEGO,SAN DIEGO,-117.07196807861328,32.717132568359375
9768977,2024,2025-02-05,3709,2024-12-24,2500,NC0566,NA,2,5,5,3709,0,0,0,NA,0,023,EUCLID AV,EAST 16TH ST,25,N,N,A,E,N,NA,NA,NA,NA,NA,NA,NA,NA,NA,N,4,0,1,1,A,-,03,22350,NA,N,H,A,A,B,H,-,C,B,0,NA,NA,Y,NA,Y,NA,C,02,0,0,1,0,0,0,0,0,1,-,-,NA,NA,SAN DIEGO,NATIONAL CITY,-117.07951354980467,32.67594528198242
9769444,2024,2024-12-20,3711,2024-12-04,1315,SD5450,NA,3,5,7,3711,0,0,0,NA,0,313,CLAIREMONT MESA BL,MURPHY CANYON RD,0,NA,Y,A,-,N,NA,NA,NA,NA,NA,NA,NA,NA,NA,N,4,0,3,2,A,-,12,21453,A,N,D,C,A,A,H,-,A,A,0,NA,NA,NA,NA,Y,NA,A,07,0,0,3,0,0,0,0,0,0,-,-,NA,NA,SAN DIEGO,SAN DIEGO,-117.12120056152344,32.8331413269043
9769579,2024,2024-12-30,3702,2024-12-03,1522,CV1368,NA,2,5,6,3702,0,0,0,NA,0,024,MAIN ST,OTAY VALLEY RD,259,W,N,A,-,N,NA,NA,NA,NA,NA,NA,NA,NA,NA,Y,4,0,2,2,A,-,03,22350,NA,N,C,C,A,A,H,-,A,D,0,NA,NA,NA,NA,Y,NA,A,01,0,0,2,0,0,0,0,0,0,-,-,NA,NA,SAN DIEGO,CHULA VISTA,-117.04331970214844,32.59476852416992
9769583,2024,2025-02-28,3702,2024-12-02,1703,CV1504,NA,1,5,6,3702,0,0,0,NA,0,021,PALOMAR ST,RT 5,0,NA,Y,A,-,Y,SD,11,5,-,-,6.194,R,4,S,Y,4,0,1,2,A,-,12,21453,A,N,A,C,A,-,H,-,A,A,0,NA,NA,Y,NA,Y,NA,A,01,0,0,1,0,0,0,0,0,1,-,SF,NA,NA,SAN DIEGO,CHULA VISTA,-117.09031677246094,32.606346130371094
9769752,2024,2025-02-06,3711,2024-12-23,1921,SD7902,NA,1,5,7,3711,0,0,0,NA,0,444,MARKET ST,41ST ST,0,NA,Y,A,-,N,NA,NA,NA,NA,NA,NA,NA,NA,NA,N,4,0,1,2,A,-,05,21650,1,N,D,G,A,A,H,-,C,A,0,NA,Y,NA,NA,Y,Y,L,04,0,0,1,0,0,0,1,0,0,-,-,NA,NA,SAN DIEGO,SAN DIEGO,-117.10652160644533,32.711490631103516
9770320,2024,2025-01-13,3711,2024-12-20,1228,SD1461,NA,5,5,7,3711,0,0,0,NA,0,242,MIRA MESA BL,SCHILLING AV,385,W,N,A,-,N,NA,NA,NA,NA,NA,NA,NA,NA,NA,Y,4,0,3,6,A,-,03,22350,NA,N,C,C,A,A,H,-,A,A,0,NA,NA,NA,NA,Y,NA,A,01,0,0,3,0,0,0,0,0,0,-,-,NA,NA,SAN DIEGO,SAN DIEGO,-117.1678466796875,32.90822219848633
9770338,2024,2024-12-31,3711,2024-12-08,2018,SD1842,NA,7,5,7,3711,0,0,0,NA,0,627,HERBERT ST,UNIVERSITY AV,0,NA,Y,A,-,N,NA,NA,NA,NA,NA,NA,NA,NA,NA,Y,4,0,1,3,A,-,09,21801,A,N,C,C,A,A,H,-,C,D,0,NA,NA,NA,NA,Y,NA,A,01,0,0,1,0,0,0,0,0,0,-,-,NA,NA,SAN DIEGO,SAN DIEGO,-117.14925384521484,32.748409271240234
9770342,2024,2024-12-31,3710,2024-12-11,1549,OC1572,NA,3,5,6,3710,0,0,0,NA,0,021,MISSION AV,ACADEMY RD,0,NA,Y,B,-,N,NA,NA,NA,NA,NA,NA,NA,NA,NA,Y,2,0,2,2,A,-,12,21453,A,N,D,C,A,A,H,-,A,A,0,NA,NA,NA,NA,Y,NA,A,07,1,0,1,0,0,0,0,0,0,-,-,NA,NA,SAN DIEGO,OCEANSIDE,-117.31392669677734,33.23026657104492
9770397,2024,2025-01-03,3711,2024-12-12,1610,SD8323,NA,4,5,7,3711,0,0,0,NA,0,831,ORANGE AV,HIGHLAND AV,0,NA,Y,A,-,N,NA,NA,NA,NA,NA,NA,NA,NA,NA,N,4,0,1,3,A,-,10,21950,A,N,G,B,B,A,H,-,A,-,0,Y,NA,NA,NA,Y,Y,A,01,0,0,1,0,1,0,0,0,0,-,-,NA,NA,SAN DIEGO,SAN DIEGO,-117.09868621826172,32.753143310546875
9772663,2024,2025-01-16,3700,2024-10-24,1147,SH0161,NA,4,5,4,3707,0,0,0,NA,0,702,PALM AV,9TH ST,100,E,N,A,-,N,NA,NA,NA,NA,NA,NA,NA,NA,NA,N,3,0,1,2,A,-,05,21650,1,N,D,G,A,A,H,-,A,D,0,NA,Y,NA,NA,Y,NA,L,04,0,1,0,0,0,0,1,0,0,-,-,NA,NA,SAN DIEGO,IMPERIAL BEACH,-117.11399841308594,32.58384323120117
9773686,2024,2025-01-08,3711,2024-12-13,813,SD7042,NA,5,5,7,3711,0,0,0,NA,0,621,KRAMER ST,BURTON ST,16,E,N,A,-,N,NA,NA,NA,NA,NA,NA,NA,NA,NA,Y,4,0,1,2,A,-,12,22450,A,N,D,C,A,B,H,-,A,D,0,NA,NA,NA,NA,Y,NA,A,01,0,0,1,0,0,0,0,0,0,-,-,NA,NA,SAN DIEGO,SAN DIEGO,-117.1724853515625,32.77688980102539
9774735,2025,2025-02-05,3711,2025-01-13,1850,SD1516,NA,1,5,7,3711,0,0,0,NA,0,621,LINDA VISTA RD,GENESEE AV,0,NA,Y,A,-,N,NA,NA,NA,NA,NA,NA,NA,NA,NA,N,4,0,1,2,A,-,04,21703,NA,M,C,C,A,A,H,-,C,A,0,NA,NA,NA,NA,Y,NA,-,NA,0,0,1,0,0,0,0,0,0,-,-,NA,NA,SAN DIEGO,SAN DIEGO,-117.16597747802734,32.791561126708984
9774790,2025,2025-02-05,3711,2025-01-12,1640,SD7401,NA,7,5,7,3711,0,0,0,NA,0,823,STREAMVIEW DR,EGAN ST,0,NA,Y,A,-,N,NA,NA,NA,NA,NA,NA,NA,NA,NA,Y,4,0,1,2,A,-,09,21804,A,N,D,C,A,A,H,-,A,D,0,NA,NA,NA,NA,Y,NA,A,01,0,0,1,0,0,0,0,0,0,-,-,NA,NA,SAN DIEGO,SAN DIEGO,-117.0620574951172,32.74391555786133
9774793,2025,2025-02-05,3711,2025-01-12,1041,SD7227,NA,7,5,7,3711,0,0,0,NA,0,231,SAPRE SPRING PKWY,EVENING CREEK DR,15,S,N,A,-,N,NA,NA,NA,NA,NA,NA,NA,NA,NA,Y,3,0,3,2,A,-,12,21453,A,N,D,C,A,A,H,-,A,A,0,NA,NA,NA,NA,Y,NA,A,01,0,1,2,0,0,0,0,0,0,-,-,NA,NA,SAN DIEGO,SAN DIEGO,-117.09201049804688,32.961997985839844
9776324,2025,2025-09-16,3711,2025-01-23,2020,SD1617,NA,4,5,7,3711,0,0,0,NA,0,124,14374 HIGHLAND VALLEY RD,HIGHLAND VALLEY RD,0,NA,N,A,-,N,NA,NA,NA,NA,NA,NA,NA,NA,NA,N,3,0,1,1,A,-,08,22107,NA,N,A,I,A,A,H,-,C,D,0,NA,NA,Y,NA,Y,NA,C,02,0,1,0,0,0,0,0,0,1,-,-,NA,NA,SAN DIEGO,SAN DIEGO,NA,NA
9776341,2025,2025-02-20,3709,2025-01-07,1542,NC0564,NA,2,5,5,3709,0,0,0,NA,0,020,ROOSEVELT AV,7TH ST,0,NA,Y,A,-,N,NA,NA,NA,NA,NA,NA,NA,NA,NA,N,3,0,1,2,A,-,10,21950,A,N,G,B,B,A,H,-,A,A,0,Y,NA,NA,NA,Y,NA,A,01,0,1,0,0,1,0,0,0,0,-,-,NA,NA,SAN DIEGO,NATIONAL CITY,-117.10830688476563,32.67639923095703
9777351,2025,2025-02-28,3708,2025-01-31,1915,LM1333,NA,5,5,5,3708,0,0,0,NA,0,001,EL CAJON BL,GUAVA AV,0,NA,Y,A,-,N,NA,NA,NA,NA,NA,NA,NA,NA,NA,N,3,0,1,2,A,-,09,21803,A,F,B,C,A,A,H,-,C,A,0,NA,NA,NA,NA,Y,Y,A,01,0,1,0,0,0,0,0,0,0,-,-,NA,NA,SAN DIEGO,LA MESA,-117.02822875976563,32.768821716308594
9778552,2024,2025-02-06,3709,2024-12-24,1503,NC0554,NA,2,5,5,3709,0,0,0,NA,0,023,EUCLID AV,RT 805,0,NA,Y,A,-,N,NA,NA,NA,NA,NA,NA,NA,NA,NA,N,4,0,2,2,A,-,07,21658,A,N,B,C,A,A,H,-,A,D,0,NA,NA,NA,NA,Y,Y,A,01,0,0,2,0,0,0,0,0,0,-,-,NA,NA,SAN DIEGO,NATIONAL CITY,-117.07830810546876,32.66234588623047
9779528,2025,2025-03-21,3711,2025-02-04,736,SD6439,NA,2,5,7,3711,0,0,0,NA,0,516,MARKET ST,RT 15,0,NA,Y,B,-,Y,SD,11,15,-,-,1.819,R,4,S,N,4,0,1,2,A,-,12,21453,A,N,D,C,A,A,H,-,A,A,0,NA,NA,NA,Y,Y,NA,F,26,0,0,1,0,0,0,0,0,0,-,SF,NA,NA,SAN DIEGO,SAN DIEGO,-117.1191635131836,32.71125030517578
9782510,2025,2025-02-24,3711,2025-01-30,1030,SD3871,NA,4,5,7,3711,0,0,0,NA,0,831,EUCLID AV,TROJAN AV,32,N,N,B,-,N,NA,NA,NA,NA,NA,NA,NA,NA,NA,N,3,0,1,1,A,-,03,38305,NA,N,E,I,A,A,-,-,A,D,0,NA,NA,NA,NA,Y,NA,-,NA,0,1,0,0,0,0,0,0,0,-,-,NA,NA,SAN DIEGO,SAN DIEGO,-117.09221649169922,32.75503921508789
9782618,2024,2025-03-06,3705,2024-11-24,944,EC0438,NA,7,5,5,3705,0,0,0,NA,0,002,N MOLLISON AV,RT 8,0,NA,Y,B,C,Y,SD,11,8,-,-,16.605,R,4,W,Y,3,0,2,2,A,-,12,21453,A,N,D,C,A,B,H,-,A,A,0,NA,NA,NA,NA,Y,NA,A,01,0,2,0,0,0,0,0,0,0,-,WF,NA,NA,SAN DIEGO,EL CAJON,-116.9487533569336,32.803165435791016
9782938,2025,2025-02-27,3711,2025-02-12,1751,SD1505,NA,3,5,7,3711,0,0,0,NA,0,451,COLLEGE AV,LEMARAND AV,0,NA,-,B,C,N,NA,NA,NA,NA,NA,NA,NA,NA,NA,Y,3,0,1,2,A,-,08,22107,NA,N,A,I,A,B,H,-,C,D,0,NA,NA,NA,NA,Y,NA,A,01,0,1,0,0,0,0,0,0,0,-,-,NA,NA,SAN DIEGO,SAN DIEGO,-117.0544662475586,32.74440383911133
9785140,2025,2025-04-11,3710,2025-02-10,747,OC1209,NA,1,5,6,3710,0,0,0,NA,0,022,RT 76,SANTA FE AV,400,W,N,A,-,Y,SD,11,76,-,R,6.63,H,-,W,Y,2,0,1,2,A,-,03,22350,NA,N,C,C,A,A,H,-,A,D,0,NA,NA,Y,NA,Y,NA,C,02,1,0,0,0,0,0,0,0,1,-,-,NA,NA,SAN DIEGO,OCEANSIDE,-117.28298950195313,33.24547576904297
9785419,2025,2025-03-05,3711,2025-02-10,631,SD1911,NA,1,5,7,3711,0,0,0,NA,0,712,SUNSET LN,SUNSET LN 3400,0,NA,N,B,-,N,NA,NA,NA,NA,NA,NA,NA,NA,NA,Y,3,0,1,2,A,-,03,22350,NA,N,B,C,A,A,H,-,B,D,0,NA,NA,NA,NA,Y,NA,A,01,0,1,0,0,0,0,0,0,0,-,-,NA,NA,SAN DIEGO,SAN DIEGO,-117.18875122070313,32.75170135498047
9785511,2025,2025-02-24,3711,2025-02-04,2104,SD1615,NA,2,5,7,3711,0,0,0,NA,0,234,POMERADO RD,ESCALA DR,0,NA,Y,A,-,N,NA,NA,NA,NA,NA,NA,NA,NA,NA,N,3,0,1,1,B,-,22,NA,NA,N,E,I,A,A,H,-,C,D,0,NA,NA,Y,NA,Y,NA,C,02,0,1,0,0,0,0,0,0,1,-,-,NA,NA,SAN DIEGO,SAN DIEGO,-117.0651397705078,33.044490814208984
9785517,2025,2025-03-06,3711,2025-02-12,1325,SD1117,NA,3,5,7,3711,0,0,0,NA,0,126,GENESEE AV,RT 5,123,W,N,B,C,N,NA,NA,NA,NA,NA,NA,NA,NA,NA,Y,3,0,1,1,A,-,00,22352,NA,N,E,I,A,B,H,-,A,A,0,NA,NA,NA,NA,Y,NA,A,01,0,1,0,0,0,0,0,0,0,-,SF,NA,NA,SAN DIEGO,SAN DIEGO,-117.16104888916016,32.79132080078125
9785720,2025,2025-03-03,3711,2025-02-13,800,SD7818,NA,4,5,7,3711,0,0,0,NA,0,821,EL CAJON BL,AMHERST ST,0,NA,Y,C,-,N,NA,NA,NA,NA,NA,NA,NA,NA,NA,Y,3,0,2,2,A,-,09,21802,A,N,D,C,A,B,H,-,A,A,0,NA,NA,NA,NA,Y,NA,A,01,0,1,1,0,0,0,0,0,0,-,-,NA,NA,SAN DIEGO,SAN DIEGO,-117.05646514892578,32.76731872558594
9786049,2024,2025-03-18,3702,2024-06-23,1534,CV1456,NA,7,5,6,3702,0,0,0,NA,0,031,EAST H ST,TIERRA DEL REY,682,E,N,A,-,N,NA,NA,NA,NA,NA,NA,NA,NA,NA,Y,1,1,0,1,A,-,08,22107,NA,N,E,I,A,A,H,-,A,D,0,NA,NA,Y,NA,Y,NA,C,02,0,0,0,0,0,0,0,1,0,-,-,NA,NA,SAN DIEGO,CHULA VISTA,-117.01848602294922,32.63617706298828
9786282,2024,2025-07-09,3711,2024-11-22,1846,SD6000,NA,5,5,7,3711,0,0,0,NA,0,937,CAMINO DEL SUR,15000 CASEY GLEN,179,W,N,A,-,N,NA,NA,NA,NA,NA,NA,NA,NA,NA,Y,1,1,0,2,A,-,08,22107,NA,N,C,G,A,A,H,-,D,D,0,NA,Y,NA,NA,Y,NA,A,01,0,0,0,0,0,1,0,0,0,-,-,NA,NA,SAN DIEGO,SAN DIEGO,-117.1423797607422,33.02147674560547
9786335,2024,2025-07-08,3702,2024-11-14,1630,CV1471,NA,4,5,6,3702,0,0,0,NA,0,031,TELEGRAPH CANYON RD,PASEO DEL REY,250,E,N,A,-,N,NA,NA,NA,NA,NA,NA,NA,NA,NA,Y,1,1,0,2,A,-,01,23152,A,N,E,I,A,A,H,-,A,D,0,NA,NA,Y,NA,Y,Y,C,02,0,0,0,0,0,0,0,1,0,-,-,NA,NA,SAN DIEGO,CHULA VISTA,-117.03360748291016,32.62714385986328
9787699,2025,2025-05-05,3711,2025-04-06,143,SD2001,NA,7,5,7,3711,0,0,0,NA,0,628,PACIFIC HWY,RT 56,0,NA,N,A,-,Y,SD,11,5,-,R,18.105,R,2,S,Y,3,0,1,1,A,-,08,22107,NA,N,A,I,A,A,H,-,C,D,0,NA,NA,NA,NA,Y,NA,A,01,0,1,0,0,0,0,0,0,0,-,SF,NA,NA,SAN DIEGO,SAN DIEGO,-117.17977142333984,32.74072265625