CASE_ID,ACCIDENT_YEAR,PROC_DATE,JURIS,COLLISION_DATE,COLLISION_TIME,OFFICER_ID,REPORTING_DISTRICT,DAY_OF_WEEK,CHP_SHIFT,POPULATION,CNTY_CITY_LOC,SPECIAL_COND,BEAT_TYPE,CHP_BEAT_TYPE,CITY_DIVISION_LAPD,CHP_BEAT_CLASS,BEAT_NUMBER,PRIMARY_RD,SECONDARY_RD,DISTANCE,DIRECTION,INTERSECTION,WEATHER_1,WEATHER_2,STATE_HWY_IND,CALTRANS_COUNTY,CALTRANS_DISTRICT,STATE_ROUTE,ROUTE_SUFFIX,POSTMILE_PREFIX,POSTMILE,LOCATION_TYPE,RAMP_INTERSECTION,SIDE_OF_HWY,TOW_AWAY,COLLISION_SEVERITY,NUMBER_KILLED,NUMBER_INJURED,PARTY_COUNT,PRIMARY_COLL_FACTOR,PCF_CODE_OF_VIOL,PCF_VIOL_CATEGORY,PCF_VIOLATION,PCF_VIOL_SUBSECTION,HIT_AND_RUN,TYPE_OF_COLLISION,MVIW,PED_ACTION,ROAD_SURFACE,ROAD_COND_1,ROAD_COND_2,LIGHTING,CONTROL_DEVICE,CHP_ROAD_TYPE,PEDESTRIAN_ACCIDENT,BICYCLE_ACCIDENT,MOTORCYCLE_ACCIDENT,TRUCK_ACCIDENT,NOT_PRIVATE_PROPERTY,ALCOHOL_INVOLVED,STWD_VEHTYPE_AT_FAULT,CHP_VEHTYPE_AT_FAULT,COUNT_SEVERE_INJ,COUNT_VISIBLE_INJ,COUNT_COMPLAINT_PAIN,COUNT_PED_KILLED,COUNT_PED_INJURED,COUNT_BICYCLIST_KILLED,COUNT_BICYCLIST_INJURED,COUNT_MC_KILLED,COUNT_MC_INJURED,PRIMARY_RAMP,SECONDARY_RAMP,LATITUDE,LONGITUDE,COUNTY,CITY,POINT_X,POINT_Y
9814544,2025,2025-06-09,3711,2025-05-13,2300,SD1540,NA,2,5,7,3711,0,0,0,NA,0,122,MISSION BAY DR,GRAND AV,93,S,N,A,-,N,NA,NA,NA,NA,NA,NA,NA,NA,NA,Y,4,0,2,2,D,-,00,NA,NA,N,D,E,A,A,H,-,C,A,0,NA,NA,NA,NA,Y,NA,-,-,0,0,2,0,0,0,0,0,0,-,-,NA,NA,SAN DIEGO,SAN DIEGO,-117.21498107910156,32.80167770385742
9814632,2025,2025-06-13,3710,2025-05-05,754,OC1573,NA,1,5,6,3710,0,0,0,NA,0,031,SOUTH MELROSE DR,CANNON RD,443,N,N,A,-,N,NA,NA,NA,NA,NA,NA,NA,NA,NA,Y,4,0,1,3,A,-,08,38314,NA,N,D,C,A,A,H,-,A,D,0,NA,NA,NA,NA,Y,NA,A,07,0,0,1,0,0,0,0,0,0,-,-,NA,NA,SAN DIEGO,OCEANSIDE,-117.25291442871094,33.17277908325195
9815106,2025,2025-06-17,3710,2025-04-28,2206,OC1578,NA,1,5,6,3710,0,0,0,NA,0,002,NEVADA ST,MINNESOTA AV,0,NA,Y,A,-,N,NA,NA,NA,NA,NA,NA,NA,NA,NA,Y,3,0,5,2,A,-,12,22450,A,N,D,C,A,A,H,-,C,A,0,NA,NA,NA,NA,Y,NA,A,01,0,5,0,0,0,0,0,0,0,-,-,NA,NA,SAN DIEGO,OCEANSIDE,-117.37181091308594,33.191017150878906
9815112,2025,2025-06-18,3711,2025-05-14,1610,SD7864,NA,3,5,7,3711,0,0,0,NA,0,114,CLAIREMONT MESA BL,POCOHANTAS,0,NA,Y,A,-,N,NA,NA,NA,NA,NA,NA,NA,NA,NA,Y,3,0,2,2,A,-,09,21804,A,N,A,C,A,A,H,-,A,D,0,NA,NA,NA,Y,Y,Y,A,01,0,2,0,0,0,0,0,0,0,-,-,NA,NA,SAN DIEGO,SAN DIEGO,-117.20880126953124,32.82771682739258
9817340,2025,2025-06-17,3711,2025-05-27,2500,SD2070,NA,2,5,7,3711,0,0,0,NA,0,122,FANUEL ST,DIAMOND ST,234,S,-,A,-,N,NA,NA,NA,NA,NA,NA,NA,NA,NA,N,3,0,1,2,-,-,-,NA,NA,N,B,G,A,A,H,-,A,D,0,NA,Y,NA,NA,Y,NA,-,-,0,1,0,0,0,0,1,0,0,-,-,NA,NA,SAN DIEGO,SAN DIEGO,-117.24701690673828,32.80072784423828
9817430,2025,2025-07-09,3710,2025-05-31,1107,OC1529,NA,6,5,6,3710,0,0,0,NA,0,021,RT 76,DOUGLAS DR,800,E,N,A,-,Y,SD,11,76,-,R,3.9,H,-,W,Y,4,0,3,4,A,-,03,22350,NA,N,C,C,A,A,H,-,A,A,0,NA,NA,NA,NA,Y,NA,A,07,0,0,3,0,0,0,0,0,0,-,-,NA,NA,SAN DIEGO,OCEANSIDE,-117.32341766357422,33.226531982421875
9817463,2025,2025-06-16,3711,2025-04-25,1130,SD1150,NA,5,5,7,3711,0,0,0,NA,0,931,MIRAMAR RD,FROST-MAR PL,175,E,N,B,-,N,NA,NA,NA,NA,NA,NA,NA,NA,NA,N,3,0,3,2,A,-,04,21703,NA,N,C,C,A,A,D,E,A,D,0,NA,NA,NA,NA,Y,NA,A,01,0,3,0,0,0,0,0,0,0,-,-,NA,NA,SAN DIEGO,SAN DIEGO,-117.17208862304688,32.877662658691406
9817464,2025,2025-06-11,3711,2025-04-26,1659,SD1893,NA,6,5,7,3711,0,0,0,NA,0,931,CAMINO SANTA FE,MIRA MESA BL,0,NA,Y,B,-,N,NA,NA,NA,NA,NA,NA,NA,NA,NA,Y,3,0,1,2,A,-,09,21453,C,N,A,A,A,A,H,-,A,A,0,NA,NA,NA,NA,Y,NA,A,01,0,1,0,0,0,0,0,0,0,-,-,NA,NA,SAN DIEGO,SAN DIEGO,-117.17141723632813,32.90761947631836
9817842,2025,2025-06-11,3702,2025-05-21,2020,CV1486,NA,3,5,6,3702,0,0,0,NA,0,042,TELEGRAPH CANYON RD,TELEGRAPH CANYON RD 1500,0,NA,N,A,-,N,NA,NA,NA,NA,NA,NA,NA,NA,NA,N,3,0,1,3,A,-,07,21658,A,N,B,C,A,A,H,-,C,D,0,NA,NA,Y,NA,Y,NA,C,02,0,1,0,0,0,0,0,0,1,-,-,NA,NA,SAN DIEGO,CHULA VISTA,-117.03247833251952,32.626468658447266
9817855,2025,2025-06-11,3702,2025-05-03,1145,CV1563,NA,6,5,6,3702,0,0,0,NA,0,021,BROADWAY,MOSS ST,160,N,N,B,-,N,NA,NA,NA,NA,NA,NA,NA,NA,NA,N,3,0,1,2,A,-,05,21651,B,N,H,C,A,A,H,-,A,D,0,NA,NA,NA,NA,Y,NA,M,94,0,1,0,0,0,0,0,0,0,-,-,NA,NA,SAN DIEGO,CHULA VISTA,-117.08294677734376,32.614097595214844
9818071,2025,2025-08-12,3711,2025-07-12,1242,SD2121,NA,6,5,7,3711,0,0,0,NA,0,526,1ST AV,CEDAR ST,0,NA,Y,A,-,N,NA,NA,NA,NA,NA,NA,NA,NA,NA,Y,3,0,1,2,A,-,08,22107,NA,M,B,C,A,A,H,-,A,D,0,NA,NA,NA,NA,Y,NA,A,01,0,1,0,0,0,0,0,0,0,-,-,NA,NA,SAN DIEGO,SAN DIEGO,-117.16385650634766,32.72201156616211
9818494,2025,2025-08-26,3702,2025-07-01,915,CV9365,NA,2,5,6,3702,0,0,0,NA,0,021,NAPLES ST,BROADWAY,17,E,N,A,-,N,NA,NA,NA,NA,NA,NA,NA,NA,NA,Y,3,0,1,2,A,-,03,22350,NA,N,C,C,A,A,H,-,A,A,0,NA,NA,NA,NA,Y,NA,A,01,0,1,0,0,0,0,0,0,0,-,-,NA,NA,SAN DIEGO,CHULA VISTA,-117.08137512207033,32.61024475097656
9818547,2025,2025-08-01,3702,2025-06-28,1136,CV1429,NA,6,5,6,3702,0,0,0,NA,0,031,TELEGRAPH CANYON RD,HALECREST DR,416,E,N,A,-,N,NA,NA,NA,NA,NA,NA,NA,NA,NA,N,2,0,2,2,A,-,03,22350,NA,N,C,C,A,A,H,-,A,D,0,NA,NA,NA,NA,Y,NA,A,07,1,0,1,0,0,0,0,0,0,-,-,NA,NA,SAN DIEGO,CHULA VISTA,-117.04093170166016,32.628536224365234
9818550,2025,2025-08-01,3702,2025-06-29,1032,CV1590,NA,7,5,6,3702,0,0,0,NA,0,022,3RD AV,KENNEDY ST,156,S,N,A,-,N,NA,NA,NA,NA,NA,NA,NA,NA,NA,Y,3,0,1,2,A,-,08,22100,A,N,B,C,A,A,H,-,A,D,0,NA,NA,NA,NA,Y,NA,-,NA,0,1,0,0,0,0,0,0,0,-,-,NA,NA,SAN DIEGO,CHULA VISTA,-117.06690979003906,32.60808563232422
9819209,2025,2025-08-12,3711,2025-07-07,1858,SD2139,NA,1,5,7,3711,0,0,0,NA,0,123,SEA WORLD DR,SEA WORLD WY,0,NA,Y,A,-,N,NA,NA,NA,NA,NA,NA,NA,NA,NA,Y,3,0,1,2,A,-,-,NA,NA,N,D,C,A,A,H,-,A,A,0,NA,NA,NA,NA,Y,NA,A,01,0,1,0,0,0,0,0,0,0,-,-,NA,NA,SAN DIEGO,SAN DIEGO,NA,NA
9819237,2025,2025-07-28,3710,2025-05-13,2500,0C1532,NA,2,5,6,3710,0,0,0,NA,0,012,GRANDVIEW ST,HUNSAKER ST,127,E,N,A,-,N,NA,NA,NA,NA,NA,NA,NA,NA,NA,Y,3,0,1,1,B,-,22,NA,NA,N,E,I,A,A,H,-,A,D,0,NA,NA,NA,NA,Y,NA,A,01,0,1,0,0,0,0,0,0,0,-,-,NA,NA,SAN DIEGO,OCEANSIDE,-117.35585021972656,33.18939208984375
9819291,2025,2025-07-30,3702,2025-06-20,1452,CV1506,NA,5,5,6,3702,0,0,0,NA,0,022,L ST,3RD AV,212,W,N,A,-,N,NA,NA,NA,NA,NA,NA,NA,NA,NA,N,4,0,1,2,A,-,03,22350,NA,F,C,C,A,A,H,-,A,A,0,NA,NA,NA,NA,Y,NA,A,01,0,0,1,0,0,0,0,0,0,-,-,NA,NA,SAN DIEGO,CHULA VISTA,-117.07243347167967,32.620426177978516
9819529,2025,2025-08-04,3711,2025-07-17,2117,SD1986,NA,4,5,7,3711,0,0,0,NA,0,321,RANCHO MISSION RD,CAMINITO CASCARA,0,NA,Y,A,-,N,NA,NA,NA,NA,NA,NA,NA,NA,NA,Y,4,0,1,2,A,-,08,22107,NA,N,D,C,A,A,H,-,C,D,0,NA,NA,NA,NA,Y,NA,A,01,0,0,1,0,0,0,0,0,0,-,-,NA,NA,SAN DIEGO,SAN DIEGO,-117.11043548583984,32.782249450683594
9819592,2025,2025-08-28,3700,2025-07-05,1722,SH0084,NA,6,5,5,3712,0,0,0,NA,0,357,E MISSION AV,WOODLAND PKWY,0,NA,Y,A,-,N,NA,NA,NA,NA,NA,NA,NA,NA,NA,Y,4,0,1,2,A,-,12,21453,A,N,D,C,A,A,H,-,A,A,0,NA,NA,NA,NA,Y,NA,A,01,0,0,1,0,0,0,0,0,0,-,-,NA,NA,SAN DIEGO,SAN MARCOS,-117.13905334472656,33.14167022705078
9819919,2025,2025-10-14,3711,2025-09-23,810,SD1666,NA,2,5,7,3711,0,0,0,NA,0,612,TENNYSON ST,PLUM ST,0,NA,Y,A,-,N,NA,NA,NA,NA,NA,NA,NA,NA,NA,Y,3,0,2,2,A,-,12,22450,A,N,D,C,A,A,H,-,A,A,0,NA,NA,NA,NA,Y,Y,A,01,0,2,0,0,0,0,0,0,0,-,-,NA,NA,SAN DIEGO,SAN DIEGO,-117.22570037841795,32.73582458496094
9820011,2025,2025-10-28,3711,2025-09-29,1456,SD1765,NA,1,5,7,3711,0,0,0,NA,0,124,TORREY PINES RD,HILLSIDE DR,0,NA,Y,A,-,N,NA,NA,NA,NA,NA,NA,NA,NA,NA,N,3,0,1,2,A,-,03,22350,NA,N,A,G,A,A,H,-,A,D,0,NA,Y,NA,Y,Y,NA,L,04,0,1,0,0,0,0,1,0,0,-,-,NA,NA,SAN DIEGO,SAN DIEGO,-117.26171112060548,32.84944152832031
9820034,2025,2025-10-07,3711,2025-08-30,300,SD1781,NA,6,5,7,3711,0,0,0,NA,0,437,PARADISE VALLEY RD,SOUTH MEADOWBROOK DR,0,NA,Y,A,F,N,NA,NA,NA,NA,NA,NA,NA,NA,NA,Y,3,0,2,2,A,-,12,21453,A,M,D,C,A,A,H,-,C,A,0,NA,NA,NA,NA,Y,NA,-,99,0,2,0,0,0,0,0,0,0,-,-,NA,NA,SAN DIEGO,SAN DIEGO,-117.02584838867188,32.697513580322266
9821680,2025,2025-09-04,3702,2025-08-04,755,CV1390,NA,1,5,6,3702,0,0,0,NA,0,024,MONTGOMERY ST,ALBANY AV,180,W,N,A,-,N,NA,NA,NA,NA,NA,NA,NA,NA,NA,N,3,0,1,2,A,-,03,22350,NA,F,G,B,E,A,H,-,A,D,0,Y,NA,NA,NA,Y,NA,D,22,0,1,0,0,1,0,0,0,0,-,-,NA,NA,SAN DIEGO,CHULA VISTA,-117.05870056152344,32.59682846069336
9821692,2025,2025-10-24,3711,2025-08-02,1807,SD1586,NA,6,5,7,3711,0,0,0,NA,0,825,ADAMS AV,RT I 15 N,0,NA,Y,A,-,Y,SD,11,15,-,M,5.693,R,4,N,N,3,0,1,2,A,-,08,38314,NA,N,G,B,B,A,H,-,B,A,0,Y,NA,NA,NA,Y,NA,A,01,0,1,0,0,1,0,0,0,0,-,-,NA,NA,SAN DIEGO,SAN DIEGO,-117.10933685302734,32.76463317871094
9821780,2025,2025-10-01,3711,2025-07-30,1353,SD1529,NA,3,5,7,3711,0,0,0,NA,0,122,GARNET AV,DONALDSON,200,W,N,A,-,N,NA,NA,NA,NA,NA,NA,NA,NA,NA,N,3,0,1,3,A,-,12,21453,A,N,A,C,A,A,A,-,A,A,0,NA,Y,NA,NA,Y,NA,A,01,0,1,0,0,0,0,1,0,0,-,-,NA,NA,SAN DIEGO,SAN DIEGO,-117.22673034667967,32.80299758911133
9821931,2025,2025-08-20,3700,2025-04-26,1400,SH3384,NA,6,5,5,3781,0,0,0,NA,0,514,N MAGNOLIA AV,RIVERVIEW PY,0,NA,Y,C,-,N,NA,NA,NA,NA,NA,NA,NA,NA,NA,N,2,0,1,1,A,-,11,21950,B,N,G,G,A,B,H,-,A,A,0,NA,Y,NA,NA,Y,NA,L,04,1,0,0,0,0,0,1,0,0,-,-,32.844329833984375,-116.96932220458984,SAN DIEGO,SANTEE,-116.96930694580078,32.84431076049805
9822426,2025,2025-08-25,3710,2025-08-01,1540,OC1592,NA,5,5,6,3710,0,0,0,NA,0,011,FOUSSAT RD,OCEANSIDE BL,0,NA,Y,A,-,N,NA,NA,NA,NA,NA,NA,NA,NA,NA,Y,3,0,1,3,A,-,12,21453,A,N,D,C,A,A,H,-,A,A,0,NA,NA,NA,NA,Y,NA,A,01,0,1,0,0,0,0,0,0,0,-,-,NA,NA,SAN DIEGO,OCEANSIDE,-117.34097290039063,33.20174789428711
9822456,2025,2025-09-29,3711,2025-08-07,1358,SD2035,NA,4,5,7,3711,0,0,0,NA,0,614,SUNSET CLIFFS BL,WEST POINT LOMA BL,0,NA,Y,A,-,N,NA,NA,NA,NA,NA,NA,NA,NA,NA,N,3,0,1,2,A,-,12,21453,A,N,D,C,A,A,H,-,A,A,0,NA,NA,Y,NA,Y,NA,C,02,0,1,0,0,0,0,0,0,1,-,-,NA,NA,SAN DIEGO,SAN DIEGO,-117.24227142333984,32.750938415527344
9822457,2024,2025-01-03,3702,2024-11-25,2347,CV1428,NA,1,5,6,3702,0,0,0,NA,0,013,4TH AV,SHASTA ST,351,S,N,A,-,N,NA,NA,NA,NA,NA,NA,NA,NA,NA,Y,4,0,1,5,A,-,01,23152,A,N,C,E,A,A,H,-,C,D,0,NA,NA,NA,NA,Y,Y,A,01,0,0,1,0,0,0,0,0,0,-,-,NA,NA,SAN DIEGO,CHULA VISTA,-117.08059692382813,32.6314582824707
9822658,2025,2025-08-27,3711,2025-08-15,2105,SD1507,NA,5,5,7,3711,0,0,0,NA,0,724,PALM AV,SATURN BL,0,NA,Y,A,-,N,NA,NA,NA,NA,NA,NA,NA,NA,NA,N,4,0,1,2,A,-,00,20002,A,F,C,C,A,A,-,-,C,A,0,NA,NA,NA,NA,Y,NA,-,NA,0,0,1,0,0,0,0,0,0,-,-,NA,NA,SAN DIEGO,SAN DIEGO,-117.09262847900392,32.583744049072266
9822957,2024,2025-01-03,3702,2024-12-11,1605,CV1490,NA,3,5,6,3702,0,0,0,NA,0,042,EASTLAKE PKWY,CLUBHOUSE DR,820,N,N,A,-,N,NA,NA,NA,NA,NA,NA,NA,NA,NA,N,3,0,1,1,A,-,03,22350,NA,N,H,A,A,A,H,-,A,A,0,NA,NA,Y,NA,Y,NA,C,02,0,1,0,0,0,0,0,0,1,-,-,NA,NA,SAN DIEGO,CHULA VISTA,-116.96661376953124,32.642738342285156
9824219,2025,2025-10-09,3711,2025-09-17,1110,SD7829,NA,3,5,7,3711,0,0,0,NA,0,234,CAMINO DEL NORTE,PASEO MONTANOSO,15,E,N,A,-,N,NA,NA,NA,NA,NA,NA,NA,NA,NA,Y,3,0,1,2,A,-,12,21453,A,N,D,C,A,A,H,-,A,A,0,NA,NA,NA,NA,Y,NA,A,01,0,1,0,0,0,0,0,0,0,-,-,NA,NA,SAN DIEGO,SAN DIEGO,-117.08681488037108,33.00010299682617
9825459,2025,2025-09-04,3711,2025-08-22,1030,SD1923,NA,5,5,7,3711,0,0,0,NA,0,614,SUNSET CLIFFS BL,ADAIR ST,0,NA,Y,B,-,N,NA,NA,NA,NA,NA,NA,NA,NA,NA,Y,3,0,1,2,A,-,08,22107,NA,N,C,E,A,A,H,-,A,-,0,NA,NA,NA,NA,Y,NA,A,01,0,1,0,0,0,0,0,0,0,-,-,NA,NA,SAN DIEGO,SAN DIEGO,-117.2554168701172,32.73561096191406
9825474,2025,2025-09-05,3710,2025-08-23,1611,OC1570,NA,6,5,6,3710,0,0,0,NA,0,034,COLLEGE BL,OCEANSIDE BL,95,N,N,A,-,N,NA,NA,NA,NA,NA,NA,NA,NA,NA,Y,3,0,1,2,A,-,01,23152,A,N,C,C,A,A,H,-,A,A,0,NA,NA,NA,NA,Y,Y,A,01,0,1,0,0,0,0,0,0,0,-,-,NA,NA,SAN DIEGO,OCEANSIDE,-117.28505706787108,33.20738983154297
9825570,2025,2025-09-09,3700,2025-07-21,117,SH0903,NA,1,5,5,3713,0,0,0,NA,0,304,NORTH MELROSE DR,TATUM ST,16,S,N,A,-,N,NA,NA,NA,NA,NA,NA,NA,NA,NA,Y,4,0,1,1,A,-,01,23152,A,N,E,I,A,A,H,-,C,D,0,NA,NA,NA,NA,Y,Y,A,01,0,0,1,0,0,0,0,0,0,-,-,NA,NA,SAN DIEGO,VISTA,-117.25492095947266,33.20802688598633
9825810,2025,2025-10-21,3711,2025-09-30,1548,SD7680,NA,2,5,7,3711,0,0,0,NA,0,934,CARMEL VALLEY RD,PACIFIC HIGHLANDS RANCH PKWY,0,NA,Y,A,-,N,NA,NA,NA,NA,NA,NA,NA,NA,NA,N,3,0,1,2,A,-,12,21453,A,N,G,G,B,A,H,-,A,A,0,Y,NA,NA,NA,Y,Y,N,60,0,1,0,0,1,0,0,0,0,-,-,NA,NA,SAN DIEGO,SAN DIEGO,-117.19068908691406,32.96300506591797
9826720,2025,2025-07-07,3700,2025-06-07,1818,SH0521,NA,6,5,5,3712,0,0,0,NA,0,357,TWIN OAKS VALLEY RD,SAN MARCOS BL,670,N,N,A,-,N,NA,NA,NA,NA,NA,NA,NA,NA,NA,N,3,0,1,1,A,-,03,22350,NA,N,H,J,A,A,H,-,A,D,0,NA,NA,Y,NA,Y,NA,C,02,0,1,0,0,0,0,0,0,1,-,-,33.14104080200195,-117.163818359375,SAN DIEGO,SAN MARCOS,-117.16316223144533,33.14284896850586
9827356,2025,2025-07-11,3711,2025-06-14,1600,SD1661,NA,6,5,7,3711,0,0,0,NA,0,615,NIMITZ BL,SCOTT ST,0,NA,Y,A,-,N,NA,NA,NA,NA,NA,NA,NA,NA,NA,N,3,0,1,2,A,-,08,38314,NA,N,B,G,A,A,H,-,A,D,0,NA,Y,NA,NA,Y,NA,-,NA,0,1,0,0,0,0,1,0,0,-,-,NA,NA,SAN DIEGO,SAN DIEGO,-117.22480010986328,32.72797775268555
9827488,2025,2025-07-25,3711,2025-07-03,2135,SD7630,NA,4,5,7,3711,0,0,0,NA,0,116,CLAIREMONT DR,ERIE ST,0,NA,Y,A,-,N,NA,NA,NA,NA,NA,NA,NA,NA,NA,N,3,0,1,2,D,-,00,NA,NA,N,D,G,A,A,H,-,C,D,0,NA,Y,NA,NA,Y,NA,-,-,0,1,0,0,0,0,1,0,0,-,-,NA,NA,SAN DIEGO,SAN DIEGO,-117.20220947265624,32.79030227661133
9828948,2025,2025-06-16,3705,2025-02-14,1238,EC0438,NA,5,5,5,3705,0,0,0,NA,0,003,JAMACHA RD,KENDRICK WY,632,S,N,A,-,N,NA,NA,NA,NA,NA,NA,NA,NA,NA,Y,3,0,1,1,A,-,03,22350,NA,N,E,I,A,A,H,-,-,D,0,NA,NA,NA,NA,Y,NA,A,01,0,1,0,0,0,0,0,0,0,-,-,NA,NA,SAN DIEGO,EL CAJON,-116.92790222167967,32.7765007019043
9829009,2025,2025-06-20,3711,2025-06-01,2232,SD1516,NA,7,5,7,3711,0,0,0,NA,0,621,GENESEE AV,LINDA VISTA RD,0,NA,Y,A,-,N,NA,NA,NA,NA,NA,NA,NA,NA,NA,N,3,0,2,2,A,-,03,22350,NA,N,C,C,A,A,H,-,C,A,0,NA,NA,NA,NA,Y,NA,A,01,0,2,0,0,0,0,0,0,0,-,-,NA,NA,SAN DIEGO,SAN DIEGO,-117.16597747802734,32.791561126708984
9830873,2025,2025-07-14,3711,2025-06-12,620,SD1861,NA,4,5,7,3711,0,0,0,NA,0,625,TAYLOR ST,TAYLOR ST 4100,142,E,N,B,-,N,NA,NA,NA,NA,NA,NA,NA,NA,NA,Y,3,0,1,1,D,-,00,NA,NA,N,A,J,A,A,H,-,A,A,0,NA,NA,NA,NA,Y,NA,-,-,0,1,0,0,0,0,0,0,0,-,-,NA,NA,SAN DIEGO,SAN DIEGO,-117.11173248291016,32.71106719970703
9831058,2025,2025-07-18,3711,2025-06-18,1301,SD1172,NA,3,5,7,3711,0,0,0,NA,0,931,MIRAMAR RD,RT 805,0,NA,Y,A,-,Y,SD,11,805,-,-,25.674,R,4,N,Y,3,0,2,2,A,-,12,21453,A,N,D,C,A,A,H,-,A,A,0,NA,NA,NA,NA,Y,NA,A,01,0,2,0,0,0,0,0,0,0,-,NF,NA,NA,SAN DIEGO,SAN DIEGO,-117.19700622558594,32.87210464477539
9831086,2025,2025-07-10,3703,2025-06-19,1539,1312,2,4,5,3,3703,0,0,0,NA,0,002,ALAMEDA BL,G AV,72,W,N,A,-,N,NA,NA,NA,NA,NA,NA,NA,NA,NA,Y,4,0,1,3,A,-,08,22107,NA,N,C,E,A,A,H,-,A,D,0,NA,NA,NA,NA,Y,Y,A,01,0,0,1,0,0,0,0,0,0,-,-,32.68769073486328,-117.18789672851563,SAN DIEGO,CORONADO,-117.18639373779295,32.686824798583984
9832677,2025,2025-07-29,3711,2025-07-05,1744,SD1852,NA,6,5,7,3711,0,0,0,NA,0,312,CALLE DE VERDE,RUEDA DR,0,NA,Y,A,-,N,NA,NA,NA,NA,NA,NA,NA,NA,NA,Y,3,0,2,2,A,-,09,21802,A,N,D,C,A,A,H,-,A,D,0,NA,NA,NA,NA,Y,NA,A,01,0,2,0,0,0,0,0,0,0,-,-,NA,NA,SAN DIEGO,SAN DIEGO,NA,NA
9832981,2025,2025-08-12,3710,2025-06-24,1345,OC1585,NA,2,5,6,3710,0,0,0,NA,0,011,OCEANSIDE BL,CROUCH ST,230,W,N,A,-,N,NA,NA,NA,NA,NA,NA,NA,NA,NA,Y,3,0,1,3,A,-,09,21804,A,N,D,C,A,A,H,-,A,D,0,NA,NA,NA,Y,Y,NA,A,01,0,1,0,0,0,0,0,0,0,-,-,NA,NA,SAN DIEGO,OCEANSIDE,-117.35388946533205,33.19492721557617
9833379,2025,2025-07-21,3702,2025-06-13,2323,CV1267,NA,5,5,6,3702,0,0,0,NA,0,042,HIKERS TRAIL DR,HIDDEN PATH DR,95,N,N,A,-,N,NA,NA,NA,NA,NA,NA,NA,NA,NA,Y,3,0,1,3,A,-,01,23152,A,N,A,E,A,A,H,-,D,D,0,NA,NA,NA,NA,Y,Y,A,01,0,1,0,0,0,0,0,0,0,-,-,NA,NA,SAN DIEGO,CHULA VISTA,NA,NA
9833811,2025,2025-08-25,3711,2025-07-10,1850,SD8672,NA,4,5,7,3711,0,0,0,NA,0,627,6TH AV,PENNSYLVANIA AV,0,NA,Y,A,-,N,NA,NA,NA,NA,NA,NA,NA,NA,NA,Y,4,0,2,2,A,-,03,22350,NA,N,D,C,A,A,H,-,B,A,0,NA,NA,NA,NA,Y,NA,A,01,0,0,2,0,0,0,0,0,0,-,-,NA,NA,SAN DIEGO,SAN DIEGO,-117.15956878662108,32.74513244628906
9833817,2025,2025-08-22,3711,2025-07-11,1740,SD1313,NA,5,5,7,3711,0,0,0,NA,0,832,MARLBOROUGH AV,UNIVERSITY AV,20,N,N,A,-,N,NA,NA,NA,NA,NA,NA,NA,NA,NA,N,3,0,1,2,A,-,08,38314,NA,N,B,G,A,A,H,-,A,D,0,NA,Y,NA,NA,Y,NA,-,NA,0,1,0,0,0,0,1,0,0,-,-,NA,NA,SAN DIEGO,SAN DIEGO,-117.1056900024414,32.749732971191406
9833824,2025,2025-08-22,3711,2025-07-13,1836,SD1748,NA,7,5,7,3711,0,0,0,NA,0,311,CONVOY ST,AERO DR,320,N,N,A,-,N,NA,NA,NA,NA,NA,NA,NA,NA,NA,N,3,0,1,2,A,-,08,22107,NA,N,G,G,A,A,H,-,A,D,0,NA,Y,NA,NA,Y,NA,A,01,0,1,0,0,0,0,1,0,0,-,-,NA,NA,SAN DIEGO,SAN DIEGO,-117.15309143066406,32.81198501586914
9833890,2025,2025-08-01,3711,2025-06-20,1911,SD7759,NA,5,5,7,3711,0,0,0,NA,0,115,GENESEE AV,RT 5,22,E,N,A,-,N,NA,NA,NA,NA,NA,NA,NA,NA,NA,Y,3,0,2,1,A,-,03,22350,NA,N,E,I,A,A,H,-,A,A,0,NA,NA,NA,NA,Y,Y,D,22,0,2,0,0,0,0,0,0,0,-,NF,NA,NA,SAN DIEGO,SAN DIEGO,-117.16057586669922,32.79133987426758
9856547,2024,2024-12-30,3702,2024-11-26,2041,CV1504,NA,2,5,6,3702,0,0,0,NA,0,011,E ST,4TH AV,18,W,N,A,-,N,NA,NA,NA,NA,NA,NA,NA,NA,NA,Y,4,0,1,2,A,-,03,22350,NA,F,C,C,A,A,H,-,C,A,0,NA,NA,NA,NA,Y,NA,A,07,0,0,1,0,0,0,0,0,0,-,-,NA,NA,SAN DIEGO,CHULA VISTA,-117.08537292480467,32.64360427856445
9866462,2025,2025-08-12,3703,2025-07-28,1240,1387,1,1,5,3,3703,0,0,0,NA,0,001,4TH ST,C AV,0,NA,Y,A,-,N,NA,NA,NA,NA,NA,NA,NA,NA,NA,N,3,0,1,2,A,-,08,22107,NA,N,G,B,B,A,H,-,A,D,0,Y,NA,NA,NA,Y,NA,A,01,0,1,0,0,1,0,0,0,0,-,-,32.6939697265625,-117.17363739013672,SAN DIEGO,CORONADO,-117.1736068725586,32.6939582824707
9866993,2025,2025-10-30,3711,2025-07-13,2126,SD7942,NA,7,5,7,3711,0,0,0,NA,0,243,8500 KEARNY VILLA RD,MIRAMAR WY OVERPASS,565,N,N,A,-,N,NA,NA,NA,NA,NA,NA,NA,NA,NA,Y,1,1,0,1,A,-,08,22107,NA,N,E,I,A,A,H,-,D,D,0,NA,NA,NA,NA,Y,NA,A,01,0,0,0,0,0,0,0,0,0,-,-,NA,NA,SAN DIEGO,SAN DIEGO,-117.1166534423828,32.883148193359375