CASE_ID,ACCIDENT_YEAR,PROC_DATE,JURIS,COLLISION_DATE,COLLISION_TIME,OFFICER_ID,REPORTING_DISTRICT,DAY_OF_WEEK,CHP_SHIFT,POPULATION,CNTY_CITY_LOC,SPECIAL_COND,BEAT_TYPE,CHP_BEAT_TYPE,CITY_DIVISION_LAPD,CHP_BEAT_CLASS,BEAT_NUMBER,PRIMARY_RD,SECONDARY_RD,DISTANCE,DIRECTION,INTERSECTION,WEATHER_1,WEATHER_2,STATE_HWY_IND,CALTRANS_COUNTY,CALTRANS_DISTRICT,STATE_ROUTE,ROUTE_SUFFIX,POSTMILE_PREFIX,POSTMILE,LOCATION_TYPE,RAMP_INTERSECTION,SIDE_OF_HWY,TOW_AWAY,COLLISION_SEVERITY,NUMBER_KILLED,NUMBER_INJURED,PARTY_COUNT,PRIMARY_COLL_FACTOR,PCF_CODE_OF_VIOL,PCF_VIOL_CATEGORY,PCF_VIOLATION,PCF_VIOL_SUBSECTION,HIT_AND_RUN,TYPE_OF_COLLISION,MVIW,PED_ACTION,ROAD_SURFACE,ROAD_COND_1,ROAD_COND_2,LIGHTING,CONTROL_DEVICE,CHP_ROAD_TYPE,PEDESTRIAN_ACCIDENT,BICYCLE_ACCIDENT,MOTORCYCLE_ACCIDENT,TRUCK_ACCIDENT,NOT_PRIVATE_PROPERTY,ALCOHOL_INVOLVED,STWD_VEHTYPE_AT_FAULT,CHP_VEHTYPE_AT_FAULT,COUNT_SEVERE_INJ,COUNT_VISIBLE_INJ,COUNT_COMPLAINT_PAIN,COUNT_PED_KILLED,COUNT_PED_INJURED,COUNT_BICYCLIST_KILLED,COUNT_BICYCLIST_INJURED,COUNT_MC_KILLED,COUNT_MC_INJURED,PRIMARY_RAMP,SECONDARY_RAMP,LATITUDE,LONGITUDE,COUNTY,CITY,POINT_X,POINT_Y
9867179,2025,2026-02-03,3711,2025-10-26,2245,SD7335,NA,7,5,7,3711,0,0,0,NA,0,111,BALBOA AV,ECKSTROM AV,0,NA,Y,A,-,N,NA,NA,NA,NA,NA,NA,NA,NA,NA,Y,1,1,1,2,A,-,12,21453,A,N,D,C,A,A,H,-,C,A,0,NA,NA,Y,NA,Y,NA,C,02,0,1,0,0,0,0,0,1,0,-,-,NA,NA,SAN DIEGO,SAN DIEGO,-117.16706848144533,32.82048034667969
9867607,2025,2025-08-21,3711,2025-07-26,1559,SD5958,NA,6,5,7,3711,0,0,0,NA,0,242,BLACK MOUNTAIN RD,KEARNY VILLA RD,0,NA,Y,A,-,N,NA,NA,NA,NA,NA,NA,NA,NA,NA,Y,3,0,2,2,A,-,12,21453,A,N,D,C,A,A,H,-,A,A,0,NA,NA,NA,NA,Y,NA,A,01,0,2,0,0,0,0,0,0,0,-,-,NA,NA,SAN DIEGO,SAN DIEGO,-117.12267303466795,32.89866256713867
9867612,2025,2025-08-25,3711,2025-07-26,1408,SD7737,NA,6,5,7,3711,0,0,0,NA,0,529,4TH AV,DATE ST,0,NA,Y,-,-,N,NA,NA,NA,NA,NA,NA,NA,NA,NA,Y,3,0,1,2,A,-,09,21800,C,N,D,C,A,A,H,-,A,D,0,NA,NA,NA,NA,Y,Y,A,01,0,1,0,0,0,0,0,0,0,-,-,NA,NA,SAN DIEGO,SAN DIEGO,-117.16114044189452,32.723026275634766
9868363,2025,2025-09-02,3711,2025-08-02,1728,SD2139,NA,6,5,7,3711,0,0,0,NA,0,123,WEST MISSION BAY DR,DANA LANDING RD,6,E,N,A,-,N,NA,NA,NA,NA,NA,NA,NA,NA,NA,Y,3,0,4,4,A,-,12,21453,A,N,D,C,A,A,H,-,A,A,0,NA,NA,NA,NA,Y,NA,A,01,0,4,0,0,0,0,0,0,0,-,-,NA,NA,SAN DIEGO,SAN DIEGO,-117.23789978027344,32.76546096801758
9868425,2025,2025-09-29,3711,2025-08-08,1426,SD1834,NA,5,5,7,3711,0,0,0,NA,0,624,POLK AV,LOUISIANA ST,162,E,N,A,-,N,NA,NA,NA,NA,NA,NA,NA,NA,NA,Y,3,0,1,2,A,-,08,22107,NA,N,D,C,A,A,H,-,A,D,0,NA,NA,NA,NA,Y,NA,A,01,0,1,0,0,0,0,0,0,0,-,-,NA,NA,SAN DIEGO,SAN DIEGO,-117.1395263671875,32.752159118652344
9868430,2025,2025-09-29,3711,2025-08-01,715,SD2146,NA,5,5,7,3711,0,0,0,NA,0,115,LA JOLLA VILLAGE DR,REGENTS RD,0,NA,Y,A,-,N,NA,NA,NA,NA,NA,NA,NA,NA,NA,Y,3,0,2,2,D,-,00,NA,NA,N,D,C,A,A,H,-,A,A,0,NA,NA,NA,NA,Y,NA,-,-,0,2,0,0,0,0,0,0,0,-,-,NA,NA,SAN DIEGO,SAN DIEGO,-117.2183837890625,32.87135696411133
9869533,2025,2025-08-25,3705,2025-05-27,656,EC0431,NA,2,5,5,3705,0,0,0,NA,0,002,GRAVES AV,LAFFEY LN,7,S,N,B,-,N,NA,NA,NA,NA,NA,NA,NA,NA,NA,Y,3,0,1,2,A,-,03,22350,NA,N,C,E,A,A,H,-,A,D,0,NA,NA,NA,NA,Y,NA,A,01,0,1,0,0,0,0,0,0,0,-,-,NA,NA,SAN DIEGO,EL CAJON,-116.96038055419922,32.80662155151367
9869538,2025,2025-08-25,3705,2025-05-10,1613,EC0438,NA,6,5,5,3705,0,0,0,NA,0,001,FLETCHER PKWY,NAVAJO RD,192,S,N,A,-,N,NA,NA,NA,NA,NA,NA,NA,NA,NA,N,2,0,1,1,A,-,03,22350,NA,N,E,I,A,A,H,-,A,A,0,NA,NA,Y,NA,Y,NA,C,02,1,0,0,0,0,0,0,0,1,-,-,NA,NA,SAN DIEGO,EL CAJON,-117.00193786621094,32.80059814453125
9869996,2025,2025-08-11,3709,2025-06-14,2030,NC0557,NA,6,5,5,3709,0,0,0,NA,0,020,HIGHLAND AV,HIGHLAND AVE 1200,0,NA,N,A,-,N,NA,NA,NA,NA,NA,NA,NA,NA,NA,N,3,0,1,2,A,-,00,20002,A,M,E,B,B,A,H,-,C,D,0,Y,NA,NA,NA,Y,NA,-,NA,0,1,0,0,1,0,0,0,0,-,-,NA,NA,SAN DIEGO,NATIONAL CITY,-117.0892333984375,32.65372085571289
9870077,2025,2025-08-18,3702,2025-07-27,1430,CV1439,NA,7,5,6,3702,0,0,0,NA,0,043,MAIN ST E,LA MEDIA PKWY S,0,NA,Y,A,-,N,NA,NA,NA,NA,NA,NA,NA,NA,NA,Y,4,0,2,2,A,-,12,21453,A,N,D,C,A,A,H,-,A,A,0,NA,NA,NA,NA,Y,NA,D,22,0,0,2,0,0,0,0,0,0,-,-,NA,NA,SAN DIEGO,CHULA VISTA,NA,NA
9870634,2025,2025-09-10,3700,2025-06-17,1757,SH0876,NA,2,5,5,3713,0,0,0,NA,0,313,SUNSET DR,BUENA VISTA DR,630,W,N,A,-,N,NA,NA,NA,NA,NA,NA,NA,NA,NA,N,3,0,2,2,A,-,03,22350,NA,N,C,C,A,A,H,-,A,D,0,NA,NA,NA,NA,Y,NA,A,07,0,2,0,0,0,0,0,0,0,-,-,NA,NA,SAN DIEGO,VISTA,-117.25054931640624,33.179115295410156
9871041,2025,2025-09-08,3711,2025-07-28,1205,SD1956,NA,1,5,7,3711,0,0,0,NA,0,713,ST ANDREWS AV,LA MEDIA RD,0,NA,Y,A,-,N,NA,NA,NA,NA,NA,NA,NA,NA,NA,Y,3,0,1,2,A,-,12,21453,A,N,D,C,A,A,H,-,A,A,0,NA,NA,NA,Y,Y,NA,A,01,0,1,0,0,0,0,0,0,0,-,-,NA,NA,SAN DIEGO,SAN DIEGO,-116.96240997314452,32.56597900390625
9871083,2025,2025-08-15,3710,2025-07-22,1400,OC3249,NA,2,5,6,3710,0,0,0,NA,0,016,MISSION AV,DOUGLAS AV,894,E,N,A,-,N,NA,NA,NA,NA,NA,NA,NA,NA,NA,Y,3,0,1,2,A,-,08,22107,NA,F,B,C,A,A,H,-,A,A,0,NA,NA,NA,NA,Y,NA,-,99,0,1,0,0,0,0,0,0,0,-,-,NA,NA,SAN DIEGO,OCEANSIDE,-117.32334899902344,33.228729248046875
9871186,2025,2025-08-07,3702,2025-07-09,1257,CV1596,NA,3,5,6,3702,0,0,0,NA,0,011,825 E ST,BAY BL,360,W,N,A,-,N,NA,NA,NA,NA,NA,NA,NA,NA,NA,N,3,0,1,1,C,-,18,NA,NA,N,H,A,A,A,H,-,A,D,0,NA,Y,NA,NA,Y,NA,-,-,0,1,0,0,0,0,1,0,0,-,-,NA,NA,SAN DIEGO,CHULA VISTA,-117.10159301757813,32.63962173461914
9871674,2025,2025-08-18,3711,2025-07-29,1745,SD1907,NA,2,5,7,3711,0,0,0,NA,0,242,MIRA MESA BL,RT 15,268,W,N,A,-,N,NA,NA,NA,NA,NA,NA,NA,NA,NA,Y,3,0,1,2,A,-,07,21658,A,N,D,C,A,A,H,-,A,A,0,NA,NA,NA,NA,Y,NA,A,01,0,1,0,0,0,0,0,0,0,-,NO,NA,NA,SAN DIEGO,SAN DIEGO,NA,NA
9871998,2025,2025-09-04,3702,2025-08-04,803,CV1164,NA,1,5,6,3702,0,0,0,NA,0,014,E ST,DEL MAR AV,70,E,N,A,-,N,NA,NA,NA,NA,NA,NA,NA,NA,NA,Y,3,0,2,2,A,-,05,21651,A,N,D,C,A,A,H,-,A,D,0,NA,NA,NA,NA,Y,NA,I,11,0,1,1,0,0,0,0,0,0,-,-,NA,NA,SAN DIEGO,CHULA VISTA,-117.07897186279295,32.64540100097656
9872395,2025,2025-10-01,3709,2025-08-13,2115,NC0577,NA,3,5,5,3709,0,0,0,NA,0,021,PALM AV,EAST 16TH ST,0,NA,Y,A,-,N,NA,NA,NA,NA,NA,NA,NA,NA,NA,Y,2,0,2,3,A,-,01,23152,A,N,A,C,A,B,H,-,C,D,0,NA,NA,NA,NA,Y,Y,A,01,1,1,0,0,0,0,0,0,0,-,-,NA,NA,SAN DIEGO,NATIONAL CITY,-117.08783721923828,32.67351150512695
9872407,2025,2025-10-01,3709,2025-08-15,2215,NC0558,NA,5,5,5,3709,0,0,0,NA,0,020,NATIONAL CITY BL,NATIONAL CITY BL 1200,0,NA,N,A,-,N,NA,NA,NA,NA,NA,NA,NA,NA,NA,Y,3,0,1,1,A,-,03,22350,NA,N,H,I,A,A,H,-,C,-,0,NA,NA,NA,NA,Y,NA,A,01,0,1,0,0,0,0,0,0,0,-,-,NA,NA,SAN DIEGO,NATIONAL CITY,NA,NA
9872969,2025,2025-09-10,3711,2025-08-20,2045,SD7981,NA,3,5,7,3711,0,0,0,NA,0,122,GARNET AV,CASS ST,0,NA,Y,A,-,N,NA,NA,NA,NA,NA,NA,NA,NA,NA,Y,4,0,2,2,A,-,03,22350,NA,N,C,C,A,A,H,-,C,A,0,NA,NA,NA,NA,Y,NA,A,01,0,0,2,0,0,0,0,0,0,-,-,NA,NA,SAN DIEGO,SAN DIEGO,-117.25185394287108,32.797340393066406
9873315,2025,2025-09-11,3702,2025-08-26,945,CV1554,NA,2,5,6,3702,0,0,0,NA,0,041,MONTERA ST,MOUNT MACCLURE ST,0,NA,Y,A,-,N,NA,NA,NA,NA,NA,NA,NA,NA,NA,N,3,0,1,2,A,-,03,22350,NA,N,C,E,A,A,H,-,A,D,0,NA,NA,NA,NA,Y,NA,A,01,0,1,0,0,0,0,0,0,0,-,-,NA,NA,SAN DIEGO,CHULA VISTA,-117.0005340576172,32.62053680419922
9873551,2025,2025-09-15,3711,2025-08-24,1125,SD7969,NA,7,5,7,3711,0,0,0,NA,0,714,EAST SAN YSIDRO BL,RAIL COURT,127,N,N,A,-,N,NA,NA,NA,NA,NA,NA,NA,NA,NA,N,3,0,1,2,A,-,04,21703,NA,M,C,C,A,A,H,-,C,D,0,NA,NA,NA,NA,Y,NA,A,01,0,1,0,0,0,0,0,0,0,-,-,NA,NA,SAN DIEGO,SAN DIEGO,-117.02873992919922,32.54452896118164
9873797,2025,2025-09-30,3711,2025-08-23,2055,SD1578,NA,6,5,7,3711,0,0,0,NA,0,313,KEARNY MESA RD,MAGNATRON BL,0,NA,N,A,-,N,NA,NA,NA,NA,NA,NA,NA,NA,NA,N,3,0,1,2,A,-,08,22107,NA,N,D,C,A,A,H,-,D,D,0,NA,NA,Y,NA,Y,NA,A,01,0,1,0,0,0,0,0,0,1,-,-,NA,NA,SAN DIEGO,SAN DIEGO,-117.13935089111328,32.83527755737305
9873805,2025,2025-09-17,3711,2025-07-23,1643,SD1461,NA,3,5,7,3711,0,0,0,NA,0,242,CALLE CRISTOBAL,CALLE CRISTOBAL 7400,0,NA,-,A,-,N,NA,NA,NA,NA,NA,NA,NA,NA,NA,N,3,0,1,2,A,-,08,22107,NA,N,G,B,B,A,H,-,A,A,0,Y,NA,NA,NA,Y,NA,A,01,0,1,0,0,1,0,0,0,0,-,-,NA,NA,SAN DIEGO,SAN DIEGO,NA,NA
9873816,2025,2025-09-17,3710,2025-07-25,1416,OC1572,NA,5,5,6,3710,0,0,0,NA,0,012,EL CAMINO REAL,OCEANSIDE BL,0,NA,Y,A,-,N,NA,NA,NA,NA,NA,NA,NA,NA,NA,Y,3,0,1,2,A,-,07,21658,A,N,C,C,A,A,H,-,A,A,0,NA,NA,NA,NA,Y,NA,A,01,0,1,0,0,0,0,0,0,0,-,-,NA,NA,SAN DIEGO,OCEANSIDE,-117.33220672607422,33.20182800292969
9873940,2025,2025-10-03,3711,2025-09-02,854,SD7247,NA,2,5,7,3711,0,0,0,NA,0,627,WASHINGTON ST,3RD AVE,0,NA,Y,A,-,N,NA,NA,NA,NA,NA,NA,NA,NA,NA,Y,3,0,1,2,A,-,17,21657,NA,N,D,C,A,A,H,-,A,A,0,NA,NA,NA,NA,Y,NA,A,01,0,1,0,0,0,0,0,0,0,-,-,NA,NA,SAN DIEGO,SAN DIEGO,-117.16273498535156,32.74998474121094
9874242,2025,2025-09-24,3705,2025-03-31,2127,EC0466,NA,1,5,5,3705,0,0,0,NA,0,001,CHASE AV,WILSON AV,23,W,N,C,-,N,NA,NA,NA,NA,NA,NA,NA,NA,NA,Y,4,0,1,3,A,-,03,22350,NA,N,C,C,A,B,H,-,C,D,0,NA,NA,NA,NA,Y,NA,A,07,0,0,1,0,0,0,0,0,0,-,-,NA,NA,SAN DIEGO,EL CAJON,-116.9761199951172,32.78145217895508
9874420,2025,2025-10-03,3708,2025-08-17,1648,LM1337,NA,7,5,5,3708,0,0,0,NA,0,003,EL CAJON BL,THORN DR,0,NA,Y,A,-,N,NA,NA,NA,NA,NA,NA,NA,NA,NA,N,3,0,1,2,A,-,05,21651,B,N,D,C,A,A,H,-,A,A,0,NA,NA,NA,NA,Y,NA,-,NA,0,1,0,0,0,0,0,0,0,-,-,NA,NA,SAN DIEGO,LA MESA,-117.03282928466795,32.768550872802734
9876361,2025,2025-09-19,3710,2025-08-30,1920,OC1570,NA,6,5,6,3710,0,0,0,NA,0,016,DOUGLAS DR,EL CAMINO REAL,68,N,N,A,-,N,NA,NA,NA,NA,NA,NA,NA,NA,NA,Y,3,0,1,2,A,-,01,23152,A,M,C,C,A,A,H,-,B,A,0,NA,NA,NA,NA,Y,Y,A,01,0,1,0,0,0,0,0,0,0,-,-,NA,NA,SAN DIEGO,OCEANSIDE,-117.3256607055664,33.2313232421875
9876432,2025,2025-09-19,3711,2025-09-08,1225,SD8861,NA,1,5,7,3711,0,0,0,NA,0,315,MISSION CENTER RD,MISSION CENTER RD 5000,0,NA,N,A,-,N,NA,NA,NA,NA,NA,NA,NA,NA,NA,N,3,0,1,2,A,-,08,22107,NA,M,B,C,A,A,H,-,A,A,0,NA,NA,NA,NA,Y,NA,-,99,0,1,0,0,0,0,0,0,0,-,-,NA,NA,SAN DIEGO,SAN DIEGO,-117.15416717529295,32.773582458496094
9877105,2025,2025-09-23,3710,2025-08-02,237,OC1588,NA,6,5,6,3710,0,0,0,NA,0,006,COAST HWY,MINNESOTA AV,30,S,N,A,-,N,NA,NA,NA,NA,NA,NA,NA,NA,NA,N,4,0,1,2,A,-,04,21703,NA,F,C,C,A,A,H,-,A,A,0,NA,NA,NA,NA,Y,NA,-,-,0,0,1,0,0,0,0,0,0,-,-,NA,NA,SAN DIEGO,OCEANSIDE,-117.37416076660156,33.18952178955078
9878610,2025,2025-10-15,3711,2025-09-10,1218,SD7848,NA,3,5,7,3711,0,0,0,NA,0,512,31ST ST,WEBSTER AV,183,S,N,A,-,N,NA,NA,NA,NA,NA,NA,NA,NA,NA,N,3,0,1,2,A,-,09,21804,A,N,D,G,A,A,H,-,A,D,0,NA,Y,NA,NA,Y,NA,L,04,0,1,0,0,0,0,1,0,0,-,-,NA,NA,SAN DIEGO,SAN DIEGO,-117.12734985351563,32.703819274902344
9882023,2025,2025-10-20,3710,2025-07-26,340,OC1554,NA,6,5,6,3710,0,0,0,NA,0,017,VANDERGRIFT BL,DOUGLAS DR,22,S,N,A,-,N,NA,NA,NA,NA,NA,NA,NA,NA,NA,Y,3,0,1,1,A,-,07,21658,A,N,E,I,A,A,H,-,C,A,0,NA,NA,NA,NA,Y,NA,A,01,0,1,0,0,0,0,0,0,0,-,-,NA,NA,SAN DIEGO,OCEANSIDE,-117.29615020751952,33.27341842651367
9882983,2025,2025-10-27,3700,2025-09-30,1036,SH3910,NA,2,5,5,3712,0,0,0,NA,0,351,NORTH LAS POSAS RD,BORDEN RD,0,NA,Y,A,-,N,NA,NA,NA,NA,NA,NA,NA,NA,NA,Y,3,0,3,2,A,-,12,21453,A,N,D,C,A,A,H,-,A,A,0,NA,NA,NA,NA,Y,NA,A,01,0,3,0,0,0,0,0,0,0,-,-,NA,NA,SAN DIEGO,SAN MARCOS,-117.18894958496094,33.1607780456543
9883929,2025,2025-11-21,3711,2025-10-16,1502,SD1968,NA,4,5,7,3711,0,0,0,NA,0,327,COLLEGE AV,LINDO PASEO,0,NA,N,A,-,N,NA,NA,NA,NA,NA,NA,NA,NA,NA,Y,3,0,1,2,B,-,22,NA,NA,N,C,C,A,A,H,-,A,A,0,NA,NA,Y,NA,Y,NA,A,01,0,1,0,0,0,0,0,0,1,-,-,NA,NA,SAN DIEGO,SAN DIEGO,-117.0699462890625,32.771629333496094
9883970,2025,2025-11-10,3711,2025-10-16,746,SD7042,NA,4,5,7,3711,0,0,0,NA,0,618,SANTA BARBARA ST,CATALINA BL,21,W,N,A,-,N,NA,NA,NA,NA,NA,NA,NA,NA,NA,Y,3,0,1,1,C,-,18,NA,NA,N,E,I,A,A,H,-,A,D,0,NA,NA,NA,NA,Y,NA,-,-,0,1,0,0,0,0,0,0,0,-,-,NA,NA,SAN DIEGO,SAN DIEGO,-117.24527740478516,32.72373580932617
9884294,2025,2025-10-23,3710,2025-09-27,1213,OC1504,NA,6,5,6,3710,0,0,0,NA,0,012,CROUCH ST,SKYLARK DR,0,NA,Y,A,-,N,NA,NA,NA,NA,NA,NA,NA,NA,NA,Y,3,0,2,2,A,-,09,21802,B,N,D,C,A,A,H,-,A,D,0,NA,NA,NA,NA,Y,NA,A,01,0,1,1,0,0,0,0,0,0,-,-,NA,NA,SAN DIEGO,OCEANSIDE,-117.35256958007813,33.19478988647461
9884951,2025,2025-10-23,3711,2025-10-15,831,SD1971,NA,3,5,7,3711,0,0,0,NA,0,723,AREY DR,PICCARD AV,0,NA,Y,A,-,N,NA,NA,NA,NA,NA,NA,NA,NA,NA,N,3,0,1,2,A,-,10,21950,A,N,G,B,-,A,H,-,A,D,0,Y,NA,NA,NA,Y,NA,A,01,0,1,0,0,1,0,0,0,0,-,-,NA,NA,SAN DIEGO,SAN DIEGO,-117.05021667480467,32.57875061035156
9886330,2025,2026-01-02,3711,2025-11-10,1222,SD2066,NA,1,5,7,3711,0,0,0,NA,0,724,OUTER RD,CORONADO AV,0,NA,Y,-,-,N,NA,NA,NA,NA,NA,NA,NA,NA,NA,N,4,0,1,2,A,-,09,21801,A,N,B,C,A,A,H,-,A,A,0,NA,NA,Y,NA,Y,NA,-,NA,0,0,1,0,0,0,0,0,1,-,-,NA,NA,SAN DIEGO,SAN DIEGO,-117.08049774169922,32.576473236083984
9887822,2025,2025-12-12,3711,2025-11-12,950,SD7746,NA,3,5,7,3711,0,0,0,NA,0,243,CARROLL CENTRE RD,VIA PASAR,0,NA,Y,A,-,N,NA,NA,NA,NA,NA,NA,NA,NA,NA,Y,3,0,2,2,A,-,09,21800,A,N,D,C,A,A,H,-,A,D,0,NA,NA,NA,NA,Y,NA,A,01,0,2,0,0,0,0,0,0,0,-,-,NA,NA,SAN DIEGO,SAN DIEGO,-117.12026977539063,32.89934539794922
9887829,2025,2025-12-10,3711,2025-11-18,818,SD6104,NA,2,5,7,3711,0,0,0,NA,0,823,COLLEGE AV,ROCK ST,0,NA,Y,A,-,N,NA,NA,NA,NA,NA,NA,NA,NA,NA,Y,4,0,1,2,A,-,09,21801,A,N,D,C,A,B,H,-,A,D,0,NA,NA,NA,NA,Y,NA,A,01,0,0,1,0,0,0,0,0,0,-,-,NA,NA,SAN DIEGO,SAN DIEGO,-117.06426239013672,32.75189971923828
9888509,2025,2025-11-20,3711,2025-09-20,518,SD1930,NA,6,5,7,3711,0,0,0,NA,0,614,SUNSET CLIFFS BL,RT 8 E,500,N,N,B,-,N,NA,NA,NA,NA,NA,NA,NA,NA,NA,N,3,0,1,2,D,-,00,NA,NA,N,H,J,-,A,H,-,A,D,0,Y,Y,NA,NA,Y,Y,-,-,0,1,0,0,0,0,1,0,0,-,-,NA,NA,SAN DIEGO,SAN DIEGO,-117.23582458496094,32.75483703613281
9888763,2025,2025-11-18,3710,2025-09-03,1633,OC1479,NA,3,5,6,3710,0,0,0,NA,0,011,OCEANSIDE BL,CAMELOT DR,21,E,N,A,-,N,NA,NA,NA,NA,NA,NA,NA,NA,NA,Y,3,0,1,1,A,-,01,23152,A,N,A,I,A,A,H,-,A,A,0,NA,NA,NA,NA,Y,Y,I,11,0,1,0,0,0,0,0,0,0,-,-,NA,NA,SAN DIEGO,OCEANSIDE,-117.34393310546876,33.200958251953125
9889044,2025,2025-12-17,3711,2025-10-27,1838,SD1325,NA,1,5,7,3711,0,0,0,NA,0,526,6TH AV,6TH AV 1500,0,NA,-,A,-,N,NA,NA,NA,NA,NA,NA,NA,NA,NA,N,3,0,2,2,A,-,08,22107,NA,N,D,C,A,A,H,-,C,A,0,NA,NA,NA,NA,Y,NA,A,01,0,2,0,0,0,0,0,0,0,-,-,NA,NA,SAN DIEGO,SAN DIEGO,-117.07826232910156,33.11714553833008
9889084,2025,2025-11-18,3711,2025-10-15,530,SD1959,NA,3,5,7,3711,0,0,0,NA,0,243,MIRAMAR RD,KEARNY VILLA RD,0,NA,Y,B,-,N,NA,NA,NA,NA,NA,NA,NA,NA,NA,Y,4,0,2,2,A,-,12,21457,A,N,D,C,A,B,H,-,C,B,0,NA,NA,NA,NA,Y,NA,A,01,0,0,2,0,0,0,0,0,0,-,-,NA,NA,SAN DIEGO,SAN DIEGO,-117.11994934082033,32.893821716308594
9889109,2025,2025-12-08,3711,2025-10-30,1530,SD8672,NA,4,5,7,3711,0,0,0,NA,0,627,UNIVERSITY AV,CENTRE ST,46,E,N,A,-,N,NA,NA,NA,NA,NA,NA,NA,NA,NA,Y,3,0,1,1,A,-,08,22107,NA,N,E,I,A,A,H,-,A,D,0,NA,NA,NA,NA,Y,NA,A,01,0,1,0,0,0,0,0,0,0,-,-,NA,NA,SAN DIEGO,SAN DIEGO,-117.14823150634766,32.7484130859375
9889796,2025,2025-12-29,3708,2025-11-06,805,LM1329,NA,4,5,5,3708,0,0,0,NA,0,003,LAKE MURRAY BL,MARENGO AV,63.4,W,N,A,-,N,NA,NA,NA,NA,NA,NA,NA,NA,NA,N,3,0,1,2,A,-,09,21801,A,N,D,G,A,A,H,-,A,D,0,NA,Y,NA,NA,Y,Y,L,04,0,1,0,0,0,0,1,0,0,-,-,NA,NA,SAN DIEGO,LA MESA,-117.026123046875,32.78483963012695
9890148,2025,2025-12-24,3711,2025-11-07,1328,SD1956,NA,5,5,7,3711,0,0,0,NA,0,713,BRITANNIA BL,BRISTOW CT,0,NA,Y,A,-,N,NA,NA,NA,NA,NA,NA,NA,NA,NA,Y,4,0,1,2,A,-,09,21802,A,N,D,C,A,A,H,-,A,D,0,NA,NA,NA,NA,Y,NA,-,NA,0,0,1,0,0,0,0,0,0,-,-,NA,NA,SAN DIEGO,SAN DIEGO,-116.97985076904295,32.5516242980957
9890468,2025,2025-11-19,3705,2025-06-27,2009,EC0429,NA,5,5,5,3705,0,0,0,NA,0,004,W CHASE AVE,S MAGNOLIA AV,65,W,N,A,-,N,NA,NA,NA,NA,NA,NA,NA,NA,NA,N,2,0,1,1,A,-,03,22350,NA,N,E,I,A,A,H,-,A,A,0,NA,Y,NA,NA,Y,NA,L,04,1,0,0,0,0,0,1,0,0,-,-,NA,NA,SAN DIEGO,EL CAJON,-116.96250915527344,32.780399322509766
9890632,2025,2025-12-09,3702,2025-10-25,1830,CV1517,NA,6,5,6,3702,0,0,0,NA,0,022,NAPLES ST,DIXON DR,35,W,N,A,-,N,NA,NA,NA,NA,NA,NA,NA,NA,NA,N,4,0,1,2,A,-,11,21954,A,N,G,B,E,A,H,-,C,D,0,Y,NA,NA,NA,Y,NA,N,60,0,0,1,0,1,0,0,0,0,-,-,NA,NA,SAN DIEGO,CHULA VISTA,-117.06000518798828,32.61621856689453
9890683,2025,2025-12-16,3711,2025-11-05,1032,SD2085,NA,3,5,7,3711,0,0,0,NA,0,436,IMPERIAL AV,IMPERIAL AV 6800,0,NA,-,A,-,N,NA,NA,NA,NA,NA,NA,NA,NA,NA,Y,3,0,1,2,A,-,08,22107,NA,N,D,D,A,A,H,-,A,D,0,NA,NA,Y,NA,Y,NA,A,08,0,1,0,0,0,0,0,0,1,-,-,NA,NA,SAN DIEGO,SAN DIEGO,NA,NA
9890692,2025,2025-12-16,3711,2025-11-09,1305,SD1652,NA,7,5,7,3711,0,0,0,NA,0,623,TAYLOR ST,HOTEL CIRCLE NORTH,0,NA,Y,A,-,N,NA,NA,NA,NA,NA,NA,NA,NA,NA,N,3,0,1,2,A,-,21,22106,NA,N,D,C,A,A,H,-,A,A,0,NA,NA,NA,NA,Y,NA,A,01,0,1,0,0,0,0,0,0,0,-,-,NA,NA,SAN DIEGO,SAN DIEGO,-117.19026947021484,32.759307861328125
9891450,2025,2025-11-24,3700,2025-09-24,1528,SH7690,NA,3,5,4,3780,0,0,0,NA,0,410,TWIN PEAKS RD,SILVERSET ST,140,E,N,A,-,N,NA,NA,NA,NA,NA,NA,NA,NA,NA,Y,3,0,1,1,A,-,03,22350,NA,N,H,-,A,A,D,-,A,D,0,NA,NA,Y,NA,Y,NA,C,02,0,1,0,0,0,0,0,0,1,-,-,NA,NA,SAN DIEGO,POWAY,-117.05127716064452,32.97795104980469
9891723,2025,2025-12-19,3711,2025-11-05,1430,SD2203,NA,3,5,7,3711,0,0,0,NA,0,124,LA JOLLA BL,LA JOLLA BL 6400,0,NA,N,A,-,N,NA,NA,NA,NA,NA,NA,NA,NA,NA,N,3,0,1,2,A,-,08,22107,NA,N,B,G,A,A,H,-,A,D,0,NA,Y,NA,NA,Y,NA,A,01,0,1,0,0,0,0,1,0,0,-,-,NA,NA,SAN DIEGO,SAN DIEGO,-117.25162506103516,32.85003662109375
9891836,2025,2025-12-17,3711,2025-11-07,725,SD1837,NA,5,5,7,3711,0,0,0,NA,0,713,OTAY PACIFIC,SIEMPRE VIVA RD,400,S,N,A,-,N,NA,NA,NA,NA,NA,NA,NA,NA,NA,Y,3,0,1,2,A,-,08,22107,NA,N,B,C,A,A,H,-,A,D,0,NA,NA,NA,NA,Y,NA,A,01,0,1,0,0,0,0,0,0,0,-,-,NA,NA,SAN DIEGO,SAN DIEGO,-116.97425842285156,32.552223205566406
9891946,2025,2025-12-17,3711,2025-11-13,1525,SD8861,NA,4,5,7,3711,0,0,0,NA,0,517,BROADWAY,29TH ST,15,W,N,A,-,N,NA,NA,NA,NA,NA,NA,NA,NA,NA,Y,3,0,2,2,A,-,09,21802,A,N,D,C,A,A,H,-,A,A,0,NA,NA,NA,NA,Y,NA,A,01,0,2,0,0,0,0,0,0,0,-,-,NA,NA,SAN DIEGO,SAN DIEGO,-117.1317901611328,32.715858459472656
9892076,2025,2025-12-02,3711,2025-09-03,1536,HB6366,NA,3,5,7,3711,0,0,0,NA,0,503,HARBOR ISLAND DR,NORTH HARBOR DR,12,S,N,A,G,N,NA,NA,NA,NA,NA,NA,NA,NA,NA,N,2,0,1,2,A,-,17,21461,A,N,D,G,A,A,H,-,A,A,0,NA,Y,NA,NA,Y,NA,A,07,1,0,0,0,0,0,1,0,0,-,-,NA,NA,SAN DIEGO,SAN DIEGO,-117.1951904296875,32.72925567626953