CASE_ID,ACCIDENT_YEAR,PROC_DATE,JURIS,COLLISION_DATE,COLLISION_TIME,OFFICER_ID,REPORTING_DISTRICT,DAY_OF_WEEK,CHP_SHIFT,POPULATION,CNTY_CITY_LOC,SPECIAL_COND,BEAT_TYPE,CHP_BEAT_TYPE,CITY_DIVISION_LAPD,CHP_BEAT_CLASS,BEAT_NUMBER,PRIMARY_RD,SECONDARY_RD,DISTANCE,DIRECTION,INTERSECTION,WEATHER_1,WEATHER_2,STATE_HWY_IND,CALTRANS_COUNTY,CALTRANS_DISTRICT,STATE_ROUTE,ROUTE_SUFFIX,POSTMILE_PREFIX,POSTMILE,LOCATION_TYPE,RAMP_INTERSECTION,SIDE_OF_HWY,TOW_AWAY,COLLISION_SEVERITY,NUMBER_KILLED,NUMBER_INJURED,PARTY_COUNT,PRIMARY_COLL_FACTOR,PCF_CODE_OF_VIOL,PCF_VIOL_CATEGORY,PCF_VIOLATION,PCF_VIOL_SUBSECTION,HIT_AND_RUN,TYPE_OF_COLLISION,MVIW,PED_ACTION,ROAD_SURFACE,ROAD_COND_1,ROAD_COND_2,LIGHTING,CONTROL_DEVICE,CHP_ROAD_TYPE,PEDESTRIAN_ACCIDENT,BICYCLE_ACCIDENT,MOTORCYCLE_ACCIDENT,TRUCK_ACCIDENT,NOT_PRIVATE_PROPERTY,ALCOHOL_INVOLVED,STWD_VEHTYPE_AT_FAULT,CHP_VEHTYPE_AT_FAULT,COUNT_SEVERE_INJ,COUNT_VISIBLE_INJ,COUNT_COMPLAINT_PAIN,COUNT_PED_KILLED,COUNT_PED_INJURED,COUNT_BICYCLIST_KILLED,COUNT_BICYCLIST_INJURED,COUNT_MC_KILLED,COUNT_MC_INJURED,PRIMARY_RAMP,SECONDARY_RAMP,LATITUDE,LONGITUDE,COUNTY,CITY,POINT_X,POINT_Y
7002054,2015,2015-07-24,9650,2015-07-04,1425,20422,NA,6,2,9,3700,0,3,5,NA,2,213,CRESTLINE RD,EAST GRADE RD,1056,N,N,A,-,N,NA,NA,NA,NA,NA,NA,NA,NA,NA,Y,2,0,1,1,A,-,08,22107,NA,N,E,I,A,A,H,-,A,D,0,NA,NA,Y,NA,Y,NA,C,02,1,0,0,0,0,0,0,0,1,-,-,33.31522,-116.85995,SAN DIEGO,UNINCORPORATED,-116.86091068,33.31455446
7002385,2015,2015-07-27,3702,2015-05-30,1050,CV1080,NA,6,5,6,3702,0,0,0,NA,0,042,OLYMPIC PKWY,EASTLAKE PKWY,0,NA,Y,A,-,N,NA,NA,NA,NA,NA,NA,NA,NA,NA,N,4,0,1,2,A,-,04,21703,NA,N,C,C,A,A,H,-,A,A,0,NA,NA,NA,NA,Y,NA,A,01,0,0,1,0,0,0,0,0,0,-,-,NA,NA,SAN DIEGO,CHULA VISTA,-116.96467011,32.62779003
7002972,2015,2015-08-05,3700,2015-06-06,2203,SH7477,NA,6,5,5,3781,0,0,0,NA,0,514,CUYAMACA ST,MILEPOST AT SOUTH EDGE OF BRIDGE,138,N,N,A,-,N,NA,NA,NA,NA,NA,NA,NA,NA,NA,Y,4,0,2,2,A,-,00,23153,E,N,D,C,A,A,H,-,C,D,0,NA,NA,NA,NA,Y,NA,-,NA,0,0,2,0,0,0,0,0,0,-,-,NA,NA,SAN DIEGO,SANTEE,NA,NA
7004172,2015,2015-08-19,3711,2015-07-23,2347,7258,NA,4,5,7,3711,0,0,0,NA,0,438,TONAWANDA DR,MARMIL WY,500,W,N,A,-,N,NA,NA,NA,NA,NA,NA,NA,NA,NA,Y,4,0,1,2,A,-,08,22107,NA,N,B,C,A,A,H,-,C,D,0,NA,NA,NA,NA,Y,NA,A,01,0,0,1,0,0,0,0,0,0,-,-,NA,NA,SAN DIEGO,SAN DIEGO,-117.05876555,32.66482427
7006284,2015,2015-11-13,3711,2015-09-25,1602,5046,NA,5,5,7,3711,0,0,0,NA,0,626,WEST WASHINGTON ST,INDIA ST,0,NA,Y,A,-,N,NA,NA,NA,NA,NA,NA,NA,NA,NA,N,1,1,0,2,A,-,10,21950,A,N,G,B,B,A,H,-,A,A,0,Y,NA,NA,NA,Y,NA,I,10,0,0,0,1,0,0,0,0,0,-,-,NA,NA,SAN DIEGO,SAN DIEGO,-117.18129013,32.74328006
7006744,2015,2016-01-12,9650,2015-07-16,2128,17056,NA,4,2,6,3710,0,1,3,NA,2,015,RT 78,COLLEGE BL,3168,W,N,A,-,Y,SD,11,78,-,-,2.78,H,-,E,Y,1,1,0,2,A,-,03,22350,NA,N,C,C,A,A,H,-,C,D,1,NA,NA,Y,NA,Y,NA,C,02,0,0,0,0,0,0,0,1,0,-,-,33.10014,-117.30739,SAN DIEGO,OCEANSIDE,-117.30542447,33.18070989
7008468,2015,2017-01-21,9650,2015-07-16,2145,018406,NA,4,2,9,3700,0,1,1,NA,2,001,RT 5,BASILONE RD,14784,S,N,A,-,Y,SD,11,5,-,R,68.58,H,-,N,Y,4,0,1,2,A,-,01,23152,A,N,C,C,A,A,H,-,C,D,1,NA,NA,NA,NA,Y,Y,A,01,0,0,1,0,0,0,0,0,0,-,-,33.3636,-117.54162,SAN DIEGO,UNINCORPORATED,-117.54213006,33.36411911
7010267,2015,2017-01-17,9645,2015-08-01,1610,019054,2,6,2,7,3711,0,1,1,NA,2,011,RT 805,KEARNY VILLA RD,1749,S,N,A,-,Y,SD,11,805,-,-,19.88,H,-,N,Y,3,0,1,2,A,-,03,22350,NA,F,C,C,A,A,H,-,A,D,1,NA,NA,Y,NA,Y,NA,C,02,0,1,0,0,0,0,0,0,1,-,-,32.79916,-117.14956,SAN DIEGO,SAN DIEGO,-117.14943778,32.7988722
7010293,2015,2017-01-11,9645,2015-07-23,1605,17953,NA,4,2,7,3711,0,1,3,NA,2,012,RT 52,REGENTS RD,1600,W,N,A,-,Y,SD,11,52,-,-,0.99,H,-,E,Y,4,0,2,3,A,-,04,21703,NA,N,C,C,A,A,H,-,A,D,1,NA,NA,NA,NA,Y,NA,A,07,0,0,2,0,0,0,0,0,0,-,-,32.83897,-117.22887,SAN DIEGO,SAN DIEGO,-117.22352371,32.83981171
7010846,2015,2016-12-13,9645,2015-06-27,1540,17678,NA,6,2,7,3711,0,1,3,NA,2,016,RT 52,OAK CANYON BRIDGE,375,W,N,B,-,Y,SD,11,52,-,-,11.72,H,-,W,Y,3,0,3,3,A,-,03,22350,NA,N,C,C,A,A,H,-,A,D,1,NA,NA,NA,NA,Y,NA,A,01,0,1,2,0,0,0,0,0,0,-,-,32.84845,-117.02931,SAN DIEGO,SAN DIEGO,-117.050333,32.8533289
7010976,2015,2015-08-24,3710,2015-07-09,0808,OC1065,NA,4,5,6,3710,0,0,0,NA,0,030,BOBIER DR,SPORTS PARK WY,0,NA,Y,A,-,N,NA,NA,NA,NA,NA,NA,NA,NA,NA,Y,3,0,1,2,A,-,03,22350,NA,N,A,C,A,A,D,-,A,A,0,NA,NA,NA,NA,Y,NA,A,01,0,1,0,0,0,0,0,0,0,-,-,NA,NA,SAN DIEGO,OCEANSIDE,-117.25605005,33.22119011
7011843,2015,2015-08-10,3711,2015-07-18,0125,4576,NA,6,5,7,3711,0,0,0,NA,0,839,UNIVERSITY AV,SWIFT AV,0,NA,Y,B,-,N,NA,NA,NA,NA,NA,NA,NA,NA,NA,N,4,0,1,2,A,-,09,21801,A,N,D,C,A,A,H,-,C,A,0,NA,NA,Y,NA,Y,Y,A,01,0,0,1,0,0,0,0,0,1,-,-,NA,NA,SAN DIEGO,SAN DIEGO,-117.11928004,32.74977003
7011927,2015,2015-08-11,3711,2015-07-19,1850,6795,NA,7,5,7,3711,0,0,0,NA,0,832,ORANGE AV,42ND ST,150,E,N,B,C,N,NA,NA,NA,NA,NA,NA,NA,NA,NA,Y,4,0,2,2,A,-,21,22106,NA,N,D,C,A,B,H,-,D,D,0,NA,NA,NA,NA,Y,NA,-,NA,0,0,2,0,0,0,0,0,0,-,-,NA,NA,SAN DIEGO,SAN DIEGO,-117.10459426,32.75321868
7013907,2015,2015-08-24,3702,2015-05-29,0830,CV1140,NA,5,5,6,3702,0,0,0,NA,0,013,3RD AV,I ST,658,S,N,A,-,N,NA,NA,NA,NA,NA,NA,NA,NA,NA,Y,4,0,1,1,A,-,08,22107,NA,N,A,I,A,A,H,-,A,A,0,NA,NA,NA,NA,Y,NA,A,01,0,0,1,0,0,0,0,0,0,-,-,NA,NA,SAN DIEGO,CHULA VISTA,-117.07516709,32.62921997
7014436,2015,2015-08-18,3711,2015-07-14,2352,HB5216,NA,2,5,7,3711,0,0,0,NA,0,503,NORTH HARBOR DR,RENT A CAR ACCESS RD,0,NA,Y,A,-,N,NA,NA,NA,NA,NA,NA,NA,NA,NA,N,4,0,1,2,A,-,04,21703,NA,N,C,C,A,A,H,-,C,A,0,NA,NA,NA,NA,Y,NA,A,01,0,0,1,0,0,0,0,0,0,-,-,NA,NA,SAN DIEGO,SAN DIEGO,NA,NA
7014455,2015,2015-08-18,3709,2015-07-24,2143,481,3709,5,5,5,3709,0,0,0,NA,0,021,HIGHLAND AV,MELROSE AV,0,NA,Y,A,-,N,NA,NA,NA,NA,NA,NA,NA,NA,NA,Y,4,0,1,2,A,-,01,23152,A,N,D,C,A,A,D,-,C,D,0,NA,NA,NA,NA,Y,Y,A,01,0,0,1,0,0,0,0,0,0,-,-,NA,NA,SAN DIEGO,NATIONAL CITY,-117.10123004,32.68456001
7015924,2015,2015-08-14,3703,2015-07-26,1623,1035,NA,7,5,3,3703,0,0,0,NA,0,003,RH DANA PL,W ORANGE AV,324,W,N,A,-,N,NA,NA,NA,NA,NA,NA,NA,NA,NA,N,3,0,1,1,A,-,03,22350,NA,N,H,J,A,A,H,-,A,D,0,NA,NA,Y,NA,Y,NA,C,02,0,1,0,0,0,0,0,0,1,-,-,NA,NA,SAN DIEGO,CORONADO,-117.17931994999999,32.68219087
7018419,2015,2015-08-21,9650,2015-08-03,0945,016103,NA,1,1,9,3700,0,3,5,NA,2,006,LIVE OAK PARK RD,EAST MISSION RD,42,S,N,A,-,N,NA,NA,NA,NA,NA,NA,NA,NA,NA,Y,4,0,1,2,A,-,21,22106,NA,N,C,C,A,A,H,-,A,A,0,NA,NA,NA,NA,Y,NA,A,01,0,0,1,0,0,0,0,0,0,-,-,33.3909,-117.18656,SAN DIEGO,UNINCORPORATED,-117.18648925,33.3909306
7018427,2015,2017-01-14,9650,2015-08-05,0750,013570,NA,3,1,5,3712,0,1,3,NA,2,019,RT 78,NORDAHL RD,630,W,N,A,-,Y,SD,11,78,-,-,15.37,H,-,E,Y,4,0,1,2,A,-,03,22350,NA,N,C,C,A,A,H,-,A,D,1,NA,NA,Y,NA,Y,NA,C,02,0,0,1,0,0,0,0,0,1,-,-,NA,NA,SAN DIEGO,SAN MARCOS,-117.12331831,33.13284355
7018481,2015,2015-09-03,9650,2015-07-30,1652,016516,NA,4,2,9,3700,0,2,4,NA,2,061,SOUTH MISSION RD,BAJA MISSION RD,0,NA,Y,B,-,N,NA,NA,NA,NA,NA,NA,NA,NA,NA,Y,2,0,1,4,A,-,03,22350,NA,N,C,C,A,A,H,-,A,D,0,NA,NA,NA,NA,Y,NA,A,07,1,0,0,0,0,0,0,0,0,-,-,33.31248,-117.22982,SAN DIEGO,UNINCORPORATED,-117.22997011,33.31271006
7018516,2015,2015-09-14,3700,2015-07-24,1036,SH7236,NA,5,5,5,3782,0,0,0,NA,0,222,ENCINITAS BL,SAXONY RD,85,W,N,A,-,N,NA,NA,NA,NA,NA,NA,NA,NA,NA,Y,4,0,1,4,A,-,03,22350,NA,N,C,C,A,A,H,-,A,A,0,NA,NA,NA,NA,Y,NA,D,22,0,0,1,0,0,0,0,0,0,-,-,NA,NA,SAN DIEGO,ENCINITAS,-117.28581459,33.04827746
7018534,2015,2016-07-19,3700,2015-07-12,1924,SH2560,NA,7,5,5,3713,0,0,0,NA,0,302,KIVA LN,EAST BOBIER DR,425,N,N,A,-,N,NA,NA,NA,NA,NA,NA,NA,NA,NA,N,3,0,1,2,A,-,09,21804,A,N,H,G,A,A,H,-,A,D,0,NA,Y,NA,NA,Y,NA,L,04,0,1,0,0,0,0,1,0,0,-,-,NA,NA,SAN DIEGO,VISTA,-117.24438,33.22245421
7018616,2015,2015-08-26,3702,2015-06-24,1200,CV0506,NA,3,5,6,3702,0,0,0,NA,0,032,BONITA RD,OTAY LAKES RD,220,W,N,A,-,N,NA,NA,NA,NA,NA,NA,NA,NA,NA,N,4,0,1,2,A,-,08,22100,A,N,B,C,A,A,H,-,A,D,0,NA,NA,NA,NA,Y,NA,A,07,0,0,1,0,0,0,0,0,0,-,-,NA,NA,SAN DIEGO,CHULA VISTA,-117.03196075,32.66110489
7022722,2015,2015-08-21,3711,2015-08-02,2204,6060,NA,7,5,7,3711,0,0,0,NA,0,311,SANDROCK RD,MURRAY RIDGE RD,0,NA,Y,A,-,N,NA,NA,NA,NA,NA,NA,NA,NA,NA,Y,3,0,1,2,A,-,09,21800,A,N,A,C,A,A,H,-,C,A,0,NA,NA,NA,NA,Y,NA,-,NA,0,1,0,0,0,0,0,0,0,-,-,NA,NA,SAN DIEGO,SAN DIEGO,-117.1400101,32.80440006
7022762,2015,2015-08-21,3711,2015-08-01,1027,6258,NA,6,5,7,3711,0,0,0,NA,0,452,SKYLINE DR,61ST ST,0,NA,Y,A,-,N,NA,NA,NA,NA,NA,NA,NA,NA,NA,Y,4,0,2,2,A,-,12,21453,A,N,D,C,A,A,H,-,A,A,0,NA,NA,NA,NA,Y,NA,-,NA,0,0,2,0,0,0,0,0,0,-,-,NA,NA,SAN DIEGO,SAN DIEGO,-117.06682007,32.70141001
7024138,2015,2017-01-25,3710,2015-07-20,1225,OC0658,NA,1,5,6,3710,0,0,0,NA,0,014,RT 76,FOUSSAT RD,845,E,N,A,-,Y,SD,11,76,-,M,2.73,H,-,W,Y,4,0,1,3,A,-,03,22350,NA,M,C,C,A,A,H,-,A,A,0,NA,NA,NA,NA,Y,Y,A,01,0,0,1,0,0,0,0,0,0,-,-,NA,NA,SAN DIEGO,OCEANSIDE,-117.34145713,33.21929822
7024490,2015,2017-01-28,9645,2015-07-19,1650,17678,NA,7,2,7,3711,0,1,3,NA,2,006,RT 94,28TH ST,40,E,N,B,C,Y,SD,11,94,-,-,2.24,H,-,W,Y,4,0,1,2,A,-,08,22107,NA,N,D,C,A,B,H,-,A,D,1,NA,NA,NA,NA,Y,NA,A,07,0,0,1,0,0,0,0,0,0,-,-,NA,NA,SAN DIEGO,SAN DIEGO,-117.13354937,32.71332276
7024658,2015,2017-01-17,9645,2015-07-27,0759,016766,NA,1,1,7,3711,0,1,1,NA,2,015,RT 805,RT 52,1056,S,N,A,-,Y,SD,11,805,-,-,23.15,H,-,N,Y,3,0,1,3,A,-,03,22350,NA,N,C,C,A,A,H,-,A,D,1,NA,NA,Y,NA,Y,NA,C,02,0,1,0,0,0,0,0,0,1,-,-,NA,NA,SAN DIEGO,SAN DIEGO,-117.17402994,32.8409998
7025061,2015,2017-01-10,9645,2015-07-17,1352,17667,NA,5,1,7,3711,0,1,3,NA,2,023,RT 163,ROBINSON AV,100,S,N,B,-,Y,SD,11,163,-,-,2.47,H,-,S,Y,2,0,1,2,A,-,04,21703,NA,N,C,C,A,A,H,-,A,D,1,NA,NA,NA,NA,Y,NA,A,07,1,0,0,0,0,0,0,0,0,-,-,32.74454,-117.15645,SAN DIEGO,SAN DIEGO,-117.15658732,32.74649292
7025634,2015,2015-08-14,3711,2015-07-30,1525,5046,NA,4,5,7,3711,0,0,0,NA,0,529,MARKET ST,6TH AV,0,NA,Y,A,-,N,NA,NA,NA,NA,NA,NA,NA,NA,NA,Y,4,0,1,2,A,-,12,21453,A,N,D,C,A,A,H,-,A,A,0,NA,NA,NA,NA,Y,NA,A,01,0,0,1,0,0,0,0,0,0,-,-,NA,NA,SAN DIEGO,SAN DIEGO,-117.15927007,32.71151006
7026921,2015,2017-01-13,9645,2015-07-29,2040,15698,NA,3,2,7,3711,0,1,1,NA,2,021,RT 15,RT 5,150,W,N,B,-,Y,SD,11,15,-,R,0.289,R,2,S,Y,3,0,1,2,A,-,04,21703,NA,N,C,C,A,A,H,-,D,D,1,NA,NA,NA,NA,Y,NA,A,01,0,1,0,0,0,0,0,0,0,TO,-,32.68968,-117.11828,SAN DIEGO,SAN DIEGO,-117.12100677,32.69681487
7026956,2015,2016-07-19,3706,2015-07-29,0750,ES0345,NA,3,5,6,3706,0,0,0,NA,0,042,CENTRE CITY PKWY,MISSION AV,0,NA,Y,A,-,N,NA,NA,NA,NA,NA,NA,NA,NA,NA,Y,4,0,2,2,A,-,12,21453,A,N,D,C,A,A,H,-,A,A,0,NA,NA,NA,NA,Y,NA,A,01,0,0,2,0,0,0,0,0,0,-,-,NA,NA,SAN DIEGO,ESCONDIDO,-117.09168004,33.12836006
7027992,2015,2015-10-17,3702,2015-09-14,1245,CV0652,NA,1,5,6,3702,0,0,0,NA,0,023,BRANDYWINE AV,OLYMPIC PKWY,0,NA,Y,B,-,N,NA,NA,NA,NA,NA,NA,NA,NA,NA,Y,4,0,2,2,D,-,00,NA,NA,N,D,C,A,A,H,-,A,A,0,NA,NA,NA,NA,Y,NA,-,-,0,0,2,0,0,0,0,0,0,-,-,NA,NA,SAN DIEGO,CHULA VISTA,-117.02802003,32.60836012
7028141,2015,2015-10-15,3700,2015-08-26,1025,SH7366,NA,3,5,4,3707,0,0,0,NA,0,710,IMPERIAL BEACH BL,13TH ST,0,NA,Y,A,-,N,NA,NA,NA,NA,NA,NA,NA,NA,NA,Y,4,0,2,3,A,-,12,21453,A,N,D,C,A,A,H,-,A,A,0,NA,NA,NA,NA,Y,NA,D,22,0,0,2,0,0,0,0,0,0,-,-,NA,NA,SAN DIEGO,IMPERIAL BEACH,-117.1057001,32.57653009
7029436,2015,2017-01-28,9680,2015-08-02,1155,17460,NA,7,1,9,3700,0,1,3,NA,1,040,RT 94,EMERY RD,3696,E,N,A,-,Y,SD,11,94,-,-,40.17,H,-,E,N,4,0,1,1,A,-,03,22350,NA,N,E,I,A,A,H,-,A,A,0,NA,NA,Y,NA,Y,NA,C,02,0,0,1,0,0,0,0,0,1,-,-,NA,NA,SAN DIEGO,UNINCORPORATED,-116.6317698,32.60693777
7031168,2015,2015-09-09,3711,2015-08-15,1319,7214,NA,6,5,7,3711,0,0,0,NA,0,511,28TH ST,1300 28TH ST,15,W,N,A,-,N,NA,NA,NA,NA,NA,NA,NA,NA,NA,N,4,0,2,2,A,-,21,22106,NA,N,C,C,A,A,H,-,A,A,0,NA,NA,NA,NA,Y,NA,-,NA,0,0,2,0,0,0,0,0,0,-,-,NA,NA,SAN DIEGO,SAN DIEGO,-117.13387191,32.71897303
7031228,2015,2017-01-10,9650,2015-08-07,2155,18386,NA,5,2,5,3713,0,1,3,NA,2,017,RT 78,SYCAMORE AV,2640,W,N,A,B,Y,SD,11,78,-,-,8.59,H,-,W,Y,3,0,2,2,A,-,07,21658,A,N,C,C,A,A,H,-,C,D,1,NA,NA,NA,NA,Y,NA,A,01,0,1,1,0,0,0,0,0,0,-,-,33.17066,-117.222,SAN DIEGO,VISTA,-117.22180421,33.17065448
7032227,2015,2015-09-09,3700,2015-08-05,1741,SH0236,NA,3,5,5,3713,0,0,0,NA,0,310,VISTA VILLAGE DR,N INDIANA AV,0,NA,Y,A,-,N,NA,NA,NA,NA,NA,NA,NA,NA,NA,Y,2,0,1,2,A,-,09,21802,A,F,D,D,A,A,H,-,A,D,0,NA,NA,Y,NA,Y,NA,A,01,1,0,0,0,0,0,0,0,1,-,-,NA,NA,SAN DIEGO,VISTA,-117.24292001,33.20291008
7032231,2015,2015-09-09,3700,2015-08-23,0531,SH5502,NA,7,5,5,3713,0,0,0,NA,0,303,EAST VISTA WY,WARMLANDS AV,200,S,N,A,-,N,NA,NA,NA,NA,NA,NA,NA,NA,NA,Y,3,0,1,1,A,-,01,23152,A,N,E,I,A,A,H,-,B,D,0,NA,NA,NA,NA,Y,Y,A,01,0,1,0,0,0,0,0,0,0,-,-,NA,NA,SAN DIEGO,VISTA,-117.22619182,33.23267214
7032246,2015,2017-01-21,9650,2015-08-23,1548,015788,NA,7,2,9,3700,0,1,1,NA,2,003,RT 5,LAS PULGAS RD,12672,S,N,B,-,Y,SD,11,5,-,R,59.53,H,-,N,N,4,0,1,2,A,-,03,22350,NA,N,C,C,A,A,H,-,A,D,1,NA,NA,NA,NA,Y,NA,A,01,0,0,1,0,0,0,0,0,0,-,-,33.26978,-117.4377,SAN DIEGO,UNINCORPORATED,-117.4380542,33.26943005
7032299,2015,2017-01-13,9650,2015-08-21,2000,018321,NA,5,2,5,3782,0,1,1,NA,2,007,RT 5,ENCINITAS BL,528,S,N,A,-,Y,SD,11,5,-,R,41.41,H,-,S,N,2,0,2,2,A,-,03,22350,NA,N,C,C,A,A,H,-,C,D,1,NA,NA,NA,NA,Y,NA,A,01,1,0,1,0,0,0,0,0,0,-,-,33.04415,-117.28605,SAN DIEGO,ENCINITAS,-117.2869086,33.04683521
7032372,2015,2017-01-24,9645,2015-08-16,1118,19035,NA,7,1,7,3711,0,1,1,NA,2,009,RT 805,43RD ST,500,N,N,A,-,Y,SD,11,805,-,-,11.76,H,-,N,Y,3,0,1,1,A,-,08,22107,NA,N,F,A,A,A,H,-,A,D,1,NA,NA,NA,NA,Y,NA,A,07,0,1,0,0,0,0,0,0,0,-,-,NA,NA,SAN DIEGO,SAN DIEGO,-117.09478997,32.6956944
7032376,2015,2017-01-14,9645,2015-08-21,0515,20720,NA,5,3,7,3711,0,1,1,NA,2,003,RT 5,NATIONAL AV,165,S,N,A,-,Y,SD,11,5,-,R,13.95,H,-,N,Y,4,0,1,3,A,-,07,21658,A,N,D,C,A,A,H,-,C,D,1,NA,NA,NA,NA,Y,NA,A,07,0,0,1,0,0,0,0,0,0,-,-,32.69555,-117.13453,SAN DIEGO,SAN DIEGO,-117.14118296,32.70031713
7032400,2015,2017-01-09,9645,2015-08-17,1105,14692,NA,1,1,7,3711,0,1,1,NA,2,019,RT 15,GREEN VALLEY CREEK BR,260,N,N,A,-,Y,SD,11,15,-,M,25.18,H,-,S,Y,4,0,1,2,A,-,03,22350,NA,N,C,C,A,A,H,-,A,D,1,NA,NA,NA,NA,Y,NA,A,01,0,0,1,0,0,0,0,0,0,-,-,33.04302,-117.07405,SAN DIEGO,SAN DIEGO,-117.07359112,33.04381504
7032579,2015,2015-09-04,3711,2015-08-11,1120,4691,NA,2,5,7,3711,0,0,0,NA,0,231,POWAY RD,SABRE SPRINGS PKWY,50,E,N,A,-,N,NA,NA,NA,NA,NA,NA,NA,NA,NA,Y,2,0,1,2,A,-,08,22107,NA,N,C,C,A,A,H,-,A,D,0,NA,NA,NA,NA,Y,NA,-,NA,1,0,0,0,0,0,0,0,0,-,-,NA,NA,SAN DIEGO,SAN DIEGO,-117.09576913,32.94705107
7032583,2015,2015-09-04,3711,2015-08-11,2237,6200,NA,2,5,7,3711,0,0,0,NA,0,325,NAVAJO RD,MARGERUM AV,33,S,N,A,-,N,NA,NA,NA,NA,NA,NA,NA,NA,NA,Y,3,0,2,2,A,-,04,21703,NA,N,C,C,A,A,H,-,C,A,0,NA,NA,NA,NA,Y,NA,-,NA,0,2,0,0,0,0,0,0,0,-,-,NA,NA,SAN DIEGO,SAN DIEGO,-117.06450007,32.79634168
7033107,2015,2017-01-24,9645,2015-08-10,1725,017498,NA,1,2,7,3711,0,1,1,NA,2,015,RT 805,RT 52,2112,S,N,A,-,Y,SD,11,805,-,-,23.18,H,-,S,Y,4,0,1,2,A,-,03,22350,NA,N,C,C,A,A,H,-,A,D,1,NA,NA,NA,NA,Y,NA,A,01,0,0,1,0,0,0,0,0,0,-,-,32.84221,-117.17518,SAN DIEGO,SAN DIEGO,-117.17461075,32.84138427
7038749,2015,2015-09-11,3705,2015-08-05,1609,EC0295,NA,3,5,5,3705,0,0,0,NA,0,008,GROSSMONT AV,WILSON AV,0,NA,Y,A,-,N,NA,NA,NA,NA,NA,NA,NA,NA,NA,Y,4,0,2,2,A,-,09,21801,A,N,D,C,A,A,H,-,A,D,0,NA,NA,NA,NA,Y,NA,A,01,0,0,2,0,0,0,0,0,0,-,-,NA,NA,SAN DIEGO,EL CAJON,-116.97508012,32.78536004
7039690,2015,2017-01-27,3702,2015-07-28,2243,CV1079,NA,2,5,6,3702,0,0,0,NA,0,023,TELEGRAPH CANYON RD,RT 805,0,NA,Y,A,-,Y,SD,11,805,-,-,6.277,R,4,N,Y,3,0,1,3,A,-,03,22350,NA,M,B,C,A,A,H,-,C,A,0,NA,NA,NA,NA,Y,Y,A,01,0,1,0,0,0,0,0,0,0,-,NO,NA,NA,SAN DIEGO,CHULA VISTA,-117.04483669,32.63157577
7039992,2015,2015-09-02,3708,2015-07-20,0657,LM8233,NA,1,5,5,3708,0,0,0,NA,0,002,EL CAJON BL,BALTIMORE DR,385,W,N,B,-,N,NA,NA,NA,NA,NA,NA,NA,NA,NA,Y,3,0,4,2,A,-,09,21801,A,N,D,C,A,A,H,-,A,D,0,NA,NA,NA,NA,Y,NA,A,01,0,2,2,0,0,0,0,0,0,-,-,NA,NA,SAN DIEGO,LA MESA,-117.0262563,32.76949047
7042945,2015,2015-09-02,3711,2015-08-06,1725,5679,NA,4,5,7,3711,0,0,0,NA,0,243,BLACK MOUNTAIN RD,MIRAMAR,160,N,N,A,-,N,NA,NA,NA,NA,NA,NA,NA,NA,NA,Y,4,0,1,2,A,-,09,21801,A,N,D,C,A,A,H,-,A,D,0,NA,NA,NA,NA,Y,NA,A,08,0,0,1,0,0,0,0,0,0,-,-,NA,NA,SAN DIEGO,SAN DIEGO,-117.12344517,32.8942181
7043393,2015,2015-09-17,3711,2015-08-23,0004,6366,NA,7,5,7,3711,0,0,0,NA,0,245,SPRING CANYON RD,RIESLING DR,117,W,N,B,-,N,NA,NA,NA,NA,NA,NA,NA,NA,NA,Y,4,0,1,1,A,-,08,22107,NA,N,E,I,A,A,H,-,C,D,0,NA,NA,NA,NA,Y,Y,D,22,0,0,1,0,0,0,0,0,0,-,-,NA,NA,SAN DIEGO,SAN DIEGO,-117.06847644,32.92276102
7043781,2015,2015-09-17,3706,2015-08-15,1133,ES0465,NA,6,5,6,3706,0,0,0,NA,0,055,W GRAND AV,N TULIP ST,0,NA,Y,A,-,N,NA,NA,NA,NA,NA,NA,NA,NA,NA,Y,4,0,1,2,A,-,09,21802,A,N,D,C,A,A,H,-,A,D,0,NA,NA,NA,NA,Y,NA,A,01,0,0,1,0,0,0,0,0,0,-,-,NA,NA,SAN DIEGO,ESCONDIDO,-117.09258002,33.11710007
7043804,2015,2015-09-10,3706,2015-08-10,1851,ES0438,NA,1,5,6,3706,0,0,0,NA,0,046,SOCIN CT,867 SOCIN CT,124,E,N,A,-,N,NA,NA,NA,NA,NA,NA,NA,NA,NA,N,4,0,1,2,B,-,22,NA,NA,N,D,G,A,A,H,-,B,D,0,NA,Y,NA,NA,Y,NA,L,04,0,0,1,0,0,0,1,0,0,-,-,NA,NA,SAN DIEGO,ESCONDIDO,NA,NA
7043808,2015,2015-09-10,3706,2015-08-16,2040,ES0393,NA,7,5,6,3706,0,0,0,NA,0,054,VALLEY PKWY,ROSE ST,65,W,N,A,-,N,NA,NA,NA,NA,NA,NA,NA,NA,NA,N,3,0,1,2,D,-,00,NA,NA,N,B,G,A,A,H,-,C,A,0,NA,Y,NA,NA,Y,NA,-,-,0,1,0,0,0,0,1,0,0,-,-,NA,NA,SAN DIEGO,ESCONDIDO,-117.0596638,33.13388178
7044003,2015,2015-09-10,3706,2015-08-27,1809,ES0318,NA,4,5,6,3706,0,0,0,NA,0,045,HARMONY GROVE,ENTERPRISE,143,S,N,A,-,N,NA,NA,NA,NA,NA,NA,NA,NA,NA,Y,3,0,1,2,A,-,03,22350,NA,N,E,I,A,A,H,-,A,D,0,NA,NA,Y,NA,Y,NA,C,02,0,1,0,0,0,0,0,0,1,-,-,NA,NA,SAN DIEGO,ESCONDIDO,-117.11449456,33.11013816
7044207,2015,2017-01-18,3703,2015-08-18,1628,1137,NA,2,5,3,3703,0,0,0,NA,0,NA,SILVER STRAND BL,RENDOVA RD,0,N,N,A,-,Y,SD,11,75,-,-,17.86,H,-,S,Y,3,0,9,3,A,-,03,22350,NA,N,C,C,A,A,H,-,A,A,0,NA,NA,NA,NA,Y,NA,A,07,0,1,8,0,0,0,0,0,0,-,-,NA,NA,SAN DIEGO,CORONADO,-117.16877532,32.67411442