CASE_ID,ACCIDENT_YEAR,PROC_DATE,JURIS,COLLISION_DATE,COLLISION_TIME,OFFICER_ID,REPORTING_DISTRICT,DAY_OF_WEEK,CHP_SHIFT,POPULATION,CNTY_CITY_LOC,SPECIAL_COND,BEAT_TYPE,CHP_BEAT_TYPE,CITY_DIVISION_LAPD,CHP_BEAT_CLASS,BEAT_NUMBER,PRIMARY_RD,SECONDARY_RD,DISTANCE,DIRECTION,INTERSECTION,WEATHER_1,WEATHER_2,STATE_HWY_IND,CALTRANS_COUNTY,CALTRANS_DISTRICT,STATE_ROUTE,ROUTE_SUFFIX,POSTMILE_PREFIX,POSTMILE,LOCATION_TYPE,RAMP_INTERSECTION,SIDE_OF_HWY,TOW_AWAY,COLLISION_SEVERITY,NUMBER_KILLED,NUMBER_INJURED,PARTY_COUNT,PRIMARY_COLL_FACTOR,PCF_CODE_OF_VIOL,PCF_VIOL_CATEGORY,PCF_VIOLATION,PCF_VIOL_SUBSECTION,HIT_AND_RUN,TYPE_OF_COLLISION,MVIW,PED_ACTION,ROAD_SURFACE,ROAD_COND_1,ROAD_COND_2,LIGHTING,CONTROL_DEVICE,CHP_ROAD_TYPE,PEDESTRIAN_ACCIDENT,BICYCLE_ACCIDENT,MOTORCYCLE_ACCIDENT,TRUCK_ACCIDENT,NOT_PRIVATE_PROPERTY,ALCOHOL_INVOLVED,STWD_VEHTYPE_AT_FAULT,CHP_VEHTYPE_AT_FAULT,COUNT_SEVERE_INJ,COUNT_VISIBLE_INJ,COUNT_COMPLAINT_PAIN,COUNT_PED_KILLED,COUNT_PED_INJURED,COUNT_BICYCLIST_KILLED,COUNT_BICYCLIST_INJURED,COUNT_MC_KILLED,COUNT_MC_INJURED,PRIMARY_RAMP,SECONDARY_RAMP,LATITUDE,LONGITUDE,COUNTY,CITY,POINT_X,POINT_Y
7137179,2015,2015-12-17,3711,2015-12-06,1632,4310,NA,7,5,7,3711,0,0,0,NA,0,316,FRIARS RD,FRIARS RD 9400,597,S,N,A,-,N,NA,NA,NA,NA,NA,NA,NA,NA,NA,N,4,0,1,4,C,-,18,NA,NA,N,C,C,A,A,H,-,C,D,0,NA,NA,NA,NA,Y,Y,-,-,0,0,1,0,0,0,0,0,0,-,-,NA,NA,SAN DIEGO,SAN DIEGO,NA,NA
7137185,2015,2015-12-22,3711,2015-12-01,0830,7347,NA,2,5,7,3711,0,0,0,NA,0,627,1ST AV,WASHINGTON ST,9,S,N,A,-,N,NA,NA,NA,NA,NA,NA,NA,NA,NA,Y,4,0,2,2,A,-,09,21801,A,N,D,C,A,A,H,-,A,A,0,NA,NA,NA,NA,Y,NA,A,01,0,0,2,0,0,0,0,0,0,-,-,NA,NA,SAN DIEGO,SAN DIEGO,-117.16392811,32.7499454
7137328,2015,2015-12-23,3711,2015-12-01,1839,4897,NA,2,5,7,3711,0,0,0,NA,0,311,SANDROCK RD,GRAMERCY DR,261,N,N,A,-,N,NA,NA,NA,NA,NA,NA,NA,NA,NA,N,4,0,2,2,A,-,03,22350,NA,N,C,C,A,A,H,-,C,D,0,NA,NA,NA,NA,Y,NA,A,08,0,0,2,0,0,0,0,0,0,-,-,NA,NA,SAN DIEGO,SAN DIEGO,-117.13935002,32.80336347
7140514,2015,2015-12-21,3706,2015-12-01,0600,ES0471,NA,2,5,6,3706,0,0,0,NA,0,041,MISSION AV,BEECH ST,0,NA,Y,A,-,N,NA,NA,NA,NA,NA,NA,NA,NA,NA,N,2,0,1,2,A,-,03,22350,NA,F,C,G,A,A,H,-,B,-,0,NA,Y,NA,NA,Y,NA,-,NA,1,0,0,0,0,0,1,0,0,-,-,NA,NA,SAN DIEGO,ESCONDIDO,-117.07261,33.1350401
7140539,2015,2015-12-21,3706,2015-12-08,1318,ES0374,NA,2,5,6,3706,0,0,0,NA,0,043,EL NORTE PKWY,LAS VILLAS WY,315,W,N,A,-,N,NA,NA,NA,NA,NA,NA,NA,NA,NA,Y,3,0,1,2,A,-,09,21801,A,N,D,C,A,A,H,-,A,D,0,NA,NA,Y,NA,Y,NA,A,01,0,1,0,0,0,0,0,0,1,-,-,NA,NA,SAN DIEGO,ESCONDIDO,-117.09481937,33.14114864
7140915,2015,2017-02-03,3703,2015-12-09,0530,1270,NA,3,5,3,3703,0,0,0,NA,0,003,SILVER STRAND BL,N TULAGI RD,155,N,N,A,-,Y,SD,11,75,-,-,17.49,H,-,N,N,4,0,1,3,A,-,03,22350,NA,N,C,C,A,A,H,-,B,D,0,NA,NA,NA,NA,Y,NA,A,01,0,0,1,0,0,0,0,0,0,-,-,NA,NA,SAN DIEGO,CORONADO,-117.16436128,32.67039765
7141881,2015,2015-12-30,3711,2015-12-19,1905,6768,NA,6,5,7,3711,0,0,0,NA,0,822,EL CAJON BL,58TH ST,0,E,N,B,C,N,NA,NA,NA,NA,NA,NA,NA,NA,NA,Y,4,0,1,2,A,-,03,22350,NA,N,C,C,A,B,H,-,C,A,0,NA,NA,NA,NA,Y,Y,A,01,0,0,1,0,0,0,0,0,0,-,-,NA,NA,SAN DIEGO,SAN DIEGO,-117.07287003,32.75876004
7142086,2015,2015-12-28,3711,2015-12-05,1811,7174,WESTE,6,5,7,3711,0,0,0,NA,0,614,EBERS ST,VOLTAIRE ST,0,NA,Y,B,-,N,NA,NA,NA,NA,NA,NA,NA,NA,NA,NA,2,0,1,2,A,-,11,21950,B,N,G,B,D,A,H,-,C,A,0,Y,NA,NA,NA,Y,Y,N,60,1,0,0,0,1,0,0,0,0,-,-,NA,NA,SAN DIEGO,SAN DIEGO,-117.24139012,32.74883007
7142089,2015,2015-12-28,3711,2015-12-14,0820,7044,NA,1,5,7,3711,0,0,0,NA,0,616,ROSECRANS ST,MCCALL ST,150,S,N,A,-,N,NA,NA,NA,NA,NA,NA,NA,NA,NA,Y,4,0,2,2,A,-,05,21460,A,N,A,C,A,A,H,-,A,D,0,NA,NA,NA,NA,Y,NA,-,NA,0,0,2,0,0,0,0,0,0,-,-,NA,NA,SAN DIEGO,SAN DIEGO,-117.23843361,32.71006849
7144970,2015,2016-01-05,3700,2015-11-09,0348,SH0742,NA,1,5,4,3780,0,0,0,NA,0,415,CARRIAGE RD,OAK KNOLL RD,185,N,N,A,-,N,NA,NA,NA,NA,NA,NA,NA,NA,NA,Y,2,0,1,2,A,-,01,23152,E,N,E,E,A,A,H,-,C,D,0,NA,NA,NA,NA,Y,NA,A,07,1,0,0,0,0,0,0,0,0,-,-,NA,NA,SAN DIEGO,POWAY,-117.0538765,32.95137668
7145451,2015,2015-12-30,3706,2015-12-19,1355,ES0471,NA,6,5,6,3706,0,0,0,NA,0,056,CITRUS AV,REED RD,0,NA,Y,B,-,N,NA,NA,NA,NA,NA,NA,NA,NA,NA,Y,4,0,1,1,A,-,01,23153,A,F,E,I,A,A,H,-,A,D,0,NA,NA,NA,NA,Y,Y,A,01,0,0,1,0,0,0,0,0,0,-,-,NA,NA,SAN DIEGO,ESCONDIDO,-117.03804013,33.13143005
7145894,2015,2016-01-04,3711,2015-12-13,1510,6515,NA,7,5,7,3711,0,0,0,NA,0,524,W A ST,UNION ST,36,W,N,B,-,N,NA,NA,NA,NA,NA,NA,NA,NA,NA,N,4,0,1,2,A,-,08,22107,NA,N,B,C,A,A,H,-,A,A,0,NA,NA,NA,NA,Y,NA,-,NA,0,0,1,0,0,0,0,0,0,-,-,NA,NA,SAN DIEGO,SAN DIEGO,-117.16575665,32.71883867
7146501,2015,2016-01-04,3711,2015-12-20,1705,5046,NA,7,5,7,3711,0,0,0,NA,0,627,BROOKES ST,1ST AV,0,NA,Y,A,-,N,NA,NA,NA,NA,NA,NA,NA,NA,NA,Y,4,0,1,2,A,-,09,21801,A,N,D,C,A,A,H,-,A,A,0,NA,NA,NA,NA,Y,NA,A,01,0,0,1,0,0,0,0,0,0,-,-,NA,NA,SAN DIEGO,SAN DIEGO,-117.16385009,32.74330001
7146533,2015,2016-01-04,3711,2015-12-18,1715,5672,NA,5,5,7,3711,0,0,0,NA,0,313,AERO DR,CONVOY ST,208,E,N,A,-,N,NA,NA,NA,NA,NA,NA,NA,NA,NA,Y,4,0,1,2,A,-,03,22350,NA,N,C,C,A,A,H,-,C,A,0,NA,NA,NA,NA,Y,NA,-,NA,0,0,1,0,0,0,0,0,0,-,-,NA,NA,SAN DIEGO,SAN DIEGO,-117.15290384,32.81091323
7146601,2015,2015-12-30,9645,2015-11-14,1813,18678,NA,6,2,7,3711,0,1,1,NA,2,010,RT 8,SPORTS ARENA BL,1765,E,N,A,-,Y,NA,NA,8,NA,NA,NA,NA,NA,NA,Y,3,0,1,1,A,-,01,23152,A,N,E,I,A,A,H,-,C,D,0,NA,NA,NA,NA,Y,Y,A,01,0,1,0,0,0,0,0,0,0,-,-,32.75861,-117.21249,SAN DIEGO,SAN DIEGO,-117.21248375,32.75855757
7147410,2015,2015-12-31,3705,2015-12-02,0854,EC0160,NA,3,5,5,3705,0,0,0,NA,0,010,FLETCHER PKWY,N JOHNSON AV,0,NA,Y,A,-,N,NA,NA,NA,NA,NA,NA,NA,NA,NA,Y,3,0,1,2,A,-,08,22100,B,N,A,C,A,A,H,-,A,A,0,NA,NA,NA,NA,Y,NA,A,01,0,1,0,0,0,0,0,0,0,-,-,NA,NA,SAN DIEGO,EL CAJON,-116.97101004,32.80778005
7147435,2015,2016-01-04,3705,2015-11-09,1450,EC0279,NA,1,5,5,3705,0,0,0,NA,0,009,MOLLISON,PORTLAND,270,N,N,B,-,N,NA,NA,NA,NA,NA,NA,NA,NA,NA,Y,3,0,2,3,A,-,09,21801,A,N,B,C,A,A,H,-,A,-,0,NA,NA,NA,NA,Y,NA,A,01,0,2,0,0,0,0,0,0,0,-,-,NA,NA,SAN DIEGO,EL CAJON,-116.95096627,32.78267943
7148945,2015,2016-01-09,3710,2015-12-19,1144,OC0873,NA,6,5,6,3710,0,0,0,NA,0,016,DOUGLAS DR,EL CAMINIO REAL,45,N,N,A,-,N,NA,NA,NA,NA,NA,NA,NA,NA,NA,Y,3,0,2,3,A,-,04,21703,NA,N,C,C,A,A,H,-,A,A,0,NA,NA,NA,NA,Y,NA,D,22,0,1,1,0,0,0,0,0,0,-,-,NA,NA,SAN DIEGO,OCEANSIDE,-117.32567922,33.23114221
7148949,2015,2016-01-09,3710,2015-12-16,0641,OC1415,NA,3,5,6,3710,0,0,0,NA,0,030,THUNDER DR,GALBAR ST,35,N,N,A,-,N,NA,NA,NA,NA,NA,NA,NA,NA,NA,Y,3,0,1,1,C,-,18,NA,NA,N,A,I,A,A,H,-,A,D,0,NA,NA,NA,NA,Y,NA,-,-,0,1,0,0,0,0,0,0,0,-,-,NA,NA,SAN DIEGO,OCEANSIDE,-117.28812,33.19800589
7150074,2015,2016-01-14,3711,2015-11-20,1806,5755,NA,5,5,7,3711,0,0,0,NA,0,243,MIRA MAR RD,BLACK MOUNTAIN RD,243,W,N,A,-,N,NA,NA,NA,NA,NA,NA,NA,NA,NA,Y,3,0,1,1,A,-,03,22350,NA,N,E,I,A,A,H,-,B,D,0,NA,NA,NA,NA,Y,NA,-,NA,0,1,0,0,0,0,0,0,0,-,-,NA,NA,SAN DIEGO,SAN DIEGO,-117.12424876,32.89376441
7151348,2016,2016-01-14,3711,2016-01-03,1436,7361,NA,7,5,7,3711,0,0,0,NA,0,441,OCEANVIEW BL,S 36TH ST,0,NA,Y,A,-,N,NA,NA,NA,NA,NA,NA,NA,NA,NA,Y,3,0,2,2,A,-,21,22106,NA,N,C,C,A,A,H,-,A,A,0,NA,NA,NA,NA,Y,NA,-,NA,0,1,1,0,0,0,0,0,0,-,-,NA,NA,SAN DIEGO,SAN DIEGO,-117.1167901,32.70125003
7152150,2015,2016-01-19,3711,2015-12-30,0814,7333,NA,3,5,7,3711,0,0,0,NA,0,123,INGRAHAM ST,VACATION RD,486,N,N,B,-,N,NA,NA,NA,NA,NA,NA,NA,NA,NA,Y,3,0,1,2,A,-,03,22350,NA,N,C,C,A,A,H,-,A,-,0,NA,NA,NA,NA,Y,NA,-,-,0,1,0,0,0,0,0,0,0,-,-,NA,NA,SAN DIEGO,SAN DIEGO,-117.23555288,32.77628521
7152255,2015,2016-01-13,3711,2015-12-30,1630,6060,NA,3,5,7,3711,0,0,0,NA,0,312,VIA VALARTA,AVENIDA PLAYA CANCUN,0,NA,Y,A,-,N,NA,NA,NA,NA,NA,NA,NA,NA,NA,N,3,0,1,1,A,-,03,22350,NA,N,H,A,A,A,B,-,A,D,0,NA,NA,NA,NA,Y,NA,-,NA,0,1,0,0,0,0,0,0,0,-,-,NA,NA,SAN DIEGO,SAN DIEGO,-117.08634003,32.8349301
7152263,2015,2016-01-26,3711,2015-12-30,2355,7045,NA,3,5,7,3711,0,0,0,NA,0,813,EL CAJON BL,OHIO ST,0,NA,Y,A,-,N,NA,NA,NA,NA,NA,NA,NA,NA,NA,N,3,0,2,2,A,-,05,21650,1,N,D,G,A,A,H,-,C,D,0,NA,Y,Y,NA,Y,NA,-,-,0,1,1,0,0,0,1,0,1,-,-,NA,NA,SAN DIEGO,SAN DIEGO,-117.12893999,32.7554001
7153434,2015,2016-01-27,3711,2015-08-21,1730,7227,NA,5,5,7,3711,0,0,0,NA,0,813,HOWARD AV,KANSAS ST,50,W,N,A,-,N,NA,NA,NA,NA,NA,NA,NA,NA,NA,N,4,0,1,2,A,-,03,22350,NA,N,C,D,A,A,H,-,A,D,0,NA,NA,NA,NA,Y,Y,-,NA,0,0,1,0,0,0,0,0,0,-,-,NA,NA,SAN DIEGO,SAN DIEGO,-117.13157206,32.75405739
7153650,2015,2016-01-19,3711,2015-12-24,1302,6956,NA,4,5,7,3711,0,0,0,NA,0,824,FAIRMONT AV,FAIRMONT AV 5100,2112,S,N,A,-,N,NA,NA,NA,NA,NA,NA,NA,NA,NA,N,3,0,1,2,A,-,08,22107,NA,N,B,G,A,A,H,-,A,D,0,NA,Y,NA,NA,Y,NA,L,04,0,1,0,0,0,0,1,0,0,-,-,NA,NA,SAN DIEGO,SAN DIEGO,NA,NA
7154538,2015,2016-01-12,3701,2015-12-28,1505,5392,79,1,5,5,3701,0,0,0,NA,0,006,EL CAMINO REAL,PALOMAR AIRPORT RD,460,S,N,B,C,N,NA,NA,NA,NA,NA,NA,NA,NA,NA,Y,4,0,1,2,A,-,03,22350,NA,N,C,C,A,B,H,-,A,A,0,NA,NA,NA,NA,Y,NA,A,01,0,0,1,0,0,0,0,0,0,-,-,NA,NA,SAN DIEGO,CARLSBAD,-117.26636179,33.12848688
7155597,2015,2016-01-19,3706,2015-12-19,0640,ES0388,NA,6,5,6,3706,0,0,0,NA,0,042,BROADWAY,MISSION AV,0,NA,Y,A,-,N,NA,NA,NA,NA,NA,NA,NA,NA,NA,Y,4,0,1,2,A,-,08,22107,NA,N,A,C,A,A,H,-,A,A,0,NA,NA,NA,NA,Y,NA,A,01,0,0,1,0,0,0,0,0,0,-,-,NA,NA,SAN DIEGO,ESCONDIDO,-117.08534008,33.13036004
7156994,2015,2016-02-23,3711,2015-12-30,0854,6621,SD,3,5,7,3711,0,0,0,NA,0,122,MISSION BL,GRAND AV,18,S,N,A,-,N,NA,NA,NA,NA,NA,NA,NA,NA,NA,N,4,0,1,2,A,-,03,22350,NA,N,C,C,A,A,H,-,A,A,0,NA,NA,NA,NA,Y,NA,-,NA,0,0,1,0,0,0,0,0,0,-,-,NA,NA,SAN DIEGO,SAN DIEGO,-117.25490689,32.79466194
7157064,2016,2016-01-22,3711,2016-01-09,2230,5939,NA,6,5,7,3711,0,0,0,NA,0,0CA,MIRAMAR RD,BLACK MOUNTAIN RD,420,E,N,B,-,N,NA,NA,NA,NA,NA,NA,NA,NA,NA,Y,3,0,3,2,A,-,03,22350,NA,N,D,C,A,B,H,-,C,D,0,NA,NA,NA,NA,Y,NA,-,NA,0,1,2,0,0,0,0,0,0,-,-,NA,NA,SAN DIEGO,SAN DIEGO,-117.12210223,32.89374
7157284,2015,2016-01-19,3702,2015-09-02,1530,CV0984,NA,3,5,6,3702,0,0,0,NA,0,042,HUNTE PKWY,OAK SPRINGS DR,12,S,N,A,-,N,NA,NA,NA,NA,NA,NA,NA,NA,NA,Y,4,0,2,2,A,-,07,21658,A,F,H,A,A,A,H,-,A,A,0,NA,NA,Y,NA,Y,NA,A,01,0,0,2,0,0,0,0,0,2,-,-,NA,NA,SAN DIEGO,CHULA VISTA,-116.95073689,32.63480359
7157287,2015,2016-01-19,3702,2015-09-01,0805,CV1052,NA,2,5,6,3702,0,0,0,NA,0,014,H ST,HILLTOP DR,160,W,N,A,-,N,NA,NA,NA,NA,NA,NA,NA,NA,NA,N,4,0,1,2,A,-,03,22350,NA,N,C,C,A,A,H,-,A,D,0,NA,NA,NA,NA,Y,NA,A,01,0,0,1,0,0,0,0,0,0,-,-,NA,NA,SAN DIEGO,CHULA VISTA,-117.06548148,32.63769168
7158201,2016,2016-02-01,3711,2016-01-01,2057,5600,NA,5,5,7,3711,0,0,0,NA,0,813,EL CAJON BL,HAMILTON ST,4300,NA,N,A,-,N,NA,NA,NA,NA,NA,NA,NA,NA,NA,N,3,0,1,3,A,-,11,21954,A,N,G,B,E,A,H,-,C,D,0,Y,NA,NA,NA,Y,Y,N,60,0,1,0,0,1,0,0,0,0,-,-,NA,NA,SAN DIEGO,SAN DIEGO,-117.13636002,32.75538008
7158403,2016,2016-01-27,3711,2016-01-16,1507,4849,NA,6,5,7,3711,0,0,0,NA,0,524,F ST,7TH AV,0,NA,Y,A,-,N,NA,NA,NA,NA,NA,NA,NA,NA,NA,Y,4,0,1,2,A,-,12,21453,A,N,D,C,A,A,H,-,A,A,0,NA,NA,NA,NA,Y,NA,A,01,0,0,1,0,0,0,0,0,0,-,-,NA,NA,SAN DIEGO,SAN DIEGO,-117.15831003,32.71363011
7158427,2016,2016-01-27,3711,2016-01-16,2234,7394,SD,6,5,7,3711,0,0,0,NA,0,005,FRONT ST,MARKET ST,18,S,N,-,-,N,NA,NA,NA,NA,NA,NA,NA,NA,NA,Y,4,0,3,3,A,-,12,21453,A,N,D,C,A,-,-,-,-,A,0,NA,NA,NA,NA,Y,Y,-,-,0,0,3,0,0,0,0,0,0,-,-,NA,NA,SAN DIEGO,SAN DIEGO,-117.16471,32.71145069
7158463,2016,2016-01-27,3711,2016-01-17,1859,6555,NA,7,5,7,3711,0,0,0,NA,0,811,EL CAJON BL,FELTON ST,75,E,N,A,-,N,NA,NA,NA,NA,NA,NA,NA,NA,NA,N,4,0,1,2,A,-,08,22107,NA,M,B,C,A,A,H,-,A,D,0,NA,NA,NA,NA,Y,NA,-,NA,0,0,1,0,0,0,0,0,0,-,-,NA,NA,SAN DIEGO,SAN DIEGO,-117.12087693,32.75532541
7158554,2016,2016-01-28,3711,2016-01-15,1910,7257,NA,5,5,7,3711,0,0,0,NA,0,529,INDIA ST,INDIA 2500,5,W,N,A,-,N,NA,NA,NA,NA,NA,NA,NA,NA,NA,N,4,0,1,2,A,-,03,22350,NA,N,C,C,A,A,H,-,A,D,0,NA,NA,NA,NA,Y,NA,A,01,0,0,1,0,0,0,0,0,0,-,-,NA,NA,SAN DIEGO,SAN DIEGO,NA,NA
7158987,2016,2016-03-01,3710,2016-01-26,1556,OC1185,NA,2,5,6,3710,0,0,0,NA,0,024,EL CAMINIO REAL,MESA,487,N,N,A,-,N,NA,NA,NA,NA,NA,NA,NA,NA,NA,Y,4,0,1,2,A,-,01,23152,A,N,C,C,A,A,H,-,A,D,0,NA,NA,NA,NA,Y,Y,D,22,0,0,1,0,0,0,0,0,0,-,-,NA,NA,SAN DIEGO,OCEANSIDE,-117.33346062,33.2099628
7159212,2016,2016-02-11,3700,2016-01-28,0600,SH2439,NA,4,5,5,3713,0,0,0,NA,0,309,NORTH MELROSE DR,OLIVE AV,0,NA,Y,A,-,N,NA,NA,NA,NA,NA,NA,NA,NA,NA,Y,4,0,1,2,D,-,00,NA,NA,N,D,C,A,A,H,-,B,A,0,NA,NA,NA,NA,Y,NA,-,-,0,0,1,0,0,0,0,0,0,-,-,NA,NA,SAN DIEGO,VISTA,-117.2542601,33.20468006
7159216,2016,2017-02-10,3700,2016-01-25,1604,SH2397,NA,1,5,5,3713,0,0,0,NA,0,316,SYCAMORE AV,RT 78,126,N,N,A,-,Y,SD,11,78,-,-,9.234,R,4,E,Y,4,0,1,1,A,-,03,22350,NA,N,F,A,A,A,H,-,A,A,0,NA,NA,Y,NA,Y,NA,C,02,0,0,1,0,0,0,0,0,1,-,EO,NA,NA,SAN DIEGO,VISTA,-117.21335004,33.16534005
7161065,2016,2016-01-25,3710,2016-01-08,2115,OC1421,NA,5,5,6,3710,0,0,0,NA,0,018,AVE DESCANSO,NORTH RIVER RD,0,NA,Y,A,-,N,NA,NA,NA,NA,NA,NA,NA,NA,NA,N,4,0,1,2,A,-,10,21950,A,F,G,B,B,A,H,-,C,A,0,Y,NA,NA,NA,Y,NA,-,NA,0,0,1,0,1,0,0,0,0,-,-,NA,NA,SAN DIEGO,OCEANSIDE,-117.31460005,33.24530011
7164411,2015,2016-02-02,3700,2015-12-15,1543,SH5502,NA,2,5,5,3782,0,0,0,NA,0,222,WITHAM RD,CREST DR,18,N,N,A,-,N,NA,NA,NA,NA,NA,NA,NA,NA,NA,N,3,0,1,2,A,-,05,21650,1,N,A,G,A,A,H,-,A,D,0,NA,Y,NA,NA,Y,NA,L,04,0,1,0,0,0,0,1,0,0,-,-,NA,NA,SAN DIEGO,ENCINITAS,-117.26305743,33.04170892
7165654,2016,2016-01-25,3711,2016-01-12,1708,5226,NA,2,5,7,3711,0,0,0,NA,0,516,32ND ST,MARKET ST,12,N,N,A,-,N,NA,NA,NA,NA,NA,NA,NA,NA,NA,N,4,0,3,2,A,-,09,21801,A,N,A,C,A,A,H,-,C,A,0,NA,NA,NA,NA,Y,NA,-,NA,0,0,3,0,0,0,0,0,0,-,-,NA,NA,SAN DIEGO,SAN DIEGO,-117.12527,32.71171287
7165669,2015,2016-01-25,3711,2015-12-31,1157,7037,SAN D,4,5,7,3711,0,0,0,NA,0,614,EBERS,NEWPORT,159,N,N,A,-,N,NA,NA,NA,NA,NA,NA,NA,NA,NA,N,4,0,1,2,A,-,08,22105,NA,N,D,C,A,A,H,-,A,A,0,NA,NA,Y,NA,Y,NA,C,06,0,0,1,0,0,0,0,0,1,-,-,NA,NA,SAN DIEGO,SAN DIEGO,-117.24554251,32.74401961
7169493,2016,2016-01-26,3703,2016-01-17,1205,1277,NA,7,5,3,3703,0,0,0,NA,0,003,POMONA AV,GLORIETTA BL,0,NA,Y,A,-,N,NA,NA,NA,NA,NA,NA,NA,NA,NA,N,3,0,1,2,A,-,08,22100,B,N,D,G,A,A,H,-,A,A,0,NA,Y,NA,NA,Y,NA,L,04,0,1,0,0,0,0,1,0,0,-,-,NA,NA,SAN DIEGO,CORONADO,-117.17417011,32.68335002
7170623,2016,2016-01-29,3709,2016-01-10,1717,457,NA,7,5,5,3709,0,0,0,NA,0,024,24TH ST,D AV,0,NA,Y,A,-,N,NA,NA,NA,NA,NA,NA,NA,NA,NA,Y,3,0,2,2,A,-,11,21451,D,N,D,C,A,A,H,-,C,A,0,NA,NA,NA,NA,Y,NA,A,01,0,1,1,0,0,0,0,0,0,-,-,NA,NA,SAN DIEGO,NATIONAL CITY,-117.09744003,32.6631901
7171423,2016,2016-02-02,3702,2016-01-21,1721,CV0847,NA,4,5,6,3702,0,0,0,NA,0,013,3RD AV,H ST,39,N,N,A,-,N,NA,NA,NA,NA,NA,NA,NA,NA,NA,N,4,0,1,2,A,-,03,22350,NA,N,C,C,A,A,H,-,C,A,0,NA,NA,NA,NA,Y,NA,A,01,0,0,1,0,0,0,0,0,0,-,-,NA,NA,SAN DIEGO,CHULA VISTA,-117.07726773,32.63450194
7175012,2016,2016-02-22,3705,2016-01-22,1817,EC0295,NA,5,5,5,3705,0,0,0,NA,0,008,AVOCADO AV,CHASE AV,118,S,N,A,-,N,NA,NA,NA,NA,NA,NA,NA,NA,NA,Y,4,0,1,2,A,-,09,21804,A,N,D,C,A,A,H,-,C,A,0,NA,NA,NA,NA,Y,NA,D,22,0,0,1,0,0,0,0,0,0,-,-,NA,NA,SAN DIEGO,EL CAJON,-116.95789575,32.78007324
7175016,2016,2016-02-16,3705,2016-01-03,1143,EC0337,NA,7,5,5,3705,0,0,0,NA,0,007,E MAIN,GREENFIELD,0,NA,Y,A,-,N,NA,NA,NA,NA,NA,NA,NA,NA,NA,Y,4,0,2,2,A,-,12,21453,A,N,D,C,A,A,H,-,A,A,0,NA,NA,NA,NA,Y,NA,A,01,0,0,2,0,0,0,0,0,0,-,-,NA,NA,SAN DIEGO,EL CAJON,-116.9185501,32.81231002
7175146,2016,2016-02-03,3711,2016-01-14,0810,6775,NA,4,5,7,3711,0,0,0,NA,0,246,SCRIPPS RANCH BL,FARMINGDALE ST,16,S,N,A,-,N,NA,NA,NA,NA,NA,NA,NA,NA,NA,Y,3,0,1,2,A,-,12,21453,A,N,D,C,A,A,H,-,A,A,0,NA,NA,NA,NA,Y,NA,-,NA,0,1,0,0,0,0,0,0,0,-,-,NA,NA,SAN DIEGO,SAN DIEGO,-117.10004175,32.92406391
7175214,2016,2016-02-24,3711,2016-01-22,1520,2363,EASTE,5,5,7,3711,0,0,0,NA,0,324,LAKE MURRAY BL,JACKSON DR,40,N,N,A,-,N,NA,NA,NA,NA,NA,NA,NA,NA,NA,N,4,0,3,2,A,-,12,21453,A,N,D,C,A,A,H,-,A,A,0,NA,NA,NA,NA,Y,NA,-,-,0,0,3,0,0,0,0,0,0,-,-,NA,NA,SAN DIEGO,SAN DIEGO,-117.01902065,32.79327942
7175230,2016,2016-02-05,3711,2016-01-23,0952,6774,NA,6,5,7,3711,0,0,0,NA,0,NA,LANSDALE DR,LANSDALE CT,170,E,N,B,-,N,NA,NA,NA,NA,NA,NA,NA,NA,NA,N,2,0,1,1,A,-,03,22350,NA,N,F,A,A,A,H,-,A,D,0,NA,Y,NA,NA,Y,NA,L,04,1,0,0,0,0,0,1,0,0,-,-,NA,NA,SAN DIEGO,SAN DIEGO,-117.21615081,32.95926705
7175922,2016,2016-02-08,3711,2016-01-26,1807,6753,SANDI,2,5,7,3711,0,0,0,NA,0,621,LINDA VISTA RD,NORTHRIM CT,150,N,N,A,-,N,NA,NA,NA,NA,NA,NA,NA,NA,NA,N,4,0,1,2,A,-,11,21954,A,N,G,B,D,A,H,-,C,D,0,Y,NA,NA,NA,Y,NA,N,60,0,0,1,0,1,0,0,0,0,-,-,NA,NA,SAN DIEGO,SAN DIEGO,-117.17513138,32.77397809
7175926,2016,2016-02-08,3711,2016-01-27,1552,6511,NA,3,5,7,3711,0,0,0,NA,0,115,DECORO ST,CAMINO KIOSCO,3,W,N,A,-,N,NA,NA,NA,NA,NA,NA,NA,NA,NA,Y,3,0,1,2,A,-,09,21801,A,N,D,C,A,A,H,-,A,A,0,NA,NA,NA,NA,Y,NA,-,NA,0,1,0,0,0,0,0,0,0,-,-,NA,NA,SAN DIEGO,SAN DIEGO,-117.21399973,32.86415027
7176027,2016,2016-02-09,3711,2016-01-28,0745,6115,NA,4,5,7,3711,0,0,0,NA,0,514,ISLAND AV,21ST ST,20,W,N,A,-,N,NA,NA,NA,NA,NA,NA,NA,NA,NA,Y,4,0,1,2,A,-,09,21802,A,N,D,C,A,A,H,-,A,A,0,NA,NA,NA,NA,Y,NA,-,NA,0,0,1,0,0,0,0,0,0,-,-,NA,NA,SAN DIEGO,SAN DIEGO,-117.1449548,32.7104693
7176676,2016,2016-02-04,3711,2016-01-23,1546,7231,NA,6,5,7,3711,0,0,0,NA,0,431,FEDERAL BL,60TH ST,0,NA,Y,B,-,N,NA,NA,NA,NA,NA,NA,NA,NA,NA,Y,4,0,1,2,A,-,21,22106,NA,N,C,C,A,A,H,-,A,A,0,NA,NA,NA,NA,Y,NA,-,NA,0,0,1,0,0,0,0,0,0,-,-,NA,NA,SAN DIEGO,SAN DIEGO,-117.06808001,32.7272701
7176873,2016,2016-02-08,3700,2016-01-11,1325,SHO169,NA,1,5,5,3712,0,0,0,NA,0,352,WOODWARD ST,CONCORD PL,80,S,N,A,-,N,NA,NA,NA,NA,NA,NA,NA,NA,NA,Y,3,0,1,1,A,-,07,21658,A,N,E,I,A,A,H,-,A,D,0,NA,NA,NA,NA,Y,NA,A,01,0,1,0,0,0,0,0,0,0,-,-,NA,NA,SAN DIEGO,SAN MARCOS,-117.15497262,33.16320289
7178118,2016,2016-03-04,3711,2016-01-28,1859,5114,NA,4,5,7,3711,0,0,0,NA,0,243,MIRAMAR RD,CLAYTON DR,554,E,N,A,-,N,NA,NA,NA,NA,NA,NA,NA,NA,NA,N,4,0,1,2,A,-,03,22350,NA,N,-,C,A,A,H,-,D,A,0,NA,NA,NA,NA,Y,NA,-,NA,0,0,1,0,0,0,0,0,0,-,-,NA,NA,SAN DIEGO,SAN DIEGO,-117.12918131,32.89371