CASE_ID,ACCIDENT_YEAR,PROC_DATE,JURIS,COLLISION_DATE,COLLISION_TIME,OFFICER_ID,REPORTING_DISTRICT,DAY_OF_WEEK,CHP_SHIFT,POPULATION,CNTY_CITY_LOC,SPECIAL_COND,BEAT_TYPE,CHP_BEAT_TYPE,CITY_DIVISION_LAPD,CHP_BEAT_CLASS,BEAT_NUMBER,PRIMARY_RD,SECONDARY_RD,DISTANCE,DIRECTION,INTERSECTION,WEATHER_1,WEATHER_2,STATE_HWY_IND,CALTRANS_COUNTY,CALTRANS_DISTRICT,STATE_ROUTE,ROUTE_SUFFIX,POSTMILE_PREFIX,POSTMILE,LOCATION_TYPE,RAMP_INTERSECTION,SIDE_OF_HWY,TOW_AWAY,COLLISION_SEVERITY,NUMBER_KILLED,NUMBER_INJURED,PARTY_COUNT,PRIMARY_COLL_FACTOR,PCF_CODE_OF_VIOL,PCF_VIOL_CATEGORY,PCF_VIOLATION,PCF_VIOL_SUBSECTION,HIT_AND_RUN,TYPE_OF_COLLISION,MVIW,PED_ACTION,ROAD_SURFACE,ROAD_COND_1,ROAD_COND_2,LIGHTING,CONTROL_DEVICE,CHP_ROAD_TYPE,PEDESTRIAN_ACCIDENT,BICYCLE_ACCIDENT,MOTORCYCLE_ACCIDENT,TRUCK_ACCIDENT,NOT_PRIVATE_PROPERTY,ALCOHOL_INVOLVED,STWD_VEHTYPE_AT_FAULT,CHP_VEHTYPE_AT_FAULT,COUNT_SEVERE_INJ,COUNT_VISIBLE_INJ,COUNT_COMPLAINT_PAIN,COUNT_PED_KILLED,COUNT_PED_INJURED,COUNT_BICYCLIST_KILLED,COUNT_BICYCLIST_INJURED,COUNT_MC_KILLED,COUNT_MC_INJURED,PRIMARY_RAMP,SECONDARY_RAMP,LATITUDE,LONGITUDE,COUNTY,CITY,POINT_X,POINT_Y
7178166,2016,2016-02-11,3711,2016-01-29,0900,7405,SDPD,5,5,7,3711,0,0,0,NA,0,234,MATINAL DR,POBLADO RD,0,NA,Y,A,-,N,NA,NA,NA,NA,NA,NA,NA,NA,NA,Y,4,0,1,2,A,-,09,21801,A,N,A,C,A,A,H,-,A,D,0,NA,NA,NA,NA,Y,NA,A,01,0,0,1,0,0,0,0,0,0,-,-,33.152,-117.513,SAN DIEGO,SAN DIEGO,-117.08858001,33.03069002
7178181,2016,2017-02-14,3711,2016-01-26,0824,7354,NA,2,5,7,3711,0,0,0,NA,0,NA,PALM AV,SATURN,0,NA,Y,A,-,Y,SD,11,75,-,-,9.3,H,-,N,Y,4,0,1,2,A,-,03,22350,NA,N,C,C,A,A,H,-,A,A,0,NA,NA,NA,NA,Y,NA,-,NA,0,0,1,0,0,0,0,0,0,-,-,NA,NA,SAN DIEGO,SAN DIEGO,-117.09250266,32.58393289
7178233,2016,2016-02-11,3711,2016-01-23,1100,0468,3711,6,5,7,3711,0,0,0,NA,0,611,HANCOCK ST,HANCOCK ST 3700,0,NA,Y,B,-,N,NA,NA,NA,NA,NA,NA,NA,NA,NA,N,3,0,1,2,A,-,04,21703,NA,N,C,C,A,A,H,-,A,D,0,NA,NA,Y,NA,Y,NA,C,02,0,1,0,0,0,0,0,0,1,-,-,NA,NA,SAN DIEGO,SAN DIEGO,-117.21402884,32.75806279
7178690,2016,2016-02-18,3711,2016-02-03,1202,5929,NA,3,5,7,3711,0,0,0,NA,0,122,GARNET AV,EVERTS ST,200,W,N,A,-,N,NA,NA,NA,NA,NA,NA,NA,NA,NA,N,4,0,1,2,A,-,17,22517,NA,N,B,G,A,A,H,-,A,A,0,NA,Y,NA,NA,Y,NA,-,NA,0,0,1,0,0,0,1,0,0,-,-,NA,NA,SAN DIEGO,SAN DIEGO,-117.24879741,32.79800058
7183453,2015,2016-02-16,3705,2015-10-21,1829,EC0163,NA,3,5,5,3705,0,0,0,NA,0,009,GRANITE HILLS,JAMACHA,0,NA,Y,A,-,N,NA,NA,NA,NA,NA,NA,NA,NA,NA,Y,2,0,2,2,A,-,09,21801,A,N,A,C,A,A,H,-,C,A,0,NA,NA,NA,NA,Y,NA,A,01,1,0,1,0,0,0,0,0,0,-,-,NA,NA,SAN DIEGO,EL CAJON,-116.92793012,32.78529005
7183662,2016,2016-02-18,3706,2016-01-24,1630,458,ESPD,7,5,6,3706,0,0,0,NA,0,052,ESCONDIDO BL,FELICITA AV,500,N,N,A,-,N,NA,NA,NA,NA,NA,NA,NA,NA,NA,N,4,0,1,2,D,-,00,NA,NA,N,B,C,A,A,H,-,A,D,0,NA,NA,NA,NA,Y,NA,-,-,0,0,1,0,0,0,0,0,0,-,-,NA,NA,SAN DIEGO,ESCONDIDO,-117.0739552,33.10585027
7184317,2016,2016-04-25,3711,2016-02-03,1108,7172,NA,3,5,7,3711,0,0,0,NA,0,813,EL CAJON BL,30TH ST,28,W,N,A,-,N,NA,NA,NA,NA,NA,NA,NA,NA,NA,N,4,0,1,2,A,-,04,21703,NA,M,C,C,A,A,-,-,A,A,0,NA,NA,NA,NA,Y,NA,-,-,0,0,1,0,0,0,0,0,0,-,-,NA,NA,SAN DIEGO,SAN DIEGO,-117.13026077,32.7554
7184553,2016,2016-02-19,3711,2016-02-05,1850,6070,NA,5,5,7,3711,0,0,0,NA,0,122,GRAND AV,CASS ST,255,E,N,A,-,N,NA,NA,NA,NA,NA,NA,NA,NA,NA,N,4,0,2,3,A,-,21,22106,NA,N,C,C,A,A,H,-,C,A,0,NA,NA,NA,NA,Y,NA,-,NA,0,0,2,0,0,0,0,0,0,-,-,NA,NA,SAN DIEGO,SAN DIEGO,-117.25045841,32.7957023
7184560,2016,2016-02-19,3711,2016-02-04,1421,6324,NA,4,5,7,3711,0,0,0,NA,0,115,LA JOLLA VILLAGE DR,LA JOLLA VILLAGE DR 4800,21,N,N,A,-,N,NA,NA,NA,NA,NA,NA,NA,NA,NA,Y,3,0,1,2,A,-,-,NA,NA,M,D,C,A,A,H,-,A,A,0,NA,NA,NA,NA,Y,NA,-,NA,0,1,0,0,0,0,0,0,0,-,-,NA,NA,SAN DIEGO,SAN DIEGO,NA,NA
7185950,2016,2016-02-23,3710,2016-01-13,0737,OC1065,NA,3,5,6,3710,0,0,0,NA,0,030,SONRISA WAY,OLIVE DR,0,NA,Y,A,-,N,NA,NA,NA,NA,NA,NA,NA,NA,NA,N,3,0,1,2,A,-,09,21802,A,N,D,G,A,A,H,-,A,D,0,NA,Y,NA,NA,Y,NA,A,01,0,1,0,0,0,0,1,0,0,-,-,NA,NA,SAN DIEGO,OCEANSIDE,-117.28342,33.20409007
7187102,2016,2016-02-25,3711,2016-02-13,1635,7092,SD,6,5,7,3711,0,0,0,NA,0,615,JARVIS ST,EVERGREEN,15,W,N,A,-,N,NA,NA,NA,NA,NA,NA,NA,NA,NA,Y,4,0,1,2,A,-,17,21461,A,N,D,C,A,A,H,-,A,D,0,NA,NA,NA,NA,Y,NA,-,NA,0,0,1,0,0,0,0,0,0,-,-,NA,NA,SAN DIEGO,SAN DIEGO,-117.22885031,32.72863298
7187106,2016,2016-02-25,3711,2016-02-12,1807,6969,WESTE,5,5,7,3711,0,0,0,NA,0,NA,NIMITZ BL,WEST POINT LOMA BL,528,S,N,A,-,N,NA,NA,NA,NA,NA,NA,NA,NA,NA,Y,2,0,1,2,A,-,03,22350,NA,N,C,C,A,A,H,-,C,A,0,NA,NA,Y,NA,Y,NA,C,02,1,0,0,0,0,0,0,0,1,-,-,NA,NA,SAN DIEGO,SAN DIEGO,-117.23551845,32.749886000000004
7188409,2016,2016-02-23,3706,2016-02-01,1913,ES0491,NA,1,5,6,3706,0,0,0,NA,0,044,SHERIDAN AV,VISTA VERDE AV,188,W,N,A,-,N,NA,NA,NA,NA,NA,NA,NA,NA,NA,N,2,0,1,2,A,-,21,22106,NA,F,G,B,E,A,H,-,C,D,0,Y,NA,NA,NA,Y,NA,A,01,1,0,0,0,1,0,0,0,0,-,-,NA,NA,SAN DIEGO,ESCONDIDO,-117.0681254,33.15422621
7190069,2016,2018-09-25,3711,2016-02-10,1451,5972,NA,3,5,7,3711,0,0,0,NA,0,326,MONTEZUMA RD,FAIRMOUNT AV,706,E,N,A,-,N,NA,NA,NA,NA,NA,NA,NA,NA,NA,Y,1,1,1,2,A,-,08,22107,NA,N,D,C,A,A,H,-,A,D,0,NA,NA,NA,NA,Y,Y,A,07,0,1,0,0,0,0,0,0,0,-,-,NA,NA,SAN DIEGO,SAN DIEGO,-117.09497746,32.77189495
7190161,2016,2016-05-20,3711,2016-04-09,0906,5061,NA,6,5,7,3711,0,0,0,NA,0,113,MORENA BL,AVATI ST,0,NA,Y,-,-,N,NA,NA,NA,NA,NA,NA,NA,NA,NA,Y,1,1,0,2,A,-,12,21453,A,N,D,C,A,A,H,-,A,A,0,NA,NA,Y,NA,Y,NA,C,02,0,0,0,0,0,0,0,1,0,-,-,NA,NA,SAN DIEGO,SAN DIEGO,-117.21747011,32.81381007
7190228,2016,2016-07-18,3706,2016-06-05,0201,342,ESCON,7,5,6,3706,0,0,0,NA,0,041,BROADWAY,RT 78,0,NA,Y,A,-,Y,SD,11,78,-,N,17.68,I,5,W,Y,1,1,3,2,A,-,01,23153,A,F,D,C,A,A,H,-,C,A,0,NA,NA,NA,NA,Y,Y,D,22,2,0,1,0,0,0,0,0,0,-,-,33.13309,-117.08658,SAN DIEGO,ESCONDIDO,-117.08646529,33.13287894
7190299,2016,2018-09-27,3708,2016-05-10,2023,LM1225,NA,2,5,5,3708,0,0,0,NA,0,001,EL CAJON BL,JESSIE AV,109,E,N,A,-,N,NA,NA,NA,NA,NA,NA,NA,NA,NA,Y,1,1,0,2,A,-,11,21950,B,N,G,B,D,A,H,-,C,D,0,Y,NA,NA,NA,Y,NA,N,60,0,0,0,1,0,0,0,0,0,-,-,NA,NA,SAN DIEGO,LA MESA,-117.03730214,32.76847865
7190305,2016,2016-08-19,3702,2016-02-07,0053,CV0991,NA,7,5,6,3702,0,0,0,NA,0,031,EAST H ST,DEL REY BL,607,E,N,A,-,N,NA,NA,NA,NA,NA,NA,NA,NA,NA,Y,1,1,3,1,A,-,01,23152,A,N,F,I,A,A,H,-,C,D,0,NA,NA,NA,NA,Y,Y,A,01,0,2,1,0,0,0,0,0,0,-,-,NA,NA,SAN DIEGO,CHULA VISTA,-117.0335945,32.63709534
7190490,2016,2018-09-27,3709,2016-03-02,1146,494,NA,3,5,5,3709,0,0,0,NA,0,023,SWEETWATER RD,SWEETWATER RD 1600,0,NA,N,A,-,N,NA,NA,NA,NA,NA,NA,NA,NA,NA,Y,1,1,0,2,A,-,11,21950,B,N,G,B,D,A,H,-,C,D,0,Y,NA,NA,NA,Y,Y,N,60,0,0,0,1,0,0,0,0,0,-,-,NA,NA,SAN DIEGO,NATIONAL CITY,-117.0824486,32.66138336
7191626,2016,2016-03-11,3700,2016-02-18,1920,SH4541,NA,4,5,5,3712,0,0,0,NA,0,357,E BARHAM DR,CAMPUS WY,31,S,N,A,-,N,NA,NA,NA,NA,NA,NA,NA,NA,NA,Y,4,0,1,2,A,-,09,21453,C,N,D,C,A,A,-,-,C,A,0,NA,NA,NA,NA,Y,NA,A,07,0,0,1,0,0,0,0,0,0,-,-,NA,NA,SAN DIEGO,SAN MARCOS,-117.15968622,33.13343436
7191863,2016,2016-03-09,3709,2016-02-12,1209,488,SOUTH,5,5,5,3709,0,0,0,NA,0,021,S KENTON AV,S KENTON AV 43,0,NA,N,A,-,N,NA,NA,NA,NA,NA,NA,NA,NA,NA,N,2,0,1,2,A,-,03,22350,NA,N,C,E,A,A,H,-,A,D,0,NA,NA,Y,NA,Y,NA,C,02,1,0,0,0,0,0,0,0,1,-,-,NA,NA,SAN DIEGO,NATIONAL CITY,-117.07852989,32.69057261
7193207,2016,2016-03-03,3700,2016-02-07,2125,SH0817,NA,7,5,5,3713,0,0,0,NA,0,305,NORTH SANTA FE AV,WEST LOS ANGELES DR,6,S,N,A,-,N,NA,NA,NA,NA,NA,NA,NA,NA,NA,N,3,0,1,2,D,-,00,NA,NA,N,G,B,B,A,H,-,C,A,0,Y,NA,NA,NA,Y,Y,-,-,0,1,0,0,1,0,0,0,0,-,-,NA,NA,SAN DIEGO,VISTA,-117.24499018,33.21140356
7195898,2016,2016-03-09,3700,2016-01-30,1213,SH5379,NA,6,5,5,3782,0,0,0,NA,0,230,LONE JACK RD,LONE JACK RD 2500,0,NA,N,A,-,N,NA,NA,NA,NA,NA,NA,NA,NA,NA,Y,4,0,1,2,A,-,03,22350,NA,N,B,C,A,A,H,-,A,D,0,NA,NA,NA,NA,Y,NA,A,01,0,0,1,0,0,0,0,0,0,-,-,NA,NA,SAN DIEGO,ENCINITAS,-117.231423,33.05182
7196693,2016,2016-03-09,3700,2016-01-24,2202,SH0236,NA,7,5,5,3713,0,0,0,NA,0,305,MICHIGAN AV,VISTA VILLAGE DR,0,NA,Y,A,-,N,NA,NA,NA,NA,NA,NA,NA,NA,NA,Y,4,0,2,2,A,-,09,21802,A,F,D,C,A,A,H,-,C,D,0,NA,NA,NA,NA,Y,NA,A,01,0,0,2,0,0,0,0,0,0,-,-,NA,NA,SAN DIEGO,VISTA,-117.24183003,33.20343008
7198984,2016,2016-03-11,3710,2016-02-17,1405,OC0828,NA,3,5,6,3710,0,0,0,NA,0,008,OCEANSIDE,S DITMAR,0,NA,Y,A,-,N,NA,NA,NA,NA,NA,NA,NA,NA,NA,Y,4,0,1,2,A,-,12,21453,A,N,D,C,A,A,H,-,A,A,0,NA,NA,NA,NA,Y,NA,A,01,0,0,1,0,0,0,0,0,0,-,-,NA,NA,SAN DIEGO,OCEANSIDE,-117.36729001,33.18478009
7199325,2016,2016-03-15,3706,2016-02-19,1506,ES0485,NA,5,5,6,3706,0,0,0,NA,0,044,VISTA AV,LEHNER AV,0,NA,Y,A,-,N,NA,NA,NA,NA,NA,NA,NA,NA,NA,N,3,0,1,2,A,-,11,21954,A,N,G,B,D,A,H,-,A,D,0,Y,NA,NA,NA,Y,NA,N,60,0,1,0,0,1,0,0,0,0,-,-,NA,NA,SAN DIEGO,ESCONDIDO,-117.08734002,33.15427004
7199967,2017,2019-04-08,3709,2017-03-01,0209,484,NA,3,5,5,3709,0,0,0,NA,0,021,EAST 16TH ST,RT 805,0,W,N,A,-,N,NA,NA,NA,NA,NA,NA,NA,NA,NA,Y,1,1,0,6,A,-,03,22350,NA,N,C,E,A,A,H,-,C,D,0,NA,NA,NA,NA,Y,Y,A,01,0,0,0,0,0,0,0,0,0,-,-,NA,NA,SAN DIEGO,NATIONAL CITY,-117.08350003,32.67471011
7200173,2017,2019-04-08,3711,2017-01-26,2310,4576,NA,4,5,7,3711,0,0,0,NA,0,626,WEST WASHINGTON ST,INDIA ST,818,E,N,A,-,N,NA,NA,NA,NA,NA,NA,NA,NA,NA,N,1,1,0,2,A,-,11,21954,A,N,G,B,D,A,H,-,D,D,0,Y,NA,NA,NA,Y,Y,N,60,0,0,0,1,0,0,0,0,0,-,-,NA,NA,SAN DIEGO,SAN DIEGO,-117.1799051,32.7451908
7201087,2015,2016-03-11,3700,2015-09-25,1306,SH5794,NA,5,5,5,3781,0,0,0,NA,0,520,WOODSIDE AV,KARERLLYN DR,224,E,N,A,-,N,NA,NA,NA,NA,NA,NA,NA,NA,NA,Y,4,0,1,1,A,-,08,22107,NA,N,E,I,A,A,H,-,A,D,0,NA,NA,NA,NA,Y,NA,A,01,0,0,1,0,0,0,0,0,0,-,-,NA,NA,SAN DIEGO,SANTEE,-116.95260343,32.84944281
7202698,2016,2017-02-10,3710,2016-02-27,0020,OC1416,NA,6,5,6,3710,0,0,0,NA,0,023,RT 76,NORTH SANTA FE AV,0,E,N,A,-,Y,SD,11,76,-,R,6.721,I,5,E,Y,4,0,1,2,A,-,01,23152,A,N,C,C,A,A,H,-,C,A,0,NA,NA,NA,NA,Y,Y,A,01,0,0,1,0,0,0,0,0,0,-,-,NA,NA,SAN DIEGO,OCEANSIDE,-117.28152196,33.24592682
7202836,2015,2016-03-16,3700,2015-09-30,1303,SH5794,NA,3,5,5,3781,0,0,0,NA,0,513,CARLTON HILLS BL,GORGE AV,0,NA,Y,A,-,N,NA,NA,NA,NA,NA,NA,NA,NA,NA,Y,4,0,1,2,A,-,09,21804,A,N,D,C,A,A,H,-,A,D,0,NA,NA,NA,NA,Y,NA,A,01,0,0,1,0,0,0,0,0,0,-,-,NA,NA,SAN DIEGO,SANTEE,-116.99598012,32.84000011
7203434,2016,2016-03-11,3708,2016-02-17,0750,LM1215,NA,3,5,5,3708,0,0,0,NA,0,003,EL CAJON BL,BALTIMORE DR,369,W,N,A,-,N,NA,NA,NA,NA,NA,NA,NA,NA,NA,N,3,0,1,2,A,-,09,21804,A,N,G,B,D,A,H,-,A,D,0,Y,NA,NA,NA,Y,NA,D,22,0,1,0,0,1,0,0,0,0,-,-,NA,NA,SAN DIEGO,LA MESA,-117.02620703,32.76950416
7203875,2016,2016-03-15,3711,2016-02-14,0130,7391,NA,7,5,7,3711,0,0,0,NA,0,524,8TH AV,F ST,0,NA,Y,A,-,N,NA,NA,NA,NA,NA,NA,NA,NA,NA,Y,3,0,1,2,A,-,12,21453,A,M,D,D,A,A,H,-,C,A,0,NA,NA,NA,NA,Y,NA,-,NA,0,1,0,0,0,0,0,0,0,-,-,NA,NA,SAN DIEGO,SAN DIEGO,-117.15742011,32.71364003
7204558,2016,2017-02-15,3711,2016-02-26,0800,5569,NA,5,5,7,3711,0,0,0,NA,0,313,BALBOA AV,RT 15,30,E,N,A,-,Y,SD,11,15,-,R,9.432,R,4,S,Y,4,0,1,2,A,-,03,22350,NA,N,C,C,A,A,H,-,A,A,0,NA,NA,NA,NA,Y,NA,A,01,0,0,1,0,0,0,0,0,0,-,SF,NA,NA,SAN DIEGO,SAN DIEGO,-117.1173964,32.82564286
7204730,2016,2016-03-11,3702,2016-01-17,2230,CV1061,NA,7,5,6,3702,0,0,0,NA,0,032,OTAY LAKES RD,HUNTE PKWY,26,W,N,A,-,N,NA,NA,NA,NA,NA,NA,NA,NA,NA,Y,4,0,2,2,A,-,01,23152,A,N,C,C,A,A,H,-,C,A,0,NA,NA,NA,NA,Y,Y,-,NA,0,0,2,0,0,0,0,0,0,-,-,NA,NA,SAN DIEGO,CHULA VISTA,-116.95096153,32.64735858
7204812,2016,2016-03-11,3710,2016-02-21,0944,OC1311,NA,7,5,6,3710,0,0,0,NA,0,008,SOUTH COAST HWY,OCEANSIDE BL,350,N,N,A,-,N,NA,NA,NA,NA,NA,NA,NA,NA,NA,Y,3,0,1,2,A,-,09,21804,A,N,D,C,A,A,H,-,A,D,0,NA,NA,Y,NA,Y,NA,A,01,0,1,0,0,0,0,0,0,1,-,-,NA,NA,SAN DIEGO,OCEANSIDE,-117.36990837,33.18437307
7205308,2016,2016-03-30,3711,2016-02-09,0955,5198,NA,2,5,7,3711,0,0,0,NA,0,246,SCRIPPS POWAY PKWY,SPRINGBROOK DR,0,NA,Y,A,-,N,NA,NA,NA,NA,NA,NA,NA,NA,NA,Y,3,0,3,2,A,-,09,21801,A,N,A,C,A,A,H,-,A,A,0,NA,NA,NA,NA,Y,NA,A,01,0,1,2,0,0,0,0,0,0,-,-,NA,NA,SAN DIEGO,SAN DIEGO,-117.0731,32.93454006
7207069,2016,2016-03-23,3701,2016-03-05,1250,5474,80,6,5,5,3701,0,0,0,NA,0,006,POINSETTIA LN,CASSIA RD,42,W,N,A,-,N,NA,NA,NA,NA,NA,NA,NA,NA,NA,Y,3,0,2,1,A,-,03,22350,NA,N,A,J,A,A,H,-,A,D,0,NA,NA,NA,NA,Y,NA,A,01,0,1,1,0,0,0,0,0,0,-,-,33.11244,-117.27958,SAN DIEGO,CARLSBAD,-117.27953346,33.11238502
7209344,2016,2016-03-16,3711,2016-03-03,1745,7143,NA,4,5,7,3711,0,0,0,NA,0,524,BROADWAY,9TH AV,0,NA,Y,B,-,N,NA,NA,NA,NA,NA,NA,NA,NA,NA,Y,3,0,1,2,A,-,12,21453,A,N,D,C,A,A,H,-,A,A,0,NA,NA,NA,NA,Y,NA,A,01,0,1,0,0,0,0,0,0,0,-,-,NA,NA,SAN DIEGO,SAN DIEGO,-117.15651001,32.7157201
7209363,2016,2016-03-16,3711,2016-03-03,2327,5985,NA,4,5,7,3711,0,0,0,NA,0,521,G ST,14TH ST,97,E,N,A,-,N,NA,NA,NA,NA,NA,NA,NA,NA,NA,N,3,0,1,2,A,-,11,21955,NA,N,G,B,D,A,H,-,C,D,0,Y,NA,NA,NA,Y,Y,N,60,0,1,0,0,1,0,0,0,0,-,-,NA,NA,SAN DIEGO,SAN DIEGO,-117.1516057,32.71261204
7210048,2016,2016-03-22,3700,2016-02-09,0240,SH4541,NA,2,5,5,3712,0,0,0,NA,0,351,W BORDEN RD,VIA BARQUERO,500,E,N,A,-,N,NA,NA,NA,NA,NA,NA,NA,NA,NA,Y,2,0,1,1,A,-,08,22107,NA,N,E,I,A,A,H,-,C,D,0,NA,NA,NA,NA,Y,Y,A,01,1,0,0,0,0,0,0,0,0,-,-,NA,NA,SAN DIEGO,SAN MARCOS,-117.1786787,33.1581024
7210650,2016,2016-03-28,3706,2016-03-10,1539,318,ESCON,4,5,6,3706,0,0,0,NA,0,052,VALLEY PKWY,DATE ST,0,NA,Y,A,-,N,NA,NA,NA,NA,NA,NA,NA,NA,NA,N,4,0,1,2,A,-,05,21650,NA,F,D,G,A,A,H,-,A,D,0,NA,Y,NA,NA,Y,NA,L,04,0,0,1,0,0,0,1,0,0,-,-,NA,NA,SAN DIEGO,ESCONDIDO,-117.07119005,33.12856006
7213405,2016,2016-03-21,3702,2016-01-15,1147,CV1021,NA,5,5,6,3702,0,0,0,NA,0,042,CLUBHOUSE DR,EASTLAKE PKWY,15,E,N,B,-,N,NA,NA,NA,NA,NA,NA,NA,NA,NA,N,4,0,1,2,A,-,03,22350,NA,N,C,D,A,B,H,-,A,A,0,NA,NA,NA,NA,Y,NA,A,08,0,0,1,0,0,0,0,0,0,-,-,NA,NA,SAN DIEGO,CHULA VISTA,-116.96618145,32.64052
8000893,2016,2016-03-30,3711,2016-03-12,1247,7205,NA,6,5,7,3711,0,0,0,NA,0,315,RIO SAN DIEGO DR,QUALCOMM WY,10,E,N,A,-,N,NA,NA,NA,NA,NA,NA,NA,NA,NA,N,4,0,1,2,A,-,04,21703,NA,N,C,C,A,A,H,-,A,A,0,NA,NA,NA,NA,Y,NA,-,NA,0,0,1,0,0,0,0,0,0,-,-,NA,NA,SAN DIEGO,SAN DIEGO,-117.14124845,32.77567631
8002835,2016,2016-04-14,3711,2016-03-20,1521,7258,NA,7,5,7,3711,0,0,0,NA,0,437,PARKSIDE AV,KEEN DR,0,NA,Y,A,-,N,NA,NA,NA,NA,NA,NA,NA,NA,NA,Y,4,0,2,2,A,-,09,21802,A,N,B,C,A,A,H,-,A,D,0,NA,NA,NA,NA,Y,NA,-,-,0,0,2,0,0,0,0,0,0,-,-,NA,NA,SAN DIEGO,SAN DIEGO,-117.04807007,32.67014011
8002840,2016,2016-03-30,3711,2016-03-19,1715,5939,NA,6,5,7,3711,0,0,0,NA,0,242,CALLE CRISTOBAL,PRAIRIE WOOD DR,10,E,N,A,-,N,NA,NA,NA,NA,NA,NA,NA,NA,NA,N,4,0,1,2,A,-,12,21453,A,N,D,C,A,A,H,-,A,A,0,NA,NA,NA,NA,Y,NA,-,NA,0,0,1,0,0,0,0,0,0,-,-,NA,NA,SAN DIEGO,SAN DIEGO,-117.15366573,32.9278582
8005002,2016,2016-03-28,3701,2016-03-14,0643,5482,78,1,5,5,3701,0,0,0,NA,0,006,PALOMAR AIRPORT RD,PALOMAR OAKS WY,0,NA,Y,B,-,N,NA,NA,NA,NA,NA,NA,NA,NA,NA,Y,3,0,1,2,A,-,12,21453,A,N,D,C,A,B,H,-,A,A,0,NA,NA,Y,NA,Y,NA,C,02,0,1,0,0,0,0,0,0,1,-,-,33.12034,-117.29048,SAN DIEGO,CARLSBAD,-117.29036009,33.1203101
8006356,2016,2016-04-06,3706,2016-03-22,2223,ES0318,NA,2,5,6,3706,0,0,0,NA,0,056,CITRUS AV,BEAR VALLEY PKWY,0,NA,Y,A,-,N,NA,NA,NA,NA,NA,NA,NA,NA,NA,Y,3,0,3,2,A,-,01,23152,A,N,D,C,A,A,H,-,C,A,0,NA,NA,NA,NA,Y,Y,A,01,0,1,2,0,0,0,0,0,0,-,-,NA,NA,SAN DIEGO,ESCONDIDO,-117.04214012,33.13769011
8012088,2016,2016-04-05,3705,2016-03-01,0102,EC0297,NA,2,5,5,3705,0,0,0,NA,0,010,MAIN ST,ROANOKE RD,211,W,N,A,-,N,NA,NA,NA,NA,NA,NA,NA,NA,NA,N,3,0,1,2,A,-,11,21950,B,N,G,B,D,A,H,-,D,D,0,Y,NA,NA,NA,Y,Y,N,60,0,1,0,0,1,0,0,0,0,-,-,NA,NA,SAN DIEGO,EL CAJON,-116.95556416,32.79495
8012095,2016,2016-04-05,3705,2016-03-18,1107,EC0295,NA,5,5,5,3705,0,0,0,NA,0,008,AVOCADO,ALZEDA,585,N,N,A,-,N,NA,NA,NA,NA,NA,NA,NA,NA,NA,Y,2,0,1,1,C,-,18,NA,NA,N,E,I,A,A,H,-,A,D,0,NA,NA,NA,NA,Y,NA,-,-,1,0,0,0,0,0,0,0,0,-,-,NA,NA,SAN DIEGO,EL CAJON,-116.95904856,32.77425496
8012424,2016,2016-04-08,3711,2016-03-20,1035,HB4132,NA,7,5,7,3711,0,0,0,NA,0,504,NORTH HARBOR DR,WEST GRAPE ST,59,N,N,A,-,N,NA,NA,NA,NA,NA,NA,NA,NA,NA,N,3,0,1,2,B,-,22,NA,NA,N,B,G,A,A,H,-,A,A,0,NA,Y,NA,NA,Y,NA,L,04,0,1,0,0,0,0,1,0,0,-,-,NA,NA,SAN DIEGO,SAN DIEGO,-117.17323854,32.72427982
8013308,2016,2016-04-20,3700,2016-03-01,0604,SH7690,NA,2,5,4,3707,0,0,0,NA,0,709,9TH ST,IMPERIAL BEACH BL,0,NA,Y,B,-,N,NA,NA,NA,NA,NA,NA,NA,NA,NA,N,4,0,1,2,A,-,08,22107,NA,N,A,C,A,A,H,-,A,A,0,NA,NA,NA,NA,Y,NA,A,01,0,0,1,0,0,0,0,0,0,-,-,NA,NA,SAN DIEGO,IMPERIAL BEACH,-117.11432005,32.57655005
8013355,2016,2016-04-15,3700,2016-02-04,0947,SH7690,NA,4,5,4,3707,0,0,0,NA,0,704,9TH ST,ELM AV,190,N,N,A,-,N,NA,NA,NA,NA,NA,NA,NA,NA,NA,Y,3,0,1,4,A,-,01,23152,A,N,C,E,A,A,H,-,C,D,0,NA,NA,NA,NA,Y,Y,A,01,0,1,0,0,0,0,0,0,0,-,-,NA,NA,SAN DIEGO,IMPERIAL BEACH,-117.11432,32.58121046
8014771,2016,2016-05-09,3711,2016-04-21,1557,4897,NA,4,5,7,3711,0,0,0,NA,0,234,CAMINO DEL NORTE,BERNARDO CENTER DR,925,W,N,A,-,N,NA,NA,NA,NA,NA,NA,NA,NA,NA,Y,3,0,1,3,A,-,03,22350,NA,N,C,C,A,A,H,-,A,A,0,NA,NA,NA,NA,Y,NA,A,01,0,1,0,0,0,0,0,0,0,-,-,NA,NA,SAN DIEGO,SAN DIEGO,-117.09422271,33.00722876
8016279,2016,2016-04-18,3700,2016-03-11,1612,SH0169,NA,5,5,5,3712,0,0,0,NA,0,360,SOUTH TWIN OAKS VALLEY RD,SOUTH VILLAGE DR,925,S,N,C,-,N,NA,NA,NA,NA,NA,NA,NA,NA,NA,Y,4,0,1,1,A,-,03,22350,NA,N,E,I,A,B,H,-,A,D,0,NA,NA,NA,NA,Y,NA,D,22,0,0,1,0,0,0,0,0,0,-,-,NA,NA,SAN DIEGO,SAN MARCOS,-117.16590827,33.12037065
8016346,2016,2016-04-15,3711,2016-04-02,1144,7270,SD,6,5,7,3711,0,0,0,NA,0,NA,SKYLINE DR,MEADOWBROOK DR,5,E,N,A,-,N,NA,NA,NA,NA,NA,NA,NA,NA,NA,N,3,0,1,1,A,-,08,22107,NA,N,F,A,A,A,H,-,A,A,0,NA,NA,Y,NA,Y,NA,C,03,0,1,0,0,0,0,0,0,1,-,-,NA,NA,SAN DIEGO,SAN DIEGO,-117.03070382,32.7025607
8017203,2016,2016-08-24,3710,2016-03-30,2052,OC1401,NA,3,5,6,3710,0,0,0,NA,0,007,COAST HWY,MICHIGAN AV,0,NA,Y,A,-,N,NA,NA,NA,NA,NA,NA,NA,NA,NA,Y,3,0,1,2,A,-,09,21801,A,N,A,C,A,A,H,-,C,A,0,NA,NA,NA,NA,Y,NA,A,01,0,1,0,0,0,0,0,0,0,-,-,NA,NA,SAN DIEGO,OCEANSIDE,-117.37694007,33.19280003