CASE_ID,ACCIDENT_YEAR,PROC_DATE,JURIS,COLLISION_DATE,COLLISION_TIME,OFFICER_ID,REPORTING_DISTRICT,DAY_OF_WEEK,CHP_SHIFT,POPULATION,CNTY_CITY_LOC,SPECIAL_COND,BEAT_TYPE,CHP_BEAT_TYPE,CITY_DIVISION_LAPD,CHP_BEAT_CLASS,BEAT_NUMBER,PRIMARY_RD,SECONDARY_RD,DISTANCE,DIRECTION,INTERSECTION,WEATHER_1,WEATHER_2,STATE_HWY_IND,CALTRANS_COUNTY,CALTRANS_DISTRICT,STATE_ROUTE,ROUTE_SUFFIX,POSTMILE_PREFIX,POSTMILE,LOCATION_TYPE,RAMP_INTERSECTION,SIDE_OF_HWY,TOW_AWAY,COLLISION_SEVERITY,NUMBER_KILLED,NUMBER_INJURED,PARTY_COUNT,PRIMARY_COLL_FACTOR,PCF_CODE_OF_VIOL,PCF_VIOL_CATEGORY,PCF_VIOLATION,PCF_VIOL_SUBSECTION,HIT_AND_RUN,TYPE_OF_COLLISION,MVIW,PED_ACTION,ROAD_SURFACE,ROAD_COND_1,ROAD_COND_2,LIGHTING,CONTROL_DEVICE,CHP_ROAD_TYPE,PEDESTRIAN_ACCIDENT,BICYCLE_ACCIDENT,MOTORCYCLE_ACCIDENT,TRUCK_ACCIDENT,NOT_PRIVATE_PROPERTY,ALCOHOL_INVOLVED,STWD_VEHTYPE_AT_FAULT,CHP_VEHTYPE_AT_FAULT,COUNT_SEVERE_INJ,COUNT_VISIBLE_INJ,COUNT_COMPLAINT_PAIN,COUNT_PED_KILLED,COUNT_PED_INJURED,COUNT_BICYCLIST_KILLED,COUNT_BICYCLIST_INJURED,COUNT_MC_KILLED,COUNT_MC_INJURED,PRIMARY_RAMP,SECONDARY_RAMP,LATITUDE,LONGITUDE,COUNTY,CITY,POINT_X,POINT_Y
9020399,2019,2020-01-08,3711,2019-11-30,1300,SD7849,NA,6,5,7,3711,0,0,0,NA,0,827,UNIVERSITY AV,52ND ST,0,NA,Y,A,-,N,NA,NA,NA,NA,NA,NA,NA,NA,NA,N,3,0,1,2,A,-,10,21950,A,N,G,B,B,A,H,-,A,A,0,Y,NA,NA,NA,Y,NA,A,01,0,1,0,0,1,0,0,0,0,-,-,NA,NA,SAN DIEGO,SAN DIEGO,-117.08358764648438,32.74909973144531
90204004,2016,2016-06-17,9650,2016-06-09,0030,018675,NA,4,3,9,3700,0,3,5,NA,2,006,E. ALVARADO ST.,AUDREY CT,130,E,N,A,-,N,NA,NA,NA,NA,NA,NA,NA,NA,NA,Y,3,0,1,1,A,-,01,23152,A,N,E,I,A,A,H,-,D,D,0,NA,NA,NA,NA,Y,Y,A,01,0,1,0,0,0,0,0,0,0,-,-,33.3799,-117.21666,SAN DIEGO,UNINCORPORATED,-117.21670195,33.37984147
90204052,2016,2016-06-17,9650,2016-06-07,1525,013068,NA,2,2,5,3782,0,1,1,NA,2,007,INITERSTATE 5 SOUTHBOUND,LOMAS SANTA FE DR,4224,N,N,A,-,Y,NA,NA,NA,NA,NA,NA,NA,NA,NA,N,4,0,1,2,A,-,03,22350,NA,N,C,C,A,A,H,-,A,D,0,NA,NA,NA,NA,Y,NA,A,01,0,0,1,0,0,0,0,0,0,-,-,33.00628,-117.26024,SAN DIEGO,ENCINITAS,NA,NA
90204469,2016,2016-06-20,9680,2016-06-08,1515,015972,NA,3,2,9,3700,0,1,3,NA,2,016,SR-67 N/B,WOODSIDE AVE,1584,N,N,A,-,Y,NA,NA,NA,NA,NA,NA,NA,NA,NA,Y,4,0,1,1,A,-,03,22350,NA,N,F,A,A,A,H,-,A,D,0,NA,NA,Y,NA,Y,NA,C,02,0,0,1,0,0,0,0,0,1,-,-,32.84667,-116.95695,SAN DIEGO,UNINCORPORATED,-116.95840146,32.84520018
90204510,2016,2016-06-20,9650,2016-06-11,1346,016516,NA,6,1,9,3700,0,1,1,NA,2,001,I-5 N/B,SAN ONOFRE INSPECTION FACILITY,180,S,N,B,-,Y,NA,NA,5,NA,NA,NA,NA,NA,N,Y,3,0,1,3,A,-,03,22350,NA,N,C,C,A,A,H,-,A,D,0,NA,NA,NA,NA,Y,NA,D,22,0,1,0,0,0,0,0,0,0,-,-,33.3513,-117.52345,SAN DIEGO,UNINCORPORATED,-117.52342981,33.35132898
90207747,2016,2016-06-23,9680,2016-06-10,1010,017389,NA,5,1,5,3705,0,1,1,NA,2,082,I-8 W/B,MAGNOLIA AVE,528,E,N,A,-,Y,NA,NA,8,NA,NA,NA,NA,NA,W,Y,4,0,1,2,A,-,03,22350,NA,N,B,C,A,A,H,-,A,D,0,NA,NA,NA,NA,Y,NA,A,07,0,0,1,0,0,0,0,0,0,-,-,32.80321,-116.9557,SAN DIEGO,EL CAJON,-116.95569931,32.80314267
90208376,2016,2016-06-23,9645,2016-06-16,1615,019344,NA,4,2,5,3709,0,1,3,NA,2,006,SR-54 E/B,I-805 O/C,300,E,N,A,-,Y,NA,NA,54,NA,NA,NA,NA,NA,E,Y,3,0,1,4,A,-,03,22350,NA,N,B,C,A,A,H,-,A,D,0,NA,NA,Y,NA,Y,NA,C,02,0,1,0,0,0,0,0,0,1,-,-,32.6591,-117.0707,SAN DIEGO,NATIONAL CITY,-117.07073936,32.65917783
90208526,2016,2016-06-23,9680,2016-06-11,1950,019822,NA,6,2,9,3700,0,3,5,NA,2,001,NORTH 1ST STREET,GREENFIELD DR,306,S,N,B,-,N,NA,NA,NA,NA,NA,NA,NA,NA,NA,Y,2,0,1,2,A,-,09,21804,A,N,D,C,A,A,H,-,C,D,0,NA,NA,Y,NA,Y,NA,A,01,1,0,0,0,0,0,0,0,1,-,-,32.81242,-116.94467,SAN DIEGO,UNINCORPORATED,-116.94461532,32.81248199
90208654,2016,2016-06-24,9650,2016-06-09,1135,013452,NA,4,1,9,3700,0,1,1,NA,2,003,I-5 N/B,COOK,3168,N,N,A,-,Y,NA,NA,NA,NA,NA,NA,NA,NA,NA,Y,4,0,1,2,A,-,08,22107,NA,N,E,I,A,A,H,-,C,D,0,NA,NA,NA,NA,Y,NA,A,01,0,0,1,0,0,0,0,0,0,-,-,33.1549,-117.2551,SAN DIEGO,UNINCORPORATED,NA,NA
90211058,2016,2016-06-28,9645,2016-06-24,1328,015270,NA,5,1,7,3711,0,1,3,NA,2,023,SR-163 SOUTHBOUND,UNIVERSITY AVE,140,N,N,A,-,Y,NA,NA,163,NA,NA,NA,NA,NA,S,Y,4,0,2,3,A,-,03,22350,NA,N,C,C,A,A,H,-,A,D,0,NA,NA,NA,NA,Y,NA,D,22,0,0,2,0,0,0,0,0,0,-,-,32.74885,-117.15588,SAN DIEGO,SAN DIEGO,-117.15584434,32.74883573
90211278,2016,2016-06-28,9645,2016-06-24,2255,020515,NA,5,3,7,3711,0,1,1,NA,2,007,I-5 N/B TO VIA DE LA VALLE,VIA DE LA VALLE,475,S,N,A,-,Y,NA,NA,5,NA,NA,NA,R,NA,N,Y,3,0,1,1,A,-,08,22107,NA,N,E,I,A,A,H,-,D,D,0,NA,NA,NA,NA,Y,NA,A,01,0,1,0,0,0,0,0,0,0,-,-,32.97871,-117.25147,SAN DIEGO,SAN DIEGO,-117.25147,32.97871
90211812,2016,2016-06-29,9680,2016-06-05,0150,020049,NA,7,3,9,3700,0,2,4,NA,1,025,SWEETWATER ROAD,BLOSSOM LANE,0,NA,Y,A,-,N,NA,NA,NA,NA,NA,NA,NA,NA,NA,Y,4,0,1,2,A,-,12,21453,A,F,D,C,A,A,H,-,C,A,0,NA,NA,NA,NA,Y,NA,A,01,0,0,1,0,0,0,0,0,0,-,-,32.72511,-117.01412,SAN DIEGO,UNINCORPORATED,-117.01409006,32.72491008
90214865,2016,2016-07-01,9650,2016-06-23,1256,015738,NA,4,1,9,3700,1,3,5,NA,2,006,WINTER HAVEN RD.,CLEARCREST LN,5,S,N,A,-,N,NA,NA,NA,NA,NA,NA,NA,NA,NA,N,3,0,1,1,A,-,03,22350,NA,N,H,A,A,A,H,-,A,D,0,NA,NA,NA,NA,Y,NA,H,13,0,1,0,0,0,0,0,0,0,-,-,33.2051,-117.148,SAN DIEGO,UNINCORPORATED,-117.23531,33.34733
90215160,2016,2016-07-04,9645,2016-06-25,1358,018428,NA,6,1,7,3711,0,1,3,NA,2,006,SR-94 W/B,KELTON RD. O/C,500,E,N,A,-,Y,NA,NA,94,NA,NA,NA,NA,NA,W,Y,3,0,3,1,A,-,08,22107,NA,N,E,I,A,A,H,-,A,D,0,NA,NA,NA,NA,Y,NA,A,07,0,1,2,0,0,0,0,0,0,-,-,32.72511,-117.0746,SAN DIEGO,SAN DIEGO,-117.07454689,32.72503765
90215262,2016,2016-07-04,9650,2016-06-22,1725,015531,NA,3,2,3,3783,0,1,1,NA,2,007,I-5 N/B,MANCHESTER AVE,528,S,N,B,-,Y,NA,NA,NA,NA,NA,NA,NA,NA,NA,Y,2,0,1,3,B,-,22,NA,NA,N,B,C,A,A,H,-,A,D,0,NA,NA,Y,NA,Y,NA,C,02,1,0,0,0,0,0,0,0,1,-,-,33.0357,-117.15494,SAN DIEGO,SOLANA BEACH,-117.26333988,33.0093899
90217961,2016,2016-07-07,9680,2016-06-26,1755,017460,NA,7,2,9,3700,0,1,3,NA,1,040,SR-94 (W/B),POTRERO VALLEY RD,6336,W,N,A,-,Y,NA,NA,94,NA,NA,NA,NA,NA,NA,Y,4,0,1,1,A,-,03,22350,NA,N,E,I,A,A,H,-,A,D,0,NA,NA,Y,NA,Y,NA,C,02,0,0,1,0,0,0,0,0,1,-,-,32.60656,-116.63199,SAN DIEGO,UNINCORPORATED,-116.63201144,32.60658738
90218564,2016,2016-07-08,9645,2016-07-02,1635,019496,NA,6,2,5,3709,0,1,1,NA,2,001,I-5 N/B,MAIN ST./DIVISION ST.,1320,S,N,A,-,Y,NA,NA,5,NA,NA,NA,NA,NA,N,Y,4,0,1,2,D,-,00,NA,NA,N,B,C,A,A,H,-,A,D,0,NA,NA,NA,NA,Y,NA,-,-,0,0,1,0,0,0,0,0,0,-,-,32.67848,-117.10934,SAN DIEGO,NATIONAL CITY,-117.10947638,32.67843406
90218948,2016,2016-07-08,9645,2016-07-06,0745,017667,NA,3,1,7,3711,0,1,1,NA,2,003,I-5 N/B,PERSHING DR.,100,N,N,A,-,Y,NA,NA,5,NA,NA,NA,NA,NA,N,N,4,0,1,2,A,-,07,21658,A,N,B,C,A,A,H,-,A,D,0,NA,NA,NA,NA,Y,NA,A,07,0,0,1,0,0,0,0,0,0,-,-,32.71828,-117.14766,SAN DIEGO,SAN DIEGO,-117.14761062,32.71828388
90219277,2016,2016-07-11,9645,2016-07-01,2044,018678,NA,5,2,7,3711,0,1,1,NA,2,005,I-5 (S/B),NOELL STREET U/C,137,N,N,A,-,Y,NA,NA,5,NA,NA,NA,NA,NA,NA,Y,3,0,2,2,A,-,07,21658,A,F,E,I,A,A,H,-,D,D,0,NA,NA,NA,NA,Y,NA,A,01,0,1,1,0,0,0,0,0,0,-,-,32.7443,-117.1866,SAN DIEGO,SAN DIEGO,-117.18660174,32.7442964
90219457,2016,2016-07-11,9650,2016-07-03,1025,013696,NA,7,1,9,3700,0,3,5,NA,2,006,LIVE OAK PARK RD,E. MISSION ROAD,3168,S,N,A,-,N,NA,NA,NA,NA,NA,NA,NA,NA,NA,Y,4,0,1,1,A,-,08,22107,NA,N,E,I,A,A,H,-,A,D,0,NA,NA,NA,NA,Y,NA,A,01,0,0,1,0,0,0,0,0,0,-,-,33.38728,-117.19568,SAN DIEGO,UNINCORPORATED,-117.19560962,33.38731996
90220850,2016,2016-07-12,9680,2016-06-29,0845,017389,NA,3,1,9,3700,0,1,3,NA,1,024,SR-94 E/B,HONEY SPRINGS RD,0,NA,Y,A,-,Y,NA,NA,94,NA,NA,NA,NA,NA,E,Y,4,0,1,2,A,-,09,21802,A,N,D,C,A,A,H,-,A,A,0,NA,NA,NA,NA,Y,NA,A,01,0,0,1,0,0,0,0,0,0,-,-,32.66986,-116.82531,SAN DIEGO,UNINCORPORATED,-116.82529821,32.66987081
9022254,2019,2020-02-11,3700,2019-12-20,1523,SH6068,NA,5,5,4,3707,0,0,0,NA,0,710,15TH ST,HOLLY AV,118,S,N,A,-,N,NA,NA,NA,NA,NA,NA,NA,NA,NA,Y,4,0,1,3,B,-,22,NA,NA,N,A,E,A,A,H,-,A,D,0,NA,NA,NA,NA,Y,NA,-,-,0,0,1,0,0,0,0,0,0,-,-,NA,NA,SAN DIEGO,IMPERIAL BEACH,-117.10139465332033,32.571136474609375
90222703,2016,2016-07-14,9645,2016-06-29,1505,017524,NA,3,2,7,3711,0,1,1,NA,2,021,SR-15 S/B,I-5,528,N,N,A,-,Y,NA,NA,15,NA,NA,NA,NA,NA,S,Y,4,0,2,2,A,-,03,22350,NA,N,C,C,A,A,H,-,A,D,0,NA,NA,NA,NA,Y,NA,D,22,0,0,2,0,0,0,0,0,0,-,-,32.6988,-117.12087,SAN DIEGO,SAN DIEGO,-117.12089218,32.69880025
90223258,2016,2016-07-14,9680,2016-07-01,1330,020738,NA,5,1,9,3700,0,3,5,NA,2,001,CHANNEL ROAD,LAKESHORE DRIVE,62,N,N,A,-,N,NA,NA,NA,NA,NA,NA,NA,NA,NA,Y,3,0,1,3,A,-,08,22107,NA,N,C,E,A,A,H,-,A,D,0,NA,NA,NA,NA,Y,NA,A,01,0,1,0,0,0,0,0,0,0,-,-,32.85976,-116.92596,SAN DIEGO,UNINCORPORATED,-116.92592802,32.85949813
90224028,2016,2016-07-18,9650,2016-07-09,0015,019308,NA,6,3,9,3700,0,1,3,NA,1,028,SR-76,MAGEE RD,10560,E,N,A,-,Y,NA,NA,76,NA,NA,NA,NA,NA,NA,Y,2,0,2,2,A,-,05,21460,A,N,A,C,A,A,H,-,A,D,0,NA,NA,Y,NA,Y,NA,C,02,2,0,0,0,0,0,0,0,2,-,-,33.35164,-117.02555,SAN DIEGO,UNINCORPORATED,-117.02554087,33.35164109
90224041,2016,2016-07-18,9645,2016-07-11,0800,020165,NA,1,1,7,3711,0,1,1,NA,2,017,I-15 N/B,AMMO ROAD,1200,S,N,A,-,Y,NA,NA,15,NA,NA,NA,NA,NA,N,Y,3,0,1,1,A,-,08,22107,NA,N,E,I,A,A,H,-,A,D,0,NA,NA,NA,NA,Y,NA,A,01,0,1,0,0,0,0,0,0,0,-,-,32.86058,-117.11137,SAN DIEGO,SAN DIEGO,-117.11132466,32.86056073
90224574,2016,2016-07-18,9645,2016-06-25,1305,020541,NA,6,1,7,3711,0,1,1,NA,2,010,I-8 W/B,PRESIDIO PARK O/C,335,W,N,A,-,Y,NA,NA,8,NA,NA,NA,NA,NA,W,N,4,0,2,3,A,-,03,22350,NA,N,C,C,A,A,H,-,A,D,0,NA,NA,NA,NA,Y,NA,A,01,0,0,2,0,0,0,0,0,0,-,-,32.76058,-117.19079,SAN DIEGO,SAN DIEGO,-117.19084577,32.76024754
90225102,2016,2016-07-18,9680,2016-07-07,2015,018583,NA,4,2,9,3700,0,1,3,NA,2,027,SR-94 W/B TO SR-125 N/B,SR-125 N/B,168,E,N,A,-,Y,NA,NA,94,NA,NA,NA,R,NA,W,Y,3,0,1,1,A,-,01,23152,A,N,E,I,A,A,H,-,B,A,0,NA,NA,NA,NA,Y,Y,A,01,0,1,0,0,0,0,0,0,0,-,-,32.75487,-117.00892,SAN DIEGO,UNINCORPORATED,-117.00892,32.75487
90225546,2016,2016-07-19,9650,2016-07-13,2235,020997,NA,3,3,9,3700,0,1,1,NA,2,001,I-5 S/B,BASILONE ROAD,6336,S,N,A,-,Y,NA,NA,5,NA,NA,NA,NA,NA,S,Y,4,0,2,2,A,-,03,22350,NA,N,C,C,A,A,H,-,D,D,0,NA,NA,NA,NA,Y,NA,A,01,0,0,2,0,0,0,0,0,0,-,-,33.3695,-117.55113,SAN DIEGO,UNINCORPORATED,-117.55115847,33.36944733
90225559,2016,2016-07-19,9680,2016-07-07,0940,017996,NA,4,1,9,3700,0,2,4,NA,1,020,FUERTE DRIVE,MONTE VISTA ROAD,310,W,N,A,-,N,NA,NA,NA,NA,NA,NA,NA,NA,NA,Y,4,0,1,2,A,-,03,22350,NA,N,C,C,A,A,H,-,A,D,0,NA,NA,NA,NA,Y,NA,A,01,0,0,1,0,0,0,0,0,0,-,-,32.76217,-116.9439,SAN DIEGO,UNINCORPORATED,-116.94221,32.76223
90228177,2016,2016-07-22,9650,2016-07-18,0700,016275,NA,1,1,5,3701,0,1,1,NA,2,005,I-5 N/B TO POINSETTIA LANE,POINSETTIA LN,5,S,N,A,-,Y,NA,NA,NA,NA,NA,NA,NA,NA,NA,N,4,0,1,2,A,-,21,22106,NA,N,C,C,A,A,H,-,A,D,0,NA,NA,NA,NA,Y,NA,A,01,0,0,1,0,0,0,0,0,0,-,-,33.0612,-117.1834,SAN DIEGO,CARLSBAD,-117.31042204,33.10341805
90228650,2016,2016-07-22,9650,2016-07-18,1729,015446,NA,1,2,6,3706,0,1,3,NA,2,019,SR-78 EASTBOUND,ROCK SPRINGS ROAD O/C,200,W,N,A,-,Y,NA,NA,78,NA,NA,NA,NA,NA,E,Y,2,0,1,2,A,-,03,22350,NA,N,C,C,A,A,H,-,A,D,0,NA,NA,Y,NA,Y,NA,C,02,1,0,0,0,0,0,0,0,1,-,-,33.1288,-117.09879,SAN DIEGO,ESCONDIDO,-117.09879279,33.12880829
90230318,2016,2016-07-26,9680,2016-07-23,2036,019998,NA,6,2,9,3700,0,3,5,NA,2,002,LAMAR ST.,HELIX ST.,1,W,N,A,-,N,NA,NA,NA,NA,NA,NA,NA,NA,NA,Y,3,0,1,2,A,-,01,23152,A,N,D,C,A,A,H,-,C,D,0,NA,NA,Y,NA,Y,Y,A,01,0,1,0,0,0,0,0,0,1,-,-,32.73978,-116.99866,SAN DIEGO,UNINCORPORATED,-117.00020324,32.73942
90230856,2016,2016-07-26,9645,2016-07-11,0118,018652,NA,1,3,7,3711,0,1,3,NA,2,023,I-805 S/B FROM SR-163 S/B,I-805,300,W,N,A,-,Y,NA,NA,805,NA,NA,NA,R,NA,S,Y,4,0,1,1,A,-,03,22350,NA,N,E,I,A,A,H,-,C,D,0,NA,NA,NA,NA,Y,NA,A,01,0,0,1,0,0,0,0,0,0,-,-,32.81047,-117.15251,SAN DIEGO,SAN DIEGO,-117.15251,32.81047
90231060,2016,2016-07-27,9645,2016-07-08,0001,019010,NA,5,3,7,3711,0,1,3,NA,2,023,SR-163 NORTHBOUND,FRIARS RD.,1500,N,N,A,-,Y,NA,NA,163,NA,NA,NA,NA,NA,N,Y,3,0,1,2,A,-,11,21954,A,N,G,B,E,A,H,-,C,D,0,Y,NA,NA,NA,Y,NA,N,60,0,1,0,0,1,0,0,0,0,-,-,32.77214,-117.161,SAN DIEGO,SAN DIEGO,-117.16106156,32.77214629
9023130,2019,2020-01-23,3710,2019-09-25,0042,OC1211,NA,3,5,6,3710,0,0,0,NA,0,024,RT 76,DOUGLAS DR,62,E,N,A,-,N,NA,NA,NA,NA,NA,NA,NA,NA,NA,Y,3,0,3,2,A,-,01,23153,F,N,C,C,A,A,H,-,C,A,0,NA,NA,NA,NA,Y,NA,A,01,0,2,1,0,0,0,0,0,0,-,-,NA,NA,SAN DIEGO,OCEANSIDE,-117.32576751708984,33.225833892822266
90236472,2016,2016-08-03,9650,2016-07-31,0015,019549,NA,7,3,9,3700,0,1,3,NA,2,065,SR-76 E/B,PAUMA RESERVATION RD,30,W,N,A,-,Y,NA,NA,76,NA,NA,NA,NA,NA,E,Y,4,0,3,3,A,-,08,22107,NA,N,C,C,A,A,H,-,C,A,0,NA,NA,NA,NA,Y,NA,A,01,0,0,3,0,0,0,0,0,0,-,-,33.33011,-117.00118,SAN DIEGO,UNINCORPORATED,-117.00115761,33.33012635
90237585,2016,2016-08-04,9650,2016-07-28,0600,013570,NA,4,1,5,3712,0,1,3,NA,2,019,SR-78 W/B,TWIN OAKS VALLEY RD,2100,E,N,A,-,Y,NA,NA,78,NA,NA,NA,NA,NA,W,Y,3,0,2,2,A,-,07,21658,A,N,B,C,A,A,H,-,A,D,0,NA,NA,NA,NA,Y,NA,A,01,0,1,1,0,0,0,0,0,0,-,-,33.13878,-117.15648,SAN DIEGO,SAN MARCOS,-117.15641188,33.13852153
90238137,2016,2016-08-05,9645,2016-07-22,0830,017139,NA,5,1,9,3700,0,1,3,NA,2,008,SR-54 W/B,WOODMAN ST. O/C,850,E,N,A,-,Y,NA,NA,54,NA,NA,NA,NA,NA,W,N,4,0,1,2,A,-,08,22107,NA,N,B,C,A,A,H,-,A,D,0,NA,NA,NA,NA,Y,NA,D,22,0,0,1,0,0,0,0,0,0,-,-,32.67714,-117.03593,SAN DIEGO,UNINCORPORATED,-117.03602548,32.67724005
9023877,2019,2020-02-04,3711,2019-12-05,1710,SD6532,NA,4,5,7,3711,0,0,0,NA,0,615,ROSECRANS ST,NIMITZ BL,200,N,N,A,-,N,NA,NA,NA,NA,NA,NA,NA,NA,NA,Y,4,0,4,2,A,-,03,22350,NA,N,C,C,A,A,H,-,C,A,0,NA,NA,NA,NA,Y,NA,A,01,0,0,4,0,0,0,0,0,0,-,-,NA,NA,SAN DIEGO,SAN DIEGO,-117.22544860839844,32.72904968261719
90240844,2016,2016-08-09,9645,2016-07-05,1820,017401,NA,2,2,7,3711,0,1,1,NA,2,015,I-805 SOUTHBOUND,SR-52,2640,N,N,A,-,Y,NA,NA,805,NA,NA,NA,NA,NA,S,N,4,0,1,3,A,-,06,21755,NA,N,C,C,A,A,H,-,A,A,0,NA,NA,Y,NA,Y,NA,C,02,0,0,1,0,0,0,0,0,1,-,-,32.85881,-117.18501,SAN DIEGO,SAN DIEGO,-117.18512982,32.8587378
90241282,2016,2016-11-10,9650,2016-08-04,1925,014886,NA,4,2,9,3700,0,1,1,NA,2,001,I-5 N/B,CRISTIANITOS RD,200,S,N,B,-,Y,NA,NA,5,NA,NA,NA,NA,NA,N,Y,3,0,1,1,A,-,08,22107,NA,N,E,I,A,A,H,-,B,D,0,NA,NA,NA,NA,Y,NA,A,01,0,1,0,0,0,0,0,0,0,-,-,33.39419,-117.59177,SAN DIEGO,UNINCORPORATED,-117.59197764,33.39403088
9024132,2019,2020-02-15,3711,2019-12-20,2030,7380,NA,5,5,7,3711,0,0,0,NA,0,511,MAIN ST,SIGSBEE ST,0,NA,Y,A,-,N,NA,NA,NA,NA,NA,NA,NA,NA,NA,Y,3,0,1,4,A,-,08,22107,NA,N,C,E,A,A,H,-,C,A,0,NA,NA,NA,NA,Y,Y,A,01,0,1,0,0,0,0,0,0,0,-,-,NA,NA,SAN DIEGO,SAN DIEGO,-117.1499481201172,32.70138931274414
90245349,2016,2016-08-15,9650,2016-08-08,1125,016275,NA,1,1,9,3700,0,3,5,NA,2,070,VIA DE LA VALLE,LAS PALOMAS,227,W,N,B,-,N,NA,NA,NA,NA,NA,NA,NA,NA,NA,N,3,0,1,1,A,-,01,23152,A,N,E,I,A,A,H,-,A,D,0,NA,NA,NA,NA,Y,Y,A,01,0,1,0,0,0,0,0,0,0,-,-,32.5919,-117.1301,SAN DIEGO,UNINCORPORATED,-117.21705258,32.98927171
90247406,2016,2016-08-18,9645,2016-08-06,1620,019352,NA,6,2,7,3711,0,1,1,NA,2,030,I-15 N/B (HOV) TRANS TO SR-56,SR-56,1320,S,N,A,-,Y,NA,NA,15,NA,NA,NA,R,NA,N,Y,4,0,1,1,A,-,08,22107,NA,N,E,I,A,A,H,-,A,D,0,NA,NA,Y,NA,Y,NA,C,02,0,0,1,0,0,0,0,0,1,-,-,32.95888,-117.09886,SAN DIEGO,SAN DIEGO,-117.09886,32.95888
90248105,2016,2016-08-18,9645,2016-08-08,1341,019291,NA,1,1,7,3711,0,1,1,NA,2,005,I-5 S/B TO MISSION BAY DR,BLUFFSIDE AVE,500,N,N,A,-,Y,NA,NA,5,NA,NA,NA,R,NA,S,Y,3,0,2,2,A,-,03,22350,NA,N,C,C,A,A,H,-,A,D,0,NA,NA,NA,NA,Y,NA,A,01,0,1,1,0,0,0,0,0,0,-,-,32.81083,-117.22002,SAN DIEGO,SAN DIEGO,-117.22002,32.81083
90248550,2016,2016-08-19,9650,2016-08-11,0545,013696,NA,4,3,9,3700,0,1,1,NA,2,021,I-15 S/B,OLD HWY 395,4752,S,N,B,-,Y,NA,NA,15,NA,NA,NA,NA,NA,S,Y,4,0,1,3,A,-,03,22350,NA,N,C,C,A,A,H,-,A,D,0,NA,NA,NA,NA,Y,NA,A,01,0,0,1,0,0,0,0,0,0,-,-,33.27369,-117.15562,SAN DIEGO,UNINCORPORATED,-117.15570895,33.27374121
90249077,2016,2016-08-22,9650,2016-08-09,2135,020997,NA,2,2,9,3700,0,1,1,NA,2,005,I-5 N/B,LA COSTA AVENUE,100,S,N,A,-,Y,NA,NA,5,NA,NA,NA,NA,NA,N,Y,4,0,1,2,A,-,07,21658,A,N,B,C,A,A,H,-,D,D,0,NA,NA,NA,NA,Y,NA,A,01,0,0,1,0,0,0,0,0,0,-,-,33.35004,-117.52203,SAN DIEGO,UNINCORPORATED,-117.52188279,33.35025132
90249681,2016,2016-08-22,9645,2016-08-13,1150,017139,NA,6,1,6,3702,0,1,1,NA,2,009,I-805 S/B,BONITA ROAD U/C,650,N,N,A,-,Y,NA,NA,805,NA,NA,NA,NA,NA,S,Y,3,0,4,2,A,-,08,22107,NA,N,C,C,A,A,H,-,A,D,0,NA,NA,NA,NA,Y,NA,A,01,0,1,3,0,0,0,0,0,0,-,-,32.64991,-117.06543,SAN DIEGO,CHULA VISTA,-117.06542458,32.6499214
90250606,2016,2016-08-23,9680,2016-08-12,1035,018356,NA,5,1,9,3700,0,1,3,NA,1,040,SR-94,HARRIS RANCH RD,640,W,N,A,-,Y,NA,NA,94,NA,NA,NA,NA,NA,NA,Y,2,0,1,1,A,-,03,22350,NA,N,E,J,A,A,H,-,A,D,0,NA,NA,Y,NA,Y,NA,C,02,1,0,0,0,0,0,0,0,1,-,-,32.59986,-116.58393,SAN DIEGO,UNINCORPORATED,-116.58393101,32.59985127
90251072,2016,2016-08-23,9650,2016-06-26,1500,019227,NA,7,2,9,3700,0,3,5,NA,2,213,SOUTH GRADE ROAD,EAST GRADE ROAD,3696,S,N,A,-,N,NA,NA,NA,NA,NA,NA,NA,NA,NA,Y,1,1,0,2,A,-,08,22107,NA,N,F,A,A,A,H,-,A,D,0,NA,NA,Y,NA,Y,NA,C,02,0,0,0,0,0,0,0,1,0,-,-,33.30515,-116.87286,SAN DIEGO,UNINCORPORATED,-116.87074021,33.31097482
90254674,2016,2016-08-26,9650,2016-08-25,1658,015788,NA,4,2,5,3712,0,1,3,NA,2,019,SR-78 E/B,WOODLAND PKY,10,W,N,A,-,Y,NA,NA,78,NA,NA,NA,NA,NA,E,N,4,0,1,2,A,-,03,22350,NA,N,C,C,A,A,H,-,A,D,0,NA,NA,NA,NA,Y,NA,A,01,0,0,1,0,0,0,0,0,0,-,-,33.1388,-117.1414,SAN DIEGO,SAN MARCOS,-117.14143575,33.13871124
90255807,2016,2016-08-29,9645,2016-08-22,0850,017723,NA,1,1,7,3711,0,1,3,NA,2,006,SR-94 WESTBOUND,I-5,750,E,N,A,-,Y,NA,NA,94,NA,NA,NA,NA,NA,W,Y,4,0,2,3,A,-,03,22350,NA,N,C,C,A,A,H,-,A,D,0,NA,NA,NA,NA,Y,NA,A,01,0,0,2,0,0,0,0,0,0,-,-,32.7134,-117.1461,SAN DIEGO,SAN DIEGO,-117.14607589,32.71354513