CASE_ID,ACCIDENT_YEAR,PROC_DATE,JURIS,COLLISION_DATE,COLLISION_TIME,OFFICER_ID,REPORTING_DISTRICT,DAY_OF_WEEK,CHP_SHIFT,POPULATION,CNTY_CITY_LOC,SPECIAL_COND,BEAT_TYPE,CHP_BEAT_TYPE,CITY_DIVISION_LAPD,CHP_BEAT_CLASS,BEAT_NUMBER,PRIMARY_RD,SECONDARY_RD,DISTANCE,DIRECTION,INTERSECTION,WEATHER_1,WEATHER_2,STATE_HWY_IND,CALTRANS_COUNTY,CALTRANS_DISTRICT,STATE_ROUTE,ROUTE_SUFFIX,POSTMILE_PREFIX,POSTMILE,LOCATION_TYPE,RAMP_INTERSECTION,SIDE_OF_HWY,TOW_AWAY,COLLISION_SEVERITY,NUMBER_KILLED,NUMBER_INJURED,PARTY_COUNT,PRIMARY_COLL_FACTOR,PCF_CODE_OF_VIOL,PCF_VIOL_CATEGORY,PCF_VIOLATION,PCF_VIOL_SUBSECTION,HIT_AND_RUN,TYPE_OF_COLLISION,MVIW,PED_ACTION,ROAD_SURFACE,ROAD_COND_1,ROAD_COND_2,LIGHTING,CONTROL_DEVICE,CHP_ROAD_TYPE,PEDESTRIAN_ACCIDENT,BICYCLE_ACCIDENT,MOTORCYCLE_ACCIDENT,TRUCK_ACCIDENT,NOT_PRIVATE_PROPERTY,ALCOHOL_INVOLVED,STWD_VEHTYPE_AT_FAULT,CHP_VEHTYPE_AT_FAULT,COUNT_SEVERE_INJ,COUNT_VISIBLE_INJ,COUNT_COMPLAINT_PAIN,COUNT_PED_KILLED,COUNT_PED_INJURED,COUNT_BICYCLIST_KILLED,COUNT_BICYCLIST_INJURED,COUNT_MC_KILLED,COUNT_MC_INJURED,PRIMARY_RAMP,SECONDARY_RAMP,LATITUDE,LONGITUDE,COUNTY,CITY,POINT_X,POINT_Y
90441534,2017,2017-04-25,9680,2017-04-15,0200,021588,NA,6,3,9,3700,0,3,5,NA,2,002,HARNESS STREET,HELIX ST,149,W,N,A,-,N,NA,NA,NA,NA,NA,NA,NA,NA,NA,Y,4,0,1,2,A,-,01,23152,A,N,C,E,A,A,H,-,C,D,0,NA,NA,NA,NA,Y,Y,A,07,0,0,1,0,0,0,0,0,0,-,-,32.71907,-117.01022,SAN DIEGO,UNINCORPORATED,-117.01007218,32.71899988
9044274,2020,2020-02-26,3711,2020-01-23,2146,SD8382,NA,4,5,7,3711,0,0,0,NA,0,112,MOUNT ACADIA BL,MOUNT BLANCA DR,145,N,N,B,-,N,NA,NA,NA,NA,NA,NA,NA,NA,NA,Y,3,0,1,2,A,-,08,22107,NA,N,B,E,A,A,H,-,C,D,0,NA,NA,NA,NA,Y,NA,A,01,0,1,0,0,0,0,0,0,0,-,-,NA,NA,SAN DIEGO,SAN DIEGO,-117.18197631835938,32.81416702270508
90442747,2017,2017-04-26,9645,2017-03-03,1548,020265,NA,5,2,6,3702,0,1,1,NA,2,009,I-805 S/B,MAIN ST. U/C,200,N,N,A,-,Y,NA,NA,805,NA,NA,NA,NA,NA,S,Y,4,0,2,2,A,-,03,22350,NA,N,C,C,A,A,H,-,A,D,0,NA,NA,NA,NA,Y,NA,A,01,0,0,2,0,0,0,0,0,0,-,-,32.59671,-117.03615,SAN DIEGO,CHULA VISTA,-117.03647333,32.5967084
9044329,2020,2020-02-27,3711,2020-01-21,1306,7607,NA,2,5,7,3711,0,0,0,NA,0,831,MENLO AV,EL CAJON BL,0,NA,-,A,-,N,NA,NA,NA,NA,NA,NA,NA,NA,NA,N,3,0,2,2,A,-,08,22107,NA,N,D,C,A,A,H,-,A,D,0,NA,NA,NA,NA,Y,NA,A,01,0,1,1,0,0,0,0,0,0,-,-,NA,NA,SAN DIEGO,SAN DIEGO,-117.09433746337892,32.7557487487793
9044380,2020,2020-02-25,3711,2020-01-23,1800,SD7449,NA,4,5,7,3711,0,0,0,NA,0,123,FIESTA ISLAND,FIESTA ISLAND  1500,0,NA,Y,-,-,N,NA,NA,NA,NA,NA,NA,NA,NA,NA,N,4,0,1,1,A,-,03,22350,NA,N,-,-,A,-,-,-,-,-,0,NA,NA,NA,NA,Y,NA,A,01,0,0,1,0,0,0,0,0,0,-,-,NA,NA,SAN DIEGO,SAN DIEGO,NA,NA
90445026,2017,2017-04-28,9650,2017-04-25,0725,013636,NA,2,1,9,3700,0,3,5,NA,2,070,DEL DIOS HWY,LAKE HODGES DAM,5280,W,N,A,-,N,NA,NA,NA,NA,NA,NA,NA,NA,NA,Y,3,0,1,1,A,-,03,22350,NA,N,E,I,A,A,H,-,A,D,0,NA,NA,NA,NA,Y,NA,A,07,0,1,0,0,0,0,0,0,0,-,-,NA,NA,SAN DIEGO,UNINCORPORATED,-117.14413759,33.04197361
90445134,2017,2017-04-28,9680,2017-04-21,1630,018801,NA,5,2,9,3700,0,1,3,NA,2,028,SR-125 S/B,TROY ST. O/C,850,N,N,A,-,Y,NA,NA,125,NA,NA,NA,NA,NA,S,Y,4,0,1,1,A,-,08,22107,NA,N,E,I,A,A,H,-,A,D,0,NA,NA,NA,NA,Y,NA,A,01,0,0,1,0,0,0,0,0,0,-,-,32.7386,-117.0158,SAN DIEGO,UNINCORPORATED,-117.01590518,32.7386047
90447093,2017,2017-05-02,9680,2017-04-23,0227,019998,NA,7,3,9,3700,0,3,5,NA,2,001,WILLOW RD,WILDCAT CANYON RD,30,W,N,A,-,N,NA,NA,NA,NA,NA,NA,NA,NA,NA,Y,4,0,1,2,A,-,03,22350,NA,F,C,C,A,A,H,-,D,A,0,NA,NA,NA,NA,Y,NA,A,01,0,0,1,0,0,0,0,0,0,-,-,32.8751,-116.9101,SAN DIEGO,UNINCORPORATED,-116.91004468,32.87508914
90448818,2017,2017-05-04,9645,2017-04-24,1745,017499,NA,1,2,9,3700,0,3,5,NA,2,018,GLEN ROSEVALE DR.,GLEN ABBEY DR.,300,E,N,A,-,N,NA,NA,NA,NA,NA,NA,NA,NA,NA,N,4,0,1,1,A,-,08,22107,NA,N,F,A,A,A,H,-,A,D,0,NA,NA,Y,NA,Y,NA,C,02,0,0,1,0,0,0,0,0,1,-,-,32.65274,-117.0414,SAN DIEGO,UNINCORPORATED,-117.045061,32.652647
90450350,2017,2017-05-08,9645,2017-05-03,1510,018393,NA,3,2,7,3711,0,1,1,NA,2,009,I-805 N/B PALM AVE OFF-RAMP,PALM AVE E/B,50,S,N,A,-,Y,NA,NA,NA,NA,NA,NA,NA,NA,NA,Y,4,0,1,2,A,-,03,22350,NA,N,C,C,A,A,H,-,A,D,0,NA,NA,NA,NA,Y,NA,A,01,0,0,1,0,0,0,0,0,0,-,-,32.58341,-117.03592,SAN DIEGO,SAN DIEGO,NA,NA
90450364,2017,2017-05-08,9650,2017-05-01,1808,016516,NA,1,2,9,3700,0,3,5,NA,2,150,E. VISTA WAY,GOPHER CANYON RD,200,N,N,A,-,N,NA,NA,NA,NA,NA,NA,NA,NA,NA,Y,4,0,1,2,A,-,09,21804,A,N,D,C,A,A,H,-,A,D,0,NA,NA,NA,NA,Y,NA,D,22,0,0,1,0,0,0,0,0,0,-,-,33.2478,-117.22842,SAN DIEGO,UNINCORPORATED,-117.22829377,33.24754069
90453237,2017,2017-05-10,9645,2017-04-28,1423,019054,NA,5,2,7,3711,0,1,1,NA,2,015,I-805 S/B,CLAIREMONT MESA BLVD.,1550,S,N,A,-,Y,NA,NA,805,NA,NA,NA,NA,NA,S,N,4,0,2,4,A,-,03,22350,NA,N,C,C,A,A,H,-,A,D,0,NA,NA,NA,NA,Y,NA,I,11,0,0,2,0,0,0,0,0,0,-,-,32.83724,-117.17214,SAN DIEGO,SAN DIEGO,-117.17208867,32.83727034
90453596,2017,2017-05-11,9650,2017-05-05,2215,016103,NA,5,3,9,3700,0,3,5,NA,2,070,CALZADA DEL BOSQUE,VIA DE LA VALLE,0,NA,Y,A,-,N,NA,NA,NA,NA,NA,NA,NA,NA,NA,Y,4,0,1,2,A,-,09,21801,A,N,A,C,A,A,H,-,C,A,0,NA,NA,NA,NA,Y,NA,A,01,0,0,1,0,0,0,0,0,0,-,-,33.00479,-117.20853,SAN DIEGO,UNINCORPORATED,-117.20850004,33.00501004
90455170,2017,2017-05-15,9645,2017-05-08,1340,017499,NA,1,1,9,3700,0,3,5,NA,2,018,OTAY MESA ROAD EASTBOUND,WUESTE RD.,6336,E,N,A,-,N,NA,NA,NA,NA,NA,NA,NA,NA,NA,Y,3,0,2,1,A,-,08,22107,NA,N,E,I,A,A,H,-,A,D,0,NA,NA,NA,NA,Y,NA,A,01,0,1,1,0,0,0,0,0,0,-,-,32.63511,-116.92159,SAN DIEGO,UNINCORPORATED,-116.92159,32.63511
90456276,2017,2017-05-15,9650,2017-05-15,0630,015276,NA,1,1,9,3700,0,1,1,NA,2,021,I-15 S/B,MESA ROCK RD,1584,N,N,A,-,Y,NA,NA,15,NA,NA,NA,NA,NA,S,Y,4,0,1,2,A,-,03,22350,NA,N,C,C,A,A,H,-,A,D,0,NA,NA,NA,NA,Y,NA,A,01,0,0,1,0,0,0,0,0,0,-,-,33.18813,-117.12082,SAN DIEGO,UNINCORPORATED,-117.12067675,33.18821204
9045661,2019,2020-02-14,3705,2019-12-21,1717,EC0219,NA,6,5,5,3705,0,0,0,NA,0,004,E CHASE AV,AVOCADO AV,185,W,N,A,-,N,NA,NA,NA,NA,NA,NA,NA,NA,NA,Y,3,0,1,2,A,-,09,21804,A,N,D,C,A,A,H,-,C,A,0,NA,NA,NA,NA,Y,NA,A,01,0,1,0,0,0,0,0,0,0,-,-,NA,NA,SAN DIEGO,EL CAJON,-116.95841979980467,32.780391693115234
90458661,2017,2017-05-18,9650,2017-05-16,0915,013636,NA,2,1,5,3782,0,1,1,NA,2,007,I-5 S/B,BIRMINGHAM DR,1584,S,N,A,-,Y,NA,NA,NA,NA,NA,NA,NA,NA,NA,Y,4,0,2,2,A,-,03,22350,NA,N,C,C,A,A,H,-,A,D,0,NA,NA,NA,NA,Y,NA,A,01,0,0,2,0,0,0,0,0,0,-,-,NA,NA,SAN DIEGO,ENCINITAS,-117.27355225,33.022169
90458739,2017,2017-05-18,9645,2017-04-09,1252,018149,NA,7,1,5,3709,0,1,1,NA,2,001,I-5 N/B TO MILE OF CARS WAY,MILE OF CARS WAY,20,S,N,A,-,Y,NA,NA,5,NA,NA,NA,R,NA,N,N,4,0,2,2,A,-,01,23152,A,F,C,C,A,A,H,-,A,D,0,NA,NA,NA,NA,Y,Y,A,07,0,0,2,0,0,0,0,0,0,-,-,32.66007,-117.10754,SAN DIEGO,NATIONAL CITY,-117.10754,32.66007
90459011,2017,2017-05-18,9680,2017-05-14,1410,016102,NA,7,2,9,3700,0,1,3,NA,1,040,STATE ROUTE 94 (SR-94),EMERY ROAD,1056,W,N,A,-,Y,NA,NA,94,NA,NA,NA,NA,NA,NA,Y,4,0,1,1,A,-,03,22350,NA,N,F,A,A,A,H,-,A,A,0,NA,NA,Y,NA,Y,NA,C,02,0,0,1,0,0,0,0,0,1,-,-,32.60124,-116.63943,SAN DIEGO,UNINCORPORATED,-116.63938672,32.60119928
90459465,2017,2017-05-19,9650,2017-05-16,0830,013570,NA,2,1,9,3700,0,3,5,NA,2,170,ROBELINI DR,EL VALLE OPULENTO,0,NA,Y,B,-,N,NA,NA,NA,NA,NA,NA,NA,NA,NA,N,4,0,1,2,A,-,21,22106,NA,N,G,B,E,A,H,-,A,A,0,Y,NA,NA,NA,Y,NA,A,07,0,0,1,0,1,0,0,0,0,-,-,33.17298,-117.21009,SAN DIEGO,UNINCORPORATED,-117.21003005,33.17296001
90461419,2017,2017-05-23,9645,2017-05-11,0757,014909,NA,4,1,7,3711,0,1,1,NA,2,007,I-5 S/B,GENESEE AVE,240,N,N,A,-,Y,NA,NA,5,NA,NA,NA,NA,NA,S,N,2,0,1,2,A,-,11,21954,A,N,G,B,D,A,D,-,A,D,0,Y,NA,NA,NA,Y,NA,N,60,1,0,0,0,1,0,0,0,0,-,-,32.888,-117.2277,SAN DIEGO,SAN DIEGO,-117.22781104,32.88801094
90462551,2017,2017-05-24,9645,2017-05-19,1554,020180,NA,5,2,7,3711,0,1,1,NA,2,005,I-5 S/B,SR-75,20,N,N,A,-,Y,NA,NA,5,NA,NA,NA,NA,NA,S,Y,3,0,1,3,A,-,03,22350,NA,N,C,C,A,A,H,-,A,D,0,NA,NA,Y,NA,Y,NA,C,02,0,1,0,0,0,0,0,0,1,-,-,32.70134,-117.14297,SAN DIEGO,SAN DIEGO,-117.14298668,32.7013159
90462835,2017,2017-05-24,9650,2017-05-14,1400,015788,NA,7,2,9,3700,0,1,1,NA,2,001,I-5 N/B,AGRA OH,2640,N,N,A,-,Y,NA,NA,5,NA,NA,NA,NA,NA,N,N,4,0,1,2,A,-,17,21658,NA,N,B,C,A,A,H,-,A,D,0,NA,NA,Y,NA,Y,NA,A,01,0,0,1,0,0,0,0,0,1,-,-,33.32704,-117.49016,SAN DIEGO,UNINCORPORATED,-117.49002338,33.32722777
90463035,2017,2017-05-24,9680,2017-05-18,1444,019270,NA,4,2,5,3705,0,1,1,NA,2,082,I-8 W/B FROM 2ND STREET,2ND ST,610,W,N,A,-,Y,NA,NA,8,NA,NA,NA,R,NA,W,Y,3,0,1,1,A,-,08,22107,NA,N,E,I,A,A,H,-,A,D,0,NA,NA,NA,NA,Y,NA,A,01,0,1,0,0,0,0,0,0,0,-,-,32.8034,-116.9379,SAN DIEGO,EL CAJON,-116.9379,32.8034
90467558,2017,2017-05-30,9650,2017-05-23,1635,017780,NA,2,2,9,3700,0,3,5,NA,2,070,LOS MORROS,SAN  ELIJO,21,N,N,A,-,N,NA,NA,NA,NA,NA,NA,NA,NA,NA,Y,3,0,2,2,A,-,09,21800,B,N,D,C,A,A,H,-,A,A,0,NA,NA,NA,NA,Y,NA,A,01,0,1,1,0,0,0,0,0,0,-,-,33.02203,-117.22973,SAN DIEGO,UNINCORPORATED,-117.22982669,33.02202746
90467919,2017,2017-05-31,9645,2017-05-18,1815,017499,NA,4,2,5,3709,0,1,3,NA,2,008,SR-54 EASTBOUND,2ND AVE. U/C,500,W,N,A,-,Y,NA,NA,NA,NA,NA,NA,NA,NA,NA,Y,4,0,3,3,A,-,08,22107,NA,N,B,C,A,A,H,-,A,D,0,NA,NA,NA,NA,Y,NA,A,07,0,0,3,0,0,0,0,0,0,-,-,32.65663,-117.08496,SAN DIEGO,NATIONAL CITY,-117.08487938,32.65883485
9038208,2020,2020-03-12,3711,2020-01-11,2337,SD7780,NA,6,5,7,3711,0,0,0,NA,0,442,NATIONAL AV,35TH ST,100,E,N,A,-,N,NA,NA,NA,NA,NA,NA,NA,NA,NA,Y,4,0,1,2,A,-,08,22107,NA,N,C,E,A,A,H,-,C,A,0,NA,NA,NA,NA,Y,Y,A,01,0,0,1,0,0,0,0,0,0,-,-,NA,NA,SAN DIEGO,SAN DIEGO,-117.11856842041016,32.69600296020508
90380450,2017,2017-01-27,9650,2017-01-25,1820,014772,NA,3,2,6,3710,0,1,1,NA,2,005,I-5 S/B,SR-78,800,N,N,A,-,Y,NA,NA,5,NA,NA,NA,NA,NA,S,N,4,0,2,2,A,-,03,22350,NA,N,C,C,A,A,H,-,C,D,0,NA,NA,NA,NA,Y,NA,A,07,0,0,2,0,0,0,0,0,0,-,-,33.17883,-117.35304,SAN DIEGO,OCEANSIDE,-117.3529914,33.17886996
9037840,2020,2020-03-17,3711,2020-01-07,1402,SD6097,NA,2,5,7,3711,0,0,0,NA,0,931,MIRA MESA BL,CAMINO SANTA FE,0,NA,Y,A,-,N,NA,NA,NA,NA,NA,NA,NA,NA,NA,Y,4,0,1,2,A,-,12,21453,A,N,D,C,A,A,H,-,A,A,0,NA,NA,NA,NA,Y,NA,A,01,0,0,1,0,0,0,0,0,0,-,-,NA,NA,SAN DIEGO,SAN DIEGO,-117.17141723632813,32.90761947631836
9037804,2020,2020-03-17,3711,2020-01-08,0849,SD7929,NA,3,5,7,3711,0,0,0,NA,0,934,VALLEY CENTRE DR,EL CAMINIO REAL,0,NA,Y,A,-,N,NA,NA,NA,NA,NA,NA,NA,NA,NA,N,4,0,1,2,A,-,03,22350,NA,N,C,C,A,A,H,-,A,A,0,NA,NA,NA,NA,Y,NA,A,01,0,0,1,0,0,0,0,0,0,-,-,NA,NA,SAN DIEGO,SAN DIEGO,-117.23805236816406,32.935951232910156
90377848,2017,2017-01-26,9645,2017-01-15,0213,020720,NA,7,3,6,3702,0,1,1,NA,2,009,I-805 S/B,EAST J ST OC,280,N,N,A,-,Y,NA,NA,805,NA,NA,NA,NA,NA,S,Y,3,0,2,2,A,-,03,22350,NA,N,C,C,A,A,H,-,C,D,0,NA,NA,NA,NA,Y,Y,A,08,0,2,0,0,0,0,0,0,0,-,-,32.639,-117.053,SAN DIEGO,CHULA VISTA,-117.05316555,32.63870513
90376760,2017,2017-01-25,9645,2017-01-17,0945,015847,NA,2,1,7,3711,0,1,1,NA,2,007,I-5 S/B,VOIGHT DR.,30,N,N,A,-,Y,NA,NA,5,NA,NA,NA,NA,NA,S,Y,4,0,2,3,A,-,03,22350,NA,N,C,C,A,A,H,-,A,D,0,NA,NA,NA,NA,Y,NA,A,01,0,0,2,0,0,0,0,0,0,-,-,32.88225,-117.22848,SAN DIEGO,SAN DIEGO,-117.22836523,32.88223856
90375463,2016,2017-01-23,9645,2016-11-16,1830,018950,NA,3,2,7,3711,0,1,1,NA,2,010,I-8 E/B,PRESIDIO PARK O/C,60,E,N,A,-,Y,NA,NA,8,NA,NA,NA,NA,NA,E,Y,4,0,1,3,A,-,03,22350,NA,N,C,C,A,A,H,-,D,D,0,NA,NA,NA,NA,Y,NA,A,01,0,0,1,0,0,0,0,0,0,-,-,32.75952,-117.1875,SAN DIEGO,SAN DIEGO,-117.18749257,32.75957973
9040619,2020,2020-02-25,3711,2020-01-20,1815,SD4824,NA,1,5,7,3711,0,0,0,NA,0,233,CARMEL MOUNTAIN RD,VIA RIMINI,153,N,N,A,-,N,NA,NA,NA,NA,NA,NA,NA,NA,NA,N,4,0,1,1,A,-,08,22107,NA,N,E,I,A,A,H,-,C,D,0,NA,NA,NA,NA,Y,NA,A,01,0,0,1,0,0,0,0,0,0,-,-,NA,NA,SAN DIEGO,SAN DIEGO,-117.09934997558594,32.96670913696289
9040563,2020,2020-02-24,3711,2020-01-08,1753,SD4759,NA,3,5,7,3711,0,0,0,NA,0,124,LA JOLLA BL,BELVEDERE ST,0,NA,Y,B,-,N,NA,NA,NA,NA,NA,NA,NA,NA,NA,N,4,0,1,2,A,-,09,21802,A,N,D,C,A,A,H,-,B,D,0,NA,NA,NA,NA,Y,NA,A,01,0,0,1,0,0,0,0,0,0,-,-,NA,NA,SAN DIEGO,SAN DIEGO,-117.27713012695313,32.833499908447266
90405609,2017,2017-03-03,9645,2017-03-01,1630,017270,NA,3,2,7,3711,0,1,3,NA,2,014,SR-52 E/B,I-805,1100,E,N,A,-,Y,NA,NA,52,NA,NA,NA,NA,NA,E,N,4,0,1,2,A,-,03,22350,NA,N,B,C,A,A,H,-,A,D,0,NA,NA,Y,NA,Y,NA,C,02,0,0,1,0,0,0,0,0,1,-,-,32.8461,-117.1713,SAN DIEGO,SAN DIEGO,-117.17125357,32.84622289
90405263,2017,2017-03-03,9680,2017-03-01,1300,015578,NA,3,1,9,3700,0,1,3,NA,1,023,SR-94 E/B,SPRING ST.,1056,E,N,A,-,Y,NA,NA,94,NA,NA,NA,NA,NA,E,N,4,0,1,2,A,-,06,21750,NA,N,B,C,A,A,H,-,A,D,0,NA,NA,NA,NA,Y,NA,A,01,0,0,1,0,0,0,0,0,0,-,-,32.75345,-117.00826,SAN DIEGO,UNINCORPORATED,-117.00826583,32.75340742
90404121,2017,2017-03-02,9645,2017-03-01,0900,016061,NA,3,1,6,3702,0,1,1,NA,2,009,I-805 S/B,H ST.,528,N,N,A,-,Y,NA,NA,805,NA,NA,NA,NA,NA,S,N,4,0,1,2,D,-,00,NA,NA,N,C,C,A,A,H,-,A,D,0,NA,NA,NA,NA,Y,NA,-,-,0,0,1,0,0,0,0,0,0,-,-,32.642,-117.0568,SAN DIEGO,CHULA VISTA,-117.05677643,32.64201589
90404105,2017,2017-03-02,9645,2017-02-27,0815,014804,NA,1,1,7,3711,0,1,1,NA,2,015,I-805 (N/B),NOBEL DRIVE O/C,528,S,N,C,-,Y,NA,NA,805,NA,NA,NA,NA,NA,NA,Y,4,0,1,1,A,-,08,22107,NA,N,E,J,A,B,H,-,A,D,0,NA,NA,NA,NA,Y,NA,A,01,0,0,1,0,0,0,0,0,0,-,-,32.866460000000004,-117.19139,SAN DIEGO,SAN DIEGO,-117.19151222,32.86634309
9040356,2020,2020-02-27,3711,2020-01-16,2000,7864,NA,4,5,7,3711,0,0,0,NA,0,621,LANGMUIR ST,GIFFORD WY,200,N,N,A,-,N,NA,NA,NA,NA,NA,NA,NA,NA,NA,N,3,0,1,3,A,-,-,NA,NA,N,C,E,A,A,H,-,C,D,0,NA,NA,NA,Y,Y,NA,A,01,0,1,0,0,0,0,0,0,0,-,-,NA,NA,SAN DIEGO,SAN DIEGO,-117.17498016357422,32.785160064697266
90403434,2017,2017-03-01,9645,2017-02-28,0938,013383,NA,2,1,7,3711,0,1,1,NA,2,007,I-5 N/B,VIA DE LA VALLE,5280,S,N,B,-,Y,NA,NA,NA,NA,NA,NA,NA,NA,NA,N,4,0,1,2,A,-,03,22350,NA,N,C,C,A,A,H,-,A,D,0,NA,NA,NA,NA,Y,NA,A,07,0,0,1,0,0,0,0,0,0,-,-,32.9699,-117.24797,SAN DIEGO,SAN DIEGO,-117.24780374,32.96622434
9040304,2020,2020-02-27,3711,2020-01-18,1725,SD7180,NA,6,5,7,3711,0,0,0,NA,0,614,CABLE ST,VOLTAIRE ST,0,NA,Y,A,-,N,NA,NA,NA,NA,NA,NA,NA,NA,NA,N,3,0,1,2,A,-,10,21950,A,M,G,B,B,A,-,-,C,-,0,Y,NA,NA,NA,Y,NA,A,01,0,1,0,0,1,0,0,0,0,-,-,NA,NA,SAN DIEGO,SAN DIEGO,-117.24488067626952,32.75096130371094
90406227,2017,2017-03-06,9645,2017-02-27,0940,021097,NA,1,1,7,3711,0,1,1,NA,2,010,I-8 W/B,WARING RD,1320,E,N,C,-,Y,NA,NA,8,NA,NA,NA,NA,NA,W,Y,4,0,1,3,A,-,03,22350,NA,N,B,C,A,B,H,-,A,D,0,NA,NA,NA,NA,Y,NA,A,07,0,0,1,0,0,0,0,0,0,-,-,32.78058,-117.0812,SAN DIEGO,SAN DIEGO,-117.08121388,32.78050099
9040623,2020,2020-02-25,3711,2020-01-21,0643,SD6849,NA,2,5,7,3711,0,0,0,NA,0,246,CYPRESS CANYON RD,SCRIPPS POWAY PKWY,450,S,N,C,-,N,NA,NA,NA,NA,NA,NA,NA,NA,NA,N,4,0,2,3,A,-,08,22107,NA,N,D,C,A,B,H,-,A,D,0,NA,NA,NA,NA,Y,NA,A,01,0,0,2,0,0,0,0,0,0,-,-,NA,NA,SAN DIEGO,SAN DIEGO,-117.08485412597656,32.933223724365234
90408668,2017,2017-03-08,9650,2017-02-28,0745,015273,NA,2,1,5,3782,0,1,1,NA,2,007,I-5 S/B,LEUCADIA BLVD,1000,N,N,A,-,Y,NA,NA,5,NA,NA,NA,NA,NA,S,Y,2,0,1,3,A,-,03,22350,NA,N,C,C,A,A,H,-,A,D,0,NA,NA,Y,NA,Y,NA,C,02,1,0,0,0,0,0,0,0,1,-,-,33.07113,-117.29418,SAN DIEGO,ENCINITAS,-117.29422163,33.07111751
90408724,2017,2017-03-08,9650,2017-03-01,0655,014615,NA,3,1,6,3706,0,1,1,NA,2,023,I-15 S/B,SR-78,2640,N,N,A,-,Y,NA,NA,NA,NA,NA,NA,NA,NA,NA,Y,4,0,1,2,A,-,03,22350,NA,N,C,C,A,A,H,-,A,D,0,NA,NA,NA,NA,Y,NA,A,01,0,0,1,0,0,0,0,0,0,-,-,NA,NA,SAN DIEGO,ESCONDIDO,-117.10466,33.12698
90408779,2017,2017-03-09,9650,2017-03-02,0725,013636,NA,4,1,5,3701,0,1,1,NA,2,005,I-5 S/B,LA COSTA AVE,2112,N,N,A,-,Y,NA,NA,NA,NA,NA,NA,NA,NA,NA,Y,4,0,2,3,A,-,03,22350,NA,N,C,C,A,A,H,-,A,D,0,NA,NA,Y,NA,Y,NA,C,02,0,0,2,0,0,0,0,0,2,-,-,NA,NA,SAN DIEGO,CARLSBAD,-117.30153597,33.08930218
90410102,2017,2017-03-10,9645,2017-03-07,0705,016061,NA,2,1,7,3711,0,1,1,NA,2,010,I-8 W/B,MISSION GORGE RD.,528,E,N,A,-,Y,NA,NA,8,NA,NA,NA,NA,NA,W,Y,4,0,2,3,A,-,03,22350,NA,N,C,C,A,A,H,-,A,D,0,NA,NA,NA,NA,Y,NA,D,22,0,0,2,0,0,0,0,0,0,-,-,32.7809,-117.09137,SAN DIEGO,SAN DIEGO,-117.09135601,32.78075862
90434755,2017,2017-04-17,9650,2017-04-10,1815,015788,NA,1,2,3,3783,0,1,1,NA,2,007,I-5 N/B,VIA DE LA VALLE,528,N,N,A,-,Y,NA,NA,5,NA,NA,NA,NA,NA,N,N,4,0,1,3,A,-,03,22350,NA,N,C,C,A,A,H,-,A,D,0,NA,NA,NA,NA,Y,NA,A,01,0,0,1,0,0,0,0,0,0,-,-,32.981700000000004,-117.25354,SAN DIEGO,SOLANA BEACH,-117.25362591,32.98166802
90434897,2017,2017-04-17,9650,2017-03-30,1848,017392,NA,4,2,9,3700,0,1,3,NA,1,028,SR-76,PALA DEL NORTE,300,W,N,A,-,Y,NA,NA,76,NA,NA,NA,NA,NA,NA,Y,3,0,4,2,A,-,01,23152,A,N,A,C,A,A,H,-,A,D,0,NA,NA,NA,NA,Y,Y,A,01,0,4,0,0,0,0,0,0,0,-,-,33.35641,-117.11151,SAN DIEGO,UNINCORPORATED,-117.11151323,33.35641177
90469357,2017,2017-06-01,9680,2017-05-24,2245,020500,NA,3,3,9,3700,0,2,4,NA,2,072,MONTEZUMA VALLEY RD,CHIMNEY ROCK RD,36960,E,N,G,-,N,NA,NA,NA,NA,NA,NA,NA,NA,NA,Y,2,0,1,1,A,-,03,22350,NA,N,F,A,A,A,H,-,D,A,0,NA,NA,Y,NA,Y,NA,C,02,1,0,0,0,0,0,0,0,1,-,-,33.21325,-116.42349,SAN DIEGO,UNINCORPORATED,-116.42050912,33.22130137
90470820,2017,2017-06-05,9645,2017-05-19,1755,021231,NA,5,2,7,3711,0,1,1,NA,2,010,I-8 E/B (MISSION VALLEY FWY.),PRESIDIO PARK,600,E,N,A,-,Y,NA,NA,8,NA,NA,NA,NA,NA,E,Y,3,0,1,2,A,-,07,21658,A,F,E,I,A,A,H,-,A,D,0,NA,NA,NA,NA,Y,NA,A,01,0,1,0,0,0,0,0,0,0,-,-,32.75958,-117.18397,SAN DIEGO,SAN DIEGO,-117.18397789,32.75937569
90471612,2017,2017-06-06,9645,2017-04-28,1650,021494,NA,5,2,7,3711,0,1,1,NA,2,007,I-5 S/B FROM DEL MAR HEIGHTS RD.,DEL MAR HEIGHTS RD,775,S,N,A,-,Y,NA,NA,5,NA,NA,NA,R,NA,S,Y,3,0,2,2,A,-,03,22350,NA,N,C,C,A,A,H,-,A,A,0,NA,NA,NA,NA,Y,NA,D,22,0,1,1,0,0,0,0,0,0,-,-,32.94743,-117.24373,SAN DIEGO,SAN DIEGO,-117.24373,32.94743
90472738,2017,2017-06-07,9680,2017-05-27,1204,016181,NA,6,1,9,3700,0,3,5,NA,2,001,GRAVES AVE,HART DR,159,N,N,A,-,N,NA,NA,NA,NA,NA,NA,NA,NA,NA,Y,3,0,2,2,A,-,09,21804,A,N,D,C,A,A,H,-,A,D,0,NA,NA,NA,NA,Y,NA,A,01,0,1,1,0,0,0,0,0,0,-,-,32.81204,-116.96153,SAN DIEGO,UNINCORPORATED,-116.96152,32.81192545