CASE_ID,ACCIDENT_YEAR,PROC_DATE,JURIS,COLLISION_DATE,COLLISION_TIME,OFFICER_ID,REPORTING_DISTRICT,DAY_OF_WEEK,CHP_SHIFT,POPULATION,CNTY_CITY_LOC,SPECIAL_COND,BEAT_TYPE,CHP_BEAT_TYPE,CITY_DIVISION_LAPD,CHP_BEAT_CLASS,BEAT_NUMBER,PRIMARY_RD,SECONDARY_RD,DISTANCE,DIRECTION,INTERSECTION,WEATHER_1,WEATHER_2,STATE_HWY_IND,CALTRANS_COUNTY,CALTRANS_DISTRICT,STATE_ROUTE,ROUTE_SUFFIX,POSTMILE_PREFIX,POSTMILE,LOCATION_TYPE,RAMP_INTERSECTION,SIDE_OF_HWY,TOW_AWAY,COLLISION_SEVERITY,NUMBER_KILLED,NUMBER_INJURED,PARTY_COUNT,PRIMARY_COLL_FACTOR,PCF_CODE_OF_VIOL,PCF_VIOL_CATEGORY,PCF_VIOLATION,PCF_VIOL_SUBSECTION,HIT_AND_RUN,TYPE_OF_COLLISION,MVIW,PED_ACTION,ROAD_SURFACE,ROAD_COND_1,ROAD_COND_2,LIGHTING,CONTROL_DEVICE,CHP_ROAD_TYPE,PEDESTRIAN_ACCIDENT,BICYCLE_ACCIDENT,MOTORCYCLE_ACCIDENT,TRUCK_ACCIDENT,NOT_PRIVATE_PROPERTY,ALCOHOL_INVOLVED,STWD_VEHTYPE_AT_FAULT,CHP_VEHTYPE_AT_FAULT,COUNT_SEVERE_INJ,COUNT_VISIBLE_INJ,COUNT_COMPLAINT_PAIN,COUNT_PED_KILLED,COUNT_PED_INJURED,COUNT_BICYCLIST_KILLED,COUNT_BICYCLIST_INJURED,COUNT_MC_KILLED,COUNT_MC_INJURED,PRIMARY_RAMP,SECONDARY_RAMP,LATITUDE,LONGITUDE,COUNTY,CITY,POINT_X,POINT_Y
90562143,2017,2017-10-03,9680,2017-09-26,1150,021584,NA,2,1,9,3700,0,1,3,NA,1,051,STATE ROUTE 79,K Q RANCH RD,1056,N,N,A,-,Y,NA,NA,NA,NA,NA,NA,NA,NA,NA,N,3,0,1,2,A,-,05,21460,A,N,D,C,A,A,H,-,A,A,0,NA,NA,Y,NA,Y,NA,C,02,0,1,0,0,0,0,0,0,1,-,-,33.05531,-116.56345,SAN DIEGO,UNINCORPORATED,-116.56344,33.03509064
90562599,2017,2017-10-04,9650,2017-10-02,1532,016516,NA,1,2,9,3700,0,2,4,NA,1,027,VALLEY CENTER RD,COLE GRADE RD,150,S,N,A,-,N,NA,NA,NA,NA,NA,NA,NA,NA,NA,Y,4,0,1,2,A,-,09,21801,A,N,D,C,A,A,H,-,A,D,0,NA,NA,NA,NA,Y,NA,A,07,0,0,1,0,0,0,0,0,0,-,-,33.23089,-117.02615,SAN DIEGO,UNINCORPORATED,-117.02473842,33.23120301
90562606,2017,2017-10-04,9650,2017-10-02,1740,015738,NA,1,2,5,3782,0,1,1,NA,2,007,I-5 N/B,MANCHESTER AVE,1056,S,N,A,-,Y,NA,NA,5,NA,NA,NA,NA,NA,N,Y,4,0,1,3,A,-,03,22350,NA,N,C,C,A,A,H,-,A,D,0,NA,NA,NA,NA,Y,NA,A,01,0,0,1,0,0,0,0,0,0,-,-,33.00894,-117.26275,SAN DIEGO,ENCINITAS,-117.26279872,33.00888429
90563988,2017,2017-10-19,9680,2017-09-28,1428,017460,NA,4,2,9,3700,0,2,4,NA,1,010,WOODSIDE AVE,WINTERGARDENS BLVD,528,W,N,A,-,N,NA,NA,NA,NA,NA,NA,NA,NA,NA,Y,4,0,2,2,A,-,09,21804,A,N,A,C,A,A,H,-,A,D,0,NA,NA,NA,NA,Y,NA,A,01,0,0,2,0,0,0,0,0,0,-,-,32.85556,-116.93223,SAN DIEGO,UNINCORPORATED,-116.93282199,32.85578563
90564197,2017,2017-10-05,9680,2017-09-27,1710,021772,NA,3,2,5,3708,0,1,3,NA,2,028,SR-125 N/B,GROSSMONT BLVD U/C,528,S,N,A,-,Y,NA,NA,125,NA,NA,NA,NA,NA,N,Y,4,0,1,2,A,-,08,22107,NA,N,C,E,A,A,H,-,A,D,0,NA,NA,NA,NA,Y,Y,D,22,0,0,1,0,0,0,0,0,0,-,-,32.77168,-117.00157,SAN DIEGO,LA MESA,-117.00181104,32.77164698
90565087,2017,2017-10-06,9650,2017-09-28,1635,015906,NA,4,2,5,3701,0,1,1,NA,2,005,I-5 N/B,CANNON RD,1584,N,N,A,-,Y,NA,NA,5,NA,NA,NA,NA,NA,N,Y,4,0,2,3,A,-,03,22350,NA,N,C,C,A,A,H,-,A,D,0,NA,NA,NA,Y,Y,NA,G,25,0,0,2,0,0,0,0,0,0,-,-,33.13772,-117.33074,SAN DIEGO,CARLSBAD,-117.33083345,33.1376713
90565184,2017,2017-10-09,9645,2017-09-27,1245,015331,NA,3,1,7,3711,0,1,3,NA,2,020,SR-56 EASTBOUND,I-5,528,E,N,A,-,Y,NA,NA,56,NA,NA,NA,NA,NA,E,Y,4,0,1,2,A,-,08,22107,NA,F,E,I,A,A,H,-,A,D,0,NA,NA,NA,NA,Y,NA,A,01,0,0,1,0,0,0,0,0,0,-,-,32.93078,-117.24004,SAN DIEGO,SAN DIEGO,-117.24004527,32.93081997
90565564,2017,2017-10-09,9680,2017-09-29,1218,015578,NA,5,1,4,3720,0,1,3,NA,2,028,SR-125 NORTHBOUND,TROY ST.,1584,S,N,A,-,Y,NA,NA,125,NA,NA,NA,NA,NA,N,Y,4,0,3,2,A,-,03,22350,NA,N,C,C,A,A,H,-,A,D,0,NA,NA,NA,NA,Y,NA,A,07,0,0,3,0,0,0,0,0,0,-,-,32.73148,-117.01512,SAN DIEGO,LEMON GROVE,-117.01513553,32.73147753
9056939,2020,2020-08-05,3706,2020-04-09,1451,318,ESCON,4,5,6,3706,0,0,0,NA,0,041,FIG ST,EL NORTE PKWY,36,S,N,B,C,N,NA,NA,NA,NA,NA,NA,NA,NA,NA,Y,4,0,1,2,A,-,03,22350,NA,F,D,C,A,B,H,-,A,A,0,NA,NA,NA,NA,Y,NA,A,01,0,0,1,0,0,0,0,0,0,-,-,33.142311096191406,-117.08135223388672,SAN DIEGO,ESCONDIDO,-117.08131408691406,33.142120361328125
90570930,2017,2017-10-16,9645,2017-10-02,1310,017473,NA,1,1,7,3711,0,1,1,NA,2,003,I-5 S/B,PERSHING DR.,100,S,N,A,-,Y,NA,NA,5,NA,NA,NA,NA,NA,S,Y,4,0,1,2,A,-,03,22350,NA,N,C,C,A,A,H,-,A,D,0,NA,NA,NA,NA,Y,NA,A,07,0,0,1,0,0,0,0,0,0,-,-,32.71894,-117.14787,SAN DIEGO,SAN DIEGO,-117.14793905,32.71892736
90571892,2017,2017-10-18,9645,2017-10-05,0200,021768,NA,4,3,7,3711,0,1,1,NA,2,005,I-5 S/B TO SEA WORLD DR.,SEA WORLD DR.,25,N,N,A,-,Y,NA,NA,5,NA,NA,NA,R,NA,S,N,4,0,1,2,A,-,03,22350,NA,F,C,C,A,A,H,-,C,A,0,NA,NA,NA,NA,Y,NA,A,01,0,0,1,0,0,0,0,0,0,-,-,32.76999,-117.20731,SAN DIEGO,SAN DIEGO,-117.20731,32.76999
90572862,2017,2017-10-18,9645,2017-09-22,0600,017723,NA,5,1,7,3711,0,1,1,NA,2,009,I-805 N/B,IMPERIAL AVE.,1056,S,N,B,-,Y,NA,NA,805,NA,NA,NA,NA,NA,N,Y,4,0,3,4,A,-,03,22350,NA,N,C,C,A,A,H,-,C,D,0,NA,NA,NA,NA,Y,NA,A,07,0,0,3,0,0,0,0,0,0,-,-,32.6996,-117.0947,SAN DIEGO,SAN DIEGO,-117.09477358,32.69960112
90573132,2017,2017-10-18,9645,2017-09-11,1450,015790,NA,1,2,7,3711,0,1,1,NA,2,030,I-15 S/B (HOV LANES),POWAY ROAD O/C,1000,N,N,A,-,Y,NA,NA,15,NA,NA,NA,NA,NA,S,Y,4,0,2,1,A,-,08,22107,NA,N,E,J,A,A,H,-,A,D,0,NA,NA,NA,NA,Y,NA,A,01,0,0,2,0,0,0,0,0,0,-,-,32.95005,-117.10488,SAN DIEGO,SAN DIEGO,-117.10483856,32.95002288
90574114,2017,2017-10-19,9645,2017-10-09,1050,017498,NA,1,1,7,3711,0,1,1,NA,2,010,I-8 WESTBOUND,TEXAS STREET OVER CROSS,1320,W,N,A,-,Y,NA,NA,8,NA,NA,NA,NA,NA,W,Y,3,0,3,2,A,-,03,22350,NA,N,C,C,A,A,H,-,A,D,0,NA,NA,Y,NA,Y,NA,A,08,0,1,2,0,0,0,0,0,1,-,-,32.76866,-117.14372,SAN DIEGO,SAN DIEGO,-117.14370992,32.76863779
90575043,2017,2017-10-20,9680,2017-10-12,1230,018583,NA,4,1,9,3700,0,1,3,NA,2,028,SR-125 S/B,SPRING ST,598,S,N,A,-,Y,NA,NA,125,NA,NA,NA,NA,NA,S,Y,3,0,1,1,A,-,08,22107,NA,N,E,I,A,A,H,-,A,D,0,NA,NA,NA,NA,Y,NA,A,01,0,1,0,0,0,0,0,0,0,-,-,32.75249,-117.01276,SAN DIEGO,UNINCORPORATED,-117.01276322,32.75249354
90575821,2017,2017-10-23,9680,2017-10-10,1036,015578,NA,2,1,9,3700,0,1,1,NA,2,083,I-8 WESTBOUND,LAKE JENNINGS PARK RD.,15,E,N,A,-,Y,NA,NA,8,NA,NA,NA,NA,NA,W,Y,4,0,1,2,A,-,01,23152,F,N,B,C,A,A,H,-,A,D,0,NA,NA,NA,NA,Y,NA,A,01,0,0,1,0,0,0,0,0,0,-,-,32.84481,-116.88165,SAN DIEGO,UNINCORPORATED,-116.8816237,32.84472651
90577058,2017,2017-10-24,9645,2017-08-27,0330,017499,NA,7,3,9,3700,0,3,5,NA,2,018,OTAY LAKES ROAD E/B,WUESTE RD.,11616,E,N,A,-,N,NA,NA,NA,NA,NA,NA,NA,NA,NA,Y,1,2,0,1,A,-,08,22107,NA,N,E,I,A,A,H,-,B,D,0,NA,NA,NA,NA,Y,Y,A,01,0,0,0,0,0,0,0,0,0,-,-,32.63493,-116.91157,SAN DIEGO,UNINCORPORATED,-116.9118025,32.63517957
90579067,2017,2017-10-26,9645,2017-09-25,0630,015494,NA,1,1,7,3711,0,1,1,NA,2,011,I-805 N/B,UNIVERSITY AVE OVER CROSSING,300,S,N,A,-,Y,NA,NA,805,NA,NA,NA,NA,NA,N,Y,4,0,2,3,A,-,03,22350,NA,N,C,C,A,A,H,-,A,D,0,NA,NA,NA,NA,Y,Y,A,07,0,0,2,0,0,0,0,0,0,-,-,32.74672,-117.1208,SAN DIEGO,SAN DIEGO,-117.1208153,32.74670657
9057908,2020,2020-07-09,3711,2020-03-21,1125,HB5404,NA,6,5,7,3711,0,0,0,NA,0,503,NORTH HARBOR DR,LIBERATOR WY,0,NA,Y,A,-,N,NA,NA,NA,NA,NA,NA,NA,NA,NA,N,4,0,2,3,A,-,03,22350,NA,N,C,D,A,A,H,-,A,A,0,NA,NA,NA,Y,Y,NA,A,01,0,0,2,0,0,0,0,0,0,-,-,NA,NA,SAN DIEGO,SAN DIEGO,-117.18792724609376,32.728939056396484
90580925,2017,2018-03-16,9680,2017-10-17,1840,017717,NA,2,2,9,3700,0,2,4,NA,1,014,WINTER GARDENS BLVD,LAUREL LEE LN,905,S,N,A,-,N,NA,NA,NA,NA,NA,NA,NA,NA,NA,Y,3,0,1,2,A,-,03,22350,NA,N,C,C,A,A,H,-,D,A,0,NA,NA,Y,NA,Y,NA,C,02,0,1,0,0,0,0,0,0,1,-,-,32.83433,-116.93255,SAN DIEGO,UNINCORPORATED,-116.93261324,32.83424519
9058105,2020,2020-07-29,3705,2020-01-28,1439,EC0404,NA,2,5,5,3705,0,0,0,NA,0,001,MARSHALL AV,W MAIN,615,S,N,A,-,N,NA,NA,NA,NA,NA,NA,NA,NA,NA,Y,4,0,1,2,A,-,09,21801,A,N,D,C,A,A,H,-,A,A,0,NA,NA,NA,NA,Y,NA,A,01,0,0,1,0,0,0,0,0,0,-,-,NA,NA,SAN DIEGO,EL CAJON,-116.9755401611328,32.79497146606445
90581220,2017,2017-10-27,9645,2017-10-22,1422,020997,NA,7,2,7,3711,0,1,1,NA,2,007,I-5 N/B,NOBEL DRIVE,5280,S,N,A,-,Y,NA,NA,5,NA,NA,NA,NA,NA,N,Y,3,0,1,2,A,-,03,22350,NA,N,C,C,A,A,H,-,E,D,0,NA,NA,NA,Y,Y,NA,A,01,0,1,0,0,0,0,0,0,0,-,-,32.85743,-117.23043,SAN DIEGO,SAN DIEGO,-117.23050481,32.85744122
90581694,2017,2017-10-30,9650,2017-10-10,2245,021747,NA,2,3,5,3701,0,1,1,NA,2,005,I-5 N/B TO CARLSBAD VILLAGE DR.,CARLSBAD VILLAGE DR.,92,S,N,A,-,Y,NA,NA,5,NA,NA,NA,R,NA,N,Y,2,0,1,1,A,-,08,22107,NA,N,E,I,A,A,H,-,C,A,0,NA,NA,NA,NA,Y,NA,D,22,1,0,0,0,0,0,0,0,0,-,-,33.16391,-117.34135,SAN DIEGO,CARLSBAD,-117.34135,33.16391
90581749,2017,2017-10-30,9645,2017-10-24,1520,017667,NA,2,2,7,3711,0,1,1,NA,2,010,I-10 E/B,I-15,100,W,N,A,-,Y,NA,NA,NA,NA,NA,NA,NA,NA,NA,Y,2,0,1,2,A,-,04,21703,NA,N,C,C,A,A,H,-,A,D,0,NA,NA,NA,NA,Y,NA,A,07,1,0,0,0,0,0,0,0,0,-,-,32.77627,-117.12267,SAN DIEGO,SAN DIEGO,NA,NA
90581772,2017,2017-10-30,9645,2017-10-20,1025,015270,NA,5,1,7,3711,0,1,1,NA,2,007,I-5 SOUTHBOUND FROM CARMEL VALLEY ROAD,CARMEL VALLEY ROAD,290,S,N,B,-,Y,NA,NA,5,NA,NA,NA,R,NA,S,N,4,0,1,2,A,-,03,22350,NA,N,C,C,A,A,H,-,A,A,0,NA,NA,NA,NA,Y,NA,A,07,0,0,1,0,0,0,0,0,0,-,-,32.93115,-117.24152,SAN DIEGO,SAN DIEGO,-117.24152,32.93115
90582454,2017,2017-10-30,9680,2017-10-18,1050,021859,NA,3,1,4,3720,0,1,3,NA,2,027,SR-94 W/B TO COLLEGE GROVE WAY,COLLEGE GROVE DR.,600,E,N,A,-,Y,NA,NA,94,NA,NA,NA,R,NA,W,Y,3,0,1,1,A,-,08,22107,NA,N,E,I,A,A,H,-,A,A,0,NA,NA,NA,NA,Y,NA,A,01,0,1,0,0,0,0,0,0,0,-,-,32.73717,-117.05679,SAN DIEGO,LEMON GROVE,-117.05679,32.73717
90584717,2017,2017-11-01,9645,2017-10-31,1038,016061,NA,2,1,7,3711,0,1,1,NA,2,027,SR-15 N/B,ADAMS AVE.,2640,N,N,A,-,Y,NA,NA,15,NA,NA,NA,NA,NA,N,Y,3,0,1,1,A,-,08,22107,NA,N,E,I,A,A,H,-,A,D,0,NA,NA,NA,NA,Y,NA,A,01,0,1,0,0,0,0,0,0,0,-,-,32.76959,-117.11209,SAN DIEGO,SAN DIEGO,-117.11214962,32.76956698
90584816,2017,2017-11-01,9645,2017-09-24,1134,016156,NA,7,1,7,3711,0,1,1,NA,2,021,SR-15 S/B,I-805 N/B FROM SR-15 N/B O/C,445,N,N,A,B,Y,NA,NA,15,NA,NA,NA,NA,NA,S,Y,3,0,1,3,A,-,08,22107,NA,N,C,E,A,A,H,-,A,D,0,NA,NA,NA,NA,Y,NA,A,01,0,1,0,0,0,0,0,0,0,-,-,32.74083,-117.11335,SAN DIEGO,SAN DIEGO,-117.11327219,32.74079504
90585324,2017,2017-11-02,9650,2017-10-22,1400,021747,NA,7,2,9,3700,0,3,5,NA,2,190,ROCK SPRINGS RD,NORDAHL RD,0,NA,Y,A,-,N,NA,NA,NA,NA,NA,NA,NA,NA,NA,Y,4,0,1,2,A,-,09,21801,A,N,A,C,A,A,H,-,A,A,0,NA,NA,NA,NA,Y,NA,A,01,0,0,1,0,0,0,0,0,0,-,-,33.14127,-117.11261,SAN DIEGO,UNINCORPORATED,-117.11262008,33.14126011
90586221,2017,2017-11-02,9645,2017-10-26,0820,015270,NA,4,1,7,3711,0,1,1,NA,2,007,I-5 NORTHBOUND,LA JOLLA VILLAGE DRIVE,1183,N,N,A,-,Y,NA,NA,5,NA,NA,NA,NA,NA,N,Y,4,0,3,3,A,-,03,22350,NA,N,C,C,A,A,H,-,A,D,0,NA,NA,NA,NA,Y,NA,A,01,0,0,3,0,0,0,0,0,0,-,-,32.87538,-117.2287,SAN DIEGO,SAN DIEGO,-117.22875525,32.87538509
9058624,2020,2020-06-11,3706,2020-02-26,1810,406,ESCON,3,5,6,3706,0,0,0,NA,0,043,EL NORTE PY,MORNING VIEW DR,20,E,N,A,-,N,NA,NA,NA,NA,NA,NA,NA,NA,NA,NA,3,0,1,2,A,-,11,21950,B,N,G,B,B,A,H,-,C,A,0,Y,NA,NA,NA,Y,NA,N,60,0,1,0,0,1,0,0,0,0,-,-,33.143341064453125,-117.09632873535156,SAN DIEGO,ESCONDIDO,-117.09612274169922,33.143211364746094
90587585,2017,2017-11-06,9645,2017-10-20,0830,014804,NA,5,1,7,3711,0,1,1,NA,2,007,I-5 (S/B),VIA DE LA VALLE U/C,1056,S,N,B,-,Y,NA,NA,NA,NA,NA,NA,NA,NA,NA,Y,4,0,2,2,A,-,04,21703,NA,N,C,C,A,A,H,-,A,D,0,NA,NA,NA,NA,Y,NA,A,01,0,0,2,0,0,0,0,0,0,-,-,32.97435,-117.29119,SAN DIEGO,SAN DIEGO,-117.25221073,32.9772257
9059014,2020,2020-05-26,3700,2020-02-21,2119,SH0029,NA,5,5,5,3713,0,0,0,NA,0,303,EAST VISTA WY,FOOTHILL DR,70,S,N,A,-,N,NA,NA,NA,NA,NA,NA,NA,NA,NA,Y,2,0,2,2,A,-,01,23152,A,F,C,C,A,A,H,-,C,A,0,NA,NA,NA,NA,Y,Y,A,01,1,0,1,0,0,0,0,0,0,-,-,NA,NA,SAN DIEGO,VISTA,-117.22632598876952,33.217063903808594
90592291,2017,2017-11-13,9650,2017-11-07,1947,017328,NA,2,2,9,3700,0,1,3,NA,1,028,SR-76,PALA DEL NORTE,2376,W,N,A,-,N,NA,NA,76,NA,NA,NA,NA,NA,NA,Y,2,0,1,1,A,-,01,23152,A,N,F,A,A,A,H,-,D,D,0,NA,NA,Y,NA,Y,Y,C,02,1,0,0,0,0,0,0,0,1,-,-,33.35048,-117.11298,SAN DIEGO,UNINCORPORATED,-117.11299177,33.3504913
90593835,2017,2017-11-14,9645,2017-11-01,1220,013111,NA,3,1,7,3711,0,1,1,NA,2,017,I-15 S/B TO SR-52 E/B,SR-52 E/B,339,S,N,A,-,Y,NA,NA,15,NA,NA,NA,R,NA,S,Y,3,0,1,1,A,-,03,22350,NA,N,F,A,A,A,A,-,A,D,0,NA,NA,Y,NA,Y,NA,C,02,0,1,0,0,0,0,0,0,1,-,-,32.84075,-117.12149,SAN DIEGO,SAN DIEGO,-117.12149,32.84075
9059469,2020,2020-05-15,3711,2020-02-25,0239,4576,NA,2,5,7,3711,0,0,0,NA,0,312,SANTO RD,SHIELDS ST,138,N,N,B,-,N,NA,NA,NA,NA,NA,NA,NA,NA,NA,Y,3,0,2,1,A,-,03,22350,NA,N,E,I,A,A,H,-,C,D,0,NA,NA,NA,NA,Y,Y,A,01,0,2,0,0,0,0,0,0,0,-,-,NA,NA,SAN DIEGO,SAN DIEGO,-117.10494232177734,32.81643295288086
90595274,2017,2017-11-15,9650,2017-11-06,1355,018383,NA,1,1,9,3700,0,1,3,NA,1,028,SR-76,PAUMA RIDGE RD,7150,W,N,A,-,N,NA,NA,NA,NA,NA,NA,NA,NA,NA,Y,4,0,1,2,A,-,01,23152,A,N,B,C,A,A,H,-,A,D,0,NA,NA,NA,NA,Y,Y,D,22,0,0,1,0,0,0,0,0,0,-,-,33.35542,-117.00334,SAN DIEGO,UNINCORPORATED,-117.03140616,33.3549513
90600697,2017,2017-11-22,9680,2017-11-11,1005,021764,NA,6,1,9,3700,0,2,4,NA,1,010,PROSPECT AVE,WOODSIDE AVE,0,NA,Y,A,-,N,NA,NA,NA,NA,NA,NA,NA,NA,NA,Y,4,0,1,2,A,-,09,21804,A,N,D,C,A,A,H,-,A,D,0,NA,NA,Y,NA,Y,NA,D,22,0,0,1,0,0,0,0,0,1,-,-,32.85672,-116.9263,SAN DIEGO,UNINCORPORATED,-116.92629009,32.8567101
90600896,2017,2017-11-22,9650,2017-10-19,1912,017743,NA,4,2,9,3700,0,2,4,NA,2,061,S. MISSION RD,ROCKY CREST RD,503,N,N,A,-,N,NA,NA,NA,NA,NA,NA,NA,NA,NA,Y,4,0,2,2,A,-,07,21658,A,N,D,C,A,A,H,-,C,D,0,NA,NA,NA,NA,Y,NA,A,01,0,0,2,0,0,0,0,0,0,-,-,33.36323,-117.24943,SAN DIEGO,UNINCORPORATED,-117.24932,33.363338
90601931,2017,2017-11-27,9650,2017-11-18,2350,019867,NA,6,3,6,3706,0,1,1,NA,2,023,I-15 S/B,9TH AVE,1584,S,N,A,-,Y,NA,NA,15,NA,NA,NA,NA,NA,S,Y,3,0,1,2,A,-,01,23152,A,N,C,C,A,A,H,-,C,D,0,NA,NA,NA,NA,Y,Y,A,01,0,1,0,0,0,0,0,0,0,-,-,33.10427,-117.09283,SAN DIEGO,ESCONDIDO,-117.09268394,33.10435495
90602818,2017,2017-11-27,9650,2017-11-22,1522,015446,NA,3,2,9,3700,0,1,1,NA,2,022,I-15 FWY NORTHBOUND,MISSION ROAD O/C,5280,S,N,A,-,Y,NA,NA,15,NA,NA,NA,NA,NA,N,N,4,0,1,2,A,-,03,22350,NA,N,C,C,A,A,H,-,A,D,0,NA,NA,NA,NA,Y,NA,I,11,0,0,1,0,0,0,0,0,0,-,-,33.37343,-117.16873,SAN DIEGO,UNINCORPORATED,-117.16861679,33.37354456
90603835,2017,2017-11-28,9645,2017-11-14,0740,016156,NA,2,1,7,3711,0,1,1,NA,2,021,SR-15 S/B,SR-94 E/B,800,S,N,A,-,Y,NA,NA,NA,NA,NA,NA,NA,NA,NA,Y,4,0,1,1,A,-,08,22107,NA,N,E,I,A,A,H,-,A,D,0,NA,NA,NA,NA,Y,NA,A,01,0,0,1,0,0,0,0,0,0,-,-,32.71662,-117.10259,SAN DIEGO,SAN DIEGO,NA,NA
90604541,2017,2017-11-29,9680,2017-11-19,1235,017996,NA,7,1,9,3700,0,1,3,NA,2,028,SR-125 NORTHBOUND,NAVAJO ROAD,15,S,N,A,-,Y,NA,NA,NA,NA,NA,NA,NA,NA,NA,N,4,0,2,2,A,-,03,22350,NA,N,C,C,A,A,H,-,A,A,0,NA,NA,NA,NA,Y,NA,A,01,0,0,2,0,0,0,0,0,0,-,-,32.8023,-117.0047,SAN DIEGO,UNINCORPORATED,-117.00534,32.80263892
90605322,2017,2017-11-29,9680,2017-11-19,1445,020105,NA,7,2,4,3720,0,1,3,NA,2,027,SR-94,MASSACHUSETTS AVE,150,E,N,A,-,N,NA,NA,94,NA,NA,NA,NA,NA,NA,Y,4,0,1,2,A,-,03,22350,NA,N,C,A,A,A,H,-,A,D,0,NA,NA,NA,NA,Y,NA,A,01,0,0,1,0,0,0,0,0,0,-,-,32.74476,-117.04245,SAN DIEGO,LEMON GROVE,-117.04245083,32.74472518
9060892,2020,2020-05-20,3711,2020-02-07,1658,SD7636,NA,5,5,7,3711,0,0,0,NA,0,522,KETTNER BL,W HARBOR DR,171,N,N,A,-,N,NA,NA,NA,NA,NA,NA,NA,NA,NA,N,3,0,1,1,A,-,17,21228,A,N,F,A,A,A,A,-,A,A,0,NA,NA,Y,NA,Y,NA,C,03,0,1,0,0,0,0,0,0,1,-,-,NA,NA,SAN DIEGO,SAN DIEGO,-117.1692123413086,32.711936950683594
90609699,2017,2017-12-04,9645,2017-11-20,0550,019410,NA,1,3,7,3711,0,1,1,NA,2,009,I-805 N/B,MARKET ST. O/C,30,S,N,A,-,Y,NA,NA,805,NA,NA,NA,NA,NA,N,Y,4,0,4,3,A,-,03,22350,NA,F,C,C,A,A,H,-,C,D,0,NA,NA,NA,NA,Y,NA,A,01,0,0,4,0,0,0,0,0,0,-,-,32.71117,-117.10049,SAN DIEGO,SAN DIEGO,-117.10032945,32.7113059
9061024,2020,2020-05-22,3711,2020-02-15,1850,SD7660,NA,6,5,7,3711,0,0,0,NA,0,712,CAMINO DE LA PLAZA,VIRGINIA AV,0,NA,Y,A,-,N,NA,NA,NA,NA,NA,NA,NA,NA,NA,N,3,0,1,3,A,-,09,21801,A,N,D,C,B,A,H,-,C,D,0,Y,NA,NA,Y,Y,NA,F,26,0,1,0,0,1,0,0,0,0,-,-,NA,NA,SAN DIEGO,SAN DIEGO,-117.03645324707033,32.54397964477539
90610755,2017,2017-12-05,9645,2017-11-21,1728,016864,NA,2,2,7,3711,0,1,1,NA,2,007,I-5 N/B,VIA DE LA VALLE,5280,S,N,A,-,Y,NA,NA,5,NA,NA,NA,NA,NA,N,Y,4,0,2,2,A,-,03,22350,NA,N,C,C,A,A,H,-,D,D,0,NA,NA,NA,NA,Y,NA,A,01,0,0,2,0,0,0,0,0,0,-,-,32.96371,-117.2467,SAN DIEGO,SAN DIEGO,-117.24681959,32.96366467
90610804,2017,2017-12-05,9645,2017-11-21,0650,014692,NA,2,1,7,3711,0,1,1,NA,2,007,INTERSTATE 5 N/B,VOIGT DRIVE,2640,S,N,A,-,Y,NA,NA,5,NA,NA,NA,NA,NA,N,Y,4,0,1,2,A,-,03,22350,NA,N,C,C,A,A,H,-,A,D,0,NA,NA,NA,NA,Y,NA,A,01,0,0,1,0,0,0,0,0,0,-,-,32.8765,-117.2283,SAN DIEGO,SAN DIEGO,-117.22864883,32.87653363
90611323,2017,2017-12-06,9645,2017-06-17,0252,020623,NA,6,3,7,3711,0,1,1,NA,2,027,I-15 SOUTHBOUND,FRIARS ROAD,742,N,N,A,-,Y,NA,NA,15,NA,NA,NA,NA,NA,S,N,1,1,0,2,C,-,18,NA,NA,N,D,C,A,A,H,-,D,D,0,NA,NA,NA,NA,Y,Y,-,-,0,0,0,0,0,0,0,0,0,-,-,32.79042,-117.1132,SAN DIEGO,SAN DIEGO,-117.11330646,32.79046411
90611811,2017,2017-12-06,9680,2017-11-26,1620,021772,NA,7,2,9,3700,0,1,1,NA,2,085,I-8 W/B,CORTE MADERA RD,8976,W,N,A,-,Y,NA,NA,8,NA,NA,NA,NA,NA,W,Y,3,0,1,2,A,-,03,22350,NA,N,C,C,A,A,H,-,A,D,0,NA,NA,NA,NA,Y,NA,A,01,0,1,0,0,0,0,0,0,0,-,-,32.82143,-116.56985,SAN DIEGO,UNINCORPORATED,-116.56987469,32.82148612
90612342,2017,2017-12-07,9680,2017-11-27,1655,020105,NA,1,2,9,3700,0,3,5,NA,2,002,FELICITA AVE,JAMACHA RD,0,NA,Y,A,-,N,NA,NA,NA,NA,NA,NA,NA,NA,NA,Y,3,0,1,2,A,-,09,21802,A,N,D,A,A,A,H,-,D,A,0,NA,NA,NA,NA,Y,NA,A,01,0,1,0,0,0,0,0,0,0,-,-,32.71472,-117.00075,SAN DIEGO,UNINCORPORATED,-117.00076005,32.71488001
90613299,2017,2017-12-08,9650,2017-12-04,0810,013570,NA,1,1,5,3712,0,1,3,NA,2,019,SR-78 E/B,NORDAHL RD,200,E,N,A,-,Y,NA,NA,78,NA,NA,NA,NA,NA,E,N,3,0,1,3,A,-,03,22350,NA,N,C,C,A,A,H,-,A,D,0,NA,NA,NA,NA,Y,NA,D,22,0,1,0,0,0,0,0,0,0,-,-,33.13136,-117.11996,SAN DIEGO,SAN MARCOS,-117.11997036,33.13133718
9061432,2020,2020-03-16,3700,2020-01-14,0600,SH0315,NA,2,5,5,3782,0,0,0,NA,0,211,HYGEIA AV,E JASON ST,0,NA,Y,A,-,N,NA,NA,NA,NA,NA,NA,NA,NA,NA,Y,4,0,1,2,A,-,09,21800,A,N,D,C,A,A,H,-,D,D,0,NA,NA,NA,NA,Y,NA,A,07,0,0,1,0,0,0,0,0,0,-,-,NA,NA,SAN DIEGO,ENCINITAS,-117.30062103271484,33.071510314941406