CASE_ID,ACCIDENT_YEAR,PROC_DATE,JURIS,COLLISION_DATE,COLLISION_TIME,OFFICER_ID,REPORTING_DISTRICT,DAY_OF_WEEK,CHP_SHIFT,POPULATION,CNTY_CITY_LOC,SPECIAL_COND,BEAT_TYPE,CHP_BEAT_TYPE,CITY_DIVISION_LAPD,CHP_BEAT_CLASS,BEAT_NUMBER,PRIMARY_RD,SECONDARY_RD,DISTANCE,DIRECTION,INTERSECTION,WEATHER_1,WEATHER_2,STATE_HWY_IND,CALTRANS_COUNTY,CALTRANS_DISTRICT,STATE_ROUTE,ROUTE_SUFFIX,POSTMILE_PREFIX,POSTMILE,LOCATION_TYPE,RAMP_INTERSECTION,SIDE_OF_HWY,TOW_AWAY,COLLISION_SEVERITY,NUMBER_KILLED,NUMBER_INJURED,PARTY_COUNT,PRIMARY_COLL_FACTOR,PCF_CODE_OF_VIOL,PCF_VIOL_CATEGORY,PCF_VIOLATION,PCF_VIOL_SUBSECTION,HIT_AND_RUN,TYPE_OF_COLLISION,MVIW,PED_ACTION,ROAD_SURFACE,ROAD_COND_1,ROAD_COND_2,LIGHTING,CONTROL_DEVICE,CHP_ROAD_TYPE,PEDESTRIAN_ACCIDENT,BICYCLE_ACCIDENT,MOTORCYCLE_ACCIDENT,TRUCK_ACCIDENT,NOT_PRIVATE_PROPERTY,ALCOHOL_INVOLVED,STWD_VEHTYPE_AT_FAULT,CHP_VEHTYPE_AT_FAULT,COUNT_SEVERE_INJ,COUNT_VISIBLE_INJ,COUNT_COMPLAINT_PAIN,COUNT_PED_KILLED,COUNT_PED_INJURED,COUNT_BICYCLIST_KILLED,COUNT_BICYCLIST_INJURED,COUNT_MC_KILLED,COUNT_MC_INJURED,PRIMARY_RAMP,SECONDARY_RAMP,LATITUDE,LONGITUDE,COUNTY,CITY,POINT_X,POINT_Y
9092077,2020,2020-08-03,3710,2020-04-11,2200,OC1484,NA,6,5,6,3710,0,0,0,NA,0,017,VANDEGRIFT BL,GOLD DR,350,W,N,A,-,N,NA,NA,NA,NA,NA,NA,NA,NA,NA,Y,3,0,2,2,A,-,01,23153,A,F,C,C,A,A,H,-,C,A,0,NA,NA,Y,NA,Y,Y,A,01,0,1,1,0,0,0,0,0,1,-,-,NA,NA,SAN DIEGO,OCEANSIDE,-117.29895782470705,33.25711441040039
90921828,2019,2019-02-08,9650,2019-02-05,2217,019308,NA,2,3,6,3706,0,1,1,NA,2,023,I-15 N/B TO SR-78 E/B,SR-78,375,S,N,B,-,Y,NA,NA,15,NA,NA,NA,R,NA,N,N,2,0,1,2,A,-,11,21956,NA,N,G,B,E,B,H,-,D,D,0,Y,NA,NA,NA,Y,NA,N,60,1,0,0,0,1,0,0,0,0,-,-,33.12628936767578,-117.10321044921876,SAN DIEGO,ESCONDIDO,-117.10321044921876,33.12628936767578
90927770,2019,2019-02-18,9650,2019-02-11,1830,021406,NA,1,2,9,3700,0,2,4,NA,2,061,SOUTH MISSION ROAD,GREEN CANYON RD,1000,S,N,A,-,N,NA,NA,NA,NA,NA,NA,NA,NA,NA,N,3,0,1,2,A,-,08,22107,NA,F,G,B,E,A,H,-,D,D,0,Y,NA,NA,NA,Y,Y,-,99,0,1,0,0,1,0,0,0,0,-,-,33.33039093017578,-117.23631286621094,SAN DIEGO,UNINCORPORATED,-117.2363052368164,33.330326080322266
90927829,2019,2019-02-18,9650,2019-02-11,0420,020343,NA,1,3,9,3700,0,1,1,NA,2,003,I-5 S/B,COCKLEBURR RD,3168,S,N,A,-,Y,NA,NA,5,NA,NA,NA,NA,NA,S,Y,3,0,1,1,A,-,08,22107,NA,N,E,I,A,A,H,-,D,D,0,NA,NA,NA,NA,Y,Y,A,01,0,1,0,0,0,0,0,0,0,-,-,33.24617004394531,-117.41763305664063,SAN DIEGO,UNINCORPORATED,-117.41773223876952,33.246124267578125
90927852,2019,2019-02-18,9650,2019-02-15,2020,020771,NA,5,2,9,3700,0,1,1,NA,2,022,I-15 S/B,E. MISSION RD.,1700,N,N,C,-,Y,NA,NA,15,NA,NA,NA,NA,NA,S,N,4,0,1,2,A,-,03,22350,NA,N,B,C,A,B,H,-,D,D,0,NA,NA,NA,NA,Y,NA,A,01,0,0,1,0,0,0,0,0,0,-,-,33.39213180541992,-117.17408752441406,SAN DIEGO,UNINCORPORATED,-117.17426300048828,33.39218521118164
90927886,2019,2019-02-18,9650,2019-02-10,1543,021463,NA,7,2,9,3700,0,3,5,NA,2,211,N. WOHLFORD RD.,KUMEYAAY WAY,300,N,N,B,-,N,NA,NA,NA,NA,NA,NA,NA,NA,NA,Y,4,0,1,2,A,-,08,22107,NA,N,B,C,A,B,H,-,A,D,0,NA,NA,NA,NA,Y,NA,A,01,0,0,1,0,0,0,0,0,0,-,-,33.21411895751953,-116.97158813476563,SAN DIEGO,UNINCORPORATED,-116.9713897705078,33.21410369873047
90928680,2019,2019-02-19,9645,2019-02-02,1500,020479,NA,6,2,7,3711,0,1,1,NA,2,030,I-15 (HOV) S/B,W. BERNARDO DR.,4500,S,N,B,C,Y,NA,NA,15,NA,NA,NA,NA,NA,S,Y,4,0,1,1,A,-,03,22350,NA,N,E,I,A,B,H,-,A,D,0,NA,NA,NA,NA,Y,NA,A,01,0,0,1,0,0,0,0,0,0,-,-,33.044429779052734,-117.07328033447266,SAN DIEGO,SAN DIEGO,-117.07333374023438,33.04444885253906
90930067,2019,2019-02-20,9645,2019-02-08,1600,019678,NA,5,2,7,3711,0,1,1,NA,2,027,SR-15 S/B,EL CAJON BLVD.,350,N,N,A,-,Y,NA,NA,15,NA,NA,NA,NA,NA,S,Y,3,0,1,2,A,-,04,21703,NA,N,C,C,A,A,H,-,A,D,0,NA,NA,NA,NA,Y,NA,A,01,0,1,0,0,0,0,0,0,0,-,-,32.75627136230469,-117.10903930664063,SAN DIEGO,SAN DIEGO,-117.10896301269533,32.75626754760742
90930805,2018,2019-02-21,9645,2018-11-29,1420,017953,NA,4,2,7,3711,0,1,1,NA,2,017,I-15 N/B,MIRAMAR WAY O/C,706,S,N,C,-,Y,NA,NA,15,NA,NA,NA,NA,NA,N,Y,4,0,2,2,A,-,03,22350,NA,N,E,I,A,B,H,-,A,D,0,NA,NA,NA,NA,Y,NA,A,07,0,0,2,0,0,0,0,0,0,-,-,32.8786506652832,-117.1080322265625,SAN DIEGO,SAN DIEGO,-117.10756683349608,32.87874221801758
90931385,2019,2019-02-21,9645,2019-02-12,1634,018428,NA,2,2,7,3711,0,1,3,NA,2,006,SR-94 E/B,HOME AVE. O/C,100,E,N,A,-,Y,NA,NA,94,NA,NA,NA,NA,NA,E,N,4,0,1,2,A,-,03,22350,NA,N,C,C,A,A,H,-,A,D,0,NA,NA,Y,NA,Y,NA,C,02,0,0,1,0,0,0,0,0,1,-,-,32.7180290222168,-117.11029815673828,SAN DIEGO,SAN DIEGO,-117.11029815673828,32.718109130859375
90932109,2019,2019-02-22,9645,2019-02-09,1458,019496,NA,6,2,7,3711,0,1,1,NA,2,015,I-805 N/B,SR-52,500,S,N,A,-,Y,NA,NA,805,NA,NA,NA,NA,NA,N,Y,3,0,1,2,A,-,01,23152,F,N,B,C,A,A,H,-,A,D,0,NA,NA,NA,NA,Y,NA,A,08,0,1,0,0,0,0,0,0,0,-,-,32.84165954589844,-117.17420196533205,SAN DIEGO,SAN DIEGO,-117.1743621826172,32.8415641784668
90932119,2019,2019-02-22,9680,2019-02-12,0815,015733,NA,2,1,9,3700,0,1,3,NA,1,090,SR-67,QUAIL ROCK RD,10,N,N,A,-,Y,NA,NA,67,NA,NA,NA,NA,NA,NA,Y,3,0,1,2,A,-,03,22350,NA,N,C,C,A,A,H,-,A,D,0,NA,NA,NA,NA,Y,NA,A,01,0,1,0,0,0,0,0,0,0,-,-,33.011409759521484,-116.94740295410156,SAN DIEGO,UNINCORPORATED,-116.94740295410156,33.01137161254883
90932462,2019,2019-02-25,9650,2019-02-13,1634,015868,NA,3,2,9,3700,0,1,3,NA,2,065,SR-76 (E/B),CAMINO DEL REY,1056,W,N,B,C,Y,NA,NA,76,NA,NA,NA,NA,NA,NA,Y,4,0,1,3,A,-,03,22350,NA,N,C,C,A,B,H,-,A,D,0,NA,NA,NA,NA,Y,NA,A,07,0,0,1,0,0,0,0,0,0,-,-,33.285850524902344,-117.22532653808594,SAN DIEGO,UNINCORPORATED,-117.22498321533205,33.28579330444336
90932863,2019,2019-02-25,9680,2019-02-12,0729,019729,NA,2,1,9,3700,0,3,5,NA,2,009,RAMONA ST,RAYMOND ST,30,S,N,A,-,N,NA,NA,NA,NA,NA,NA,NA,NA,NA,Y,4,0,1,2,A,-,03,22350,NA,N,C,C,A,A,H,-,A,D,0,NA,NA,NA,NA,Y,NA,A,01,0,0,1,0,0,0,0,0,0,-,-,33.03356170654297,-116.87943267822266,SAN DIEGO,UNINCORPORATED,-116.87943267822266,33.033477783203125
90934092,2019,2019-02-26,9650,2019-02-24,1129,015446,NA,7,1,9,3700,0,3,5,NA,2,211,MOUNTAIN MEADOW ROAD,VIA MONTANOSO,0,NA,Y,A,-,N,NA,NA,NA,NA,NA,NA,NA,NA,NA,Y,3,0,1,2,A,-,03,22350,NA,N,B,C,A,A,H,-,A,D,0,NA,NA,Y,NA,Y,NA,C,02,0,1,0,0,0,0,0,0,1,-,-,33.22658157348633,-117.11099243164063,SAN DIEGO,UNINCORPORATED,-117.11107,33.22656
90934496,2019,2019-02-26,9680,2019-02-14,1538,021476,NA,4,2,9,3700,0,1,1,NA,2,083,I-8 W/B,DUNBAR LN,3326,W,N,B,C,Y,NA,NA,8,NA,NA,NA,NA,NA,W,Y,3,0,1,1,A,-,08,22107,NA,N,E,I,A,B,H,-,A,D,0,NA,NA,NA,NA,Y,NA,A,07,0,1,0,0,0,0,0,0,0,-,-,32.85654067993164,-116.83032989501952,SAN DIEGO,UNINCORPORATED,-116.8303451538086,32.856651306152344
90934583,2019,2019-02-26,9680,2019-02-14,0445,019384,NA,4,3,5,3781,0,1,3,NA,2,016,SR-67 NORTHBOUND,RIVERFORD ROAD,2460,S,N,B,C,Y,NA,NA,67,NA,NA,NA,NA,NA,N,Y,4,0,1,1,A,-,03,22350,NA,N,E,I,A,A,H,-,D,D,0,NA,NA,NA,NA,Y,NA,A,01,0,0,1,0,0,0,0,0,0,-,-,32.84992980957031,-116.95256805419922,SAN DIEGO,SANTEE,-116.95254516601563,32.84989929199219
90934595,2019,2019-02-26,9680,2019-02-14,1020,015733,NA,4,1,9,3700,0,1,3,NA,2,028,SR-125 S/B,GROSSMONT BLVD,2112,S,N,B,C,Y,NA,NA,125,NA,NA,NA,NA,NA,S,Y,4,0,2,2,A,-,07,21658,A,N,E,I,A,B,H,-,A,D,0,NA,NA,NA,NA,Y,NA,A,01,0,0,2,0,0,0,0,0,0,-,-,32.76670837402344,-117.0023193359375,SAN DIEGO,UNINCORPORATED,-117.00235748291016,32.76670837402344
90935283,2019,2019-02-27,9680,2019-02-16,0719,016181,NA,6,1,5,3705,0,1,3,NA,2,016,SR-67 S/B TO I-8 W/B,FLETCHER PARKWAY,1056,S,N,A,-,Y,NA,NA,67,NA,NA,NA,R,NA,S,Y,4,0,1,1,A,-,03,22350,NA,N,E,I,A,B,H,-,A,D,0,NA,NA,NA,NA,Y,NA,A,07,0,0,1,0,0,0,0,0,0,-,-,32.804691314697266,-116.96278381347656,SAN DIEGO,EL CAJON,-116.96278381347656,32.804691314697266
90937563,2019,2019-03-01,9680,2019-02-19,1117,013686,NA,2,1,9,3700,0,3,5,NA,2,001,MAPLEVIEW ST.,SR-67 S/B,270,W,N,A,-,N,NA,NA,NA,NA,NA,NA,NA,NA,NA,Y,4,0,2,2,D,-,00,NA,NA,N,D,C,A,A,H,-,A,D,0,NA,NA,NA,NA,Y,NA,-,-,0,0,2,0,0,0,0,0,0,-,-,32.86267852783203,-116.92404174804688,SAN DIEGO,UNINCORPORATED,-116.92404174804688,32.86267852783203
90938173,2019,2019-03-04,9645,2019-02-22,1618,019496,NA,5,2,7,3711,0,1,1,NA,2,015,I-805 S/B,SORRENTO VALLEY RD.,1320,N,N,A,-,Y,NA,NA,NA,NA,NA,NA,NA,NA,NA,Y,4,0,1,2,A,-,03,22350,NA,N,C,C,A,A,H,-,A,D,0,NA,NA,NA,NA,Y,NA,A,01,0,0,1,0,0,0,0,0,0,-,-,32.91225814819336,-117.22947692871094,SAN DIEGO,SAN DIEGO,-117.2229461669922,32.90349197387695
90941136,2019,2019-03-06,9645,2019-02-25,0735,019054,NA,1,1,7,3711,0,1,1,NA,2,003,I-5 N/B,SAMPSON STREET O/C,40,N,N,A,-,Y,NA,NA,5,NA,NA,NA,NA,NA,N,Y,4,0,1,2,A,-,07,21658,A,N,B,C,A,A,H,-,A,D,0,NA,NA,Y,NA,Y,NA,A,01,0,0,1,0,0,0,0,0,1,-,-,32.69889831542969,-117.1391830444336,SAN DIEGO,SAN DIEGO,-117.13917541503906,32.698909759521484
90941722,2019,2019-03-07,9680,2019-02-25,2100,021772,NA,1,2,9,3700,0,1,3,NA,1,024,SR-94,JAMACHA BOULEVARD,0,NA,Y,A,-,Y,NA,NA,94,NA,NA,NA,NA,NA,NA,Y,4,0,2,2,A,-,09,21453,C,N,A,C,A,A,H,-,C,A,0,NA,NA,NA,NA,Y,NA,A,01,0,0,2,0,0,0,0,0,0,-,-,32.73994064331055,-116.95157623291016,SAN DIEGO,UNINCORPORATED,-116.95159149169922,32.73992156982422
90941755,2019,2019-03-07,9645,2019-02-24,1707,017392,NA,7,2,7,3711,0,1,1,NA,2,007,I-5 NORTHBOUND FROM VIA DE LA VALLE,VIA DE LA VALLE,36,N,N,A,-,Y,NA,NA,5,NA,NA,NA,R,NA,N,Y,2,0,1,2,A,-,10,21950,A,N,G,B,B,A,H,-,A,A,0,Y,NA,NA,NA,Y,NA,A,01,1,0,0,0,1,0,0,0,0,-,-,32.980499267578125,-117.25170135498048,SAN DIEGO,SAN DIEGO,-117.25170135498048,32.980499267578125
90943771,2019,2019-03-11,9650,2019-02-27,0605,015446,NA,3,1,6,3706,0,1,3,NA,2,019,SR-78 EASTBOUND,NORTH CENTRE CITY PARKWAY U/C,15,W,N,A,-,Y,NA,NA,78,NA,NA,NA,NA,NA,E,Y,3,0,1,1,A,-,08,22107,NA,N,E,I,A,A,H,-,A,D,0,NA,NA,NA,NA,Y,NA,D,22,0,1,0,0,0,0,0,0,0,-,-,33.130489349365234,-117.09298706054688,SAN DIEGO,ESCONDIDO,-117.09300994873048,33.13056182861328
90945652,2019,2019-03-13,9680,2019-03-03,0848,019998,NA,7,1,9,3700,0,2,4,NA,1,029,KENWOOD DR,CAMPO RD,0,NA,Y,B,-,N,NA,NA,NA,NA,NA,NA,NA,NA,NA,Y,3,0,1,2,A,-,09,21802,A,N,D,C,A,B,H,-,A,A,0,NA,NA,NA,NA,Y,NA,A,01,0,1,0,0,0,0,0,0,0,-,-,32.752689361572266,-117.00800323486328,SAN DIEGO,UNINCORPORATED,-117.00794982910156,32.75271987915039
90945692,2019,2019-03-13,9650,2019-03-02,1630,021154,NA,6,2,6,3710,0,1,3,NA,2,015,SR-78 E/B,COLLEGE BLVD,4000,W,N,B,-,Y,NA,NA,78,NA,NA,NA,NA,NA,E,Y,3,0,1,2,A,-,03,22350,NA,N,B,C,A,B,H,-,A,D,0,NA,NA,NA,NA,Y,NA,A,01,0,1,0,0,0,0,0,0,0,-,-,33.17995071411133,-117.3093719482422,SAN DIEGO,OCEANSIDE,-117.30935668945313,33.17973709106445
9094677,2020,2020-08-10,3711,2020-05-03,1750,SD5813,NA,7,5,7,3711,0,0,0,NA,0,112,MOUNT ABBEY AV,MOUNT ACWORTH AV,0,NA,Y,A,-,N,NA,NA,NA,NA,NA,NA,NA,NA,NA,N,3,0,1,2,A,-,10,21950,A,N,A,G,B,A,H,-,A,-,0,Y,NA,NA,NA,Y,NA,A,01,0,1,0,0,1,0,0,0,0,-,-,NA,NA,SAN DIEGO,SAN DIEGO,-117.181755,32.806705
90947281,2019,2019-03-15,9645,2019-03-12,1720,020180,NA,2,2,7,3711,0,1,3,NA,2,014,SR-52 E/B,I-805,2640,E,N,A,-,Y,NA,NA,52,NA,NA,NA,NA,NA,E,Y,4,0,1,2,A,-,03,22350,NA,N,C,C,A,A,H,-,A,D,0,NA,NA,NA,NA,Y,NA,A,08,0,0,1,0,0,0,0,0,0,-,-,32.84025955200195,-117.16282653808594,SAN DIEGO,SAN DIEGO,-117.16278839111328,32.84031295776367
90947389,2019,2019-03-18,9650,2019-03-05,1418,021267,NA,2,2,5,3782,0,1,1,NA,2,007,I-5 S/B,SANTA FE DR,180,S,N,B,-,Y,NA,NA,5,NA,NA,NA,NA,NA,S,Y,4,0,3,3,A,-,03,22350,NA,F,C,C,A,A,H,-,A,D,0,NA,NA,NA,NA,Y,NA,A,01,0,0,3,0,0,0,0,0,0,-,-,33.03567886352539,-117.28115844726563,SAN DIEGO,ENCINITAS,-117.28119659423828,33.03565216064453
90947838,2019,2019-03-18,9645,2019-03-06,0434,020165,NA,3,3,7,3711,0,1,1,NA,2,001,INTERSTATE 5 S/B TO DAIRY MART ROAD,DAIRY MART ROAD,918,N,N,B,-,Y,NA,NA,5,NA,NA,NA,R,NA,S,Y,2,0,3,2,A,-,01,23152,A,N,C,C,A,B,H,-,C,D,0,NA,NA,NA,NA,Y,Y,A,01,1,2,0,0,0,0,0,0,0,-,-,32.55963897705078,-117.06504058837892,SAN DIEGO,SAN DIEGO,-117.06504058837892,32.55963897705078
90950299,2019,2019-04-09,9645,2019-03-11,2245,021873,NA,1,3,7,3711,0,1,3,NA,2,006,SR-94 W/B,HOME AVE,100,W,N,C,-,Y,NA,NA,94,NA,NA,NA,NA,NA,W,Y,3,0,1,1,A,-,03,22350,NA,N,F,A,A,B,H,-,C,D,0,NA,NA,NA,NA,Y,NA,A,01,0,1,0,0,0,0,0,0,0,-,-,32.718589782714844,-117.1108627319336,SAN DIEGO,SAN DIEGO,-117.1108169555664,32.71823501586914
90950511,2019,2019-03-21,9645,2019-03-11,0640,018987,NA,1,1,5,3709,0,1,1,NA,2,001,I-5 NORTHBOUND,SR-54,1000,N,N,B,-,Y,NA,NA,5,NA,NA,NA,NA,NA,N,Y,4,0,1,3,A,-,03,22350,NA,N,C,C,A,A,H,-,B,D,0,NA,NA,NA,NA,Y,NA,D,22,0,0,1,0,0,0,0,0,0,-,-,32.65475082397461,-117.10563659667967,SAN DIEGO,NATIONAL CITY,-117.10562133789063,32.65475845336914
90951387,2019,2019-03-22,9680,2019-03-12,0300,016694,NA,2,3,5,3705,0,1,3,NA,2,016,SR-67 S/B TO I-8 W/B,BROADWAY,800,S,N,B,C,Y,NA,NA,NA,NA,NA,NA,NA,NA,NA,Y,3,0,1,1,A,-,03,22350,NA,N,E,I,A,B,H,-,D,D,0,NA,NA,NA,NA,Y,NA,A,01,0,1,0,0,0,0,0,0,0,-,-,32.85026168823242,-116.9623565673828,SAN DIEGO,EL CAJON,NA,NA
90952644,2019,2019-03-25,9645,2019-03-07,1255,014625,NA,4,1,7,3711,0,1,1,NA,2,007,I-5 S/B TO LA JOLLA VILLAGE DR OFF-RAMP,LA JOLLA VILLAGE DR,1214,N,N,A,-,Y,NA,NA,5,NA,NA,NA,R,NA,S,Y,4,0,1,3,A,-,04,21703,NA,N,C,C,A,A,D,-,A,D,0,NA,NA,NA,NA,Y,NA,A,01,0,0,1,0,0,0,0,0,0,-,-,32.8754997253418,-117.22908020019533,SAN DIEGO,SAN DIEGO,-117.22908020019533,32.8754997253418
9095296,2020,2020-07-28,3700,2020-04-05,0050,SH0817,NA,7,5,5,3712,0,0,0,NA,0,350,MARCOS ST,RICHMAR AV,150,S,N,B,-,N,NA,NA,NA,NA,NA,NA,NA,NA,NA,N,4,0,1,2,D,-,00,NA,NA,N,G,B,E,A,H,-,D,D,0,Y,NA,NA,NA,Y,NA,-,-,0,0,1,0,1,0,0,0,0,-,-,NA,NA,SAN DIEGO,SAN MARCOS,-117.1701202392578,33.14502716064453
90953015,2019,2019-03-25,9650,2019-03-19,1717,016516,NA,2,2,9,3700,0,3,5,NA,2,006,DE LUZ RD,W. DOUGHERTY ST.,2112,N,N,B,-,N,NA,NA,NA,NA,NA,NA,NA,NA,NA,Y,3,0,1,1,A,-,08,22107,NA,N,F,A,A,A,H,-,A,D,0,NA,NA,Y,NA,Y,NA,C,02,0,1,0,0,0,0,0,0,1,-,-,33.393028259277344,-117.25274658203124,SAN DIEGO,UNINCORPORATED,-117.25279235839844,33.393043518066406
90953108,2019,2019-03-25,9680,2019-03-14,1624,021944,NA,4,2,9,3700,0,1,3,NA,1,040,SR-94,OTAY TRUCK TRAIL,1584,E,N,A,-,Y,NA,NA,94,NA,NA,NA,NA,NA,NA,Y,4,0,1,1,A,-,01,23152,A,N,E,I,A,A,H,-,A,D,0,NA,NA,NA,NA,Y,Y,A,01,0,0,1,0,0,0,0,0,0,-,-,32.6534309387207,-116.80206298828124,SAN DIEGO,UNINCORPORATED,-116.80209350585938,32.65330505371094
90953131,2019,2019-03-25,9650,2019-03-13,1537,021154,NA,3,2,9,3700,0,3,5,NA,2,170,S. SANTA FE AVE. (2200 BLOCK),AZALEA DR,306,N,N,A,-,N,NA,NA,NA,NA,NA,NA,NA,NA,NA,Y,3,0,1,2,A,-,03,22350,NA,N,C,C,A,A,H,-,A,D,0,NA,NA,Y,NA,Y,NA,C,02,0,1,0,0,0,0,0,0,1,-,-,33.16893005371094,-117.20623779296876,SAN DIEGO,UNINCORPORATED,-117.2062759399414,33.16889190673828
90953451,2019,2019-07-02,9650,2019-03-18,1035,021327,NA,1,1,9,3700,0,3,5,NA,2,211,WOODS VALLEY RD,AUGUSTA DR,1415,E,N,A,-,N,NA,NA,NA,NA,NA,NA,NA,NA,NA,Y,3,0,1,2,A,-,08,22107,NA,N,B,C,A,A,H,-,A,D,0,NA,NA,NA,NA,Y,NA,A,01,0,1,0,0,0,0,0,0,0,-,-,33.20528030395508,-117.01194763183594,SAN DIEGO,UNINCORPORATED,-117.01204681396484,33.20524215698242
90953523,2019,2019-03-26,9650,2019-03-19,1600,021267,NA,2,2,9,3700,0,3,5,NA,2,170,SOUTH SANTA FE AVE,ROBELINI DR,215,N,N,A,-,N,NA,NA,NA,NA,NA,NA,NA,NA,NA,Y,4,0,2,2,A,-,09,21804,A,N,D,C,A,A,H,-,A,D,0,NA,NA,NA,NA,Y,NA,A,01,0,0,2,0,0,0,0,0,0,-,-,33.17414855957031,-117.2100067138672,SAN DIEGO,UNINCORPORATED,-117.2099838256836,33.17411422729492
90953532,2019,2019-03-26,9645,2019-03-14,1855,019678,NA,4,2,7,3711,0,1,1,NA,2,011,I-805 S/B,UNIVERSITY AVE.,10,S,N,A,-,Y,NA,NA,805,NA,NA,NA,NA,NA,S,Y,3,0,1,2,A,-,03,22350,NA,N,C,C,A,A,H,-,B,D,0,NA,NA,NA,NA,Y,NA,A,01,0,1,0,0,0,0,0,0,0,-,-,32.748531341552734,-117.12246704101563,SAN DIEGO,SAN DIEGO,-117.12245941162108,32.74853515625
90955273,2019,2019-03-28,9645,2019-03-18,1115,013784,NA,1,1,7,3711,0,1,1,NA,2,007,I-5 N/B,CARMEL MOUNTAIN ROAD,1533,S,N,A,-,Y,NA,NA,5,NA,NA,NA,NA,NA,N,Y,3,0,1,1,A,-,08,22107,NA,N,E,I,A,A,H,-,A,D,0,NA,NA,NA,NA,Y,NA,A,07,0,1,0,0,0,0,0,0,0,-,-,32.915138244628906,-117.23040771484376,SAN DIEGO,SAN DIEGO,-117.23054504394533,32.915008544921875
90957333,2019,2019-03-29,9645,2019-03-07,0755,017723,NA,4,1,6,3702,0,1,1,NA,2,001,I-5 N/B,E ST.,2640,N,N,A,-,Y,NA,NA,5,NA,NA,NA,NA,NA,N,N,4,0,1,2,A,-,03,22350,NA,N,B,C,A,A,H,-,A,D,0,NA,NA,Y,NA,Y,NA,C,02,0,0,1,0,0,0,0,0,1,-,-,32.647098541259766,-117.10250091552734,SAN DIEGO,CHULA VISTA,-117.10248565673828,32.64710235595703
90957952,2019,2019-04-01,9650,2019-03-26,1205,019549,NA,2,1,9,3700,0,1,3,NA,2,025,SR-78 (SAN PASQUAL VALLEY RD.),CITRUS AVE.,0,NA,Y,A,-,N,NA,NA,78,NA,NA,NA,NA,NA,NA,Y,3,0,2,2,A,-,09,21802,A,N,D,C,A,A,H,-,A,D,0,NA,NA,NA,NA,Y,NA,A,01,0,1,1,0,0,0,0,0,0,-,-,33.109100341796875,-117.04884338378906,SAN DIEGO,UNINCORPORATED,-117.04885864257813,33.10902404785156
90958957,2019,2019-04-02,9645,2019-03-12,0423,020301,NA,2,3,7,3711,0,1,1,NA,2,005,I-5 N/B,OLD TOWN AVE,500,N,N,C,-,Y,NA,NA,5,NA,NA,NA,NA,NA,N,Y,3,0,1,1,A,-,03,22350,NA,N,E,I,A,B,H,-,C,C,0,NA,NA,NA,NA,Y,NA,A,01,0,1,0,0,0,0,0,0,0,-,-,32.7522087097168,-117.19806671142578,SAN DIEGO,SAN DIEGO,-117.19802856445313,32.75225067138672
90959590,2019,2019-04-02,9645,2019-03-21,1555,015790,NA,4,2,7,3711,0,1,3,NA,2,023,SR-163 (NB),KEARNY VILLA ROAD (O/C),120,N,N,B,C,Y,NA,NA,NA,NA,NA,NA,NA,NA,NA,Y,3,0,1,4,A,-,03,22350,NA,N,C,C,A,A,H,-,A,D,0,NA,NA,NA,NA,Y,NA,D,22,0,1,0,0,0,0,0,0,0,-,-,33.02185821533203,-117.27313995361328,SAN DIEGO,SAN DIEGO,-117.11882781982422,32.85490417480469
90959816,2019,2019-04-03,9645,2019-03-22,1506,019678,NA,5,2,7,3711,0,1,1,NA,2,009,I-805 S/B,PALM AVE.,135,N,N,A,-,Y,NA,NA,805,NA,NA,NA,NA,NA,S,Y,3,0,1,2,A,-,03,22350,NA,N,C,C,A,A,H,-,A,D,0,NA,NA,NA,Y,Y,NA,A,01,0,1,0,0,0,0,0,0,0,-,-,32.584251403808594,-117.03701019287108,SAN DIEGO,SAN DIEGO,-117.03705596923828,32.584259033203125
9096008,2020,2020-07-22,3711,2020-04-30,2045,SD4576,NA,4,5,7,3711,0,0,0,NA,0,322,MISSION GORGE RD,KATELYN CT,413,E,N,B,-,N,NA,NA,NA,NA,NA,NA,NA,NA,NA,Y,2,0,2,2,A,-,04,21703,NA,N,C,C,A,A,H,-,D,D,0,NA,NA,NA,NA,Y,Y,-,NA,1,0,1,0,0,0,0,0,0,-,-,NA,NA,SAN DIEGO,SAN DIEGO,-117.08379364013672,32.80461502075195