CASE_ID,ACCIDENT_YEAR,PROC_DATE,JURIS,COLLISION_DATE,COLLISION_TIME,OFFICER_ID,REPORTING_DISTRICT,DAY_OF_WEEK,CHP_SHIFT,POPULATION,CNTY_CITY_LOC,SPECIAL_COND,BEAT_TYPE,CHP_BEAT_TYPE,CITY_DIVISION_LAPD,CHP_BEAT_CLASS,BEAT_NUMBER,PRIMARY_RD,SECONDARY_RD,DISTANCE,DIRECTION,INTERSECTION,WEATHER_1,WEATHER_2,STATE_HWY_IND,CALTRANS_COUNTY,CALTRANS_DISTRICT,STATE_ROUTE,ROUTE_SUFFIX,POSTMILE_PREFIX,POSTMILE,LOCATION_TYPE,RAMP_INTERSECTION,SIDE_OF_HWY,TOW_AWAY,COLLISION_SEVERITY,NUMBER_KILLED,NUMBER_INJURED,PARTY_COUNT,PRIMARY_COLL_FACTOR,PCF_CODE_OF_VIOL,PCF_VIOL_CATEGORY,PCF_VIOLATION,PCF_VIOL_SUBSECTION,HIT_AND_RUN,TYPE_OF_COLLISION,MVIW,PED_ACTION,ROAD_SURFACE,ROAD_COND_1,ROAD_COND_2,LIGHTING,CONTROL_DEVICE,CHP_ROAD_TYPE,PEDESTRIAN_ACCIDENT,BICYCLE_ACCIDENT,MOTORCYCLE_ACCIDENT,TRUCK_ACCIDENT,NOT_PRIVATE_PROPERTY,ALCOHOL_INVOLVED,STWD_VEHTYPE_AT_FAULT,CHP_VEHTYPE_AT_FAULT,COUNT_SEVERE_INJ,COUNT_VISIBLE_INJ,COUNT_COMPLAINT_PAIN,COUNT_PED_KILLED,COUNT_PED_INJURED,COUNT_BICYCLIST_KILLED,COUNT_BICYCLIST_INJURED,COUNT_MC_KILLED,COUNT_MC_INJURED,PRIMARY_RAMP,SECONDARY_RAMP,LATITUDE,LONGITUDE,COUNTY,CITY,POINT_X,POINT_Y
91049557,2019,2019-08-12,9645,2019-07-30,1706,016864,NA,2,2,7,3711,0,1,1,NA,2,015,I-805 S/B,SR-52,2112,S,N,A,-,Y,NA,NA,805,NA,NA,NA,NA,NA,S,Y,4,0,1,3,A,-,03,22350,NA,N,C,C,A,A,H,-,A,D,0,NA,NA,NA,NA,Y,NA,A,01,0,0,1,0,0,0,0,0,0,-,-,32.84346008300781,-117.17591857910156,SAN DIEGO,SAN DIEGO,-117.17583465576172,32.84351348876953
91049908,2019,2019-08-12,9680,2019-07-26,1800,021944,NA,5,2,9,3700,0,3,5,NA,2,002,DOLORES ST,BARCELONA ST,0,NA,Y,A,-,N,NA,NA,NA,NA,NA,NA,NA,NA,NA,Y,3,0,2,3,A,-,01,23152,A,N,D,C,A,A,H,-,A,A,0,NA,NA,NA,NA,Y,Y,A,01,0,1,1,0,0,0,0,0,0,-,-,32.7470817565918,-116.98185729980467,SAN DIEGO,UNINCORPORATED,-116.98182678222656,32.74702835083008
91051319,2019,2019-08-13,9645,2019-08-01,1840,017104,NA,4,2,7,3711,0,1,1,NA,2,017,I-15 S/B (ESCONDIDO FREEWAY),SR-52,1500,N,N,A,-,Y,NA,NA,NA,NA,NA,NA,NA,NA,NA,Y,4,0,1,2,A,-,03,22350,NA,N,C,C,A,A,H,-,A,D,0,NA,NA,NA,NA,Y,NA,A,01,0,0,1,0,0,0,0,0,0,-,-,32.504398345947266,-117.0706024169922,SAN DIEGO,SAN DIEGO,-117.12075805664063,32.84209060668945
91052343,2019,2019-08-14,9680,2019-08-04,0940,017996,NA,7,1,9,3700,0,2,4,NA,1,025,VALENCIA ST,SWEETWATER RD,0,NA,Y,A,-,N,NA,NA,NA,NA,NA,NA,NA,NA,NA,Y,2,0,1,2,A,-,09,21802,A,N,D,C,A,A,H,-,A,A,0,NA,NA,Y,NA,Y,NA,A,07,1,0,0,0,0,0,0,0,1,-,-,32.73469924926758,-117.01439666748048,SAN DIEGO,UNINCORPORATED,-117.01448822021484,32.73461151123047
9105297,2020,2020-07-31,3700,2020-04-12,1727,0013,NA,7,5,4,3780,0,0,0,NA,0,410,COMMUNITY RD,KETRON AV,0,NA,Y,B,-,N,NA,NA,NA,NA,NA,NA,NA,NA,NA,Y,4,0,1,2,A,-,08,22107,NA,N,C,C,A,A,H,-,A,D,0,NA,NA,NA,NA,Y,NA,A,01,0,0,1,0,0,0,0,0,0,-,-,NA,NA,SAN DIEGO,POWAY,-117.04051971435548,32.96281814575195
91053455,2019,2019-08-16,9645,2019-08-06,1109,017473,NA,2,1,7,3711,0,1,3,NA,2,006,SR-94 E/B,47TH ST.,400,W,N,A,-,Y,NA,NA,94,NA,NA,NA,NA,NA,E,Y,3,0,3,2,A,-,03,22350,NA,N,C,C,A,A,H,-,A,D,0,NA,NA,NA,NA,Y,NA,A,01,0,3,0,0,0,0,0,0,0,-,-,32.71870040893555,-117.09483337402344,SAN DIEGO,SAN DIEGO,-117.09488677978516,32.71855926513672
91055554,2019,2019-08-20,9645,2019-08-08,0530,015698,NA,4,3,7,3711,0,1,1,NA,2,003,I-5 NB,SR-75 CORONADO BAY BRIDGE,400,S,N,A,-,Y,NA,NA,5,NA,NA,NA,NA,NA,N,Y,3,0,1,2,A,-,03,22350,NA,N,C,C,A,A,H,-,A,D,0,NA,NA,NA,NA,Y,NA,A,01,0,1,0,0,0,0,0,0,0,-,-,32.70003890991211,-117.14044189453124,SAN DIEGO,SAN DIEGO,-117.14055633544922,32.69987487792969
91055871,2019,2019-08-20,9680,2019-08-09,1020,013686,NA,5,1,5,3705,0,1,1,NA,2,082,I-8 W/B,MOLLISON AVE.,1056,E,N,A,-,Y,NA,NA,8,NA,NA,NA,NA,NA,W,Y,4,0,1,2,A,-,03,22350,NA,N,F,A,A,A,H,-,A,D,0,NA,NA,NA,Y,Y,NA,F,27,0,0,1,0,0,0,0,0,0,-,-,32.80326843261719,-116.94702911376952,SAN DIEGO,EL CAJON,-116.94702911376952,32.80315017700195
91055911,2019,2019-08-20,9650,2019-08-19,1720,017780,NA,1,2,9,3700,0,3,5,NA,2,070,LA GRANADA,MIMOSA PL,0,NA,Y,A,-,N,NA,NA,NA,NA,NA,NA,NA,NA,NA,Y,4,0,2,2,A,-,03,22350,NA,N,C,C,A,A,H,-,A,A,0,NA,NA,NA,NA,Y,NA,A,01,0,0,2,0,0,0,0,0,0,-,-,33.022010803222656,-117.20945739746094,SAN DIEGO,UNINCORPORATED,-117.20953369140624,33.02199172973633
91057117,2019,2019-08-22,9645,2019-07-14,1635,021263,NA,7,2,7,3711,0,1,1,NA,2,010,INTERSTATE 8 WESTBOUND,TEXAS STREET,700,E,N,A,-,Y,NA,NA,8,NA,NA,NA,NA,NA,W,Y,3,0,2,2,A,-,03,22350,NA,N,C,C,A,A,H,-,A,D,0,NA,NA,NA,NA,Y,NA,A,01,0,1,1,0,0,0,0,0,0,-,-,32.770931243896484,-117.1360092163086,SAN DIEGO,SAN DIEGO,-117.13601684570313,32.77094268798828
91057510,2019,2019-08-22,9645,2019-08-12,2125,021077,NA,1,2,7,3711,0,1,3,NA,2,006,SR-94 W/B,FEDERAL BOULEVARD,430,E,N,A,-,Y,NA,NA,94,NA,NA,NA,NA,NA,W,Y,3,0,1,1,A,-,08,22107,NA,N,E,I,A,A,H,-,C,D,0,NA,NA,NA,NA,Y,NA,A,01,0,1,0,0,0,0,0,0,0,-,-,32.72774887084961,-117.0700225830078,SAN DIEGO,SAN DIEGO,-117.07005310058594,32.72783279418945
91057700,2019,2019-08-22,9680,2019-08-13,1630,021584,NA,2,2,9,3700,0,1,3,NA,1,052,STATE ROUTE 78,STATE ROUTE 79,3696,W,N,A,-,Y,NA,NA,78,NA,NA,NA,NA,NA,NA,Y,4,0,1,1,A,-,08,22107,NA,N,E,I,A,A,H,-,A,D,0,NA,NA,NA,NA,Y,NA,A,01,0,0,1,0,0,0,0,0,0,-,-,33.10538864135742,-116.68682098388672,SAN DIEGO,UNINCORPORATED,-116.68682861328124,33.10543441772461
91058716,2019,2019-08-26,9650,2019-08-23,1420,020673,NA,5,2,9,3700,0,1,1,NA,2,021,I-15 NORTHBOUND,SR-76,1850,S,N,A,-,Y,NA,NA,NA,NA,NA,NA,NA,NA,NA,N,4,0,1,2,A,-,03,22350,NA,F,C,C,A,A,H,-,A,D,0,NA,NA,NA,NA,Y,NA,A,01,0,0,1,0,0,0,0,0,0,-,-,33.19327163696289,-117.09308624267578,SAN DIEGO,UNINCORPORATED,-117.15869903564452,33.32622528076172
91060603,2019,2019-08-27,9650,2019-08-27,0510,013636,NA,2,3,5,3782,0,1,1,NA,2,007,I-5 N/B,LA COSTA AVE,1320,S,N,A,-,Y,NA,NA,5,NA,NA,NA,NA,NA,N,Y,4,0,1,2,A,-,03,22350,NA,F,C,C,A,A,D,-,C,D,0,NA,NA,NA,NA,Y,NA,A,01,0,0,1,0,0,0,0,0,0,-,-,33.081790924072266,-117.29696655273438,SAN DIEGO,ENCINITAS,-117.29712677001952,33.08174514770508
91060613,2019,2019-08-27,9650,2019-08-27,0745,013636,NA,2,1,9,3700,0,3,5,NA,2,070,VIA DE LA VALLE,VIA DE SANTA FE,20,W,N,A,-,N,NA,NA,NA,NA,NA,NA,NA,NA,NA,N,2,0,1,1,A,-,03,22350,NA,N,F,A,A,A,H,-,A,D,0,NA,Y,NA,NA,Y,NA,L,04,1,0,0,0,0,0,1,0,0,-,-,33.014991760253906,-117.19930267333984,SAN DIEGO,UNINCORPORATED,-117.19927215576172,33.01530838012695
91061076,2019,2019-08-28,9645,2019-08-16,1320,021873,NA,5,1,7,3711,0,1,1,NA,2,003,I-5 N/B,GRAPE ST,1584,S,N,A,-,Y,NA,NA,5,NA,NA,NA,NA,NA,N,Y,4,0,1,2,A,-,03,22350,NA,N,C,C,A,A,H,-,A,D,0,NA,NA,NA,NA,Y,NA,A,01,0,0,1,0,0,0,0,0,0,-,-,32.72291946411133,-117.16249084472656,SAN DIEGO,SAN DIEGO,-117.16249084472656,32.72289276123047
91061943,2019,2019-08-28,9680,2019-08-18,0850,022233,NA,7,1,9,3700,0,1,3,NA,1,040,SR-94,LITTLE TECATE RD,760,E,N,A,-,Y,NA,NA,94,NA,NA,NA,NA,NA,NA,Y,2,0,2,2,A,-,03,22350,NA,N,C,C,A,A,H,-,A,D,0,NA,NA,Y,NA,Y,NA,C,02,1,0,1,0,0,0,0,0,2,-,-,32.61668014526367,-116.73491668701172,SAN DIEGO,UNINCORPORATED,-116.73493194580078,32.61674499511719
91062377,2019,2019-10-11,9645,2019-08-19,1844,017667,NA,1,2,7,3711,0,1,1,NA,2,021,I-15 S/B,I-8,100,N,N,A,-,Y,NA,NA,15,NA,NA,NA,NA,NA,S,Y,4,0,2,3,A,-,03,22350,NA,N,C,C,A,A,H,-,A,D,0,NA,NA,NA,NA,Y,NA,A,01,0,0,2,0,0,0,0,0,0,-,-,32.78548049926758,-117.11450958251952,SAN DIEGO,SAN DIEGO,-117.11475372314452,32.785457611083984
91062523,2019,2019-08-29,9645,2019-08-03,0109,021338,NA,6,3,7,3711,0,1,1,NA,2,009,I-805 N/B,SR-905,2640,N,N,A,-,Y,NA,NA,805,NA,NA,NA,NA,NA,N,N,4,0,2,2,A,-,08,22107,NA,M,B,C,A,A,H,-,D,D,0,NA,NA,NA,NA,Y,NA,-,99,0,0,2,0,0,0,0,0,0,-,-,32.5755500793457,-117.03872680664063,SAN DIEGO,SAN DIEGO,-117.03878784179688,32.5755615234375
91064422,2019,2019-08-30,9645,2019-07-28,1358,021268,NA,7,1,7,3711,0,1,3,NA,2,023,SR-163 N/B,I-8,280,N,N,A,-,Y,NA,NA,NA,NA,NA,NA,NA,NA,NA,Y,3,0,2,1,A,-,08,22107,NA,N,E,I,A,A,H,-,A,D,0,NA,NA,NA,NA,Y,Y,A,01,0,2,0,0,0,0,0,0,0,-,-,32.76359939575195,-117.16130065917967,SAN DIEGO,SAN DIEGO,-117.16314697265624,32.76344299316406
91064658,2019,2019-08-30,9680,2019-08-20,1705,018801,NA,2,2,5,3708,0,1,3,NA,2,028,SR-125 S/B,MERRITT BLVD O/C,350,S,N,A,-,Y,NA,NA,125,NA,NA,NA,NA,NA,S,Y,4,0,2,4,A,-,03,22350,NA,N,C,C,A,A,H,-,A,D,0,NA,NA,NA,NA,Y,NA,A,01,0,0,2,0,0,0,0,0,0,-,-,32.75897979736328,-117.00524139404295,SAN DIEGO,LA MESA,-117.00521087646484,32.75893783569336
91066893,2019,2019-09-04,9645,2019-08-23,0730,018223,NA,5,1,7,3711,0,1,1,NA,2,010,I-8 WB,WARING RD,100,W,N,A,-,Y,NA,NA,8,NA,NA,NA,NA,NA,W,Y,3,0,1,2,A,-,03,22350,NA,N,C,C,A,A,H,-,A,D,0,NA,NA,Y,NA,Y,NA,C,02,0,1,0,0,0,0,0,0,1,-,-,32.78097915649414,-117.08822631835938,SAN DIEGO,SAN DIEGO,-117.08823394775392,32.78104782104492
91067366,2019,2019-09-04,9680,2019-08-22,2230,021839,NA,4,3,9,3700,0,2,4,NA,1,020,FUERTE DR,CALAVO DR,192,W,N,A,-,N,NA,NA,NA,NA,NA,NA,NA,NA,NA,Y,3,0,1,1,A,-,01,23152,F,N,E,I,A,A,H,-,D,D,0,NA,NA,NA,NA,Y,NA,A,01,0,1,0,0,0,0,0,0,0,-,-,32.76523971557617,-116.96540069580078,SAN DIEGO,UNINCORPORATED,-116.96531677246094,32.7652587890625
91067840,2019,2019-09-05,9645,2019-08-25,1720,020479,NA,7,2,7,3711,0,1,1,NA,2,007,I-5 S/B,CALL BOX 5-0285,259,N,N,A,-,Y,NA,NA,5,NA,NA,NA,NA,NA,S,Y,3,0,2,1,A,-,08,22107,NA,N,E,I,A,A,H,-,A,D,0,NA,NA,NA,NA,Y,NA,A,01,0,1,1,0,0,0,0,0,0,-,-,32.87493896484375,-117.22918701171876,SAN DIEGO,SAN DIEGO,-117.22908020019533,32.87492752075195
91068082,2019,2019-09-05,9645,2019-08-24,1240,017723,NA,6,1,7,3711,0,1,1,NA,2,021,SR-15 S/B,SR-94,1584,N,N,A,-,Y,NA,NA,15,NA,NA,NA,NA,NA,S,Y,4,0,1,2,A,-,07,21658,A,N,B,C,A,A,H,-,A,D,0,NA,NA,NA,NA,Y,NA,A,07,0,0,1,0,0,0,0,0,0,-,-,32.72200012207031,-117.11630249023438,SAN DIEGO,SAN DIEGO,-117.11635589599608,32.72203826904297
91069254,2019,2019-09-06,9645,2019-08-21,0230,021772,NA,3,3,7,3711,0,1,1,NA,2,005,I-5 S/B TO I-8 E/B,FRIARS ROAD,360,S,N,A,-,Y,NA,NA,5,NA,NA,NA,R,NA,S,Y,4,0,1,1,A,-,01,23152,A,N,E,I,A,A,H,-,C,D,0,NA,NA,NA,NA,Y,Y,A,01,0,0,1,0,0,0,0,0,0,-,-,32.7611198425293,-117.20513153076172,SAN DIEGO,SAN DIEGO,-117.20513153076172,32.7611198425293
91071413,2019,2019-09-10,9680,2019-08-29,0030,018979,NA,4,3,9,3700,0,2,4,NA,1,010,WOODSIDE AVE,RIVERFORD RD,528,E,N,A,-,N,NA,NA,NA,NA,NA,NA,NA,NA,NA,Y,3,0,1,1,A,-,01,23152,A,N,F,A,A,A,H,-,C,D,0,NA,NA,Y,NA,Y,Y,C,02,0,1,0,0,0,0,0,0,1,-,-,32.854801177978516,-116.94473266601563,SAN DIEGO,UNINCORPORATED,-116.9450454711914,32.85465621948242
91074088,2019,2019-09-13,9650,2019-09-07,1415,019594,NA,6,2,6,3706,0,1,1,NA,2,023,I-15 S/B,9TH AVE,92,N,N,A,-,Y,NA,NA,15,NA,NA,NA,NA,NA,S,N,4,0,1,2,A,-,03,22350,NA,F,C,C,A,A,H,-,A,D,0,NA,NA,NA,NA,Y,NA,-,99,0,0,1,0,0,0,0,0,0,-,-,33.10877990722656,-117.09544372558594,SAN DIEGO,ESCONDIDO,-117.09530639648438,33.108856201171875
91075454,2019,2019-09-16,9645,2019-08-21,1833,021268,NA,3,2,7,3711,0,1,1,NA,2,021,I-15 N/B,AERO DRIVE,528,S,N,A,-,Y,NA,NA,15,NA,NA,NA,NA,NA,N,Y,4,0,1,2,A,-,08,22107,NA,F,B,A,A,A,H,-,A,D,0,NA,NA,NA,NA,Y,NA,-,99,0,0,1,0,0,0,0,0,0,-,-,32.80590057373047,-117.11319732666016,SAN DIEGO,SAN DIEGO,-117.11325073242188,32.80588912963867
91075631,2019,2019-09-16,9680,2019-09-05,2220,015733,NA,4,3,9,3700,0,1,3,NA,1,090,SR-67,HOPE ST,885,S,N,A,-,Y,NA,NA,67,NA,NA,NA,NA,NA,NA,Y,3,0,1,1,A,-,01,23152,A,N,E,I,A,A,H,-,D,D,0,NA,NA,NA,NA,Y,Y,A,01,0,1,0,0,0,0,0,0,0,-,-,33.02159118652344,-116.8979721069336,SAN DIEGO,UNINCORPORATED,-116.89791870117188,33.021522521972656
91076426,2019,2019-10-01,9645,2019-08-03,1355,021772,NA,6,1,7,3711,0,1,1,NA,2,010,I-8 E/B,COLLEGE AVE.,370,W,N,A,-,Y,NA,NA,8,NA,NA,NA,NA,NA,E,Y,4,0,1,4,A,-,08,22107,NA,F,C,C,A,A,H,-,A,D,0,NA,NA,NA,NA,Y,NA,-,99,0,0,1,0,0,0,0,0,0,-,-,32.77915954589844,-117.06999969482422,SAN DIEGO,SAN DIEGO,-117.06999969482422,32.77916717529297
91078381,2019,2019-09-19,9645,2019-09-10,1632,020992,NA,2,2,7,3711,0,1,1,NA,2,017,I-15 SOUTHBOUND,SR-163,200,N,N,A,-,Y,NA,NA,NA,NA,NA,NA,NA,NA,NA,Y,3,0,2,2,A,-,03,22350,NA,N,C,C,A,A,H,-,A,D,0,NA,NA,NA,NA,Y,NA,A,01,0,1,1,0,0,0,0,0,0,-,-,32.656761169433594,-117.5764617919922,SAN DIEGO,SAN DIEGO,-117.1088409423828,32.8671760559082
91078534,2019,2019-09-19,9650,2019-09-16,2035,017780,NA,1,2,5,3701,0,1,1,NA,2,005,I-5 N/B,PALOMAR AIRPORT RD,5280,S,N,A,-,Y,NA,NA,5,NA,NA,NA,NA,NA,N,Y,3,0,4,4,A,-,01,23152,A,N,C,C,A,A,D,-,C,D,0,NA,NA,NA,NA,Y,Y,A,07,0,2,2,0,0,0,0,0,0,-,-,33.11360168457031,-117.31681060791016,SAN DIEGO,CARLSBAD,-117.31681060791016,33.11359786987305
9107989,2022,2022-12-05,3711,2022-10-11,1803,SD7185,NA,2,5,7,3711,0,0,0,NA,0,611,TAYLOR ST,MORENA BL,0,NA,Y,A,-,N,NA,NA,NA,NA,NA,NA,NA,NA,NA,N,3,0,1,2,A,-,08,22107,NA,N,C,G,A,B,H,-,B,A,0,NA,Y,NA,NA,Y,NA,J,48,0,1,0,0,0,0,1,0,0,-,-,NA,NA,SAN DIEGO,SAN DIEGO,-117.19725036621094,32.75836944580078
91079946,2019,2019-09-23,9650,2019-09-16,2000,018294,NA,1,2,9,3700,0,1,3,NA,1,028,SR-76,MAGEE RD,7392,E,N,A,-,Y,NA,NA,76,NA,NA,NA,NA,NA,NA,Y,3,0,3,2,A,-,08,22107,NA,N,D,C,A,A,H,-,D,D,0,NA,NA,NA,NA,Y,NA,D,22,0,3,0,0,0,0,0,0,0,-,-,33.355491638183594,-117.03527069091795,SAN DIEGO,UNINCORPORATED,-117.03527069091795,33.35554122924805
91080844,2019,2019-09-23,9680,2019-06-09,0343,019555,NA,7,3,5,3705,0,1,3,NA,2,016,STATE ROUTE 67 S/B TO MAGNOLIA AVENUE,BROADWAY UNDERCROSS,87,N,N,A,-,Y,NA,NA,67,NA,NA,NA,R,NA,S,N,1,1,0,2,A,-,11,21954,A,N,G,B,E,A,H,-,D,D,0,Y,NA,NA,NA,Y,NA,N,60,0,0,0,1,0,0,0,0,0,-,-,32.807899475097656,-116.96227264404295,SAN DIEGO,EL CAJON,-116.96227264404295,32.807899475097656
91081381,2019,2019-09-24,9645,2019-08-30,2235,021338,NA,5,3,7,3711,0,1,1,NA,2,003,I-5 N/B FROM INDIA STREET,VINE STREET,600,N,N,A,-,Y,NA,NA,5,NA,NA,NA,R,NA,N,Y,2,0,3,2,A,-,11,21954,A,N,A,C,E,A,H,-,D,D,0,Y,NA,NA,NA,Y,Y,N,60,1,1,1,0,1,0,0,0,0,-,-,32.7406005859375,-117.17893981933594,SAN DIEGO,SAN DIEGO,-117.17893981933594,32.7406005859375
91082180,2019,2019-09-24,9645,2019-09-20,1330,016047,NA,5,1,5,3709,0,1,1,NA,2,009,I-805 NORTHBOUND TO SR-54 EASTBOUND,SR-54,260,S,N,A,-,Y,NA,NA,805,NA,NA,NA,R,NA,N,N,4,0,1,2,A,-,03,22350,NA,N,C,C,A,A,H,-,A,D,0,NA,NA,NA,Y,Y,NA,G,25,0,0,1,0,0,0,0,0,0,-,-,32.65850830078125,-117.07131958007813,SAN DIEGO,NATIONAL CITY,-117.07131958007813,32.65850830078125
91082443,2019,2019-09-25,9645,2019-07-28,1529,020265,NA,7,2,6,3702,0,1,1,NA,2,009,I-805 N/B,E ST. U/C,700,S,N,A,-,Y,NA,NA,805,NA,NA,NA,NA,NA,N,Y,2,0,5,2,A,-,01,23152,A,N,B,C,A,A,H,-,A,D,0,NA,NA,NA,NA,Y,Y,A,07,3,2,0,0,0,0,0,0,0,-,-,32.64509963989258,-117.05870056152344,SAN DIEGO,CHULA VISTA,-117.05831909179688,32.645362854003906
91082525,2019,2019-09-25,9645,2019-09-15,0025,021338,NA,7,3,5,3709,0,1,1,NA,2,009,I-805 N/B,PLAZA BLVD,1795,S,N,A,-,Y,NA,NA,805,NA,NA,NA,NA,NA,N,Y,4,0,2,2,C,-,18,NA,NA,N,D,C,A,A,H,-,D,D,0,NA,NA,NA,NA,Y,NA,-,-,0,0,2,0,0,0,0,0,0,-,-,32.671268463134766,-117.08175659179688,SAN DIEGO,NATIONAL CITY,-117.08177185058594,32.6712646484375
9108360,2020,2020-12-01,3706,2020-05-12,2130,487,ESCON,2,5,6,3706,0,0,0,NA,0,052,2ND PL,JUNIPER LN,0,NA,Y,A,-,N,NA,NA,NA,NA,NA,NA,NA,NA,NA,Y,4,0,2,2,A,-,12,21453,A,N,D,C,A,A,H,-,C,A,0,NA,NA,NA,NA,Y,NA,A,01,0,0,2,0,0,0,0,0,0,-,-,33.07725143432617,-117.11917877197266,SAN DIEGO,ESCONDIDO,-117.07808685302734,33.12211990356445
91083699,2019,2019-09-26,9650,2019-09-09,0720,013133,NA,1,1,9,3700,0,2,4,NA,1,027,SUNSET ROAD,VALLEY CENTER ROAD,0,NA,Y,A,-,N,NA,NA,NA,NA,NA,NA,NA,NA,NA,Y,4,0,1,2,A,-,09,21802,A,N,D,C,A,A,H,-,A,A,0,NA,NA,NA,NA,Y,NA,A,07,0,0,1,0,0,0,0,0,0,-,-,33.22822952270508,-116.98011016845705,SAN DIEGO,UNINCORPORATED,-116.98011779785156,33.22821044921875
91086825,2019,2019-09-30,9650,2019-09-21,1955,018041,NA,6,2,9,3700,0,1,1,NA,2,001,I-5 N/B,BASILONE RD,5280,S,N,A,-,Y,NA,NA,NA,NA,NA,NA,NA,NA,NA,Y,3,0,4,2,A,-,03,22350,NA,N,C,C,A,A,H,-,C,D,0,NA,NA,NA,NA,Y,NA,D,22,0,1,3,0,0,0,0,0,0,-,-,33.23030090332031,-117.34449768066406,SAN DIEGO,UNINCORPORATED,-117.57711791992188,33.383270263671875
91091164,2019,2019-10-07,9650,2019-09-28,2010,019594,NA,6,2,9,3700,0,1,3,NA,2,065,SR-76 E/B,GIRD RD,0,NA,Y,B,-,N,NA,NA,NA,NA,NA,NA,NA,NA,NA,Y,4,0,1,2,A,-,08,22107,NA,N,C,C,A,A,H,-,C,A,0,NA,NA,NA,NA,Y,NA,A,01,0,0,1,0,0,0,0,0,0,-,-,33.314178466796875,-117.19513702392578,SAN DIEGO,UNINCORPORATED,-117.19518280029295,33.31536865234375
91091279,2019,2019-10-07,9650,2019-09-28,1628,021200,NA,6,2,9,3700,0,2,4,NA,2,061,E. MISSION ROAD,PAMELA DR,5,E,N,B,-,N,NA,NA,NA,NA,NA,NA,NA,NA,NA,Y,3,0,1,1,A,-,03,22350,NA,N,F,A,A,B,H,-,A,D,0,NA,NA,Y,NA,Y,NA,C,02,0,1,0,0,0,0,0,0,1,-,-,33.389610290527344,-117.18192291259766,SAN DIEGO,UNINCORPORATED,-117.18192291259766,33.3896484375
91091316,2019,2019-10-07,9650,2019-10-01,1144,018840,NA,2,1,5,3712,0,1,3,NA,2,019,SR-78 E/B FROM RANCHO SANTA FE RD,RANCHO SANTA FE RD,480,E,N,A,-,Y,NA,NA,78,NA,NA,NA,R,NA,E,Y,3,0,1,2,A,-,03,22350,NA,N,C,C,A,A,H,-,A,D,0,NA,NA,NA,NA,Y,NA,D,22,0,1,0,0,0,0,0,0,0,-,-,33.14883041381836,-117.19715118408205,SAN DIEGO,SAN MARCOS,-117.19715118408205,33.14883041381836
91092325,2019,2019-10-08,9650,2019-09-30,0500,018496,NA,1,3,9,3700,0,3,5,NA,2,010,CRISTIANITOS RD,I-5,6336,E,N,A,-,N,NA,NA,NA,NA,NA,NA,NA,NA,NA,Y,3,0,1,1,A,-,08,22107,NA,N,E,I,A,A,H,-,D,D,0,NA,NA,NA,NA,Y,NA,A,01,0,1,0,0,0,0,0,0,0,-,-,33.410709381103516,-117.58406066894533,SAN DIEGO,UNINCORPORATED,-117.59291839599608,33.39535903930664
91096338,2019,2019-11-18,9645,2019-09-23,2130,019577,NA,1,2,7,3711,0,1,1,NA,2,013,I-805 S/B,RIO SAN DIEGO DR.,78,N,N,B,-,Y,NA,NA,NA,NA,NA,NA,NA,NA,NA,Y,2,0,2,2,A,-,03,22350,NA,N,C,C,A,A,H,-,D,D,0,NA,NA,NA,NA,Y,NA,A,01,1,0,1,0,0,0,0,0,0,-,-,NA,NA,SAN DIEGO,SAN DIEGO,-117.13524627685548,32.77614212036133
9109652,2020,2020-11-16,3706,2020-05-26,1059,839,ESCON,2,5,6,3706,0,0,0,NA,0,044,ROSE ST,VALLEY PKWY,410,N,N,A,-,N,NA,NA,NA,NA,NA,NA,NA,NA,NA,N,3,0,1,2,C,-,18,NA,NA,N,H,A,A,A,D,-,A,D,0,NA,Y,NA,NA,Y,NA,-,-,0,1,0,0,0,0,1,0,0,-,-,33.1338996887207,-117.05953979492188,SAN DIEGO,ESCONDIDO,-117.06011199951172,33.13495635986328
91096737,2019,2019-10-14,9645,2019-10-03,1625,016137,NA,4,2,7,3711,0,1,1,NA,2,015,I-805 SOUTHBOUND,MIRA MESA BLVD U/C,800,N,N,A,-,Y,NA,NA,805,NA,NA,NA,NA,NA,S,Y,4,0,1,2,A,-,03,22350,NA,N,C,C,A,A,H,-,A,D,0,NA,NA,NA,NA,Y,NA,A,01,0,0,1,0,0,0,0,0,0,-,-,32.89649963378906,-117.21690368652344,SAN DIEGO,SAN DIEGO,-117.21672821044922,32.896663665771484