CASE_ID,ACCIDENT_YEAR,PROC_DATE,JURIS,COLLISION_DATE,COLLISION_TIME,OFFICER_ID,REPORTING_DISTRICT,DAY_OF_WEEK,CHP_SHIFT,POPULATION,CNTY_CITY_LOC,SPECIAL_COND,BEAT_TYPE,CHP_BEAT_TYPE,CITY_DIVISION_LAPD,CHP_BEAT_CLASS,BEAT_NUMBER,PRIMARY_RD,SECONDARY_RD,DISTANCE,DIRECTION,INTERSECTION,WEATHER_1,WEATHER_2,STATE_HWY_IND,CALTRANS_COUNTY,CALTRANS_DISTRICT,STATE_ROUTE,ROUTE_SUFFIX,POSTMILE_PREFIX,POSTMILE,LOCATION_TYPE,RAMP_INTERSECTION,SIDE_OF_HWY,TOW_AWAY,COLLISION_SEVERITY,NUMBER_KILLED,NUMBER_INJURED,PARTY_COUNT,PRIMARY_COLL_FACTOR,PCF_CODE_OF_VIOL,PCF_VIOL_CATEGORY,PCF_VIOLATION,PCF_VIOL_SUBSECTION,HIT_AND_RUN,TYPE_OF_COLLISION,MVIW,PED_ACTION,ROAD_SURFACE,ROAD_COND_1,ROAD_COND_2,LIGHTING,CONTROL_DEVICE,CHP_ROAD_TYPE,PEDESTRIAN_ACCIDENT,BICYCLE_ACCIDENT,MOTORCYCLE_ACCIDENT,TRUCK_ACCIDENT,NOT_PRIVATE_PROPERTY,ALCOHOL_INVOLVED,STWD_VEHTYPE_AT_FAULT,CHP_VEHTYPE_AT_FAULT,COUNT_SEVERE_INJ,COUNT_VISIBLE_INJ,COUNT_COMPLAINT_PAIN,COUNT_PED_KILLED,COUNT_PED_INJURED,COUNT_BICYCLIST_KILLED,COUNT_BICYCLIST_INJURED,COUNT_MC_KILLED,COUNT_MC_INJURED,PRIMARY_RAMP,SECONDARY_RAMP,LATITUDE,LONGITUDE,COUNTY,CITY,POINT_X,POINT_Y
91384143,2020,2021-01-08,9680,2020-12-28,1150,015660,NA,1,1,9,3700,0,1,1,NA,2,084,I-8 W/B,SR-79,2640,W,N,B,C,Y,NA,NA,8,NA,NA,NA,NA,NA,W,Y,4,0,3,1,A,-,03,22350,NA,N,F,A,A,C,H,-,A,D,0,NA,NA,NA,NA,Y,NA,A,07,0,0,3,0,0,0,0,0,0,-,-,32.83489990234375,-116.63590240478516,SAN DIEGO,UNINCORPORATED,-116.63591766357422,32.8348503112793
91384683,2020,2021-01-11,9650,2020-12-29,1730,021154,NA,2,2,6,3710,0,1,3,NA,2,015,SR-78 E/B,EL CAMINO REAL,72,E,N,A,-,Y,NA,NA,78,NA,NA,NA,NA,NA,E,Y,3,0,2,2,A,-,03,22350,NA,N,C,C,A,A,H,-,D,D,0,NA,NA,NA,NA,Y,NA,A,01,0,2,0,0,0,0,0,0,0,-,-,33.18170166015625,-117.32652282714844,SAN DIEGO,OCEANSIDE,-117.32651519775392,33.18168258666992
91385690,2021,2021-01-12,9650,2021-01-02,2248,021463,NA,6,3,9,3700,0,3,5,NA,2,006,OLD HIGHWAY 395,SR-76,0,NA,Y,A,-,N,NA,NA,NA,NA,NA,NA,NA,NA,NA,Y,4,0,1,2,A,-,09,21453,C,N,A,C,A,A,H,-,C,A,0,NA,NA,NA,NA,Y,NA,A,07,0,0,1,0,0,0,0,0,0,-,-,33.328060150146484,-117.16265869140624,SAN DIEGO,UNINCORPORATED,-117.162634,33.328
91386191,2020,2021-01-12,9680,2020-12-30,1840,015983,NA,3,2,5,3781,0,1,3,NA,2,015,SR-52 W/B,COTTONWOOD AVE,300,W,N,A,-,Y,NA,NA,52,NA,NA,NA,NA,NA,W,Y,4,0,1,4,A,-,03,22350,NA,N,C,C,A,A,H,-,D,D,0,NA,NA,NA,NA,Y,NA,A,07,0,0,1,0,0,0,0,0,0,-,-,32.832908630371094,-116.97476959228516,SAN DIEGO,SANTEE,-116.97476959228516,32.83289337158203
9138623,2020,2020-09-25,3710,2020-07-29,1602,OC1495,NA,3,5,6,3710,0,0,0,NA,0,011,FOUSSAT RD,MISSION AV,1,S,N,A,-,N,NA,NA,NA,NA,NA,NA,NA,NA,NA,N,3,0,1,2,A,-,12,21453,A,N,H,G,A,A,H,-,A,A,0,NA,Y,NA,NA,Y,NA,A,07,0,1,0,0,0,0,1,0,0,-,-,NA,NA,SAN DIEGO,OCEANSIDE,-117.3432846069336,33.21693801879883
9138663,2020,2020-10-06,3706,2020-07-28,1326,480,ESCON,2,5,6,3706,0,0,0,NA,0,045,VALLEY PKWY,LA TERRAZA BL,0,NA,Y,A,-,N,NA,NA,NA,NA,NA,NA,NA,NA,NA,Y,4,0,1,2,A,-,12,21453,A,N,D,C,A,A,H,-,A,A,0,NA,NA,NA,NA,Y,NA,-,-,0,0,1,0,0,0,0,0,0,-,-,33.116851806640625,-117.09658050537108,SAN DIEGO,ESCONDIDO,-117.09635162353516,33.116939544677734
91386725,2021,2021-01-13,9680,2021-01-01,1205,021859,NA,5,1,9,3700,0,2,4,NA,1,025,SWEETWATER RD.,VALENCIA ST.,80,N,N,A,-,N,NA,NA,NA,NA,NA,NA,NA,NA,NA,Y,3,0,1,2,A,-,03,22350,NA,N,C,C,A,A,H,-,A,D,0,NA,NA,NA,NA,Y,NA,A,01,0,1,0,0,0,0,0,0,0,-,-,32.73469161987305,-117.01444244384766,SAN DIEGO,UNINCORPORATED,-117.01448822021484,32.73482894897461
9138860,2020,2020-10-05,3706,2020-08-03,1513,531,ESCON,1,5,6,3706,0,0,0,NA,0,041,ESCONDIDO BL,DECATUR WY,0,NA,Y,A,-,N,NA,NA,NA,NA,NA,NA,NA,NA,NA,NA,4,0,1,2,A,-,09,21801,A,N,B,C,A,A,H,-,A,D,0,NA,NA,NA,NA,Y,NA,A,01,0,0,1,0,0,0,0,0,0,-,-,33.135589599609375,-117.09221649169922,SAN DIEGO,ESCONDIDO,-117.09220123291016,33.13547897338867
91389134,2021,2021-01-18,9645,2021-01-05,1530,020992,NA,2,2,6,3702,0,1,1,NA,2,001,I-5 NORTHBOUND,E STREET,100,S,N,A,-,Y,NA,NA,5,NA,NA,NA,NA,NA,N,N,4,0,1,2,A,-,03,22350,NA,N,C,C,A,A,H,-,A,D,0,NA,NA,NA,NA,Y,NA,A,07,0,0,1,0,0,0,0,0,0,-,-,32.639461517333984,-117.09945678710938,SAN DIEGO,CHULA VISTA,-117.09981536865234,32.63932418823242
91390266,2021,2021-01-19,9650,2021-01-08,1845,021584,NA,5,2,9,3700,0,3,5,NA,2,213,PALA MISSION ROAD,STATE ROUTE 76,0,NA,Y,A,-,Y,NA,NA,NA,NA,NA,NA,NA,NA,NA,Y,4,0,1,2,A,-,09,21802,A,F,D,C,A,A,H,-,A,A,0,NA,NA,NA,NA,Y,NA,A,01,0,0,1,0,0,0,0,0,0,-,-,33.36433029174805,-117.06661224365234,SAN DIEGO,UNINCORPORATED,-117.046630859375,33.36141586303711
91390273,2021,2021-01-19,9645,2021-01-16,0325,021097,NA,6,3,7,3711,0,1,1,NA,2,017,I-15 N/B,MIRAMAR RD,250,S,N,A,-,Y,NA,NA,15,NA,NA,NA,NA,NA,N,Y,3,0,1,1,A,-,08,22107,NA,N,E,I,A,A,H,-,C,D,0,NA,NA,NA,NA,Y,NA,A,01,0,1,0,0,0,0,0,0,0,-,-,32.8921012878418,-117.11356353759766,SAN DIEGO,SAN DIEGO,-117.11435699462892,32.89174270629883
91391606,2021,2021-01-20,9645,2021-01-15,1620,017499,NA,5,2,5,3709,0,1,3,NA,2,008,SR-54 WESTBOUND,REO DR OC,550,E,N,A,-,Y,NA,NA,NA,NA,NA,NA,NA,NA,NA,N,2,0,1,2,A,-,11,21954,A,N,G,B,C,A,H,-,A,D,0,Y,NA,NA,NA,Y,NA,N,60,1,0,0,0,1,0,0,0,0,-,-,32.66495895385742,-117.06552124023438,SAN DIEGO,NATIONAL CITY,-117.0615234375,32.663734436035156
9139223,2020,2020-09-30,3705,2020-07-27,1157,EC0414,NA,1,5,5,3705,0,0,0,NA,0,002,E MADISON AV,N MOLLISON AV,50,E,N,A,-,N,NA,NA,NA,NA,NA,NA,NA,NA,NA,NA,4,0,2,2,A,-,03,22350,NA,N,C,C,A,A,H,-,A,A,0,NA,NA,NA,NA,Y,NA,A,01,0,0,2,0,0,0,0,0,0,-,-,NA,NA,SAN DIEGO,EL CAJON,-116.9508056640625,32.80015182495117
91392916,2021,2021-01-22,9680,2021-01-13,2005,020951,NA,3,2,5,3705,0,1,1,NA,2,082,I-8 E/B FROM E. MAIN ST.,E. MAIN ST.,19,E,N,A,-,Y,NA,NA,8,NA,NA,NA,R,NA,E,Y,3,0,1,1,A,-,01,23152,A,N,F,A,A,A,H,-,C,A,0,NA,NA,Y,NA,Y,Y,C,02,0,1,0,0,0,0,0,0,1,-,-,32.802730560302734,-116.92755126953124,SAN DIEGO,EL CAJON,-116.92755126953124,32.802730560302734
91394478,2021,2021-01-26,9680,2021-01-14,2130,021800,NA,4,2,9,3700,0,3,5,NA,2,002,LEMON AVENUE,FUERTE DRIVE,395,S,N,A,-,N,NA,NA,NA,NA,NA,NA,NA,NA,NA,Y,2,0,1,1,A,-,01,23152,A,N,E,J,A,A,H,-,D,A,0,NA,NA,NA,NA,Y,Y,A,07,1,0,0,0,0,0,0,0,0,-,-,32.7728385925293,-116.98104095458984,SAN DIEGO,UNINCORPORATED,-116.98110198974608,32.772979736328125
91394806,2021,2021-01-27,9650,2021-01-22,1945,014886,NA,5,2,6,3710,0,1,1,NA,2,005,I-5 S/B,OCEANSIDE BLVD,400,S,N,C,-,Y,NA,NA,5,NA,NA,NA,NA,NA,S,Y,3,0,3,5,A,-,03,22350,NA,N,C,C,A,B,H,-,D,D,0,NA,NA,NA,NA,Y,NA,A,01,0,1,2,0,0,0,0,0,0,-,-,33.187339782714844,-117.35989379882813,SAN DIEGO,OCEANSIDE,-117.35997009277344,33.18727493286133
91395228,2021,2021-01-27,9650,2021-01-23,1457,020673,NA,6,2,6,3706,0,1,1,NA,2,023,I-15 SOUTHBOUND,FELICITA AVE,155,N,N,C,-,Y,NA,NA,15,NA,NA,NA,NA,NA,S,Y,3,0,1,1,A,-,08,22107,NA,N,E,I,A,B,F,-,A,D,0,NA,NA,NA,NA,Y,NA,D,22,0,1,0,0,0,0,0,0,0,-,-,33.093719482421875,-117.08460998535156,SAN DIEGO,ESCONDIDO,-117.08439636230467,33.09394073486328
91396039,2021,2021-01-28,9680,2021-01-17,1930,019384,NA,7,2,5,3708,0,1,1,NA,2,081,INTERESTATE 8 WESTBOUND,BALTIMORE DRIVE,230,W,N,A,-,Y,NA,NA,NA,NA,NA,NA,NA,NA,NA,Y,4,0,1,1,A,-,08,22107,NA,N,E,I,A,A,H,-,C,D,0,NA,NA,NA,NA,Y,NA,A,01,0,0,1,0,0,0,0,0,0,-,-,32.772640228271484,-117.02790069580078,SAN DIEGO,LA MESA,-117.02759552001952,32.772396087646484
91398523,2021,2021-01-29,9680,2021-01-19,1800,021994,NA,2,2,5,3705,0,1,3,NA,2,028,SR-125 N/B,NAVAJO RD,280,S,N,A,-,Y,NA,NA,125,NA,NA,NA,NA,NA,N,N,4,0,1,1,A,-,08,22107,NA,N,E,I,A,A,H,-,D,D,0,NA,NA,NA,NA,Y,NA,A,01,0,0,1,0,0,0,0,0,0,-,-,32.801639556884766,-117.00547027587892,SAN DIEGO,EL CAJON,-117.00536346435548,32.801639556884766
91398873,2021,2021-01-29,9650,2021-01-22,1445,021406,NA,5,2,5,3712,0,1,3,NA,2,019,SR-78 W/B,NORDAHL RD,2000,W,N,B,-,Y,NA,NA,78,NA,NA,NA,NA,NA,W,Y,4,0,1,3,A,-,08,22107,NA,N,B,C,A,A,H,-,A,D,0,NA,NA,NA,NA,Y,NA,A,07,0,0,1,0,0,0,0,0,0,-,-,33.13669967651367,-117.13639831542967,SAN DIEGO,SAN MARCOS,-117.13637542724608,33.136756896972656
91400603,2021,2021-02-02,9680,2021-01-21,0553,015877,NA,4,3,5,3705,0,1,1,NA,2,082,I-8 W/B,BALLANTYNE ST,0,NA,N,A,-,Y,NA,NA,8,NA,NA,NA,NA,NA,W,Y,3,0,2,2,A,-,07,21658,A,N,E,I,A,A,H,-,D,D,0,NA,NA,NA,NA,Y,NA,D,22,0,2,0,0,0,0,0,0,0,-,-,32.80316162109375,-116.9574966430664,SAN DIEGO,EL CAJON,-116.9574966430664,32.803123474121094
91401812,2021,2021-02-03,9680,2021-01-22,1240,021813,NA,5,1,9,3700,0,2,4,NA,1,026,JAMACHA BLVD,SWEETWATER RD,575,E,N,A,-,N,NA,NA,NA,NA,NA,NA,NA,NA,NA,Y,3,0,2,2,A,-,09,21801,A,N,A,C,A,A,H,-,A,D,0,NA,NA,NA,NA,Y,NA,A,01,0,2,0,0,0,0,0,0,0,-,-,32.706478118896484,-117.00900268554688,SAN DIEGO,UNINCORPORATED,-117.00902557373048,32.70635223388672
91402301,2021,2021-02-04,9650,2021-02-01,0650,015276,NA,1,1,5,3713,0,1,3,NA,2,017,SR-78 W/B,CIVIC CENTER DR,1291,E,N,A,-,Y,NA,NA,78,NA,NA,NA,NA,NA,W,Y,2,0,1,1,A,-,01,23152,F,N,E,I,A,A,H,-,A,D,0,NA,NA,NA,NA,Y,NA,A,01,1,0,0,0,0,0,0,0,0,-,-,33.187129974365234,-117.2358169555664,SAN DIEGO,VISTA,-117.23577880859376,33.18721008300781
91402629,2021,2021-02-04,9645,2021-01-20,1350,016047,NA,3,1,9,3700,0,3,5,NA,2,018,BRIARWOOD ROAD (    BLOCK),SWEETWATER ROAD,395,N,N,A,-,N,NA,NA,NA,NA,NA,NA,NA,NA,NA,N,4,0,1,2,A,-,06,21750,NA,F,B,C,A,A,D,-,A,A,0,NA,NA,NA,NA,Y,NA,-,99,0,0,1,0,0,0,0,0,0,-,-,32.67570877075195,-117.0246810913086,SAN DIEGO,UNINCORPORATED,-117.0246124267578,32.67572021484375
91403624,2021,2021-02-05,9680,2021-01-26,1725,018979,NA,2,2,5,3708,0,1,1,NA,2,081,I-8 W/B,SEVERIN DR,600,E,N,A,-,Y,NA,NA,8,NA,NA,NA,NA,NA,W,Y,3,0,1,2,A,-,04,21703,NA,N,C,C,A,A,H,-,A,D,0,NA,NA,NA,NA,Y,NA,B,07,0,1,0,0,0,0,0,0,0,-,-,32.77941131591797,-116.9950714111328,SAN DIEGO,LA MESA,-116.9950714111328,32.77936935424805
91404371,2021,2021-02-08,9650,2021-01-31,0310,019822,NA,7,3,9,3700,0,1,3,NA,2,065,SR-76 W/B,OLD HIGHWAY 395,82,W,N,B,-,N,NA,NA,76,NA,NA,NA,NA,NA,W,Y,4,0,2,2,A,-,01,23152,A,N,C,C,A,A,H,-,C,D,0,NA,NA,NA,Y,Y,Y,A,07,0,0,2,0,0,0,0,0,0,-,-,33.32786178588867,-117.16290283203124,SAN DIEGO,UNINCORPORATED,-117.16290283203124,33.32786178588867
9140792,2020,2020-09-01,3702,2020-05-27,0844,CV1310,NA,3,5,6,3702,0,0,0,NA,0,022,DEL MAR AV,NAPLES ST,0,NA,Y,A,-,N,NA,NA,NA,NA,NA,NA,NA,NA,NA,Y,4,0,2,4,A,-,09,21804,A,N,D,C,A,A,H,-,A,D,0,NA,NA,NA,NA,Y,NA,A,07,0,0,2,0,0,0,0,0,0,-,-,NA,NA,SAN DIEGO,CHULA VISTA,-117.06771850585938,32.61405944824219
91408578,2021,2021-02-16,9650,2021-02-10,0830,013636,NA,3,1,5,3701,0,1,1,NA,2,005,I-5 N/B,CANNON RD,300,S,N,B,-,Y,NA,NA,5,NA,NA,NA,NA,NA,N,Y,3,0,3,2,A,-,03,22350,NA,N,C,C,A,A,H,-,A,D,0,NA,NA,NA,NA,Y,NA,A,01,0,1,2,0,0,0,0,0,0,-,-,33.1339111328125,-117.3289794921875,SAN DIEGO,CARLSBAD,-117.32891082763672,33.13394546508789
91408636,2021,2021-02-16,9650,2021-02-05,1625,021584,NA,5,2,9,3700,0,3,5,NA,1,212,COLE GRADE RD,FRUITVALE RD,0,NA,Y,A,-,N,NA,NA,NA,NA,NA,NA,NA,NA,NA,Y,4,0,1,2,A,-,09,21802,A,N,B,C,A,A,D,-,A,A,0,NA,NA,NA,NA,Y,NA,A,01,0,0,1,0,0,0,0,0,0,-,-,33.2409782409668,-117.02364349365234,SAN DIEGO,UNINCORPORATED,-117.0237045288086,33.24088668823242
91409942,2021,2021-02-17,9645,2021-02-11,1750,017953,NA,4,2,7,3711,0,1,1,NA,2,013,I-805 S/B,CAMINO DEL RIO S.,400,N,N,A,-,Y,NA,NA,805,NA,NA,NA,NA,NA,S,Y,3,0,2,4,A,-,03,22350,NA,N,C,C,A,A,H,-,D,D,0,NA,NA,NA,NA,Y,NA,A,01,0,1,1,0,0,0,0,0,0,-,-,32.77190017700195,-117.13211059570313,SAN DIEGO,SAN DIEGO,-117.13207244873048,32.77192687988281
9141053,2020,2020-10-14,3711,2020-08-20,1325,SD5106,NA,4,5,7,3711,0,0,0,NA,0,722,CORONADO AV,HOLLISTER ST,0,NA,Y,A,-,N,NA,NA,NA,NA,NA,NA,NA,NA,NA,N,4,0,1,2,D,-,00,NA,NA,M,C,C,A,A,H,-,A,A,0,NA,NA,NA,NA,Y,Y,-,-,0,0,1,0,0,0,0,0,0,-,-,NA,NA,SAN DIEGO,SAN DIEGO,-117.08408355712892,32.576480865478516
91410800,2021,2021-02-18,9680,2021-02-05,0555,015660,NA,5,3,9,3700,0,1,3,NA,2,016,SR 67 S/B TO BRADLEY AVE.,BRADLEY AVE,20,N,N,A,-,Y,NA,NA,67,NA,NA,NA,R,NA,S,N,4,0,1,2,A,-,03,22350,NA,N,C,C,A,A,H,-,B,A,0,NA,NA,NA,NA,Y,NA,D,22,0,0,1,0,0,0,0,0,0,-,-,32.819419860839844,-116.96131896972656,SAN DIEGO,UNINCORPORATED,-116.96131896972656,32.819419860839844
91412559,2021,2021-02-22,9650,2021-02-14,1515,021200,NA,7,2,9,3700,0,1,1,NA,2,022,I-15 SB,RAINBOW GLEN RD,500,S,N,A,-,Y,NA,NA,15,NA,NA,NA,NA,NA,S,N,4,0,1,2,A,-,01,23152,A,N,C,C,A,A,H,-,A,D,0,NA,NA,NA,NA,Y,Y,A,01,0,0,1,0,0,0,0,0,0,-,-,33.403831481933594,-117.16755676269533,SAN DIEGO,UNINCORPORATED,-117.1675262451172,33.40380096435547
91413586,2020,2021-02-23,9645,2020-10-03,1258,018393,NA,6,1,7,3711,0,1,3,NA,2,023,STATE ROUTE 163 N/B TO INTERSTATE 8 E/B,I-8 E/B O/C,317,S,N,A,-,Y,NA,NA,163,NA,NA,NA,R,NA,N,Y,1,1,0,1,A,-,03,22350,NA,N,F,A,A,A,H,-,A,D,0,NA,NA,Y,NA,Y,Y,C,02,0,0,0,0,0,0,0,1,0,-,-,32.76118850708008,-117.16297912597656,SAN DIEGO,SAN DIEGO,-117.16297912597656,32.76118850708008
91415063,2021,2021-02-25,9645,2021-02-21,0725,018936,NA,7,1,5,3709,0,1,1,NA,2,009,I-805 S/B TO SR-54,SWEETWATER RD,225,S,N,A,-,Y,NA,NA,805,NA,NA,NA,R,NA,S,Y,3,0,1,1,A,-,08,22107,NA,N,E,I,A,A,H,-,A,D,0,NA,NA,NA,NA,Y,NA,A,01,0,1,0,0,0,0,0,0,0,-,-,32.66053009033203,-117.07747650146484,SAN DIEGO,NATIONAL CITY,-117.07747650146484,32.66053009033203
91415517,2020,2021-02-25,9680,2020-12-14,0705,021859,NA,1,1,9,3700,0,3,5,NA,2,001,PLUMERIA DRIVE,PEPPER DRIVE,0,NA,Y,B,-,N,NA,NA,NA,NA,NA,NA,NA,NA,NA,Y,1,1,2,2,A,-,01,23152,G,N,D,C,A,A,H,-,A,A,0,NA,NA,Y,NA,Y,Y,A,07,0,1,1,0,0,0,0,1,0,-,-,32.82511901855469,-116.95407104492188,SAN DIEGO,UNINCORPORATED,-116.95445251464844,32.82509994506836
91416697,2021,2021-02-26,9650,2021-02-18,0001,021528,NA,4,3,9,3700,0,1,1,NA,2,001,I-5 N/B,US BORDER PATROL CHECKPOINT,4000,N,N,A,-,Y,NA,NA,5,NA,NA,NA,NA,NA,N,Y,4,0,1,1,A,-,01,23152,A,N,E,I,A,A,H,-,D,D,0,NA,NA,NA,NA,Y,Y,A,01,0,0,1,0,0,0,0,0,0,-,-,33.359920501708984,-117.5361328125,SAN DIEGO,UNINCORPORATED,-117.53609466552734,33.35996627807617
9141711,2020,2020-10-17,3709,2020-08-14,1510,NC094,NA,5,5,5,3709,0,0,0,NA,0,020,NATIONAL CITY BL,NATIONAL CITY BL 0000,0,NA,N,A,-,N,NA,NA,NA,NA,NA,NA,NA,NA,NA,Y,2,0,1,1,-,-,-,NA,NA,N,H,I,A,A,H,-,A,D,0,NA,NA,Y,NA,Y,NA,C,02,1,0,0,0,0,0,0,0,1,-,-,NA,NA,SAN DIEGO,NATIONAL CITY,NA,NA
91418219,2021,2021-03-01,9645,2021-02-23,1432,020265,NA,2,2,7,3711,0,1,1,NA,2,021,SR-15 S/B,I-805 FRWY.,800,S,N,A,-,Y,NA,NA,15,NA,NA,NA,NA,NA,S,N,3,0,1,1,A,-,08,22107,NA,N,F,A,A,A,H,-,A,D,0,NA,NA,Y,NA,Y,NA,C,02,0,1,0,0,0,0,0,0,1,-,-,32.72829818725586,-117.11209869384766,SAN DIEGO,SAN DIEGO,-117.1122589111328,32.72837448120117
91420399,2021,2021-03-04,9650,2021-02-20,0140,021805,NA,6,3,9,3700,0,1,1,NA,2,022,I-15 N/B,MISSION RD,2640,S,N,A,-,Y,NA,NA,15,NA,NA,NA,NA,NA,N,Y,3,0,1,1,A,-,08,22107,NA,N,E,I,A,A,H,-,D,D,0,NA,NA,NA,NA,Y,NA,A,01,0,1,0,0,0,0,0,0,0,-,-,33.38140869140625,-117.17375183105467,SAN DIEGO,UNINCORPORATED,-117.17356872558594,33.381473541259766
9142333,2020,2020-09-29,3709,2020-07-20,2008,NC0515,NA,1,5,5,3709,0,0,0,NA,0,021,EAST PLAZA BL,E PLAZA BL  3900,32,E,N,A,-,N,NA,NA,NA,NA,NA,NA,NA,NA,NA,N,3,0,1,2,A,-,08,22107,NA,N,B,C,A,A,H,-,B,A,0,NA,NA,Y,NA,Y,NA,C,02,0,1,0,0,0,0,0,0,1,-,-,NA,NA,SAN DIEGO,NATIONAL CITY,NA,NA
91424897,2021,2021-03-11,9650,2021-03-04,0600,015373,NA,4,1,9,3700,0,3,5,NA,2,006,RAINBOW VALLEY BOULEVARD,CANYON HEIGHTS ROAD,50,E,N,A,-,N,NA,NA,NA,NA,NA,NA,NA,NA,NA,Y,4,0,1,1,A,-,08,22107,NA,N,E,I,A,B,H,-,D,D,0,NA,NA,NA,NA,Y,NA,A,01,0,0,1,0,0,0,0,0,0,-,-,33.40892028808594,-117.15360260009766,SAN DIEGO,UNINCORPORATED,-117.15387725830078,33.408836364746094
91426947,2021,2021-03-15,9645,2021-03-05,1805,020265,NA,5,2,5,3709,0,1,1,NA,2,009,I-805 S/B,PLAZA BLVD. U/C,500,S,N,A,-,Y,NA,NA,805,NA,NA,NA,NA,NA,S,Y,3,0,2,2,A,-,03,22350,NA,N,C,C,A,A,H,-,C,D,0,NA,NA,NA,NA,Y,NA,A,08,0,2,0,0,0,0,0,0,0,-,-,32.67369842529297,-117.08300018310548,SAN DIEGO,NATIONAL CITY,-117.0831298828125,32.673648834228516
91428490,2020,2021-03-16,9680,2020-12-12,1945,021994,NA,6,2,9,3700,0,3,5,NA,2,003,OLDE HIGHWAY 80,MARINA SPRINGS LANE,5,W,N,A,-,N,NA,NA,NA,NA,NA,NA,NA,NA,NA,Y,1,1,0,1,A,-,01,23152,G,N,E,I,A,A,H,-,D,D,0,NA,NA,NA,NA,Y,Y,A,01,0,0,0,0,0,0,0,0,0,-,-,32.8484992980957,-116.86224365234376,SAN DIEGO,UNINCORPORATED,-116.86225128173828,32.84858322143555
91429427,2021,2021-03-17,9645,2021-03-15,1002,018697,NA,1,1,5,3709,0,1,1,NA,2,009,INTERSTATE 805 (S/B),EAST 18TH STREET,340,S,N,B,-,Y,NA,NA,805,NA,NA,NA,NA,NA,NA,Y,4,0,1,3,A,-,07,21658,A,N,B,C,A,A,H,-,A,D,0,NA,NA,NA,NA,Y,NA,-,-,0,0,1,0,0,0,0,0,0,-,-,32.67039108276367,-117.08173370361328,SAN DIEGO,NATIONAL CITY,-117.08177947998048,32.67036819458008
91430103,2021,2021-03-18,9650,2021-03-11,0615,017328,NA,4,1,6,3706,0,1,1,NA,2,023,I-15 S/B,VIA RANCHO PARKWAY,850,S,N,B,C,Y,NA,NA,15,NA,NA,NA,NA,NA,S,N,3,0,1,2,A,-,03,22350,NA,N,E,I,A,B,H,-,A,D,0,NA,NA,NA,NA,Y,NA,A,01,0,1,0,0,0,0,0,0,0,-,-,33.06678009033203,-117.069091796875,SAN DIEGO,ESCONDIDO,-117.06922149658205,33.0667610168457
91430190,2021,2021-03-18,9680,2021-03-08,1025,020116,NA,1,1,9,3700,0,2,4,NA,1,029,SWEETWATER SPRINGS BOULEVARD,SR-94 EASTBOUND,20,S,N,A,B,N,NA,NA,NA,NA,NA,NA,NA,NA,NA,Y,4,0,1,2,A,-,03,22350,NA,N,C,C,A,A,H,-,A,A,0,NA,NA,NA,NA,Y,NA,A,01,0,0,1,0,0,0,0,0,0,-,-,32.74382019042969,-116.97338104248048,SAN DIEGO,UNINCORPORATED,-116.9741668701172,32.74433517456055
91432409,2021,2021-03-22,9650,2021-03-21,1834,021327,NA,7,2,6,3710,0,1,1,NA,2,005,I-5 N/B,SR-78,50,S,N,A,-,Y,NA,NA,5,NA,NA,NA,NA,NA,N,N,4,0,2,3,A,-,03,22350,NA,N,C,C,A,A,H,-,A,A,0,NA,NA,NA,NA,Y,NA,A,08,0,0,2,0,0,0,0,0,0,-,-,33.176841735839844,-117.35101318359376,SAN DIEGO,OCEANSIDE,-117.35099792480467,33.17684555053711
9143297,2020,2020-09-02,3700,2020-02-22,1801,SH2001,NA,6,5,5,3781,0,0,0,NA,0,518,CUYAMACA,MISSION GORGE RD,0,NA,Y,B,-,N,NA,NA,NA,NA,NA,NA,NA,NA,NA,Y,4,0,1,2,A,-,12,21453,A,N,D,C,A,A,H,-,C,A,0,NA,NA,NA,NA,Y,NA,A,01,0,0,1,0,0,0,0,0,0,-,-,NA,NA,SAN DIEGO,SANTEE,-116.98387908935548,32.83876037597656
9143645,2020,2020-10-13,3711,2020-08-23,1756,SD7372,NA,7,5,7,3711,0,0,0,NA,0,434,IMPERIAL AV,VIEWCREST DR,0,NA,Y,A,-,N,NA,NA,NA,NA,NA,NA,NA,NA,NA,N,4,0,2,2,A,-,09,21804,A,N,C,C,A,B,H,-,A,D,0,NA,NA,NA,NA,Y,NA,A,01,0,0,2,0,0,0,0,0,0,-,-,NA,NA,SAN DIEGO,SAN DIEGO,-117.0449676513672,32.716758728027344