CASE_ID,ACCIDENT_YEAR,PROC_DATE,JURIS,COLLISION_DATE,COLLISION_TIME,OFFICER_ID,REPORTING_DISTRICT,DAY_OF_WEEK,CHP_SHIFT,POPULATION,CNTY_CITY_LOC,SPECIAL_COND,BEAT_TYPE,CHP_BEAT_TYPE,CITY_DIVISION_LAPD,CHP_BEAT_CLASS,BEAT_NUMBER,PRIMARY_RD,SECONDARY_RD,DISTANCE,DIRECTION,INTERSECTION,WEATHER_1,WEATHER_2,STATE_HWY_IND,CALTRANS_COUNTY,CALTRANS_DISTRICT,STATE_ROUTE,ROUTE_SUFFIX,POSTMILE_PREFIX,POSTMILE,LOCATION_TYPE,RAMP_INTERSECTION,SIDE_OF_HWY,TOW_AWAY,COLLISION_SEVERITY,NUMBER_KILLED,NUMBER_INJURED,PARTY_COUNT,PRIMARY_COLL_FACTOR,PCF_CODE_OF_VIOL,PCF_VIOL_CATEGORY,PCF_VIOLATION,PCF_VIOL_SUBSECTION,HIT_AND_RUN,TYPE_OF_COLLISION,MVIW,PED_ACTION,ROAD_SURFACE,ROAD_COND_1,ROAD_COND_2,LIGHTING,CONTROL_DEVICE,CHP_ROAD_TYPE,PEDESTRIAN_ACCIDENT,BICYCLE_ACCIDENT,MOTORCYCLE_ACCIDENT,TRUCK_ACCIDENT,NOT_PRIVATE_PROPERTY,ALCOHOL_INVOLVED,STWD_VEHTYPE_AT_FAULT,CHP_VEHTYPE_AT_FAULT,COUNT_SEVERE_INJ,COUNT_VISIBLE_INJ,COUNT_COMPLAINT_PAIN,COUNT_PED_KILLED,COUNT_PED_INJURED,COUNT_BICYCLIST_KILLED,COUNT_BICYCLIST_INJURED,COUNT_MC_KILLED,COUNT_MC_INJURED,PRIMARY_RAMP,SECONDARY_RAMP,LATITUDE,LONGITUDE,COUNTY,CITY,POINT_X,POINT_Y
91540070,2021,2021-08-09,9645,2021-07-28,1520,018146,NA,3,2,7,3711,0,1,1,NA,2,021,SR-15 N/B,MARKET ST. U/C,300,N,N,A,-,Y,NA,NA,15,NA,NA,NA,NA,NA,N,Y,4,0,1,3,A,-,03,22350,NA,N,C,C,A,A,H,-,A,D,0,NA,NA,NA,NA,Y,NA,D,22,0,0,1,0,0,0,0,0,0,-,-,32.71253967285156,-117.11839294433594,SAN DIEGO,SAN DIEGO,-117.11841583251952,32.71255111694336
91540692,2021,2021-08-18,9645,2021-07-30,1557,019712,NA,5,2,7,3711,0,1,1,NA,2,003,I-5 SB,28TH ST. O/C,44,S,N,A,-,Y,NA,NA,5,NA,NA,NA,NA,NA,S,N,4,0,2,2,A,-,03,22350,NA,N,C,C,A,A,H,-,A,D,0,NA,NA,NA,NA,Y,NA,A,01,0,0,2,0,0,0,0,0,0,-,-,32.695640563964844,-117.13500213623048,SAN DIEGO,SAN DIEGO,-117.13497924804688,32.6956672668457
91542786,2021,2021-08-11,9645,2021-08-01,1030,018223,NA,7,1,7,3711,0,3,5,NA,2,018,OTAY LAKES RD,WUESTE RD,11616,E,N,A,-,N,NA,NA,NA,NA,NA,NA,NA,NA,NA,N,3,0,1,1,A,-,08,22107,NA,N,F,A,A,A,H,-,A,D,0,NA,NA,Y,NA,Y,NA,C,02,0,1,0,0,0,0,0,0,1,-,-,32.635189056396484,-117.9115982055664,SAN DIEGO,SAN DIEGO,-116.91180419921876,32.63518142700195
91543335,2021,2021-08-12,9645,2021-08-02,0915,016779,NA,1,1,7,3711,0,3,5,NA,2,018,OTAY LAKES RD.,WUESTE RD.,21120,E,N,A,-,N,NA,NA,NA,NA,NA,NA,NA,NA,NA,Y,3,0,1,1,A,-,08,22107,NA,F,E,J,A,A,H,-,A,D,0,NA,NA,NA,NA,Y,NA,A,07,0,1,0,0,0,0,0,0,0,-,-,32.647918701171875,-116.929443359375,SAN DIEGO,SAN DIEGO,-116.88353729248048,32.637290954589844
91543825,2020,2021-08-12,9645,2020-11-01,0150,021237,NA,7,3,7,3711,0,1,1,NA,2,010,I-8 W/B,COLLEGE AVENUE,1690,W,N,A,-,Y,NA,NA,8,NA,NA,NA,NA,NA,W,Y,4,0,1,1,A,-,08,22107,NA,N,E,I,A,A,H,-,D,D,0,NA,NA,NA,NA,Y,NA,A,01,0,0,1,0,0,0,0,0,0,-,-,32.779541015625,-117.07134246826172,SAN DIEGO,SAN DIEGO,-117.0713348388672,32.77934646606445
91544441,2021,2021-08-13,9645,2021-08-13,0640,018393,NA,5,1,7,3711,0,1,1,NA,2,011,I-805 N/B,HOME AVE U/C,100,S,N,A,-,Y,NA,NA,805,NA,NA,NA,NA,NA,N,N,4,0,1,2,A,-,03,22350,NA,N,C,C,A,A,H,-,A,D,0,NA,NA,NA,NA,Y,NA,D,22,0,0,1,0,0,0,0,0,0,-,-,32.72547149658203,-117.10301208496094,SAN DIEGO,SAN DIEGO,-117.10312652587892,32.72543716430664
91545777,2021,2021-08-16,9645,2021-07-28,1810,018646,NA,3,2,7,3711,0,1,1,NA,2,001,I-5 S/B,MAIN STREET U/C,2112,N,N,A,-,Y,NA,NA,5,NA,NA,NA,NA,NA,S,Y,4,0,1,2,A,-,03,22350,NA,N,C,C,A,A,H,-,A,D,0,NA,NA,NA,NA,Y,NA,A,08,0,0,1,0,0,0,0,0,0,-,-,32.69316864013672,-117.1221923828125,SAN DIEGO,SAN DIEGO,-117.12221527099608,32.69313049316406
91546165,2021,2021-08-16,9645,2021-08-05,0838,015494,NA,4,1,7,3711,0,1,3,NA,2,023,SR-163 N/B FROM UNIVERSITY AVE,UNIVERSITY AVE,2400,S,N,A,-,Y,NA,NA,NA,NA,NA,NA,NA,NA,NA,Y,3,0,1,1,A,-,01,23152,A,N,F,A,A,A,H,-,A,D,0,NA,NA,NA,NA,Y,Y,A,07,0,1,0,0,0,0,0,0,0,-,-,NA,NA,SAN DIEGO,SAN DIEGO,-117.1562957763672,32.742088317871094
91546849,2021,2021-11-02,9645,2021-08-01,0940,017139,NA,7,1,6,3702,0,1,1,NA,2,009,I-805 S/B TO MAIN ST,MAIN ST,15,S,N,A,-,Y,NA,NA,805,NA,NA,NA,R,NA,S,N,4,0,2,4,A,-,03,22350,NA,N,C,C,A,A,H,-,A,A,0,NA,NA,NA,NA,Y,NA,A,01,0,0,2,0,0,0,0,0,0,-,-,32.594970703125,-117.0373306274414,SAN DIEGO,CHULA VISTA,-117.0373306274414,32.594970703125
91547891,2021,2021-08-18,9645,2021-08-06,0840,015270,NA,5,1,7,3711,0,1,3,NA,2,022,SR-56 E/B,RANCHO SANTA FE FARMS ROAD,1172,E,N,A,-,Y,NA,NA,56,NA,NA,NA,NA,NA,E,Y,3,0,1,2,A,-,07,21658,A,N,B,2,A,A,H,-,A,A,0,NA,NA,NA,Y,Y,NA,A,01,0,1,0,0,0,0,0,0,0,-,-,32.96699142456055,-117.17350006103516,SAN DIEGO,SAN DIEGO,-117.17350006103516,32.9669303894043
91549334,2021,2021-08-19,9645,2021-07-14,1455,016137,NA,3,2,7,3711,0,1,1,NA,2,007,I-5 SOUTHBOUND,CARMEL VALLEY RD U/C,300,N,N,A,-,Y,NA,NA,5,NA,NA,NA,NA,NA,S,Y,4,0,1,2,A,-,07,21658,A,N,C,C,A,A,H,-,A,D,0,NA,NA,NA,NA,Y,NA,A,07,0,0,1,0,0,0,0,0,0,-,-,32.933799743652344,-117.2406005859375,SAN DIEGO,SAN DIEGO,-117.2414779663086,32.93373107910156
91551229,2021,2021-08-23,9645,2021-08-13,1801,018678,NA,5,2,7,3711,0,1,3,NA,2,006,SR-94 (E/B),HOME AVENUE O/C,560,E,N,A,-,Y,NA,NA,94,NA,NA,NA,NA,NA,NA,Y,3,0,5,5,A,-,03,22350,NA,N,C,C,A,A,H,-,A,D,0,NA,NA,NA,NA,Y,NA,A,08,0,1,4,0,0,0,0,0,0,-,-,32.71809005737305,-117.10944366455078,SAN DIEGO,SAN DIEGO,-117.10944366455078,32.71810531616211
91551463,2021,2021-08-23,9645,2021-08-16,0410,021651,NA,1,3,7,3711,0,1,3,NA,2,002,SR-905 W/B,I-805,2000,E,N,A,-,Y,NA,NA,905,NA,NA,NA,NA,NA,W,Y,3,0,1,1,A,-,01,23152,A,N,E,I,A,A,H,-,C,D,0,NA,NA,NA,NA,Y,Y,A,01,0,1,0,0,0,0,0,0,0,-,-,32.56840133666992,-117.03354644775392,SAN DIEGO,SAN DIEGO,-117.03354644775392,32.568321228027344
91555119,2021,2021-08-26,9680,2021-06-07,1700,022161,NA,1,2,5,3708,0,1,1,NA,2,081,I-8 E/B FROM EL CAJON BLVD.,SPRING ST.,700,E,N,B,-,Y,NA,NA,8,NA,NA,NA,R,NA,E,N,3,0,2,3,A,-,03,22350,NA,N,C,C,A,A,H,-,A,A,0,NA,NA,NA,NA,Y,NA,A,01,0,1,1,0,0,0,0,0,0,-,-,32.770790100097656,-117.02078247070313,SAN DIEGO,LA MESA,-117.02078247070313,32.770790100097656
91556904,2021,2021-08-27,9645,2021-08-25,1335,018697,NA,3,1,7,3711,0,1,1,NA,2,021,STATE ROUTE 15 (S/B),STATE ROUTE 94,500,S,N,A,-,Y,NA,NA,15,NA,NA,NA,NA,NA,NA,Y,3,0,1,2,A,-,08,22107,NA,F,D,C,A,A,H,-,A,A,0,NA,NA,NA,NA,Y,NA,A,01,0,1,0,0,0,0,0,0,0,-,-,32.714569091796875,-117.11795806884766,SAN DIEGO,SAN DIEGO,-117.117919921875,32.714569091796875
91557806,2021,2021-08-30,9650,2021-08-22,1012,017392,NA,7,1,5,3782,0,1,1,NA,2,007,I-5 S/B,LA COSTA AVE,1584,S,N,A,-,Y,NA,NA,5,NA,NA,NA,NA,NA,S,Y,4,0,2,2,A,-,03,22350,NA,N,E,I,A,A,D,-,A,A,0,NA,NA,NA,NA,Y,NA,A,01,0,0,2,0,0,0,0,0,0,-,-,33.079349517822266,-117.29666137695313,SAN DIEGO,ENCINITAS,-117.29669189453124,33.079341888427734
91559297,2021,2021-08-31,9680,2021-08-19,0755,016535,NA,4,1,9,3700,0,3,5,NA,2,002,PIEDMONT STREET,FELICITA AVENUE,0,NA,Y,A,-,N,NA,NA,NA,NA,NA,NA,NA,NA,NA,N,4,0,1,2,A,-,09,21802,A,N,D,C,A,A,H,-,A,A,0,NA,NA,NA,NA,Y,NA,D,22,0,0,1,0,0,0,0,0,0,-,-,32.71352005004883,-117.00077056884766,SAN DIEGO,UNINCORPORATED,-117.00076293945313,32.713470458984375
91559630,2021,2021-08-31,9680,2021-06-27,1058,018672,NA,7,1,9,3700,0,1,3,NA,1,051,STATE ROUTE 79,KQ RANCH ROAD,1056,N,N,A,-,N,NA,NA,79,NA,NA,NA,NA,NA,NA,Y,3,0,1,2,A,-,03,22350,NA,N,C,C,A,A,H,-,A,D,0,NA,NA,Y,NA,Y,NA,C,02,0,1,0,0,0,0,0,0,1,-,-,33.03535842895508,-116.56330108642578,SAN DIEGO,UNINCORPORATED,-116.56331634521484,33.03538513183594
91562248,2021,2021-10-14,9645,2021-08-27,1630,017953,NA,5,2,7,3711,0,1,1,NA,2,015,I-805 S/B FROM E/B BALBOA AVENUE,BALBOA AVENUE,345,S,N,A,-,Y,NA,NA,805,NA,NA,NA,R,NA,S,Y,4,0,1,4,A,-,03,22350,NA,N,C,C,A,A,H,-,A,A,0,NA,NA,NA,NA,Y,NA,A,01,0,0,1,0,0,0,0,0,0,-,-,32.82067108154297,-117.16361236572266,SAN DIEGO,SAN DIEGO,-117.16361236572266,32.82067108154297
91562281,2021,2021-09-03,9650,2021-08-23,1128,017392,NA,1,1,9,3700,0,1,3,NA,2,017,SR-78 E/B,MAR VISTA DR.,1056,W,N,A,-,Y,NA,NA,NA,NA,NA,NA,NA,NA,NA,Y,4,0,1,2,C,-,18,NA,NA,N,C,C,A,A,H,-,A,D,0,NA,NA,NA,NA,Y,NA,-,-,0,0,1,0,0,0,0,0,0,-,-,33.183509826660156,-117.23207855224608,SAN DIEGO,UNINCORPORATED,-117.23211669921876,33.183570861816406
91562546,2021,2021-09-03,9680,2021-06-11,0930,015912,NA,5,1,9,3700,0,3,5,NA,2,001,GREENFIELD DR,SECOND STREET,258,W,N,A,-,N,NA,NA,NA,NA,NA,NA,NA,NA,NA,N,3,0,1,2,A,-,03,22350,NA,N,C,C,A,A,H,-,A,D,0,NA,NA,NA,Y,Y,NA,A,01,0,1,0,0,0,0,0,0,0,-,-,NA,NA,SAN DIEGO,UNINCORPORATED,-116.9366455078125,32.81333923339844
91564295,2021,2021-12-07,9680,2021-08-25,2005,017928,NA,3,2,9,3700,0,3,5,NA,2,009,3RD ST,G ST,16,N,N,A,-,N,NA,NA,NA,NA,NA,NA,NA,NA,NA,Y,2,0,1,2,A,-,09,21802,A,N,B,C,A,A,H,-,C,A,0,NA,NA,Y,NA,Y,NA,A,07,1,0,0,0,0,0,0,0,1,-,-,33.044559478759766,-116.85472869873048,SAN DIEGO,UNINCORPORATED,-116.85482788085938,33.044647216796875
91565617,2021,2021-09-08,9645,2021-08-19,2203,020623,NA,4,3,7,3711,0,1,1,NA,2,017,I-15 S/B,SR-52,2112,N,N,A,-,Y,NA,NA,15,NA,NA,NA,NA,NA,S,Y,4,0,1,2,A,-,08,22107,NA,N,C,C,A,A,H,-,D,D,0,NA,NA,NA,NA,Y,NA,A,07,0,0,1,0,0,0,0,0,0,-,-,32.84777069091797,-117.11730194091795,SAN DIEGO,SAN DIEGO,-117.11740112304688,32.84782409667969
91566413,2021,2021-09-09,9645,2021-09-01,0325,021097,NA,3,3,7,3711,0,1,1,NA,2,007,I-5 S/B,VILLA DE LA VALLE,1320,S,N,B,-,Y,NA,NA,5,NA,NA,NA,NA,NA,S,Y,4,0,1,2,A,-,03,22350,NA,N,C,C,A,A,H,-,C,D,0,NA,NA,NA,NA,Y,NA,A,07,0,0,1,0,0,0,0,0,0,-,-,32.97562026977539,-117.25167083740234,SAN DIEGO,SAN DIEGO,-117.25161743164063,32.97563934326172
9156681,2020,2020-10-26,3702,2020-08-17,0102,CV1269,NA,1,5,6,3702,0,0,0,NA,0,032,EAST H ST,OTAY LAKES RD,0,NA,Y,A,-,N,NA,NA,NA,NA,NA,NA,NA,NA,NA,Y,4,0,1,1,A,-,03,22350,NA,N,F,I,A,A,H,-,C,A,0,NA,NA,NA,NA,Y,NA,A,01,0,0,1,0,0,0,0,0,0,-,-,NA,NA,SAN DIEGO,CHULA VISTA,-116.99893188476563,32.644771575927734
91566859,2021,2021-09-09,9680,2021-08-29,1150,022554,NA,7,1,9,3700,0,1,3,NA,1,051,SR-79,LOOKOUT RD.,2640,N,N,B,-,Y,NA,NA,79,NA,NA,NA,NA,NA,NA,Y,2,0,1,1,A,-,03,22350,NA,N,F,A,A,A,H,-,A,A,0,NA,NA,Y,NA,Y,NA,C,02,1,0,0,0,0,0,0,0,1,-,-,32.9647102355957,-116.57969665527344,SAN DIEGO,UNINCORPORATED,-116.57971954345705,32.964698791503906
91567279,2021,2021-09-10,9680,2021-08-28,1515,022050,NA,6,2,9,3700,0,3,5,NA,2,004,PROCTOR VALLEY RD,SR-94,150,S,N,A,-,N,NA,NA,NA,NA,NA,NA,NA,NA,NA,N,3,0,1,2,D,-,00,NA,NA,N,C,C,A,A,H,-,A,D,0,NA,NA,NA,NA,Y,NA,-,-,0,1,0,0,0,0,0,0,0,-,-,32.71636962890625,-116.87600708007813,SAN DIEGO,UNINCORPORATED,-116.87599182128906,32.7164421081543
91568193,2021,2021-09-13,9650,2021-09-04,1645,021435,NA,6,2,9,3700,0,1,3,NA,1,028,SR-76,RED GATE RD.,730,E,N,A,-,Y,NA,NA,76,NA,NA,NA,NA,NA,NA,Y,3,0,1,1,A,-,03,22350,NA,N,F,A,A,A,H,-,A,D,0,NA,NA,Y,NA,Y,NA,C,02,0,1,0,0,0,0,0,0,1,-,-,33.30216979980469,-116.91374206542967,SAN DIEGO,UNINCORPORATED,-116.91368103027344,33.302127838134766
91568363,2021,2021-09-13,9650,2021-09-04,1930,021435,NA,6,2,9,3700,0,1,3,NA,2,065,SR-76,I-15 S/B FROM SR-76,0,NA,Y,A,-,Y,NA,NA,76,NA,NA,NA,NA,NA,NA,N,4,0,2,2,A,-,03,22350,NA,N,C,C,A,A,H,-,C,A,0,NA,NA,NA,NA,Y,NA,A,01,0,0,2,0,0,0,0,0,0,-,-,33.32960891723633,-117.1605987548828,SAN DIEGO,UNINCORPORATED,-117.16078948974608,33.32981491088867
91568488,2021,2021-09-13,9650,2021-09-12,0824,015446,NA,7,1,9,3700,0,3,5,NA,1,160,GOPHER CANYON ROAD,I-15,200,W,N,A,-,N,NA,NA,NA,NA,NA,NA,NA,NA,NA,N,4,0,1,2,A,-,03,22350,NA,N,C,C,A,A,H,-,A,A,0,NA,NA,NA,NA,Y,NA,A,01,0,0,1,0,0,0,0,0,0,-,-,33.2529411315918,-117.15632629394533,SAN DIEGO,UNINCORPORATED,-117.1562728881836,33.25294876098633
91570799,2021,2021-09-15,9645,2021-08-31,0828,016409,NA,2,1,7,3711,0,1,1,NA,2,027,I-15 N/B,FRIARS ROAD,330,N,N,B,-,Y,NA,NA,15,NA,NA,NA,NA,NA,N,Y,4,0,1,3,A,-,03,22350,NA,N,C,C,A,A,H,-,A,D,0,NA,NA,NA,NA,Y,NA,D,22,0,0,1,0,0,0,0,0,0,-,-,32.78937911987305,-117.11341094970705,SAN DIEGO,SAN DIEGO,-117.11344146728516,32.78939437866211
9157179,2020,2020-10-24,3710,2020-08-29,2340,OC1483,NA,6,5,6,3710,0,0,0,NA,0,026,EL CAMINO REAL,VISTA WY,0,NA,Y,A,-,N,NA,NA,NA,NA,NA,NA,NA,NA,NA,Y,4,0,3,2,A,-,01,23153,A,N,D,C,A,A,H,-,C,A,0,NA,NA,NA,Y,Y,Y,A,07,0,0,3,0,0,0,0,0,0,-,-,NA,NA,SAN DIEGO,OCEANSIDE,-117.32707214355467,33.183189392089844
91572198,2021,2021-09-16,9645,2021-09-07,2115,020541,NA,2,2,7,3711,0,1,1,NA,2,003,I-5 SOUTBOUND TO SR-94 EASTBOUND,BROADWAY,200,S,N,A,-,Y,NA,NA,5,NA,NA,NA,R,NA,NA,Y,3,0,1,1,A,-,01,23152,A,N,E,I,A,A,H,-,D,D,0,NA,NA,NA,NA,Y,Y,A,01,0,1,0,0,0,0,0,0,0,-,-,32.715171813964844,-117.1482162475586,SAN DIEGO,SAN DIEGO,-117.1482162475586,32.715171813964844
9157258,2020,2020-11-24,3705,2020-09-01,2028,EC0418,NA,2,5,5,3705,0,0,0,NA,0,004,E LEXINGTON AV,S MOLLISON AV,0,NA,Y,A,-,N,NA,NA,NA,NA,NA,NA,NA,NA,NA,NA,4,0,2,3,A,-,12,21453,A,N,D,C,A,A,H,-,C,A,0,NA,NA,NA,NA,Y,NA,A,01,0,0,2,0,0,0,0,0,0,-,-,NA,NA,SAN DIEGO,EL CAJON,-116.95095825195313,32.79262924194336
9157391,2020,2021-02-01,3701,2020-10-05,1354,CB5559,099,1,5,5,3701,0,0,0,NA,0,007,AVENIDA ENCINAS,POINSETTIA LN,0,NA,Y,A,-,N,NA,NA,NA,NA,NA,NA,NA,NA,NA,N,3,0,1,2,A,-,12,21453,A,N,D,G,A,A,H,-,A,A,0,NA,Y,NA,NA,Y,NA,L,04,0,1,0,0,0,0,1,0,0,-,-,NA,NA,SAN DIEGO,CARLSBAD,-117.3134765625,33.10282897949219
91574024,2021,2021-09-20,9650,2021-09-12,0245,020747,NA,7,3,5,3713,0,1,3,NA,2,017,SR-78 E/B,EMERALD DR,10,W,N,A,-,Y,NA,NA,78,NA,NA,NA,NA,NA,E,Y,3,0,3,2,A,-,01,23152,A,N,C,C,A,A,H,-,D,D,0,NA,NA,NA,NA,Y,Y,A,08,0,3,0,0,0,0,0,0,0,-,-,33.18777084350586,-117.27979278564452,SAN DIEGO,VISTA,-117.27979278564452,33.18777847290039
9157601,2020,2020-12-01,3711,2020-09-29,1406,SD7046,NA,2,5,7,3711,0,0,0,NA,0,315,TEXAS ST,CAMINO DEL RIO S,0,NA,Y,A,-,N,NA,NA,NA,NA,NA,NA,NA,NA,NA,N,4,0,1,2,A,-,03,22350,NA,M,C,C,A,A,H,-,A,A,0,NA,NA,NA,NA,Y,NA,-,99,0,0,1,0,0,0,0,0,0,-,-,NA,NA,SAN DIEGO,SAN DIEGO,-117.13926696777344,32.76729965209961
91576433,2021,2021-09-22,9645,2021-09-16,1625,016061,NA,4,2,7,3711,0,1,3,NA,2,023,SR-163 S/B,I-8,2065,S,N,A,-,Y,NA,NA,163,NA,NA,NA,NA,NA,S,Y,3,0,1,2,A,-,08,22107,NA,N,B,C,A,A,H,-,A,D,0,NA,NA,Y,NA,Y,NA,C,02,0,1,0,0,0,0,0,0,1,-,-,32.755680084228516,-117.15898895263672,SAN DIEGO,SAN DIEGO,-117.15904235839844,32.75566101074219
91576461,2021,2021-09-22,9645,2021-09-21,1725,016061,NA,2,2,7,3711,0,1,3,NA,2,023,I-8 W/B,MISSION CENTER RD.,528,E,N,A,-,Y,NA,NA,NA,NA,NA,NA,NA,NA,NA,N,4,0,5,2,A,-,03,22350,NA,N,C,C,A,A,H,-,A,D,0,NA,NA,NA,NA,Y,NA,A,01,0,0,5,0,0,0,0,0,0,-,-,32.76726150512695,-117.15834808349608,SAN DIEGO,SAN DIEGO,NA,NA
91577555,2021,2021-09-23,9650,2021-09-06,2240,019227,NA,1,3,6,3710,0,1,1,NA,2,005,I-5 N/B,MISSION AVE,792,S,N,A,-,Y,NA,NA,5,NA,NA,NA,NA,NA,N,Y,3,0,4,2,A,-,03,22350,NA,F,C,2,A,A,H,-,C,D,0,NA,NA,NA,NA,Y,NA,-,99,0,4,0,0,0,0,0,0,0,-,-,33.198909759521484,-117.36956024169922,SAN DIEGO,OCEANSIDE,-117.36954498291016,33.19892501831055
91578007,2021,2021-09-23,9645,2021-08-29,1845,019480,NA,7,2,7,3711,0,1,3,NA,2,012,SR-52 EASTBOUND,GENESEE AVE U/C,3294,E,N,A,-,Y,NA,NA,52,NA,NA,NA,NA,NA,E,Y,3,0,3,3,A,-,03,22350,NA,N,C,C,A,A,H,-,A,D,0,NA,NA,Y,NA,Y,NA,C,02,0,3,0,0,0,0,0,0,2,-,-,32.846580505371094,-117.20599365234376,SAN DIEGO,SAN DIEGO,-117.20599365234376,32.84659957885742
91578065,2021,2021-09-23,9645,2021-08-18,2251,019410,NA,3,3,7,3711,0,1,1,NA,2,005,I-5 S/B,CLAIREMONT DR. O/C,600,S,N,B,-,Y,NA,NA,5,NA,NA,NA,NA,NA,S,Y,3,0,2,2,A,-,01,23152,A,N,C,C,A,A,H,-,C,D,0,NA,NA,NA,Y,Y,Y,A,01,0,2,0,0,0,0,0,0,0,-,-,32.78636169433594,-117.20742034912108,SAN DIEGO,SAN DIEGO,-117.2073974609375,32.78635787963867
91578149,2021,2021-09-23,9645,2021-09-21,1545,018951,NA,2,2,7,3711,0,1,1,NA,2,005,INTERSTATE 5 S/B FROM OLD TOWN AVE,OLD TOWN AVENUE,406,S,N,A,-,Y,NA,NA,NA,NA,NA,NA,NA,NA,NA,N,4,0,1,2,A,-,03,22350,NA,N,C,C,A,A,H,-,A,A,0,NA,NA,NA,NA,Y,NA,D,22,0,0,1,0,0,0,0,0,0,-,-,NA,NA,SAN DIEGO,SAN DIEGO,-117.19230651855467,32.746952056884766
91578319,2021,2021-09-23,9645,2021-09-11,1529,020992,NA,6,2,7,3711,0,1,1,NA,2,010,I-8 W/B TO SR-163 S/B,SR-163,200,E,N,A,-,Y,NA,NA,NA,NA,NA,NA,NA,NA,NA,N,4,0,2,1,A,-,08,22107,NA,N,E,I,A,A,H,-,A,D,0,NA,NA,NA,NA,Y,NA,A,01,0,0,2,0,0,0,0,0,0,-,-,NA,NA,SAN DIEGO,SAN DIEGO,-117.16298675537108,32.76292419433594
91578810,2021,2021-09-24,9645,2021-09-23,1335,016061,NA,4,1,7,3711,0,1,3,NA,2,016,SR-52 W/B,SANTO RD.,528,W,N,A,-,Y,NA,NA,NA,NA,NA,NA,NA,NA,NA,Y,3,0,2,2,A,-,03,22350,NA,N,C,C,A,A,H,-,A,D,0,NA,NA,NA,NA,Y,NA,A,01,0,2,0,0,0,0,0,0,0,-,-,37.84169006347656,-117.10365295410156,SAN DIEGO,SAN DIEGO,-117.0969009399414,32.84141159057617
91581816,2021,2021-09-28,9645,2021-09-20,0625,014461,NA,1,1,7,3711,0,3,5,NA,2,024,RANCHO BERNARDO RD,CAMINO SAN BERNARDO,0,NA,Y,B,-,N,NA,NA,NA,NA,NA,NA,NA,NA,NA,Y,3,0,1,2,A,-,06,21755,A,N,D,C,A,A,H,-,A,D,0,NA,NA,NA,Y,Y,NA,D,22,0,1,0,0,0,0,0,0,0,-,-,33.021480560302734,-117.10135650634766,SAN DIEGO,SAN DIEGO,-117.0821533203125,33.02376174926758
9158317,2020,2020-11-23,3710,2020-09-17,1602,OC1480,NA,4,5,6,3710,0,0,0,NA,0,011,BUSH ST,ARCHER ST,16,E,N,A,-,N,NA,NA,NA,NA,NA,NA,NA,NA,NA,Y,4,0,2,3,A,-,09,21804,A,N,D,C,A,A,H,-,A,D,0,NA,NA,NA,NA,Y,NA,A,01,0,0,2,0,0,0,0,0,0,-,-,NA,NA,SAN DIEGO,OCEANSIDE,-117.3682861328125,33.20442199707031
91586095,2021,2021-10-01,9650,2021-09-24,1720,018496,NA,5,2,6,3706,0,1,1,NA,2,023,I-15 S/B,VIA RANCHO PARKWAY,225,N,N,B,C,Y,NA,NA,15,NA,NA,NA,NA,NA,S,Y,4,0,2,3,A,-,03,22350,NA,N,C,C,A,B,H,-,A,D,0,NA,NA,NA,NA,Y,NA,D,22,0,0,2,0,0,0,0,0,0,-,-,33.070091247558594,-117.06976318359376,SAN DIEGO,ESCONDIDO,-117.06967926025392,33.07010269165039
91588636,2021,2021-10-05,9680,2021-09-23,1815,016102,NA,4,2,9,3700,0,3,5,NA,2,006,BUCKMAN SPRINGS  ROAD (S1),OAK DRIVE,7392,N,N,A,-,N,NA,NA,NA,NA,NA,NA,NA,NA,NA,Y,4,0,1,1,A,-,08,22107,NA,N,E,I,A,A,H,-,A,D,0,NA,NA,NA,NA,Y,NA,A,01,0,0,1,0,0,0,0,0,0,-,-,32.70888900756836,-116.4919204711914,SAN DIEGO,UNINCORPORATED,-116.49275970458984,32.70978546142578
91589797,2021,2021-10-06,9645,2021-06-23,0313,021523,NA,3,3,7,3711,0,1,1,NA,2,009,INTERSTATE 805 SOUTHBOUND,BEYER BOULEVARD OVER-CROSSING,541,N,N,A,-,Y,NA,NA,805,NA,NA,NA,NA,NA,S,Y,1,1,0,1,A,-,08,22107,NA,N,E,A,A,A,H,-,D,D,0,NA,NA,NA,NA,Y,NA,A,01,0,0,0,0,0,0,0,0,0,-,-,32.55924987792969,-117.04271697998048,SAN DIEGO,SAN DIEGO,-117.04264831542967,32.55924606323242