CASE_ID,ACCIDENT_YEAR,PROC_DATE,JURIS,COLLISION_DATE,COLLISION_TIME,OFFICER_ID,REPORTING_DISTRICT,DAY_OF_WEEK,CHP_SHIFT,POPULATION,CNTY_CITY_LOC,SPECIAL_COND,BEAT_TYPE,CHP_BEAT_TYPE,CITY_DIVISION_LAPD,CHP_BEAT_CLASS,BEAT_NUMBER,PRIMARY_RD,SECONDARY_RD,DISTANCE,DIRECTION,INTERSECTION,WEATHER_1,WEATHER_2,STATE_HWY_IND,CALTRANS_COUNTY,CALTRANS_DISTRICT,STATE_ROUTE,ROUTE_SUFFIX,POSTMILE_PREFIX,POSTMILE,LOCATION_TYPE,RAMP_INTERSECTION,SIDE_OF_HWY,TOW_AWAY,COLLISION_SEVERITY,NUMBER_KILLED,NUMBER_INJURED,PARTY_COUNT,PRIMARY_COLL_FACTOR,PCF_CODE_OF_VIOL,PCF_VIOL_CATEGORY,PCF_VIOLATION,PCF_VIOL_SUBSECTION,HIT_AND_RUN,TYPE_OF_COLLISION,MVIW,PED_ACTION,ROAD_SURFACE,ROAD_COND_1,ROAD_COND_2,LIGHTING,CONTROL_DEVICE,CHP_ROAD_TYPE,PEDESTRIAN_ACCIDENT,BICYCLE_ACCIDENT,MOTORCYCLE_ACCIDENT,TRUCK_ACCIDENT,NOT_PRIVATE_PROPERTY,ALCOHOL_INVOLVED,STWD_VEHTYPE_AT_FAULT,CHP_VEHTYPE_AT_FAULT,COUNT_SEVERE_INJ,COUNT_VISIBLE_INJ,COUNT_COMPLAINT_PAIN,COUNT_PED_KILLED,COUNT_PED_INJURED,COUNT_BICYCLIST_KILLED,COUNT_BICYCLIST_INJURED,COUNT_MC_KILLED,COUNT_MC_INJURED,PRIMARY_RAMP,SECONDARY_RAMP,LATITUDE,LONGITUDE,COUNTY,CITY,POINT_X,POINT_Y
9299179,2021,2021-08-30,3711,2021-07-30,1639,SD7022,NA,5,5,7,3711,0,0,0,NA,0,827,54TH ST,CHOLLAS PKWY,0,NA,Y,A,B,N,NA,NA,NA,NA,NA,NA,NA,NA,NA,Y,4,0,1,2,A,-,09,21803,A,N,A,C,A,A,H,-,A,D,0,NA,NA,NA,NA,Y,NA,D,22,0,0,1,0,0,0,0,0,0,-,-,NA,NA,SAN DIEGO,SAN DIEGO,-117.07975006103516,32.74374771118164
9299185,2021,2021-09-01,3711,2021-07-31,1719,SD7975,NA,6,5,7,3711,0,0,0,NA,0,122,BALBOA AV,GARNET AV,0,NA,Y,A,-,N,NA,NA,NA,NA,NA,NA,NA,NA,NA,Y,3,0,1,1,D,-,00,NA,NA,N,H,-,A,A,H,-,A,A,0,NA,NA,Y,NA,Y,NA,-,-,0,1,0,0,0,0,0,0,1,-,-,NA,NA,SAN DIEGO,SAN DIEGO,-117.22697448730467,32.80274200439453
9299752,2021,2021-09-03,3710,2021-07-31,2105,OC1434,NA,6,5,6,3710,0,0,0,NA,0,016,EL CAMINO REAL,MISSION AV,600,S,N,A,-,N,NA,NA,NA,NA,NA,NA,NA,NA,NA,Y,3,0,2,1,A,-,03,22350,NA,N,E,I,A,A,H,-,C,D,0,NA,NA,NA,NA,Y,NA,A,01,0,2,0,0,0,0,0,0,0,-,-,NA,NA,SAN DIEGO,OCEANSIDE,-117.33101654052734,33.225860595703125
9300304,2021,2021-08-17,3711,2021-07-27,1253,SD7122,NA,2,5,7,3711,0,0,0,NA,0,627,4TH AV,BROOKES AV,16,S,N,A,-,N,NA,NA,NA,NA,NA,NA,NA,NA,NA,N,4,0,1,2,A,-,08,22107,NA,N,B,C,A,A,H,-,A,A,0,NA,NA,NA,NA,Y,NA,A,07,0,0,1,0,0,0,0,0,0,-,-,NA,NA,SAN DIEGO,SAN DIEGO,-117.16156005859376,32.7432975769043
9300507,2021,2021-08-10,3705,2021-06-25,1549,EC0219,NA,5,5,5,3705,0,0,0,NA,0,001,EL CAJON BL,S JOHNSON AV,0,NA,Y,A,-,N,NA,NA,NA,NA,NA,NA,NA,NA,NA,N,4,0,2,2,A,-,12,21453,A,N,D,C,A,A,H,-,A,A,0,NA,NA,NA,NA,Y,NA,A,01,0,0,2,0,0,0,0,0,0,-,-,NA,NA,SAN DIEGO,EL CAJON,-116.97105407714844,32.791717529296875
9301237,2021,2021-08-16,3710,2021-06-25,2500,OC1351,NA,5,5,6,3710,0,0,0,NA,0,006,RT 76,RT 5,159,E,N,A,-,Y,SD,11,76,-,R,0.09,H,-,W,Y,4,0,2,2,A,-,03,22350,NA,N,C,C,A,A,H,-,D,A,0,NA,NA,Y,NA,Y,NA,C,02,0,0,2,0,0,0,0,0,1,-,NO,NA,NA,SAN DIEGO,OCEANSIDE,-117.3827896118164,33.206207275390625
9301362,2021,2021-08-30,3711,2021-08-05,1213,SD1519,NA,4,5,7,3711,0,0,0,NA,0,123,CLAIREMONT DR,RT 56,0,NA,Y,A,-,Y,SD,11,5,-,R,22.092,R,4,N,N,3,0,1,2,A,-,03,22350,NA,M,C,G,A,A,H,-,A,A,0,NA,Y,NA,NA,Y,NA,-,99,0,1,0,0,0,0,1,0,0,-,NF,NA,NA,SAN DIEGO,SAN DIEGO,-117.20687866210938,32.788204193115234
9302354,2021,2021-10-21,3711,2021-08-03,2117,SD1269,NA,2,5,7,3711,0,0,0,NA,0,115,GOVERNOR DR,RADCLIFFE DR,0,NA,Y,A,-,N,NA,NA,NA,NA,NA,NA,NA,NA,NA,Y,3,0,1,2,A,-,03,22350,NA,N,D,C,A,A,H,-,C,A,0,NA,NA,NA,NA,Y,NA,A,01,0,1,0,0,0,0,0,0,0,-,-,NA,NA,SAN DIEGO,SAN DIEGO,-117.20597839355467,32.85449981689453
9302806,2021,2021-08-28,3711,2021-07-31,0433,SD7621,NA,6,5,7,3711,0,0,0,NA,0,826,EL CAJON BL,EL CAJON BL 4900,0,N,N,A,-,N,NA,NA,NA,NA,NA,NA,NA,NA,NA,N,3,0,1,2,A,-,08,22107,NA,M,C,E,A,A,H,-,C,A,0,NA,NA,NA,NA,Y,NA,-,99,0,1,0,0,0,0,0,0,0,-,-,NA,NA,SAN DIEGO,SAN DIEGO,-116.9778289794922,32.784767150878906
9303825,2021,2021-08-18,3711,2021-07-28,1524,SD1530,NA,3,5,7,3711,0,0,0,NA,0,721,THERMAL AV,DONAX AV,0,NA,Y,A,-,N,NA,NA,NA,NA,NA,NA,NA,NA,NA,N,3,0,2,2,A,-,09,21802,A,N,D,C,A,A,H,-,A,D,0,NA,NA,NA,NA,Y,NA,A,01,0,1,1,0,0,0,0,0,0,-,-,NA,NA,SAN DIEGO,SAN DIEGO,-117.09700012207033,32.58198165893555
9303830,2021,2021-08-17,3711,2021-07-30,0726,SD7904,NA,5,5,7,3711,0,0,0,NA,0,934,CARMEL MOUNTAIN RD,VIA MAR DE BALLENAS,0,NA,Y,B,-,N,NA,NA,NA,NA,NA,NA,NA,NA,NA,Y,3,0,2,2,A,-,09,21802,A,N,D,C,A,A,H,-,A,D,0,NA,NA,NA,NA,Y,NA,A,01,0,1,1,0,0,0,0,0,0,-,-,NA,NA,SAN DIEGO,SAN DIEGO,-117.22517395019533,32.92023468017578
9303895,2021,2021-09-17,3711,2021-08-15,2122,SD1521,NA,7,5,7,3711,0,0,0,NA,0,123,WEST MISSION BAY DR,MARINERS WY,0,NA,Y,A,-,N,NA,NA,NA,NA,NA,NA,NA,NA,NA,N,3,0,1,2,A,-,08,22107,NA,M,F,A,A,A,H,-,C,A,0,NA,NA,Y,NA,Y,NA,-,NA,0,1,0,0,0,0,0,0,1,-,-,NA,NA,SAN DIEGO,SAN DIEGO,-117.24691772460938,32.77117919921875
9303898,2021,2021-09-17,3711,2021-08-13,1630,SD5072,NA,5,5,7,3711,0,0,0,NA,0,115,LA JOLLA VILLAGE DR,TOWN CENTER DR,310,E,N,A,-,N,NA,NA,NA,NA,NA,NA,NA,NA,NA,Y,4,0,2,2,A,-,03,22350,NA,N,C,C,A,A,H,-,A,A,0,NA,NA,NA,NA,Y,Y,A,01,0,0,2,0,0,0,0,0,0,-,-,NA,NA,SAN DIEGO,SAN DIEGO,-117.20642852783205,32.87423324584961
9303906,2021,2021-09-30,3711,2021-08-28,1842,SD1570,NA,6,5,7,3711,0,0,0,NA,0,627,WASHINGTON ST,1ST ST,0,NA,Y,A,-,N,NA,NA,NA,NA,NA,NA,NA,NA,NA,N,4,0,2,2,A,-,08,22107,NA,N,D,C,A,A,H,-,A,A,0,NA,NA,NA,NA,Y,NA,A,01,0,0,2,0,0,0,0,0,0,-,-,NA,NA,SAN DIEGO,SAN DIEGO,-117.16393280029295,32.74997329711914
93051154,2024,2024-07-31,9645,2024-07-22,730,015676,NA,1,1,7,3711,0,1,1,NA,2,010,I-8 W/B,COLLEGE AVENUE,100,E,N,A,-,Y,SD,NA,8,NA,NA,8.884,H,NA,L,N,4,0,1,3,A,-,03,22350,NA,N,C,C,A,A,H,-,A,D,0,NA,NA,NA,NA,Y,NA,A,07,0,0,1,0,0,0,0,0,0,-,-,32.77779006958008,-117.05721282958984,SAN DIEGO,SAN DIEGO,-117.05719757080078,32.77783966064453
93051175,2024,2024-07-31,9645,2024-02-09,1250,017139,NA,5,1,7,3711,0,1,3,NA,2,002,STATE ROUTE 905 EASTBOUND,HERITAGE ROAD,2194,W,N,B,C,Y,SD,NA,905,NA,R,7.358,H,NA,R,Y,1,1,1,1,A,-,03,22350,NA,N,E,I,A,B,H,-,A,D,0,NA,NA,NA,NA,Y,NA,A,01,0,0,1,0,0,0,0,0,0,-,-,32.566139221191406,-117.00376129150392,SAN DIEGO,SAN DIEGO,-117.00374603271484,32.56620788574219
9306219,2021,2021-09-09,3710,2021-07-19,0055,OC1419,NA,1,5,6,3710,0,0,0,NA,0,006,MISSION AV,PIRATES COVE WY,520,E,N,A,-,N,NA,NA,NA,NA,NA,NA,NA,NA,NA,N,4,0,1,2,A,-,08,22107,NA,N,C,G,A,A,H,-,C,D,0,NA,Y,NA,NA,Y,NA,L,04,0,0,1,0,0,0,1,0,0,-,-,NA,NA,SAN DIEGO,OCEANSIDE,-117.37218475341795,33.200096130371094
9310430,2021,2021-10-02,3711,2021-08-06,2042,SD1474,NA,5,5,7,3711,0,0,0,NA,0,116,ERIE ST,ERIE ST 2145,0,NA,N,A,-,N,NA,NA,NA,NA,NA,NA,NA,NA,NA,Y,3,0,1,4,A,-,08,22107,NA,N,H,E,A,A,H,-,C,D,0,NA,NA,NA,NA,Y,NA,A,01,0,1,0,0,0,0,0,0,0,-,-,NA,NA,SAN DIEGO,SAN DIEGO,NA,NA
9312220,2021,2021-09-16,3710,2021-08-10,1700,OC1382,NA,2,5,6,3710,0,0,0,NA,0,021,RT 76,COLLEGE BL,500,W,N,A,-,Y,SD,11,76,-,R,6.12,H,-,E,N,4,0,1,2,A,-,03,22350,NA,F,C,C,A,A,H,-,A,A,0,NA,NA,NA,NA,Y,NA,A,01,0,0,1,0,0,0,0,0,0,-,-,NA,NA,SAN DIEGO,OCEANSIDE,-117.2912368774414,33.24347686767578
9312969,2021,2021-09-14,3705,2021-07-30,1558,EC0365,NA,5,5,5,3705,0,0,0,NA,0,003,DUMAR,S 3RD ST,80,E,N,A,-,N,NA,NA,NA,NA,NA,NA,NA,NA,NA,Y,3,0,1,3,A,-,01,23152,NA,M,E,J,A,A,H,-,A,D,0,NA,NA,NA,NA,Y,Y,D,22,0,1,0,0,0,0,0,0,0,-,-,NA,NA,SAN DIEGO,EL CAJON,-116.92667388916016,32.78935241699219
9314230,2021,2021-10-15,3711,2021-08-11,2009,SD1530,NA,3,5,7,3711,0,0,0,NA,0,723,PALM AV,HAWAII AV,165,W,N,A,-,N,NA,NA,NA,NA,NA,NA,NA,NA,NA,N,4,0,1,2,A,-,04,21703,NA,N,C,C,A,A,H,-,C,A,0,NA,NA,NA,NA,Y,NA,A,01,0,0,1,0,0,0,0,0,0,-,-,NA,NA,SAN DIEGO,SAN DIEGO,-117.06695556640624,32.58388137817383
9314262,2021,2021-10-14,3711,2021-08-13,1528,SD6334,NA,5,5,7,3711,0,0,0,NA,0,122,GARNET AV,FANUEL ST,42,E,N,A,-,N,NA,NA,NA,NA,NA,NA,NA,NA,NA,N,4,0,1,2,A,-,05,21650,1,N,B,G,A,A,H,-,A,D,0,NA,Y,NA,NA,Y,NA,L,04,0,0,1,0,0,0,1,0,0,-,-,NA,NA,SAN DIEGO,SAN DIEGO,-117.24623107910156,32.798587799072266
9316361,2021,2021-09-18,3711,2021-08-23,1101,SD1572,NA,1,5,7,3711,0,0,0,NA,0,713,ROLL DR,SIEMPRE VIVA RD,170,S,N,A,-,N,NA,NA,NA,NA,NA,NA,NA,NA,NA,N,4,0,1,2,A,-,04,21703,NA,N,B,A,A,A,H,-,A,D,0,NA,NA,Y,NA,Y,NA,C,02,0,0,1,0,0,0,0,0,1,-,-,NA,NA,SAN DIEGO,SAN DIEGO,-116.9374771118164,32.55607223510742
9316368,2021,2021-09-18,3711,2021-08-18,1253,SD1574,NA,3,5,7,3711,0,0,0,NA,0,447,EUCLID AV,MARILOU RD,0,NA,Y,A,-,N,NA,NA,NA,NA,NA,NA,NA,NA,NA,Y,3,0,1,2,A,-,08,22100,B,N,A,C,A,A,H,-,A,D,0,NA,NA,NA,NA,Y,NA,A,01,0,1,0,0,0,0,0,0,0,-,-,NA,NA,SAN DIEGO,SAN DIEGO,-117.08492279052734,32.72229766845703
9318813,2021,2021-10-07,3702,2021-08-06,1117,CV1355,NA,5,5,6,3702,0,0,0,NA,0,031,TELEGRAPH CANYON RD,OTAY LAKES RD,12,W,N,A,-,N,NA,NA,NA,NA,NA,NA,NA,NA,NA,N,3,0,1,2,A,-,09,21453,B,N,D,G,A,A,H,-,A,A,0,NA,Y,NA,NA,Y,NA,A,01,0,1,0,0,0,0,1,0,0,-,-,NA,NA,SAN DIEGO,CHULA VISTA,-116.99054718017578,32.63875961303711
9320112,2021,2023-06-20,3711,2021-06-09,1305,SD7233,NA,3,5,7,3711,0,0,0,NA,0,124,WALL ST,IVANHOE AV,73,W,N,A,-,N,NA,NA,NA,NA,NA,NA,NA,NA,NA,N,1,1,0,2,A,-,21,22106,NA,N,G,B,D,A,H,-,A,D,0,Y,NA,NA,NA,Y,NA,A,07,0,0,0,1,0,0,0,0,0,-,-,NA,NA,SAN DIEGO,SAN DIEGO,-117.27230072021484,32.847164154052734
9320321,2021,2022-02-02,3702,2021-08-23,1940,CV0967,NA,1,5,6,3702,0,0,0,NA,0,013,4TH AV,PARK WY,3,N,N,A,-,N,NA,NA,NA,NA,NA,NA,NA,NA,NA,Y,1,1,1,3,A,-,10,21950,A,N,G,B,B,A,H,-,B,A,0,Y,NA,NA,NA,Y,NA,A,01,0,1,0,1,1,0,0,0,0,-,-,NA,NA,SAN DIEGO,CHULA VISTA,-117.0829849243164,32.63754653930664
9320778,2022,2022-06-08,3711,2022-03-20,2211,SD6146,NA,7,5,7,3711,0,0,0,NA,0,611,ROSECRANS ST,MOORE ST,97,S,N,A,-,N,NA,NA,NA,NA,NA,NA,NA,NA,NA,N,1,1,0,2,A,-,11,21954,A,N,G,B,E,A,H,-,C,D,0,Y,NA,NA,NA,Y,NA,N,60,0,0,0,1,0,0,0,0,0,-,-,NA,NA,SAN DIEGO,SAN DIEGO,-117.20272064208984,32.75363540649414
9321578,2021,2021-10-05,3711,2021-08-15,1048,SD6722,NA,7,5,7,3711,0,0,0,NA,0,624,ADAMS AV,FLORIDA ST,140,E,N,B,-,N,NA,NA,NA,NA,NA,NA,NA,NA,NA,Y,2,0,2,1,A,-,08,22107,NA,F,F,A,A,A,H,-,A,D,0,NA,NA,NA,NA,Y,Y,M,96,1,1,0,0,0,0,0,0,0,-,-,NA,NA,SAN DIEGO,SAN DIEGO,-117.14334106445313,32.76246643066406
9321911,2021,2021-10-05,3700,2021-08-16,2139,SH1126,NA,1,5,5,3781,0,0,0,NA,0,508,EL NOPAL,EL NOPAL 10829,30,S,N,A,-,N,NA,NA,NA,NA,NA,NA,NA,NA,NA,Y,4,0,1,2,A,-,08,22100,5,N,D,C,A,A,H,-,C,D,0,NA,NA,NA,NA,Y,NA,A,01,0,0,1,0,0,0,0,0,0,-,-,NA,NA,SAN DIEGO,SANTEE,NA,NA
9322410,2021,2021-11-02,3711,2021-09-14,0717,SD7976,NA,2,5,7,3711,0,0,0,NA,0,312,TIERRASANTA BL,TIERRASANTA BL 11233,0,NA,Y,A,-,N,NA,NA,NA,NA,NA,NA,NA,NA,NA,N,3,0,1,2,D,-,00,NA,NA,N,G,G,A,A,H,-,A,D,0,NA,Y,NA,NA,Y,NA,-,-,0,1,0,0,0,0,1,0,0,-,-,NA,NA,SAN DIEGO,SAN DIEGO,-117.10418701171876,32.823394775390625
9322746,2021,2021-10-06,3710,2021-09-16,1655,OC1512,NA,4,5,6,3710,0,0,0,NA,0,014,RT 76,AIRPORT RD,0,NA,Y,A,-,Y,SD,11,76,-,R,2.11,H,-,W,Y,4,0,1,2,A,-,03,22350,NA,N,C,C,A,A,H,-,A,A,0,NA,NA,NA,NA,Y,NA,A,01,0,0,1,0,0,0,0,0,0,-,-,NA,NA,SAN DIEGO,OCEANSIDE,-117.35167694091795,33.216407775878906
9323458,2021,2021-10-21,3709,2021-09-02,1654,NC0460,NA,4,5,5,3709,0,0,0,NA,0,020,HIGHLAND AV,HIGHLAND AV 1100,0,NA,Y,A,-,N,NA,NA,NA,NA,NA,NA,NA,NA,NA,N,4,0,1,2,A,-,10,21950,A,N,G,B,B,A,H,-,A,A,0,Y,NA,NA,NA,Y,NA,A,01,0,0,1,0,1,0,0,0,0,-,-,NA,NA,SAN DIEGO,NATIONAL CITY,-117.0892333984375,32.65372085571289
9323628,2021,2021-09-28,3711,2021-08-11,1123,SD1519,NA,3,5,7,3711,0,0,0,NA,0,115,MILLIKIN AV,RADCLIFFE DR,50,E,N,A,-,N,NA,NA,NA,NA,NA,NA,NA,NA,NA,N,3,0,1,4,A,-,21,22106,NA,N,D,E,-,A,H,-,A,D,0,Y,NA,NA,NA,Y,Y,A,01,0,1,0,0,1,0,0,0,0,-,-,NA,NA,SAN DIEGO,SAN DIEGO,-117.20612335205078,32.855289459228516
9323713,2021,2021-09-24,3711,2021-08-28,1555,SD7615,NA,6,5,7,3711,0,0,0,NA,0,445,EUCLID AV,EUCLID AV 800,0,NA,-,A,-,N,NA,NA,NA,NA,NA,NA,NA,NA,NA,N,4,0,2,3,A,-,03,22350,NA,N,C,C,A,A,H,-,A,A,0,NA,NA,NA,NA,Y,Y,A,01,0,0,2,0,0,0,0,0,0,-,-,NA,NA,SAN DIEGO,SAN DIEGO,-117.08499908447266,32.704505920410156
9324358,2021,2021-11-10,3711,2021-09-03,0916,SD6917,NA,5,5,7,3711,0,0,0,NA,0,521,17TH ST,G ST,0,NA,Y,A,-,N,NA,NA,NA,NA,NA,NA,NA,NA,NA,N,4,0,1,2,A,-,09,21802,A,N,B,C,A,A,H,-,A,D,0,NA,NA,NA,NA,Y,NA,A,01,0,0,1,0,0,0,0,0,0,-,-,NA,NA,SAN DIEGO,SAN DIEGO,-117.14857482910156,32.71263122558594
9324366,2021,2021-12-01,3700,2021-09-01,1557,SD5278,NA,3,5,4,3780,0,0,0,NA,0,234,BERNARDO HEIGHTS PKWY,POMERADO RD,0,NA,Y,B,-,N,NA,NA,NA,NA,NA,NA,NA,NA,NA,N,3,0,1,2,A,-,21,22106,NA,M,G,B,B,A,H,-,-,A,0,Y,NA,NA,NA,Y,NA,-,NA,0,1,0,0,1,0,0,0,0,-,-,NA,NA,SAN DIEGO,POWAY,-117.05821228027344,33.00141525268555
93244704,2024,2024-08-01,9680,2024-07-20,2235,023332,NA,6,3,9,3700,0,3,5,NA,2,004,SKYLINE TRUCK TRAIL,CASTLE PEAK LANE,1700,W,N,A,-,N,NA,NA,NA,NA,NA,NA,NA,NA,NA,Y,4,0,1,1,A,-,08,22107,NA,M,E,I,A,A,H,-,D,D,0,NA,NA,NA,NA,Y,NA,A,01,0,0,1,0,0,0,0,0,0,-,-,32.73514175415039,-116.83132934570313,SAN DIEGO,UNINCORPORATED,-116.83116912841795,32.73509979248047
93272228,2024,2024-08-01,9645,2024-07-24,907,017678,NA,3,1,7,3711,0,1,1,NA,2,009,I-805 NB,ORANGE AVE.,500,N,N,A,-,Y,SD,NA,805,NA,NA,4.589,H,NA,R,N,4,0,1,2,A,-,03,22350,NA,N,C,C,A,A,H,-,A,D,0,NA,NA,NA,NA,Y,NA,A,01,0,0,1,0,0,0,0,0,0,-,-,32.60832977294922,-117.03648376464844,SAN DIEGO,SAN DIEGO,-117.0361785888672,32.60834503173828
9327825,2021,2021-10-14,3711,2021-09-20,0740,SD7101,NA,1,5,7,3711,0,0,0,NA,0,834,MARLBOROUGH AV,WIGHTMAN AV,1,S,N,A,-,N,NA,NA,NA,NA,NA,NA,NA,NA,NA,N,3,0,1,2,A,-,12,22450,A,N,G,B,B,A,H,-,A,D,0,Y,NA,NA,NA,Y,NA,A,07,0,1,0,0,1,0,0,0,0,-,-,NA,NA,SAN DIEGO,SAN DIEGO,-117.10572052001952,32.74777603149414
9336369,2021,2021-10-19,3711,2021-09-10,2012,SD1569,NA,5,5,7,3711,0,0,0,NA,0,521,G ST,16TH ST,0,NA,Y,A,-,N,NA,NA,NA,NA,NA,NA,NA,NA,NA,N,4,0,1,2,B,-,22,NA,NA,M,C,C,A,A,H,-,C,D,0,NA,NA,NA,NA,Y,NA,-,99,0,0,1,0,0,0,0,0,0,-,-,NA,NA,SAN DIEGO,SAN DIEGO,-117.14949035644533,32.71260452270508
9336406,2021,2021-10-15,3711,2021-09-12,2025,SD1521,NA,7,5,7,3711,0,0,0,NA,0,122,INGRAHAM ST,CROWN POINT DR,0,NA,Y,A,-,N,NA,NA,NA,NA,NA,NA,NA,NA,NA,Y,3,0,1,2,A,-,12,21453,A,M,D,C,A,A,H,-,C,A,0,NA,NA,NA,NA,Y,NA,A,01,0,1,0,0,0,0,0,0,0,-,-,NA,NA,SAN DIEGO,SAN DIEGO,-117.23624420166016,32.77987289428711
9337091,2021,2021-11-09,3711,2021-09-16,0020,SD1525,NA,4,5,7,3711,0,0,0,NA,0,122,WILBUR AV,BAYARD ST,37,E,N,A,-,N,NA,NA,NA,NA,NA,NA,NA,NA,NA,N,3,0,1,1,A,-,08,22107,NA,N,H,A,A,A,G,-,C,D,0,NA,NA,NA,NA,Y,Y,-,NA,0,1,0,0,0,0,0,0,0,-,-,NA,NA,SAN DIEGO,SAN DIEGO,-117.25582122802734,32.8044548034668
9337109,2021,2021-10-25,3711,2021-09-05,1119,SD6834,NA,7,5,7,3711,0,0,0,NA,0,115,GOVERNOR DR,ERLANGER ST,62,W,N,A,-,N,NA,NA,NA,NA,NA,NA,NA,NA,NA,N,3,0,1,2,A,-,08,22107,NA,N,B,E,A,A,H,-,A,D,0,NA,NA,NA,NA,Y,Y,A,07,0,1,0,0,0,0,0,0,0,-,-,NA,NA,SAN DIEGO,SAN DIEGO,-117.19497680664063,32.852210998535156
9337113,2021,2021-10-26,3711,2021-09-15,1750,SD8861,NA,3,5,7,3711,0,0,0,NA,0,521,16TH ST,E ST,15,N,N,A,-,N,NA,NA,NA,NA,NA,NA,NA,NA,NA,Y,4,0,3,3,A,-,12,21453,A,N,C,-,A,D,A,-,A,D,0,NA,NA,NA,NA,Y,NA,A,01,0,0,3,0,0,0,0,0,0,-,-,NA,NA,SAN DIEGO,SAN DIEGO,-117.14944458007813,32.714752197265625
9337312,2021,2021-10-18,3711,2021-09-17,1650,SD7649,NA,5,5,7,3711,0,0,0,NA,0,935,MARIPOSA DR,PACIFIC HIGHLANDS RANCH PKWY,0,NA,Y,A,-,N,NA,NA,NA,NA,NA,NA,NA,NA,NA,N,4,0,1,2,B,-,22,NA,NA,N,D,C,A,A,H,-,A,A,0,NA,NA,NA,NA,Y,NA,A,01,0,0,1,0,0,0,0,0,0,-,-,NA,NA,SAN DIEGO,SAN DIEGO,-117.19444274902344,32.968448638916016
9337319,2021,2021-10-18,3711,2021-09-23,0859,SD1531,NA,4,5,7,3711,0,0,0,NA,0,813,EL CAJON BL,IDAHO ST,0,NA,Y,A,-,N,NA,NA,NA,NA,NA,NA,NA,NA,NA,N,3,0,1,2,A,-,09,21801,A,N,H,C,A,A,H,-,A,D,0,NA,NA,Y,NA,Y,NA,A,07,0,1,0,0,0,0,0,0,1,-,-,NA,NA,SAN DIEGO,SAN DIEGO,-117.13388061523438,32.75539016723633
9337533,2021,2021-10-06,3711,2021-08-10,1412,SD1545,NA,2,5,7,3711,0,0,0,NA,0,111,BALBOA AV,MT ALFAN DR,3,S,N,A,-,N,NA,NA,NA,NA,NA,NA,NA,NA,NA,N,4,0,1,2,A,-,04,21703,NA,N,C,C,A,A,G,-,A,D,0,NA,NA,NA,NA,Y,NA,A,01,0,0,1,0,0,0,0,0,0,-,-,NA,NA,SAN DIEGO,SAN DIEGO,-117.17613983154295,32.820228576660156
9337765,2021,2021-09-27,3705,2021-08-04,0545,EC0423,NA,3,5,5,3705,0,0,0,NA,0,002,E MADISON AV,E MADISON AV 638,0,NA,-,A,-,N,NA,NA,NA,NA,NA,NA,NA,NA,NA,Y,3,0,1,3,A,-,03,22350,NA,N,C,E,A,A,H,-,A,D,0,NA,NA,NA,NA,Y,NA,A,01,0,1,0,0,0,0,0,0,0,-,-,NA,NA,SAN DIEGO,EL CAJON,-116.96237182617188,32.80086898803711
9338102,2021,2021-09-29,3705,2021-08-24,0739,EC0416,NA,2,5,5,3705,0,0,0,NA,0,001,EL CAJON BL,CHASE,0,S,N,A,-,N,NA,NA,NA,NA,NA,NA,NA,NA,NA,N,4,0,1,2,A,-,03,22350,NA,N,C,C,A,A,H,-,A,A,0,NA,NA,NA,NA,Y,NA,A,07,0,0,1,0,0,0,0,0,0,-,-,NA,NA,SAN DIEGO,EL CAJON,-116.97947692871094,32.78318405151367
9338739,2021,2021-10-12,3702,2021-08-12,1923,CV1218,NA,4,5,6,3702,0,0,0,NA,0,024,ZENITH ST,DEL MONTE AV,204,E,N,A,-,N,NA,NA,NA,NA,NA,NA,NA,NA,NA,Y,3,0,1,1,A,-,03,22350,NA,N,A,I,A,A,G,-,B,D,0,NA,NA,NA,NA,Y,NA,A,01,0,1,0,0,0,0,0,0,0,-,-,NA,NA,SAN DIEGO,CHULA VISTA,-117.06173706054688,32.59576416015625
9339296,2020,2021-11-01,3705,2020-10-17,1432,EC0219,NA,6,5,5,3705,0,0,0,NA,0,003,JAMACHA RD,GRANITE HILLS DR,305,S,N,A,-,N,NA,NA,NA,NA,NA,NA,NA,NA,NA,Y,3,0,2,2,A,-,09,21804,A,N,D,C,A,A,H,-,A,A,0,NA,NA,NA,NA,Y,NA,A,01,0,1,1,0,0,0,0,0,0,-,-,NA,NA,SAN DIEGO,EL CAJON,-116.9279327392578,32.784454345703125
9342148,2021,2021-11-05,3700,2021-09-24,1729,SH3684,NA,5,5,5,3713,0,0,0,NA,0,312,HACIENDA DR,SOUTH EMERALD DR,0,NA,Y,A,-,N,NA,NA,NA,NA,NA,NA,NA,NA,NA,Y,4,0,3,5,A,-,12,21453,A,N,D,C,A,A,H,-,A,A,0,NA,NA,NA,NA,Y,NA,A,01,0,0,3,0,0,0,0,0,0,-,-,NA,NA,SAN DIEGO,VISTA,-117.27955627441406,33.186580657958984
9344359,2021,2021-10-14,3711,2021-09-26,1323,SD1065,NA,7,5,7,3711,0,0,0,NA,0,516,MARKET ST,MARKET ST 3300,5,N,N,A,-,N,NA,NA,NA,NA,NA,NA,NA,NA,NA,Y,4,0,1,2,A,-,08,38314,NA,N,B,C,A,A,H,-,A,D,0,NA,NA,NA,NA,Y,NA,A,01,0,0,1,0,0,0,0,0,0,-,-,NA,NA,SAN DIEGO,SAN DIEGO,-117.16378784179688,32.71141815185547
9344531,2021,2021-10-29,3711,2021-10-02,0735,SD6916,NA,6,5,7,3711,0,0,0,NA,0,813,UNIVERSITY AV,32ND ST,0,NA,Y,A,-,N,NA,NA,NA,NA,NA,NA,NA,NA,NA,N,3,0,1,2,A,-,09,21800,A,N,A,C,A,A,H,-,A,A,0,NA,NA,NA,NA,Y,NA,A,01,0,1,0,0,0,0,0,0,0,-,-,NA,NA,SAN DIEGO,SAN DIEGO,-117.12520599365234,32.748497009277344