CASE_ID,ACCIDENT_YEAR,PROC_DATE,JURIS,COLLISION_DATE,COLLISION_TIME,OFFICER_ID,REPORTING_DISTRICT,DAY_OF_WEEK,CHP_SHIFT,POPULATION,CNTY_CITY_LOC,SPECIAL_COND,BEAT_TYPE,CHP_BEAT_TYPE,CITY_DIVISION_LAPD,CHP_BEAT_CLASS,BEAT_NUMBER,PRIMARY_RD,SECONDARY_RD,DISTANCE,DIRECTION,INTERSECTION,WEATHER_1,WEATHER_2,STATE_HWY_IND,CALTRANS_COUNTY,CALTRANS_DISTRICT,STATE_ROUTE,ROUTE_SUFFIX,POSTMILE_PREFIX,POSTMILE,LOCATION_TYPE,RAMP_INTERSECTION,SIDE_OF_HWY,TOW_AWAY,COLLISION_SEVERITY,NUMBER_KILLED,NUMBER_INJURED,PARTY_COUNT,PRIMARY_COLL_FACTOR,PCF_CODE_OF_VIOL,PCF_VIOL_CATEGORY,PCF_VIOLATION,PCF_VIOL_SUBSECTION,HIT_AND_RUN,TYPE_OF_COLLISION,MVIW,PED_ACTION,ROAD_SURFACE,ROAD_COND_1,ROAD_COND_2,LIGHTING,CONTROL_DEVICE,CHP_ROAD_TYPE,PEDESTRIAN_ACCIDENT,BICYCLE_ACCIDENT,MOTORCYCLE_ACCIDENT,TRUCK_ACCIDENT,NOT_PRIVATE_PROPERTY,ALCOHOL_INVOLVED,STWD_VEHTYPE_AT_FAULT,CHP_VEHTYPE_AT_FAULT,COUNT_SEVERE_INJ,COUNT_VISIBLE_INJ,COUNT_COMPLAINT_PAIN,COUNT_PED_KILLED,COUNT_PED_INJURED,COUNT_BICYCLIST_KILLED,COUNT_BICYCLIST_INJURED,COUNT_MC_KILLED,COUNT_MC_INJURED,PRIMARY_RAMP,SECONDARY_RAMP,LATITUDE,LONGITUDE,COUNTY,CITY,POINT_X,POINT_Y
94562604,2025,2025-06-16,9650,2025-01-01,1815,020254,NA,3,2,5,3782,0,1,1,NA,2,007,INTERSTATE 5 NORTHBOUND,BIRMINGHAM DRIVE,1140,S,N,B,-,Y,SD,NA,5,NA,R,39.606,H,NA,R,Y,1,1,0,2,A,-,11,21956,A,N,G,B,E,A,H,-,D,D,0,Y,NA,NA,NA,Y,NA,N,60,0,0,0,1,0,0,0,0,0,-,-,33.023319244384766,-117.27337646484376,SAN DIEGO,ENCINITAS,-117.27352905273438,33.02329635620117
94564732,2025,2025-02-04,9645,2025-01-29,910,020161,NA,3,1,7,3711,0,1,1,NA,2,011,I-805 N/B,BALBOA AVENUE,1150,S,N,A,-,Y,SD,NA,805,NA,NA,21.411,H,NA,R,N,4,0,1,2,A,-,03,22350,NA,N,C,C,A,A,H,-,A,D,0,NA,NA,NA,Y,Y,NA,G,25,0,0,1,0,0,0,0,0,0,-,-,32.818668365478516,-117.16058349609376,SAN DIEGO,SAN DIEGO,-117.16056823730467,32.81867599487305
94564741,2025,2025-02-04,9645,2025-01-25,1730,024081,NA,6,2,7,3711,0,1,1,NA,2,009,I-805 NB,LOGAN AVENUE,216,N,N,A,-,Y,SD,NA,805,NA,NA,11.881,H,NA,R,Y,4,0,3,2,A,-,03,22350,NA,N,C,C,A,A,H,-,D,D,0,NA,NA,NA,NA,Y,NA,A,01,0,0,3,0,0,0,0,0,0,-,-,32.6974983215332,-117.09483337402344,SAN DIEGO,SAN DIEGO,-117.09480285644533,32.6974983215332
94564973,2025,2025-02-04,9650,2025-01-31,1500,022625,NA,5,2,5,3782,0,1,3,NA,2,019,SR-78 E/B,TWIN OAKS VALLEY RD,1584,W,N,A,-,Y,SD,NA,78,NA,NA,12.639,H,NA,R,Y,4,0,1,3,A,-,03,22350,NA,M,C,C,A,A,H,-,A,D,0,NA,NA,NA,Y,Y,NA,F,26,0,0,1,0,0,0,0,0,0,-,-,33.136741638183594,-117.16848754882813,SAN DIEGO,ENCINITAS,-117.16849517822266,33.13676452636719
94566508,2025,2025-02-05,9645,2025-02-04,745,017678,NA,2,1,7,3711,0,1,3,NA,2,022,SR-56 W/B,TORREY MEADOWS DRIVE O/C,300,W,N,B,-,Y,SD,NA,56,NA,NA,5.463,H,NA,L,N,4,0,1,1,C,-,18,NA,NA,N,E,I,A,A,H,-,A,D,0,NA,NA,NA,NA,Y,NA,-,-,0,0,1,0,0,0,0,0,0,-,-,32.96369171142578,-117.16229248046876,SAN DIEGO,SAN DIEGO,-117.16217041015624,32.96385955810547
94570392,2025,2025-02-07,9645,2025-02-04,1720,021651,NA,2,2,7,3711,0,1,1,NA,2,019,I-15 N/B,CARMEL MOUNTAIN RD. O/C,2640,N,N,A,-,Y,SD,NA,15,NA,M,21.158,H,NA,R,N,4,0,1,2,A,-,07,21658,A,N,C,C,A,A,H,-,B,D,0,NA,NA,NA,NA,Y,NA,A,07,0,0,1,0,0,0,0,0,0,-,-,32.986629486083984,-117.08261871337892,SAN DIEGO,SAN DIEGO,-117.0825653076172,32.98662567138672
9457215,2022,2022-06-30,3702,2022-06-01,1006,CV0777,NA,3,5,6,3702,0,0,0,NA,0,012,BROADWAY,F ST,285,S,N,A,-,N,NA,NA,NA,NA,NA,NA,NA,NA,NA,Y,3,0,2,2,A,-,03,22350,NA,N,C,C,A,A,H,-,A,D,0,NA,NA,NA,NA,Y,NA,A,01,0,1,1,0,0,0,0,0,0,-,-,NA,NA,SAN DIEGO,CHULA VISTA,-117.09187316894533,32.63710021972656
9457607,2022,2022-07-07,3711,2022-06-12,1500,SD1617,NA,7,5,7,3711,0,0,0,NA,0,121,WEST MISSION BAY DR,W MISSION BAY DR 844,0,NA,N,A,-,N,NA,NA,NA,NA,NA,NA,NA,NA,NA,N,3,0,2,4,A,-,08,22107,NA,N,B,C,A,A,H,-,A,A,0,NA,NA,Y,NA,Y,NA,A,01,0,2,0,0,0,0,0,0,2,-,-,NA,NA,SAN DIEGO,SAN DIEGO,-117.21102905273438,32.79828643798828
94577082,2024,2025-02-12,9680,2024-11-26,2310,021839,NA,2,3,9,3700,0,1,3,NA,1,024,SR-94 E/B (CAMPO RD),SINGER LN,590,W,N,A,-,Y,SD,NA,94,NA,NA,15.095,H,NA,R,N,3,0,1,2,A,-,09,21804,A,N,D,C,A,A,H,-,C,D,0,NA,NA,NA,NA,Y,NA,A,01,0,1,0,0,0,0,0,0,0,-,-,32.73632049560547,-116.94090270996094,SAN DIEGO,UNINCORPORATED,-116.94101715087892,32.73630142211914
94578782,2025,2025-02-14,9680,2025-02-02,2305,021646,NA,7,3,5,3708,0,1,1,NA,2,081,I-8 EASTBOUND,LAKE MURRAY BOULEVARD,705,W,N,A,-,Y,SD,NA,8,NA,NA,9.446,H,NA,R,Y,3,0,2,2,A,-,03,22350,NA,N,C,C,A,A,H,-,C,D,0,NA,NA,NA,NA,Y,NA,A,07,0,1,1,0,0,0,0,0,0,-,-,32.77516174316406,-117.04823303222656,SAN DIEGO,LA MESA,-117.04818725585938,32.775230407714844
94579050,2025,2025-02-13,9680,2025-02-01,15,024202,NA,6,3,5,3708,0,1,1,NA,2,081,I-8 E/B TO JACKSON DR,JACKSON DR,460,W,N,A,-,Y,NA,NA,NA,NA,NA,NA,NA,NA,NA,Y,3,0,1,1,A,-,01,23152,A,N,E,J,A,A,H,-,C,A,0,NA,NA,NA,NA,Y,Y,A,07,0,1,0,0,0,0,0,0,0,-,-,32.77396011352539,-117.01223754882813,SAN DIEGO,LA MESA,-117.01199340820313,32.77451705932617
94584166,2024,2025-02-19,9645,2024-08-11,526,023324,NA,7,3,6,3702,0,1,1,NA,2,001,INTERSTATE 5 NORTHBOUND,MAIN STREET,2112,S,N,A,-,Y,SD,NA,5,NA,NA,5.658,H,NA,R,Y,1,1,1,2,A,-,03,22350,NA,N,B,C,A,A,H,-,D,D,0,NA,NA,NA,NA,Y,NA,A,01,0,0,1,0,0,0,0,0,0,-,-,32.59859848022461,-117.08918762207033,SAN DIEGO,CHULA VISTA,-117.08916473388672,32.598602294921875
9458420,2022,2022-06-14,3711,2022-05-26,1223,SD1305,NA,4,5,7,3711,0,0,0,NA,0,242,GREENFORD DR,MIRA MESA BL,0,NA,Y,A,-,N,NA,NA,NA,NA,NA,NA,NA,NA,NA,Y,4,0,2,2,A,-,12,21453,A,N,D,C,A,A,H,-,A,A,0,NA,NA,NA,NA,Y,NA,A,01,0,0,2,0,0,0,0,0,0,-,-,NA,NA,SAN DIEGO,SAN DIEGO,-117.13297271728516,32.91387176513672
94585222,2025,2025-02-20,9645,2025-02-11,241,022932,NA,2,3,7,3711,0,1,3,NA,2,023,SR-163 SOUTHBOUND,QUINCE STREET O/C,100,N,N,A,-,Y,SD,NA,163,NA,NA,1.65,H,NA,L,Y,4,0,1,1,A,-,08,22107,NA,N,F,A,A,A,H,-,D,D,0,NA,NA,NA,NA,Y,NA,A,01,0,0,1,0,0,0,0,0,0,-,-,32.73466110229492,-117.15606689453124,SAN DIEGO,SAN DIEGO,-117.15601348876952,32.73466873168945
94589200,2025,2025-02-25,9645,2025-02-10,18,023233,NA,1,3,7,3711,0,1,1,NA,2,019,INTERSTATE 15 NORTHBOUND,POMERADO ROAD,1970,N,N,A,-,Y,SD,NA,15,NA,M,26.402,H,NA,R,Y,2,0,3,3,A,-,01,23152,A,N,C,C,A,A,H,-,C,D,0,NA,NA,NA,Y,Y,Y,A,01,1,1,1,0,0,0,0,0,0,-,-,33.06100845336914,-117.06903839111328,SAN DIEGO,SAN DIEGO,-117.06912994384766,33.0610237121582
9458926,2022,2022-07-08,3708,2022-06-12,0951,LM1158,NA,7,5,5,3708,0,0,0,NA,0,004,GROSSMONT BL,MURRAY DR,94,S,N,A,-,N,NA,NA,NA,NA,NA,NA,NA,NA,NA,Y,4,0,1,2,A,-,08,22107,NA,M,C,E,A,A,H,-,A,D,0,NA,NA,NA,NA,Y,NA,A,01,0,0,1,0,0,0,0,0,0,-,-,NA,NA,SAN DIEGO,LA MESA,-116.99038696289063,32.77945327758789
94590646,2025,2025-02-26,9680,2025-02-13,1235,020780,NA,4,1,9,3700,0,3,5,NA,2,003,SOUTH GRADE RD,ROCREST RD,320,E,N,B,C,N,NA,NA,NA,NA,NA,NA,NA,NA,NA,Y,3,0,1,1,A,-,03,22350,NA,N,E,I,A,B,H,-,A,A,0,NA,NA,NA,NA,Y,NA,D,22,0,1,0,0,0,0,0,0,0,-,-,32.830101013183594,-116.79576873779295,SAN DIEGO,UNINCORPORATED,-116.7957763671875,32.83009719848633
94591795,2025,2025-02-27,9645,2025-02-14,1055,020515,NA,5,1,7,3711,0,1,1,NA,2,010,I-8 W/B,I-805,240,W,N,A,-,Y,SD,NA,8,NA,NA,4.309,H,NA,L,Y,4,0,1,4,A,-,03,22350,NA,N,C,C,A,A,H,-,A,D,0,NA,NA,NA,Y,Y,NA,F,55,0,0,1,0,0,0,0,0,0,-,-,32.77170944213867,-117.133056640625,SAN DIEGO,SAN DIEGO,-117.1330337524414,32.771629333496094
94595172,2025,2025-03-03,9645,2025-02-22,1715,024015,NA,6,2,7,3711,0,1,1,NA,2,009,I-805,TELEGRAPH CANYON,1795,N,N,A,-,Y,SD,NA,805,NA,NA,6.463,H,NA,L,Y,4,0,2,2,A,-,03,22350,NA,N,C,C,A,A,H,-,A,D,0,NA,NA,NA,NA,Y,NA,A,07,0,0,2,0,0,0,0,0,0,-,-,32.633880615234375,-117.04670715332033,SAN DIEGO,SAN DIEGO,-117.04668426513672,32.63389587402344
94596000,2025,2025-03-04,9645,2025-02-24,800,015494,NA,1,1,7,3711,0,1,3,NA,2,014,SR-52 W/B,CONVOY STREET,400,E,N,A,-,Y,SD,NA,52,NA,NA,5.702,H,NA,L,Y,4,0,3,2,A,-,03,22350,NA,N,C,C,A,A,H,-,A,D,0,NA,NA,NA,NA,Y,NA,D,22,0,0,3,0,0,0,0,0,0,-,-,32.83850860595703,-117.14862823486328,SAN DIEGO,SAN DIEGO,-117.14864349365234,32.838558197021484
94596181,2025,2025-03-04,9680,2025-02-20,1536,024202,NA,4,2,9,3700,0,1,3,NA,1,023,SR-94 E/B,SWEETWATER SPRINGS BLVD,1056,E,N,A,-,Y,SD,NA,94,NA,R,13.017,H,NA,R,Y,2,0,1,2,A,-,07,21658,A,N,B,2,A,A,H,-,A,D,0,NA,NA,NA,NA,Y,NA,A,07,1,0,0,0,0,0,0,0,0,-,-,32.74428176879883,-116.96975708007813,SAN DIEGO,UNINCORPORATED,-116.96975708007813,32.744346618652344
94597393,2025,2025-03-05,9680,2025-02-22,1845,023932,NA,6,2,9,3700,0,3,5,NA,2,001,LAKE JENNINGS PARK RD,HIGHWAY 8 BUSINESS,0,NA,Y,A,-,N,NA,NA,NA,NA,NA,NA,NA,NA,NA,Y,3,0,1,2,A,-,12,21453,A,N,D,C,A,A,H,-,C,A,0,NA,NA,NA,NA,Y,NA,A,07,0,1,0,0,0,0,0,0,0,-,-,32.84627914428711,-116.88262939453124,SAN DIEGO,UNINCORPORATED,NA,NA
9459834,2022,2022-06-23,3711,2022-06-09,0713,SD1559,NA,4,5,7,3711,0,0,0,NA,0,443,MAIN ST,DIVISION ST,0,NA,Y,A,-,N,NA,NA,NA,NA,NA,NA,NA,NA,NA,Y,3,0,1,2,A,-,09,21801,A,N,D,C,A,A,H,-,A,D,0,NA,NA,NA,NA,Y,NA,A,01,0,1,0,0,0,0,0,0,0,-,-,NA,NA,SAN DIEGO,SAN DIEGO,-117.11098480224608,32.68236541748047
94598417,2025,2025-03-10,9680,2025-02-22,1135,024181,NA,6,1,9,3700,0,3,5,NA,2,002,CAMPO RD,KENWOOD DR,145,E,N,A,-,N,NA,NA,NA,NA,NA,NA,NA,NA,NA,Y,4,0,1,2,A,-,09,21801,A,N,D,C,A,A,H,-,A,D,0,NA,NA,NA,NA,Y,NA,A,01,0,0,1,0,0,0,0,0,0,-,-,32.7480583190918,-116.9878387451172,SAN DIEGO,UNINCORPORATED,-117.00747680664063,32.75271987915039
94598850,2025,2025-03-13,9680,2025-02-24,1844,023917,NA,1,2,4,3720,0,1,3,NA,2,028,SR-125 NB TO SR-94 EB,BROADWAY,97,N,N,A,-,Y,NA,NA,NA,NA,NA,NA,NA,NA,NA,Y,4,0,1,2,A,-,01,23152,A,N,C,2,A,A,H,-,C,D,0,NA,NA,NA,NA,Y,Y,A,01,0,0,1,0,0,0,0,0,0,-,-,32.74755096435547,-117.01757049560548,SAN DIEGO,LEMON GROVE,-117.01775360107422,32.7477912902832
94599692,2025,2025-03-17,9645,2025-03-04,1415,022183,NA,2,2,7,3711,0,1,1,NA,2,015,I-805 SB,GOVERNOR ROAD,90,S,N,A,-,Y,SD,NA,805,NA,NA,24.42,H,NA,L,N,4,0,1,3,A,-,03,22350,NA,N,C,C,A,A,H,-,A,D,0,NA,NA,NA,NA,Y,NA,A,07,0,0,1,0,0,0,0,0,0,-,-,32.857421875,-117.18424987792967,SAN DIEGO,SAN DIEGO,-117.1843032836914,32.85739517211914
9460266,2022,2022-08-04,3710,2022-05-26,2004,OC1518,NA,4,5,6,3710,0,0,0,NA,0,014,MISSION AV,SEA COVE WY,125,E,N,A,-,N,NA,NA,NA,NA,NA,NA,NA,NA,NA,Y,4,0,2,2,A,-,08,22107,NA,N,B,C,A,A,H,-,C,D,0,NA,NA,NA,NA,Y,NA,A,01,0,0,2,0,0,0,0,0,0,-,-,NA,NA,SAN DIEGO,OCEANSIDE,NA,NA
94603038,2025,2025-03-18,9680,2025-03-02,1020,021764,NA,7,1,5,3705,0,1,1,NA,2,082,I-8 E/B,2ND ST,1056,W,N,B,-,Y,SD,NA,8,NA,NA,17.093,H,NA,R,Y,3,0,1,3,A,-,03,22350,NA,N,C,C,A,A,H,-,A,D,0,NA,NA,NA,NA,Y,NA,A,08,0,1,0,0,0,0,0,0,0,-,-,32.80295181274414,-116.94037628173828,SAN DIEGO,EL CAJON,-116.94037628173828,32.80293655395508
9460320,2022,2022-06-27,3700,2022-05-31,0900,SH3913,NA,2,5,5,3712,0,0,0,NA,0,351,WINDY POINT DR,W BORDEN RD,379,N,N,A,-,N,NA,NA,NA,NA,NA,NA,NA,NA,NA,N,2,0,1,2,A,-,09,21801,A,N,D,C,A,A,H,-,A,D,0,NA,NA,Y,NA,Y,NA,A,01,1,0,0,0,0,0,0,0,1,-,-,NA,NA,SAN DIEGO,SAN MARCOS,-117.16497802734376,33.152122497558594
94605072,2025,2025-03-18,9650,2025-03-04,825,017392,NA,2,1,5,3701,0,1,1,NA,2,005,I-5 S/B,CANNON RD,528,N,N,A,-,Y,SD,NA,5,NA,R,47.349,H,NA,L,N,4,0,1,2,A,-,03,22350,NA,N,C,C,A,A,H,-,A,D,0,NA,NA,NA,NA,Y,NA,D,22,0,0,1,0,0,0,0,0,0,-,-,33.12627029418945,-117.32476806640624,SAN DIEGO,CARLSBAD,-117.32471466064452,33.12629318237305
94605079,2025,2025-03-18,9650,2025-03-04,845,017392,NA,2,1,5,3701,0,1,1,NA,2,005,I-5 S/B,PALOMAR AIRPORT RD,528,N,N,A,-,Y,SD,NA,5,NA,R,47.394,H,NA,L,N,4,0,1,2,A,-,03,22349,NA,N,C,C,A,A,H,-,A,D,0,NA,NA,NA,NA,Y,NA,A,01,0,0,1,0,0,0,0,0,0,-,-,33.12685012817383,-117.32511138916016,SAN DIEGO,CARLSBAD,-117.32505798339844,33.126869201660156
9460593,2022,2022-06-21,3702,2022-05-12,1103,CV1393,NA,4,5,6,3702,0,0,0,NA,0,031,EAST H ST,AVILA WY,0,NA,Y,A,-,N,NA,NA,NA,NA,NA,NA,NA,NA,NA,Y,4,0,1,2,A,-,09,21453,C,N,A,C,A,A,H,-,A,A,0,NA,NA,NA,NA,Y,NA,A,07,0,0,1,0,0,0,0,0,0,-,-,NA,NA,SAN DIEGO,CHULA VISTA,-117.02451324462892,32.635772705078125
94608494,2025,2025-03-18,9650,2025-03-11,1400,018496,NA,2,2,5,3713,0,1,3,NA,2,017,SR-78 E/B,CIVIC CENTER DRIVE,350,E,N,B,C,Y,SD,NA,78,NA,NA,6.985,H,NA,R,Y,4,0,2,2,A,-,03,22350,NA,N,D,C,A,B,H,-,A,D,0,NA,NA,NA,NA,Y,NA,A,01,0,0,2,0,0,0,0,0,0,-,-,33.18877029418945,-117.23886108398438,SAN DIEGO,VISTA,-117.23889923095705,33.188720703125
94608719,2025,2025-03-18,9645,2025-03-08,1705,022729,NA,6,2,7,3711,0,1,3,NA,2,023,SR-163 NORTHBOUND,MESA COLLEGE DRIVE,1056,S,N,A,-,Y,SD,NA,163,NA,NA,6.341,H,NA,R,N,4,0,2,2,A,-,03,22350,NA,N,C,C,A,A,H,-,A,D,0,NA,NA,NA,NA,Y,NA,A,07,0,0,2,0,0,0,0,0,0,-,-,32.79914093017578,-117.15615844726563,SAN DIEGO,SAN DIEGO,-117.15625762939452,32.799163818359375
94609509,2025,2025-03-18,9650,2025-03-06,2220,022403,NA,4,3,9,3700,0,2,4,NA,1,027,VALLEY CENTER RD,THUNDERNUT LN,5280,N,N,C,-,N,NA,NA,NA,NA,NA,NA,NA,NA,NA,Y,3,0,1,1,A,-,01,23152,F,N,E,I,A,B,H,-,D,D,0,NA,NA,NA,NA,Y,NA,A,01,0,1,0,0,0,0,0,0,0,-,-,33.22954177856445,-116.96671295166016,SAN DIEGO,UNINCORPORATED,-116.97569274902344,33.2281608581543
94609650,2025,2025-03-18,9645,2025-03-13,1050,015676,NA,4,1,7,3711,0,1,1,NA,2,010,I-8 W/B FROM COLLEGE AVENUE N/B,COLLEGE AVENUE,25,E,N,C,-,Y,SD,NA,8,NA,NA,8.405,H,NA,L,Y,4,0,1,1,A,-,03,22350,NA,N,E,I,A,B,H,-,A,D,0,NA,NA,NA,NA,Y,NA,A,07,0,0,1,0,0,0,0,0,0,-,-,32.7796516418457,-117.0651397705078,SAN DIEGO,SAN DIEGO,-117.06513214111328,32.779544830322266
94610291,2025,2025-03-18,9680,2025-03-06,1405,023255,NA,4,2,5,3705,0,1,1,NA,2,081,I-8 W/B,JOHNSON AVENUE,200,W,N,B,-,Y,SD,NA,8,NA,NA,15.26,H,NA,L,Y,3,0,2,3,A,-,01,23152,A,N,B,C,A,B,H,-,A,D,0,NA,NA,NA,NA,Y,Y,A,01,0,2,0,0,0,0,0,0,0,-,-,32.802738189697266,-116.97177886962892,SAN DIEGO,EL CAJON,-116.97179412841795,32.80276870727539
94610327,2025,2025-03-18,9645,2025-03-17,1700,022484,NA,1,2,7,3711,0,1,1,NA,2,021,I-15 S/B,ADAMS AVENUE,1000,N,N,A,-,Y,SD,NA,15,NA,M,5.827,H,NA,L,N,3,0,1,4,A,-,03,22350,NA,N,C,2,A,A,H,-,A,A,0,NA,NA,NA,NA,Y,NA,A,07,0,1,0,0,0,0,0,0,0,-,-,32.76633071899414,-117.11077117919922,SAN DIEGO,SAN DIEGO,-117.11067962646484,32.76637649536133
94611808,2025,2025-03-20,9645,2025-03-14,2325,023482,NA,5,3,7,3711,0,1,1,NA,2,005,I-15 S/B,SR94 O/C,475,S,N,A,-,Y,NA,NA,NA,NA,NA,NA,NA,NA,NA,Y,3,0,1,1,A,-,08,22107,NA,N,E,I,A,A,H,-,D,D,0,NA,NA,NA,NA,Y,NA,A,01,0,1,0,0,0,0,0,0,0,-,-,32.7156982421875,-117.11949157714844,SAN DIEGO,SAN DIEGO,NA,NA
94612221,2025,2025-03-20,9680,2025-03-09,1840,024079,NA,7,2,9,3700,0,1,3,NA,1,090,SR-67 (MAIN ST),PALA ST,0,NA,Y,A,-,Y,SD,NA,67,NA,NA,23.397,H,NA,R,N,4,0,1,2,A,-,01,23152,A,N,D,C,A,A,H,-,B,A,0,NA,NA,NA,NA,Y,Y,A,07,0,0,1,0,0,0,0,0,0,-,-,33.03361129760742,-116.88269805908205,SAN DIEGO,UNINCORPORATED,-116.88265991210938,33.033573150634766
94612294,2025,2025-03-20,9650,2025-03-09,1334,022625,NA,7,1,9,3700,0,2,4,NA,1,027,VALLEY CENTER RD,QUEENSBRIDGE RD,120,E,N,A,-,N,NA,NA,NA,NA,NA,NA,NA,NA,NA,Y,4,0,1,1,A,-,08,22107,NA,N,E,I,A,A,H,-,A,D,0,NA,NA,NA,NA,Y,NA,A,01,0,0,1,0,0,0,0,0,0,-,-,33.228271484375,-116.99546813964844,SAN DIEGO,UNINCORPORATED,-116.99559783935548,33.228309631347656
94612802,2025,2025-03-21,9680,2025-03-12,655,021200,NA,3,1,9,3700,0,2,4,NA,1,021,WILLOW GLEN RD,OAK DRIVE,200,E,N,B,-,N,NA,NA,NA,NA,NA,NA,NA,NA,NA,Y,4,0,1,1,A,-,08,22107,NA,N,E,I,A,B,H,-,A,D,0,NA,NA,NA,NA,Y,NA,A,01,0,0,1,0,0,0,0,0,0,-,-,32.76171875,-116.89263153076172,SAN DIEGO,UNINCORPORATED,-116.89293670654295,32.761558532714844
94613328,2025,2025-03-24,9680,2025-03-22,1215,020884,NA,6,1,9,3700,0,1,1,NA,2,082,I-8 E/B,LAKE JENNINGS PARK RD,1056,W,N,A,-,Y,SD,NA,8,NA,R,21.611,H,NA,R,Y,4,0,2,2,A,-,07,21658,A,M,E,J,A,A,H,-,A,D,0,NA,NA,NA,NA,Y,NA,-,-,0,0,2,0,0,0,0,0,0,-,-,32.84260177612305,-116.88485717773438,SAN DIEGO,UNINCORPORATED,-116.88492584228516,32.842655181884766
9462091,2022,2022-07-05,3700,2022-04-09,1957,SH0484,NA,6,5,5,3713,0,0,0,NA,0,305,EAST BOBIER DR,NORTH SANTA FE AV,0,NA,Y,A,-,N,NA,NA,NA,NA,NA,NA,NA,NA,NA,Y,2,0,1,2,A,-,12,21453,A,N,D,G,A,A,H,-,C,A,0,NA,Y,NA,NA,Y,NA,-,NA,1,0,0,0,0,0,1,0,0,-,-,NA,NA,SAN DIEGO,VISTA,-117.24501800537108,33.22114944458008
94624348,2025,2025-03-24,9645,2025-03-18,1145,024170,NA,2,1,7,3711,0,1,1,NA,2,001,I-5 S/B TO CORONADO AVENUE,CORONADO AVENUE,95,S,N,A,-,Y,NA,NA,NA,NA,NA,NA,NA,NA,NA,N,4,0,1,2,A,-,21,22106,NA,N,C,C,A,A,H,-,A,D,0,NA,NA,NA,NA,Y,NA,D,22,0,0,1,0,0,0,0,0,0,-,-,32.57767868041992,-117.08437347412108,SAN DIEGO,SAN DIEGO,-117.08241271972656,32.576290130615234
94624855,2024,2025-03-24,9680,2024-08-25,49,017996,NA,7,3,5,3705,0,1,1,NA,2,081,I-8 WESTBOUND,EL CAJON BOULEVARD,1214,W,N,A,-,Y,SD,NA,8,NA,NA,13.378,H,NA,L,N,1,1,1,2,A,-,01,23152,A,N,A,C,A,A,H,-,D,D,0,NA,NA,NA,NA,Y,Y,A,01,1,0,0,0,0,0,0,0,0,-,-,32.7793083190918,-116.98486328125,SAN DIEGO,EL CAJON,-116.98485565185548,32.779300689697266
94625808,2025,2025-03-25,9645,2025-03-20,1208,017473,NA,4,1,7,3711,0,1,1,NA,2,003,I-5 N/B,PARK BOULEVARD,50,N,N,A,-,Y,SD,NA,5,NA,R,15.838,H,NA,R,N,3,0,1,2,A,-,07,21658,A,N,B,C,A,A,H,-,A,D,0,NA,NA,Y,NA,Y,NA,C,02,0,1,0,0,0,0,0,0,1,-,-,32.72425079345703,-117.1514892578125,SAN DIEGO,SAN DIEGO,-117.15149688720705,32.72423553466797
94626343,2025,2025-03-25,9645,2025-03-22,1650,024012,NA,6,2,7,3711,0,1,1,NA,2,010,I-8 W/B,MISSION CENTER,200,E,N,A,-,Y,SD,NA,8,NA,NA,3.68,H,NA,L,Y,4,0,1,2,A,-,08,22107,NA,N,B,C,A,A,H,-,A,D,0,NA,NA,NA,NA,Y,NA,A,01,0,0,1,0,0,0,0,0,0,-,-,32.76879119873047,-117.14330291748048,SAN DIEGO,SAN DIEGO,-117.14331817626952,32.768821716308594
94628026,2025,2025-03-27,9650,2025-03-19,1200,021359,NA,3,1,9,3700,0,1,3,NA,1,028,SR-76 W/B,PAUMA RESERVATION RD,1584,E,N,A,-,Y,SD,NA,76,NA,NA,29.295,H,NA,L,Y,3,0,1,2,A,-,03,22350,NA,N,C,C,A,A,H,-,A,D,0,NA,NA,NA,NA,Y,NA,A,01,0,1,0,0,0,0,0,0,0,-,-,33.326019287109375,-116.99810028076172,SAN DIEGO,UNINCORPORATED,-116.99812316894533,33.32600784301758
9463183,2022,2022-07-19,3710,2022-07-04,1454,OC1501,NA,1,5,6,3710,0,0,0,NA,0,023,GUAJOME LAKE RD,OLD COLONY RD,1099,W,N,A,-,N,NA,NA,NA,NA,NA,NA,NA,NA,NA,Y,3,0,3,1,A,-,03,22350,NA,N,F,I,A,-,G,-,A,D,0,NA,NA,NA,NA,Y,NA,-,NA,0,3,0,0,0,0,0,0,0,-,-,NA,NA,SAN DIEGO,OCEANSIDE,-117.26275634765624,33.24222183227539