CASE_ID,ACCIDENT_YEAR,PROC_DATE,JURIS,COLLISION_DATE,COLLISION_TIME,OFFICER_ID,REPORTING_DISTRICT,DAY_OF_WEEK,CHP_SHIFT,POPULATION,CNTY_CITY_LOC,SPECIAL_COND,BEAT_TYPE,CHP_BEAT_TYPE,CITY_DIVISION_LAPD,CHP_BEAT_CLASS,BEAT_NUMBER,PRIMARY_RD,SECONDARY_RD,DISTANCE,DIRECTION,INTERSECTION,WEATHER_1,WEATHER_2,STATE_HWY_IND,CALTRANS_COUNTY,CALTRANS_DISTRICT,STATE_ROUTE,ROUTE_SUFFIX,POSTMILE_PREFIX,POSTMILE,LOCATION_TYPE,RAMP_INTERSECTION,SIDE_OF_HWY,TOW_AWAY,COLLISION_SEVERITY,NUMBER_KILLED,NUMBER_INJURED,PARTY_COUNT,PRIMARY_COLL_FACTOR,PCF_CODE_OF_VIOL,PCF_VIOL_CATEGORY,PCF_VIOLATION,PCF_VIOL_SUBSECTION,HIT_AND_RUN,TYPE_OF_COLLISION,MVIW,PED_ACTION,ROAD_SURFACE,ROAD_COND_1,ROAD_COND_2,LIGHTING,CONTROL_DEVICE,CHP_ROAD_TYPE,PEDESTRIAN_ACCIDENT,BICYCLE_ACCIDENT,MOTORCYCLE_ACCIDENT,TRUCK_ACCIDENT,NOT_PRIVATE_PROPERTY,ALCOHOL_INVOLVED,STWD_VEHTYPE_AT_FAULT,CHP_VEHTYPE_AT_FAULT,COUNT_SEVERE_INJ,COUNT_VISIBLE_INJ,COUNT_COMPLAINT_PAIN,COUNT_PED_KILLED,COUNT_PED_INJURED,COUNT_BICYCLIST_KILLED,COUNT_BICYCLIST_INJURED,COUNT_MC_KILLED,COUNT_MC_INJURED,PRIMARY_RAMP,SECONDARY_RAMP,LATITUDE,LONGITUDE,COUNTY,CITY,POINT_X,POINT_Y
9600831,2023,2023-08-02,3711,2023-07-20,906,SD5985,NA,4,5,7,3711,0,0,0,NA,0,831,HIGHLAND AV,UNIVERSITY AV,0,NA,Y,A,-,N,NA,NA,NA,NA,NA,NA,NA,NA,NA,N,3,0,1,2,A,-,10,21950,A,N,G,B,B,A,H,-,A,A,0,Y,NA,NA,NA,Y,NA,A,01,0,1,0,0,1,0,0,0,0,-,-,NA,NA,SAN DIEGO,SAN DIEGO,-117.09873199462892,32.74961471557617
9600857,2023,2023-08-03,3711,2023-07-19,2145,SD6915,NA,3,5,7,3711,0,0,0,NA,0,245,SYCAMORE RD,STONEBRIDGE PKWY,528,E,N,A,-,N,NA,NA,NA,NA,NA,NA,NA,NA,NA,Y,4,0,1,1,B,-,22,NA,NA,N,A,I,A,A,H,-,C,-,0,NA,NA,NA,NA,Y,NA,A,07,0,0,1,0,0,0,0,0,0,-,-,NA,NA,SAN DIEGO,SAN DIEGO,-117.02082061767578,32.92362976074219
9601072,2023,2023-08-08,3709,2023-07-30,1050,SD8334,NA,7,5,5,3709,0,0,0,NA,0,443,DIVISION ST,OSBORN ST,0,NA,Y,B,-,N,NA,NA,NA,NA,NA,NA,NA,NA,NA,Y,3,0,2,2,A,-,12,22450,A,M,D,C,A,A,H,-,A,A,0,NA,NA,NA,NA,Y,NA,A,01,0,1,1,0,0,0,0,0,0,-,-,NA,NA,SAN DIEGO,NATIONAL CITY,-117.10962677001952,32.6827278137207
9601080,2023,2023-08-08,3711,2023-07-27,1131,SD1529,NA,4,5,7,3711,0,0,0,NA,0,121,MISSION BL,EL CARMEL,150,S,N,A,-,N,NA,NA,NA,NA,NA,NA,NA,NA,NA,N,3,0,2,2,A,-,06,21750,NA,N,B,C,A,A,H,-,A,D,0,NA,NA,NA,NA,Y,NA,A,01,0,1,1,0,0,0,0,0,0,-,-,NA,NA,SAN DIEGO,SAN DIEGO,-117.25267028808594,32.77790069580078
9602029,2023,2023-08-17,3705,2023-07-18,2109,EC0446,NA,2,5,5,3705,0,0,0,NA,0,002,N 2ND ST,RT 8,178,N,N,A,-,Y,SD,11,8,-,-,17.177,R,4,W,N,4,0,1,2,A,-,01,23153,A,N,C,C,A,A,H,-,C,A,0,NA,NA,NA,NA,Y,Y,A,01,0,0,1,0,0,0,0,0,0,-,EF,NA,NA,SAN DIEGO,EL CAJON,-116.93893432617188,32.803184509277344
9602440,2023,2023-12-13,3711,2023-07-31,1601,SD1456,NA,1,5,7,3711,0,0,0,NA,0,242,MIRA MESA BL,WESTVIEW PKWY,0,NA,Y,A,-,N,NA,NA,NA,NA,NA,NA,NA,NA,NA,N,3,0,1,2,A,-,10,21950,A,N,G,G,A,A,H,-,A,A,0,NA,Y,NA,NA,Y,NA,A,01,0,1,0,0,0,0,1,0,0,-,-,NA,NA,SAN DIEGO,SAN DIEGO,-117.12052154541016,32.917320251464844
9603176,2023,2023-07-28,3702,2023-05-26,820,CV1464,NA,5,5,6,3702,0,0,0,NA,0,011,E ST,WOODLAWN AV,20,W,N,A,-,N,NA,NA,NA,NA,NA,NA,NA,NA,NA,N,4,0,1,2,A,-,03,22350,NA,N,C,C,A,A,H,-,A,A,0,NA,NA,NA,NA,Y,NA,A,07,0,0,1,0,0,0,0,0,0,-,-,NA,NA,SAN DIEGO,CHULA VISTA,-117.09764099121094,32.64017105102539
9603523,2023,2023-08-10,3702,2023-07-22,1524,CV1107,NA,6,5,6,3702,0,0,0,NA,0,014,HILLTOP DR,TELEGRAPH CANYON RD,156,N,N,A,-,N,NA,NA,NA,NA,NA,NA,NA,NA,NA,N,3,0,1,1,C,-,18,NA,NA,N,E,I,A,A,H,-,A,D,0,NA,Y,NA,NA,Y,NA,-,-,0,1,0,0,0,0,1,0,0,-,-,NA,NA,SAN DIEGO,CHULA VISTA,-117.06089019775392,32.62832260131836
9603530,2023,2023-08-10,3702,2023-07-11,1135,CV1450,NA,2,5,6,3702,0,0,0,NA,0,024,MAIN ST,FOURTH AV,118,W,N,A,-,N,NA,NA,NA,NA,NA,NA,NA,NA,NA,N,4,0,1,2,A,-,03,22350,NA,N,C,C,A,A,H,-,A,A,0,NA,NA,Y,NA,Y,NA,C,02,0,0,1,0,0,0,0,0,1,-,-,NA,NA,SAN DIEGO,CHULA VISTA,-117.06938934326172,32.59476852416992
9603619,2023,2023-08-14,3711,2023-07-19,653,SD5450,NA,3,5,7,3711,0,0,0,NA,0,321,WARING RD,ORCUTT AV,0,NA,Y,A,-,N,NA,NA,NA,NA,NA,NA,NA,NA,NA,N,4,0,2,2,A,-,03,22350,NA,N,C,C,A,-,-,-,A,A,0,NA,NA,NA,NA,Y,NA,-,NA,0,0,2,0,0,0,0,0,0,-,-,NA,NA,SAN DIEGO,SAN DIEGO,-117.08269500732422,32.79071807861328
9603972,2023,2023-08-15,3711,2023-07-11,1940,SD1848,NA,2,5,7,3711,0,0,0,NA,0,313,CLAIREMONT MESA BL,CONVOY ST,0,NA,Y,A,-,N,NA,NA,NA,NA,NA,NA,NA,NA,NA,Y,4,0,1,1,A,-,08,22107,NA,N,E,J,A,A,H,-,C,D,0,NA,NA,NA,NA,Y,NA,A,01,0,0,1,0,0,0,0,0,0,-,-,NA,NA,SAN DIEGO,SAN DIEGO,-117.15328216552734,32.83274841308594
9603975,2023,2023-08-15,3711,2023-07-06,1247,SD1569,NA,4,5,7,3711,0,0,0,NA,0,231,POWAY RD,SPRINGBROOK DR,0,NA,Y,A,-,N,NA,NA,NA,NA,NA,NA,NA,NA,NA,Y,3,0,2,2,A,-,12,21453,A,N,A,C,A,A,H,-,A,A,0,NA,NA,NA,NA,Y,NA,-,NA,0,2,0,0,0,0,0,0,0,-,-,NA,NA,SAN DIEGO,SAN DIEGO,-117.083984375,32.94557189941406
9604250,2023,2023-11-17,3700,2023-09-21,1851,SH3910,NA,4,5,5,3712,0,0,0,NA,0,357,NORTH TWIN OAKS VALLEY DR,RT 78,0,NA,Y,B,-,Y,SD,11,78,-,-,13.153,R,4,W,N,4,0,1,2,A,-,12,21453,A,N,D,G,A,A,H,-,B,A,0,NA,Y,NA,NA,Y,NA,A,01,0,0,1,0,0,0,1,0,0,-,-,NA,NA,SAN DIEGO,SAN MARCOS,-117.15952301025392,33.13772201538086
9604415,2023,2023-08-17,3702,2023-06-24,1840,CV1419,NA,6,5,6,3702,0,0,0,NA,0,024,MAIN ST,RT 805,37,E,N,A,-,Y,SD,11,805,-,-,3.851,R,4,N,Y,4,0,1,2,A,-,03,22350,NA,F,C,C,A,-,H,-,A,A,0,NA,NA,NA,NA,Y,NA,A,01,0,0,1,0,0,0,0,0,0,-,NO,NA,NA,SAN DIEGO,CHULA VISTA,-117.03614044189452,32.597633361816406
9606545,2023,2023-09-29,3711,2023-08-23,1628,SD7500,NA,3,5,7,3711,0,0,0,NA,0,521,MARKET ST,11TH AV,10,E,N,A,-,N,NA,NA,NA,NA,NA,NA,NA,NA,NA,N,4,0,2,2,D,-,00,NA,NA,N,D,C,A,A,H,-,A,A,0,NA,NA,NA,NA,Y,NA,-,-,0,0,2,0,0,0,0,0,0,-,-,NA,NA,SAN DIEGO,SAN DIEGO,-117.15462493896484,32.71152114868164
9606810,2023,2023-10-30,3711,2023-08-19,1808,SD7407,NA,6,5,7,3711,0,0,0,NA,0,512,OCEAN VIEW BL,S BANCROFT ST,88,W,N,B,-,N,NA,NA,NA,NA,NA,NA,NA,NA,NA,N,4,0,2,2,A,-,09,21804,A,N,D,C,A,A,H,-,A,D,0,NA,NA,NA,NA,Y,NA,A,01,0,0,2,0,0,0,0,0,0,-,-,NA,NA,SAN DIEGO,SAN DIEGO,-117.12434387207033,32.70119857788086
9606845,2023,2023-09-08,3711,2023-08-27,1215,SD1669,NA,7,5,7,3711,0,0,0,NA,0,931,SORRENTO VALLEY BL,WEST CURB LINE,1031,W,N,A,-,N,NA,NA,NA,NA,NA,NA,NA,NA,NA,Y,3,0,1,1,C,-,18,NA,NA,N,E,I,A,A,H,-,A,D,0,NA,NA,NA,NA,Y,Y,-,-,0,1,0,0,0,0,0,0,0,-,-,NA,NA,SAN DIEGO,SAN DIEGO,NA,NA
9607075,2023,2023-09-06,3700,2023-06-09,1504,SH3362,NA,5,5,5,3781,0,0,0,NA,0,519,COTTONWOOD AV,MORNINGSIDE WY,215,N,N,A,-,N,NA,NA,NA,NA,NA,NA,NA,NA,NA,N,2,0,1,2,A,-,09,21804,A,N,H,G,A,A,H,-,A,D,0,NA,Y,NA,NA,Y,NA,-,NA,1,0,0,0,0,0,1,0,0,-,-,NA,NA,SAN DIEGO,SANTEE,-116.9736785888672,32.836387634277344
9607888,2023,2023-10-26,3711,2023-09-11,2245,SD7245,NA,1,5,7,3711,0,0,0,NA,0,511,MAIN ST,YAMA ST,0,NA,Y,A,-,N,NA,NA,NA,NA,NA,NA,NA,NA,NA,Y,4,0,1,2,A,-,12,21453,A,M,D,C,A,A,H,-,C,A,0,NA,NA,NA,NA,Y,NA,A,01,0,0,1,0,0,0,0,0,0,-,-,NA,NA,SAN DIEGO,SAN DIEGO,-117.11228942871094,32.683372497558594
9608283,2023,2023-08-28,3711,2023-08-12,1626,SD1462,NA,6,5,7,3711,0,0,0,NA,0,324,LAKE MURRAY BL,NAVAJOR RD,300,S,N,A,-,N,NA,NA,NA,NA,NA,NA,NA,NA,NA,N,4,0,2,3,A,-,08,22107,NA,N,C,E,A,A,H,-,A,D,0,NA,NA,NA,Y,Y,NA,A,01,0,0,2,0,0,0,0,0,0,-,-,NA,NA,SAN DIEGO,SAN DIEGO,-117.01100158691406,32.802249908447266
9608308,2023,2023-08-24,3700,2023-07-18,737,SH0484,NA,2,5,5,3713,0,0,0,NA,0,306,NORTH SANTA FE AV,W INDIAN ROCK RD,0,NA,Y,A,-,N,NA,NA,NA,NA,NA,NA,NA,NA,NA,N,4,0,1,2,A,-,12,21453,A,N,D,C,A,A,H,-,B,A,0,NA,NA,NA,NA,Y,NA,D,22,0,0,1,0,0,0,0,0,0,-,-,NA,NA,SAN DIEGO,VISTA,-117.24494171142578,33.21746826171875
9608733,2023,2023-08-25,3711,2023-08-08,1110,SD5450,NA,2,5,7,3711,0,0,0,NA,0,315,FRIARS RD,QUALCOMM WY,315,W,N,A,-,N,NA,NA,NA,NA,NA,NA,NA,NA,NA,N,3,0,1,1,A,-,08,22107,NA,N,E,I,A,A,H,-,A,D,0,NA,NA,NA,NA,Y,NA,A,01,0,1,0,0,0,0,0,0,0,-,-,NA,NA,SAN DIEGO,SAN DIEGO,-117.14289093017578,32.77781295776367
9609332,2023,2023-09-05,3702,2023-07-28,1640,CV1245,NA,5,5,6,3702,0,0,0,NA,0,011,WOODLAWN AV,D ST,0,NA,Y,A,-,N,NA,NA,NA,NA,NA,NA,NA,NA,NA,N,4,0,1,2,A,-,-,NA,NA,N,B,C,A,A,H,-,A,D,0,NA,NA,Y,NA,Y,NA,-,-,0,0,1,0,0,0,0,0,1,-,-,NA,NA,SAN DIEGO,CHULA VISTA,-117.09886932373048,32.64363098144531
9609342,2023,2023-09-05,3705,2023-07-20,1553,EC5356,NA,4,5,5,3705,0,0,0,NA,0,002,E MAIN,MOLLISON AV,42,E,N,A,-,N,NA,NA,NA,NA,NA,NA,NA,NA,NA,N,4,0,2,3,A,-,03,22350,NA,N,C,C,A,A,H,-,A,A,0,NA,NA,NA,NA,Y,NA,A,07,0,0,2,0,0,0,0,0,0,-,-,NA,NA,SAN DIEGO,EL CAJON,-116.95084381103516,32.79494857788086
9610234,2023,2023-09-05,3708,2023-08-10,1915,LM1259,NA,4,5,5,3708,0,0,0,NA,0,001,UNIVERSITY AV,OLIVE AV,0,NA,Y,A,-,N,NA,NA,NA,NA,NA,NA,NA,NA,NA,Y,4,0,1,4,A,-,09,21801,A,N,D,C,A,A,H,-,A,D,0,NA,NA,NA,NA,Y,NA,A,01,0,0,1,0,0,0,0,0,0,-,-,NA,NA,SAN DIEGO,LA MESA,-117.03623199462892,32.758460998535156
9610938,2023,2023-09-13,3708,2023-08-05,1551,LM1259,NA,6,5,5,3708,0,0,0,NA,0,002,LEMON AV,GLEN ST,262,W,N,A,-,N,NA,NA,NA,NA,NA,NA,NA,NA,NA,Y,2,0,1,4,A,-,09,21804,A,N,D,C,A,A,H,-,A,D,0,NA,NA,Y,NA,Y,NA,A,01,1,0,0,0,0,0,0,0,1,-,-,NA,NA,SAN DIEGO,LA MESA,-117.00961303710938,32.76778030395508
9611080,2023,2024-01-24,3710,2023-09-03,1546,OC1438,NA,7,5,6,3710,0,0,0,NA,0,011,FOUSSAT RD,MESA DR,752,S,N,A,-,N,NA,NA,NA,NA,NA,NA,NA,NA,NA,N,2,0,1,1,A,-,03,22350,NA,N,E,I,A,A,H,-,A,D,0,NA,Y,NA,NA,Y,NA,L,04,1,0,0,0,0,0,1,0,0,-,-,NA,NA,SAN DIEGO,OCEANSIDE,-117.34274291992188,33.20712661743164
9611092,2023,2023-09-18,3702,2023-08-26,2333,CV1469,NA,6,5,6,3702,0,0,0,NA,0,032,OTAY LAKES RD,RUTGERS RD,1019,E,N,A,-,N,NA,NA,NA,NA,NA,NA,NA,NA,NA,Y,3,0,1,1,A,-,03,22350,NA,N,F,I,A,A,H,-,C,D,0,NA,NA,NA,NA,Y,Y,A,01,0,1,0,0,0,0,0,0,0,-,-,NA,NA,SAN DIEGO,CHULA VISTA,-116.98020935058594,32.641963958740234
9611093,2023,2023-09-18,3702,2023-08-31,2003,CV1308,NA,4,5,6,3702,0,0,0,NA,0,021,BROADWAY,NAPLES ST,767,S,N,A,-,N,NA,NA,NA,NA,NA,NA,NA,NA,NA,N,3,0,1,2,A,-,03,22350,NA,F,G,B,D,A,H,-,C,D,0,Y,NA,NA,NA,Y,NA,-,NA,0,1,0,0,1,0,0,0,0,-,-,NA,NA,SAN DIEGO,CHULA VISTA,-117.08065032958984,32.60823440551758
9611272,2023,2023-09-21,3700,2023-08-11,1418,SH0113,NA,5,5,5,3713,0,0,0,NA,0,315,SYCAMORE AV,SHADOWRIDGE DR,143,N,N,A,-,N,NA,NA,NA,NA,NA,NA,NA,NA,NA,N,4,0,1,2,A,-,03,22350,NA,N,C,C,A,A,H,-,A,A,0,NA,NA,NA,NA,Y,NA,A,01,0,0,1,0,0,0,0,0,0,-,-,NA,NA,SAN DIEGO,VISTA,-117.216552734375,33.1649055480957
9611358,2023,2023-09-21,3705,2023-07-16,1428,EC0452,NA,7,5,5,3705,0,0,0,NA,0,002,NARANCA AV,ORO ST,530,W,N,A,-,N,NA,NA,NA,NA,NA,NA,NA,NA,NA,Y,4,0,1,2,A,-,08,22107,NA,N,C,E,A,A,H,-,A,D,0,NA,NA,NA,NA,Y,NA,A,01,0,0,1,0,0,0,0,0,0,-,-,NA,NA,SAN DIEGO,EL CAJON,-116.94188690185548,32.803897857666016
9612713,2023,2023-09-11,3711,2023-08-08,844,SD1066,NA,2,5,7,3711,0,0,0,NA,0,115,REGENTS RD,RT 52,18,N,N,A,-,Y,SD,11,52,-,-,1.21,R,4,W,Y,4,0,3,2,A,-,09,21453,C,N,D,C,A,A,H,-,A,A,0,NA,NA,NA,NA,Y,NA,A,01,0,0,3,0,0,0,0,0,0,-,WO,NA,NA,SAN DIEGO,SAN DIEGO,-117.22003173828124,32.841007232666016
9613815,2023,2023-09-13,3711,2023-08-17,1710,SD5958,NA,4,5,7,3711,0,0,0,NA,0,232,HIGHLAND RANCH RD,CARMEL MOUNTAIN RD,0,NA,Y,A,-,N,NA,NA,NA,NA,NA,NA,NA,NA,NA,Y,4,0,1,2,A,-,08,22107,NA,N,D,C,A,A,H,-,A,A,0,NA,NA,NA,NA,Y,NA,-,NA,0,0,1,0,0,0,0,0,0,-,-,NA,NA,SAN DIEGO,SAN DIEGO,-117.07627868652344,32.98303985595703
9613899,2023,2023-10-25,3711,2023-09-10,1208,SD6946,NA,7,5,7,3711,0,0,0,NA,0,531,FLORIDA ST,PERSHING DR,297,N,N,A,-,N,NA,NA,NA,NA,NA,NA,NA,NA,NA,N,3,0,1,1,A,-,08,22107,NA,N,F,A,A,A,H,-,A,D,0,NA,Y,NA,NA,Y,NA,L,04,0,1,0,0,0,0,1,0,0,-,-,NA,NA,SAN DIEGO,SAN DIEGO,-117.14315032958984,32.723388671875
9614107,2023,2023-09-21,3711,2023-08-30,649,SD6502,NA,3,5,7,3711,0,0,0,NA,0,931,MIRAMAR RD,NOBEL DR,0,NA,Y,A,-,N,NA,NA,NA,NA,NA,NA,NA,NA,NA,N,3,0,3,3,A,-,12,21453,A,N,D,C,A,A,H,-,A,A,0,NA,NA,NA,NA,Y,Y,A,07,0,1,2,0,0,0,0,0,0,-,-,NA,NA,SAN DIEGO,SAN DIEGO,-117.19115447998048,32.87651443481445
9614266,2023,2023-11-17,3711,2023-09-13,1325,SD1566,NA,3,5,7,3711,0,0,0,NA,0,811,ADAMS AV,33RD ST,45,W,N,A,-,N,NA,NA,NA,NA,NA,NA,NA,NA,NA,Y,2,0,2,4,A,-,08,22107,NA,N,A,C,A,A,H,-,A,A,0,NA,NA,NA,NA,Y,NA,A,01,1,1,0,0,0,0,0,0,0,-,-,NA,NA,SAN DIEGO,SAN DIEGO,-117.12299346923828,32.76335525512695
9616173,2023,2023-10-06,3710,2023-08-31,1804,OC1541,NA,4,5,6,3710,0,0,0,NA,0,012,OCEANSIDE BL,CROUCH ST,24,W,N,A,-,N,NA,NA,NA,NA,NA,NA,NA,NA,NA,N,4,0,2,2,A,-,21,22106,NA,N,C,C,A,A,H,-,A,A,0,NA,NA,NA,NA,Y,NA,-,NA,0,0,2,0,0,0,0,0,0,-,-,NA,NA,SAN DIEGO,OCEANSIDE,-117.35340118408205,33.195316314697266
9616824,2023,2023-10-13,3711,2023-09-27,2334,SD1787,NA,3,5,7,3711,0,0,0,NA,0,315,FRIARS RD,RIVER PARK RD,328,E,N,A,-,N,NA,NA,NA,NA,NA,NA,NA,NA,NA,N,4,0,1,2,A,-,08,38314,NA,N,B,C,A,A,H,-,C,D,0,NA,NA,NA,NA,Y,NA,A,01,0,0,1,0,0,0,0,0,0,-,-,NA,NA,SAN DIEGO,SAN DIEGO,NA,NA
9616827,2023,2023-10-13,3711,2023-09-27,1633,SD1676,NA,3,5,7,3711,0,0,0,NA,0,813,EL CAJON BL,KANSAS,0,NA,Y,A,-,N,NA,NA,NA,NA,NA,NA,NA,NA,NA,Y,3,0,1,2,A,-,09,21801,A,N,D,C,A,A,H,-,A,D,0,NA,NA,NA,NA,Y,NA,A,01,0,1,0,0,0,0,0,0,0,-,-,NA,NA,SAN DIEGO,SAN DIEGO,-117.13141632080078,32.755401611328125
9616838,2023,2023-10-20,3709,2023-09-15,1900,NC0531,NA,5,5,5,3709,0,0,0,NA,0,024,HIGHLAND AV,RT 54,0,NA,Y,A,-,Y,SD,11,54,-,-,0.808,R,4,W,Y,3,0,3,2,A,-,08,22107,NA,N,B,C,A,A,H,-,C,A,0,NA,NA,NA,NA,Y,NA,A,01,0,2,1,0,0,0,0,0,0,-,-,NA,NA,SAN DIEGO,NATIONAL CITY,-117.09163665771484,32.65540313720703
9617225,2023,2023-12-02,3711,2023-10-02,1847,SD1885,NA,1,5,7,3711,0,0,0,NA,0,512,OCEAN VIEW BL,28TH ST,0,NA,Y,A,-,N,NA,NA,NA,NA,NA,NA,NA,NA,NA,Y,3,0,2,3,A,-,12,21453,A,N,D,B,B,A,H,-,C,A,0,Y,NA,NA,NA,Y,NA,A,01,0,1,1,0,1,0,0,0,0,-,-,NA,NA,SAN DIEGO,SAN DIEGO,-117.13385772705078,32.701141357421875
9618418,2023,2024-03-05,3705,2023-10-03,942,EC0329,NA,2,5,5,3705,0,0,0,NA,0,003,MOLLISON,MADISON,0,NA,Y,A,-,N,NA,NA,NA,NA,NA,NA,NA,NA,NA,Y,3,0,2,3,A,-,12,21453,A,N,D,C,A,A,H,-,A,A,0,NA,NA,NA,NA,Y,NA,A,01,0,1,1,0,0,0,0,0,0,-,-,NA,NA,SAN DIEGO,EL CAJON,-116.95096588134766,32.800148010253906
9618509,2023,2023-09-06,3700,2023-07-20,2253,SH0268,NA,4,5,4,3780,0,0,0,NA,0,410,POMERADO RD,TWIN PEAKE RD,0,NA,Y,A,-,N,NA,NA,NA,NA,NA,NA,NA,NA,NA,Y,3,0,2,2,A,-,12,21453,A,N,D,C,A,A,H,-,C,A,0,NA,NA,NA,NA,Y,NA,A,01,0,2,0,0,0,0,0,0,0,-,-,NA,NA,SAN DIEGO,POWAY,-117.06195831298828,32.98347091674805
9618748,2023,2024-01-20,3711,2023-11-25,141,SD1036,NA,6,5,7,3711,0,0,0,NA,0,528,GRAPE ST,COLUMBIA ST,12,S,N,A,-,N,NA,NA,NA,NA,NA,NA,NA,NA,NA,N,4,0,1,2,A,-,09,21801,A,N,G,B,D,A,H,-,C,A,0,Y,NA,NA,NA,Y,NA,A,01,0,0,1,0,1,0,0,0,0,-,-,NA,NA,SAN DIEGO,SAN DIEGO,-117.168212890625,32.72566604614258
9618752,2023,2024-01-20,3711,2023-11-27,1750,SD1648,NA,1,5,7,3711,0,0,0,NA,0,326,FAIRMONT AV,MONTEZUMA RD,2,N,N,A,-,N,NA,NA,NA,NA,NA,NA,NA,NA,NA,N,4,0,1,1,B,-,22,NA,NA,N,H,J,A,A,H,-,D,D,0,NA,Y,NA,NA,Y,NA,L,04,0,0,1,0,0,0,1,0,0,-,-,NA,NA,SAN DIEGO,SAN DIEGO,-117.09699249267578,32.772403717041016
9618776,2023,2023-12-04,3705,2023-07-31,448,EC0309,NA,1,5,5,3705,0,0,0,NA,0,001,WEST MAIN ST,DEWAYNE,1076,W,N,A,-,N,NA,NA,NA,NA,NA,NA,NA,NA,NA,Y,3,0,2,1,A,-,03,22350,NA,N,E,I,A,A,H,-,D,D,0,NA,NA,NA,NA,Y,NA,A,07,0,2,0,0,0,0,0,0,0,-,-,NA,NA,SAN DIEGO,EL CAJON,-116.98352813720705,32.79457092285156
9619265,2023,2023-12-28,3700,2023-06-30,819,SH0113,NA,5,5,5,3713,0,0,0,NA,0,301,POND PL,NORTH SANTA FE AV,375,W,N,A,-,N,NA,NA,NA,NA,NA,NA,NA,NA,NA,Y,3,0,1,2,A,-,01,23152,A,N,C,E,A,A,H,-,A,D,0,NA,NA,NA,NA,Y,Y,A,01,0,1,0,0,0,0,0,0,0,-,-,NA,NA,SAN DIEGO,VISTA,-117.2476806640625,33.22460174560547
9621351,2023,2023-11-16,3708,2023-10-22,1848,LM1307,NA,7,5,5,3708,0,0,0,NA,0,002,LA MESA BL,GROSSMONT BL,435,E,N,A,-,N,NA,NA,NA,NA,NA,NA,NA,NA,NA,Y,4,0,4,2,A,-,08,22107,NA,N,D,C,A,A,H,-,B,D,0,NA,NA,NA,NA,Y,NA,A,01,0,0,4,0,0,0,0,0,0,-,-,NA,NA,SAN DIEGO,LA MESA,-117.00463104248048,32.77457046508789
9621525,2023,2023-11-15,3708,2023-10-20,1744,LM1284,NA,5,5,5,3708,0,0,0,NA,0,004,MURRAY DR,WAKARUSA ST,40,E,N,A,-,N,NA,NA,NA,NA,NA,NA,NA,NA,NA,Y,3,0,2,2,A,-,04,21703,NA,N,C,C,A,A,H,-,B,A,0,NA,NA,NA,NA,Y,NA,A,01,0,2,0,0,0,0,0,0,0,-,-,NA,NA,SAN DIEGO,LA MESA,-117.00092315673828,32.779842376708984
9621600,2023,2023-11-29,3700,2023-10-28,700,SH2659,NA,6,5,5,3712,0,0,0,NA,0,352,NORTH TWIN OAKS VALLEY DR,WINDY WY,0,NA,Y,A,-,N,NA,NA,NA,NA,NA,NA,NA,NA,NA,Y,3,0,2,2,A,-,12,21453,A,N,A,C,A,A,H,-,A,A,0,NA,NA,NA,NA,Y,NA,A,01,0,2,0,0,0,0,0,0,0,-,-,NA,NA,SAN DIEGO,SAN MARCOS,-117.16152954101563,33.152767181396484
9621971,2023,2023-10-17,3700,2023-08-22,1617,SH3606,NA,2,5,5,3712,0,0,0,NA,0,356,LAS POSAS RD,MISSION RD,5,S,N,A,-,N,NA,NA,NA,NA,NA,NA,NA,NA,NA,N,3,0,1,2,A,-,09,21453,B,N,D,G,A,A,H,-,A,A,0,NA,Y,NA,NA,Y,NA,A,01,0,1,0,0,0,0,1,0,0,-,-,NA,NA,SAN DIEGO,SAN MARCOS,-117.18900299072266,33.148399353027344
9622216,2023,2024-02-06,3710,2023-10-06,1132,OC0873,NA,5,5,6,3710,0,0,0,NA,0,012,EL CAMINIO REAL,OCEANSIDE BL,460,S,N,A,-,N,NA,NA,NA,NA,NA,NA,NA,NA,NA,Y,4,0,3,2,C,-,18,NA,NA,N,C,C,A,A,H,-,A,A,0,NA,NA,NA,NA,Y,NA,-,-,0,0,3,0,0,0,0,0,0,-,-,NA,NA,SAN DIEGO,OCEANSIDE,-117.33140563964844,33.20076370239258
9622973,2023,2023-11-13,3711,2023-10-23,951,SD6104,NA,1,5,7,3711,0,0,0,NA,0,833,FAIRMOUNT AVE,DWIGHT ST,108,S,N,B,-,N,NA,NA,NA,NA,NA,NA,NA,NA,NA,N,4,0,1,2,A,-,09,21804,A,N,D,C,A,A,H,-,A,D,0,NA,NA,NA,NA,Y,NA,A,01,0,0,1,0,0,0,0,0,0,-,-,NA,NA,SAN DIEGO,SAN DIEGO,-117.10098266601563,32.74371337890625
9623228,2023,2023-12-12,3711,2023-10-27,1717,SD7639,NA,5,5,7,3711,0,0,0,NA,0,447,47TH ST,FEDERAL BL,0,NA,Y,A,-,N,NA,NA,NA,NA,NA,NA,NA,NA,NA,N,4,0,1,2,A,-,03,22350,NA,M,C,C,A,A,H,-,A,A,0,NA,NA,NA,NA,Y,NA,-,99,0,0,1,0,0,0,0,0,0,-,-,NA,NA,SAN DIEGO,SAN DIEGO,-117.09354400634766,32.72145462036133
9623583,2023,2024-02-01,3710,2023-11-07,1730,OC1274,NA,2,5,6,3710,0,0,0,NA,0,018,VANDEGRIFT BL,GOLD DR,107,S,N,A,-,N,NA,NA,NA,NA,NA,NA,NA,NA,NA,Y,4,0,1,2,A,-,03,22350,NA,N,C,C,A,A,H,-,C,A,0,NA,NA,NA,NA,Y,NA,A,07,0,0,1,0,0,0,0,0,0,-,-,NA,NA,SAN DIEGO,OCEANSIDE,-117.29883575439452,33.25777053833008