CASE_ID,ACCIDENT_YEAR,PROC_DATE,JURIS,COLLISION_DATE,COLLISION_TIME,OFFICER_ID,REPORTING_DISTRICT,DAY_OF_WEEK,CHP_SHIFT,POPULATION,CNTY_CITY_LOC,SPECIAL_COND,BEAT_TYPE,CHP_BEAT_TYPE,CITY_DIVISION_LAPD,CHP_BEAT_CLASS,BEAT_NUMBER,PRIMARY_RD,SECONDARY_RD,DISTANCE,DIRECTION,INTERSECTION,WEATHER_1,WEATHER_2,STATE_HWY_IND,CALTRANS_COUNTY,CALTRANS_DISTRICT,STATE_ROUTE,ROUTE_SUFFIX,POSTMILE_PREFIX,POSTMILE,LOCATION_TYPE,RAMP_INTERSECTION,SIDE_OF_HWY,TOW_AWAY,COLLISION_SEVERITY,NUMBER_KILLED,NUMBER_INJURED,PARTY_COUNT,PRIMARY_COLL_FACTOR,PCF_CODE_OF_VIOL,PCF_VIOL_CATEGORY,PCF_VIOLATION,PCF_VIOL_SUBSECTION,HIT_AND_RUN,TYPE_OF_COLLISION,MVIW,PED_ACTION,ROAD_SURFACE,ROAD_COND_1,ROAD_COND_2,LIGHTING,CONTROL_DEVICE,CHP_ROAD_TYPE,PEDESTRIAN_ACCIDENT,BICYCLE_ACCIDENT,MOTORCYCLE_ACCIDENT,TRUCK_ACCIDENT,NOT_PRIVATE_PROPERTY,ALCOHOL_INVOLVED,STWD_VEHTYPE_AT_FAULT,CHP_VEHTYPE_AT_FAULT,COUNT_SEVERE_INJ,COUNT_VISIBLE_INJ,COUNT_COMPLAINT_PAIN,COUNT_PED_KILLED,COUNT_PED_INJURED,COUNT_BICYCLIST_KILLED,COUNT_BICYCLIST_INJURED,COUNT_MC_KILLED,COUNT_MC_INJURED,PRIMARY_RAMP,SECONDARY_RAMP,LATITUDE,LONGITUDE,COUNTY,CITY,POINT_X,POINT_Y
9675087,2024,2024-04-03,3700,2024-02-19,731,SH3319,NA,1,5,5,3712,0,0,0,NA,0,358,LINDA VISTA DR,LAS FLORES DR,27,W,N,A,-,N,NA,NA,NA,NA,NA,NA,NA,NA,NA,Y,4,0,1,2,A,-,08,22107,NA,N,C,C,A,A,H,-,A,A,0,NA,NA,NA,Y,Y,NA,F,26,0,0,1,0,0,0,0,0,0,-,-,NA,NA,SAN DIEGO,SAN MARCOS,-117.2077178955078,33.141849517822266
9677458,2024,2024-07-18,3711,2024-05-15,1600,SD8404,NA,3,5,7,3711,0,0,0,NA,0,611,BARNETT AV,MENDONCA DR,170,W,N,B,-,N,NA,NA,NA,NA,NA,NA,NA,NA,NA,N,3,0,1,2,A,-,05,21460,A,N,D,C,A,A,H,-,A,D,0,NA,NA,NA,NA,Y,NA,A,07,0,1,0,0,0,0,0,0,0,-,-,NA,NA,SAN DIEGO,SAN DIEGO,-117.20730590820313,32.742958068847656
9677932,2024,2024-05-31,3708,2024-04-06,2006,LM1283,NA,6,5,5,3708,0,0,0,NA,0,004,FLETCHER PKWY,JACKSON DR,0,NA,Y,A,-,N,NA,NA,NA,NA,NA,NA,NA,NA,NA,Y,4,0,2,2,A,-,12,21453,NA,N,F,C,A,A,H,-,C,A,0,NA,NA,NA,NA,Y,NA,A,01,0,0,2,0,0,0,0,0,0,-,-,NA,NA,SAN DIEGO,LA MESA,-117.0182647705078,32.77762222290039
9678054,2024,2024-03-08,3700,2024-01-05,1833,SH0057,NA,5,5,4,3780,0,0,0,NA,0,415,POWAY RD,BOWRON RD,522,E,N,A,-,N,NA,NA,NA,NA,NA,NA,NA,NA,NA,N,4,0,1,2,A,-,11,21955,NA,N,G,B,D,A,H,-,C,D,0,Y,NA,NA,NA,Y,NA,N,60,0,0,1,0,1,0,0,0,0,-,-,NA,NA,SAN DIEGO,POWAY,-117.04339599609376,32.9564094543457
9678071,2024,2024-05-16,3711,2024-02-29,1722,SD6461,NA,4,5,7,3711,0,0,0,NA,0,111,AUBURNDALE ST,THORNWOOD ST,0,NA,Y,A,-,N,NA,NA,NA,NA,NA,NA,NA,NA,NA,N,3,0,1,2,A,-,09,21802,A,N,D,C,A,A,H,-,A,D,0,NA,NA,NA,NA,Y,NA,A,07,0,1,0,0,0,0,0,0,0,-,-,NA,NA,SAN DIEGO,SAN DIEGO,-117.1714324951172,32.8111572265625
9678349,2024,2024-04-25,3710,2024-02-23,2229,OC1553,NA,5,5,6,3710,0,0,0,NA,0,027,COLLEGE BL,MARVIN ST,0,NA,Y,A,-,N,NA,NA,NA,NA,NA,NA,NA,NA,NA,N,4,0,2,3,A,-,12,21453,A,N,H,C,A,A,H,-,E,A,0,NA,NA,NA,NA,Y,NA,A,01,0,0,2,0,0,0,0,0,0,-,-,NA,NA,SAN DIEGO,OCEANSIDE,-117.29328918457033,33.19533920288086
9678351,2024,2024-04-15,3710,2024-02-22,1910,OC1560,NA,4,5,6,3710,0,0,0,NA,0,006,NORTH HORNE ST,MISSION AV,0,NA,Y,A,-,N,NA,NA,NA,NA,NA,NA,NA,NA,NA,N,4,0,1,2,A,-,09,21453,B,N,D,C,A,A,H,-,A,D,0,NA,NA,NA,NA,Y,NA,A,01,0,0,1,0,0,0,0,0,0,NO,-,NA,NA,SAN DIEGO,OCEANSIDE,-117.375732421875,33.19814682006836
9679570,2024,2024-04-03,3710,2024-02-26,1234,OC1515,NA,1,5,6,3710,0,0,0,NA,0,008,LEONARD AV,CLEMENTINE ST,0,NA,Y,A,-,N,NA,NA,NA,NA,NA,NA,NA,NA,NA,N,4,0,1,2,A,-,09,21800,C,N,D,C,A,A,H,-,A,D,0,NA,NA,NA,NA,Y,NA,A,01,0,0,1,0,0,0,0,0,0,-,-,NA,NA,SAN DIEGO,OCEANSIDE,-117.36914825439452,33.18923568725586
9679675,2024,2024-04-05,3702,2024-03-04,1351,CV1303,NA,1,5,6,3702,0,0,0,NA,0,014,H ST,RT 805,0,NA,Y,A,-,Y,SD,11,805,-,-,7,R,4,S,Y,3,0,2,2,A,-,08,22107,NA,N,B,C,A,A,H,-,A,A,0,NA,NA,NA,NA,Y,NA,A,07,0,2,0,0,0,0,0,0,0,-,-,NA,NA,SAN DIEGO,CHULA VISTA,-117.05356597900392,32.63893127441406
9680630,2023,2024-04-20,3700,2023-04-11,2100,SH3183,NA,2,5,5,3713,0,0,0,NA,0,303,FOOTHILL DR,OAK DR,0,NA,Y,A,-,N,NA,NA,NA,NA,NA,NA,NA,NA,NA,N,3,0,1,2,A,-,10,21950,A,F,G,B,B,A,H,-,C,A,0,Y,NA,NA,NA,Y,NA,A,01,0,1,0,0,1,0,0,0,0,-,-,NA,NA,SAN DIEGO,VISTA,-117.22179412841795,33.21622085571289
9680855,2024,2024-05-24,3711,2024-03-18,525,SD1654,NA,1,5,7,3711,0,0,0,NA,0,813,EL CAJON BL,UTAH ST,0,NA,Y,A,-,N,NA,NA,NA,NA,NA,NA,NA,NA,NA,N,3,0,1,2,A,-,10,21950,A,N,G,B,B,A,H,-,C,A,0,Y,NA,NA,Y,Y,NA,F,26,0,1,0,0,1,0,0,0,0,-,-,NA,NA,SAN DIEGO,SAN DIEGO,-117.13265228271484,32.7552375793457
9681209,2024,2024-06-21,3711,2024-03-16,455,SD1793,NA,6,5,7,3711,0,0,0,NA,0,813,EL CAJON BL,RT 805,0,NA,Y,A,-,Y,SD,11,805,-,-,16.549,R,4,N,N,4,0,1,2,A,-,09,21453,C,M,D,C,A,A,H,-,C,A,0,NA,NA,NA,NA,Y,Y,-,NA,0,0,1,0,0,0,0,0,0,-,NO,NA,NA,SAN DIEGO,SAN DIEGO,-117.12541961669922,32.757041931152344
9681225,2024,2024-06-03,3711,2024-03-18,1046,SD5623,NA,1,5,7,3711,0,0,0,NA,0,524,BROADWAY,8TH AV,0,NA,Y,A,-,N,NA,NA,NA,NA,NA,NA,NA,NA,NA,N,4,0,2,2,A,-,12,21453,A,N,D,C,A,-,H,-,A,A,0,NA,NA,NA,NA,Y,NA,-,NA,0,0,2,0,0,0,0,0,0,-,-,NA,NA,SAN DIEGO,SAN DIEGO,-117.15740966796876,32.715721130371094
9683041,2024,2024-04-18,3711,2024-03-26,611,SD5985,NA,2,5,7,3711,0,0,0,NA,0,525,W F ST,FIRST AV,0,NA,Y,B,-,N,NA,NA,NA,NA,NA,NA,NA,NA,NA,N,3,0,1,2,A,-,10,21950,A,N,G,B,B,A,H,-,E,A,0,Y,NA,NA,NA,Y,NA,J,48,0,1,0,0,1,0,0,0,0,-,-,NA,NA,SAN DIEGO,SAN DIEGO,-117.16381072998048,32.713558197021484
9683278,2023,2024-05-28,3700,2023-10-08,2345,SH0138,NA,7,5,5,3781,0,0,0,NA,0,510,MAST BL,W HARTLAND CIR,448,E,N,A,-,N,NA,NA,NA,NA,NA,NA,NA,NA,NA,Y,4,0,1,6,A,-,01,23152,A,N,B,E,A,A,H,-,C,D,0,NA,NA,NA,NA,Y,Y,A,01,0,0,1,0,0,0,0,0,0,-,-,NA,NA,SAN DIEGO,SANTEE,-116.9908447265625,32.85377883911133
9683996,2024,2024-05-20,3709,2024-03-21,2030,NC0556,NA,4,5,5,3709,0,0,0,NA,0,024,HIGHLAND AV,30TH ST,0,NA,Y,A,-,N,NA,NA,NA,NA,NA,NA,NA,NA,NA,N,4,0,1,2,A,-,07,21658,A,N,D,C,A,A,H,-,C,A,0,NA,NA,NA,NA,Y,NA,A,01,0,0,1,0,0,0,0,0,0,-,-,NA,NA,SAN DIEGO,NATIONAL CITY,-117.0913314819336,32.65916442871094
9684091,2024,2024-06-19,3702,2024-04-01,1203,CV1525,NA,1,5,6,3702,0,0,0,NA,0,024,MAIN ST,DEL MONTE AV,39,W,N,A,-,N,NA,NA,NA,NA,NA,NA,NA,NA,NA,Y,4,0,1,2,A,-,07,21658,A,N,B,C,A,A,H,-,A,D,0,NA,NA,NA,NA,Y,NA,A,01,0,0,1,0,0,0,0,0,0,-,-,NA,NA,SAN DIEGO,CHULA VISTA,-117.0625457763672,32.59476089477539
9684798,2024,2024-05-08,3711,2024-03-28,839,SD7194,NA,4,5,7,3711,0,0,0,NA,0,521,7TH AV,J ST,0,NA,Y,B,-,N,NA,NA,NA,NA,NA,NA,NA,NA,NA,N,3,0,1,2,A,-,10,21950,A,N,G,B,B,A,H,-,A,A,0,Y,NA,NA,NA,Y,NA,A,01,0,1,0,0,1,0,0,0,0,-,-,NA,NA,SAN DIEGO,SAN DIEGO,-117.15827941894533,32.70940017700195
9684969,2024,2024-05-08,3711,2024-03-23,1200,SD1842,NA,6,5,7,3711,0,0,0,NA,0,627,WASHINGTON ST,3RD AV,0,NA,Y,A,-,N,NA,NA,NA,NA,NA,NA,NA,NA,NA,Y,4,0,1,2,A,-,09,21801,A,N,D,C,A,A,H,-,A,A,0,NA,NA,NA,NA,Y,NA,A,01,0,0,1,0,0,0,0,0,0,-,-,NA,NA,SAN DIEGO,SAN DIEGO,-117.16273498535156,32.74998474121094
9685159,2024,2024-06-04,3702,2024-04-11,1945,CV1254,NA,4,5,6,3702,0,0,0,NA,0,041,MEDICAL CENTER DR,TELEGRAPH CANYON RD,485,S,N,A,-,N,NA,NA,NA,NA,NA,NA,NA,NA,NA,N,4,0,2,2,A,-,03,22350,NA,N,C,C,A,A,H,-,C,D,0,NA,NA,NA,NA,Y,NA,A,01,0,0,2,0,0,0,0,0,0,-,-,NA,NA,SAN DIEGO,CHULA VISTA,-117.0264892578125,32.6236686706543
9685283,2024,2024-06-26,3711,2024-04-03,1730,SD1946,NA,3,5,7,3711,0,0,0,NA,0,518,34 ST,A ST,0,NA,Y,A,-,N,NA,NA,NA,NA,NA,NA,NA,NA,NA,N,3,0,1,1,D,-,00,NA,NA,N,H,-,A,A,H,-,A,D,0,NA,Y,NA,NA,Y,NA,-,-,0,1,0,0,0,0,1,0,0,-,-,NA,NA,SAN DIEGO,SAN DIEGO,NA,NA
9686143,2024,2024-08-05,3711,2024-06-09,2030,SD7864,NA,7,5,7,3711,0,0,0,NA,0,113,CLAIREMONT MESA BL,MORAGA AV,250,E,N,A,-,N,NA,NA,NA,NA,NA,NA,NA,NA,NA,Y,3,0,1,3,A,-,08,38314,NA,N,B,E,A,A,H,-,C,A,0,NA,NA,NA,Y,Y,Y,F,26,0,1,0,0,0,0,0,0,0,-,-,NA,NA,SAN DIEGO,SAN DIEGO,-117.21253204345705,32.82831573486328
9687604,2024,2024-04-18,3705,2024-02-23,1445,EC0430,NA,5,5,5,3705,0,0,0,NA,0,004,E WASHINGTON AV,BALLARD ST,56,W,N,A,-,N,NA,NA,NA,NA,NA,NA,NA,NA,NA,N,4,0,2,2,A,-,05,21651,A,N,D,C,A,A,H,-,A,D,0,NA,NA,NA,NA,Y,NA,A,07,0,0,2,0,0,0,0,0,0,-,-,NA,NA,SAN DIEGO,EL CAJON,-116.94158172607422,32.78765106201172
9687813,2024,2024-05-07,3705,2024-03-11,1300,EC0407,NA,1,5,5,3705,0,0,0,NA,0,001,N MARSHALL AVE,MAIN ST,1445,W,N,A,-,N,NA,NA,NA,NA,NA,NA,NA,NA,NA,Y,4,0,1,2,A,-,09,21804,A,N,D,C,A,A,H,-,A,D,0,NA,NA,NA,NA,Y,NA,A,01,0,0,1,0,0,0,0,0,0,-,-,NA,NA,SAN DIEGO,EL CAJON,-116.9755401611328,32.79497146606445
9688017,2024,2024-06-20,3711,2024-04-01,1357,SD7617,NA,1,5,7,3711,0,0,0,NA,0,514,ISLAND AV,19TH ST,57,W,N,A,-,N,NA,NA,NA,NA,NA,NA,NA,NA,NA,Y,4,0,1,3,A,-,06,21755,NA,N,C,C,A,A,H,-,A,D,0,NA,NA,NA,Y,Y,NA,F,55,0,0,1,0,0,0,0,0,0,-,-,NA,NA,SAN DIEGO,SAN DIEGO,-117.14689636230467,32.710445404052734
9690498,2024,2024-06-21,3711,2024-04-19,2500,SD1541,NA,5,5,7,3711,0,0,0,NA,0,628,INDIA ST,W SPRUCE ST,0,NA,Y,A,-,N,NA,NA,NA,NA,NA,NA,NA,NA,NA,N,4,0,1,4,A,-,07,21658,A,N,B,C,A,A,H,-,C,D,0,NA,NA,NA,NA,Y,NA,-,NA,0,0,1,0,0,0,0,0,0,-,-,NA,NA,SAN DIEGO,SAN DIEGO,-117.17533111572266,32.73649215698242
9690500,2024,2024-06-21,3711,2024-04-19,215,SD1801,NA,5,5,7,3711,0,0,0,NA,0,725,BREAKERS WAY,SEAGLEN WAY,125,S,N,A,-,N,NA,NA,NA,NA,NA,NA,NA,NA,NA,Y,4,0,1,2,A,-,08,22107,NA,N,B,E,A,A,H,-,C,D,0,NA,NA,NA,NA,Y,NA,A,01,0,0,1,0,0,0,0,0,0,-,-,NA,NA,SAN DIEGO,SAN DIEGO,-117.02051544189452,32.57529830932617
9690503,2024,2024-06-21,3711,2024-04-19,636,SD7656,NA,5,5,7,3711,0,0,0,NA,0,524,9TH AV,B ST,0,NA,Y,B,-,N,NA,NA,NA,NA,NA,NA,NA,NA,NA,N,3,0,1,2,A,-,03,22350,NA,N,E,I,A,A,H,-,A,A,0,NA,NA,NA,NA,Y,NA,A,01,0,1,0,0,0,0,0,0,0,-,-,NA,NA,SAN DIEGO,SAN DIEGO,-117.15654754638672,32.71780776977539
9691570,2024,2024-04-26,3705,2024-03-07,1440,EC0354,NA,4,5,5,3705,0,0,0,NA,0,002,FLETCHER PKWY,RT 67,0,NA,Y,B,-,Y,SD,11,67,-,R,0.21,R,4,S,N,4,0,1,2,A,-,12,21453,A,N,D,C,A,B,H,-,A,A,0,NA,NA,NA,NA,Y,NA,A,01,0,0,1,0,0,0,0,0,0,-,-,NA,NA,SAN DIEGO,EL CAJON,-116.96238708496094,32.80609893798828
9691623,2024,2024-05-01,3711,2024-03-29,1330,SD1562,NA,5,5,7,3711,0,0,0,NA,0,241,CARROLL CANYON RD,CARROLL CANYON RD 9846,0,NA,N,A,-,N,NA,NA,NA,NA,NA,NA,NA,NA,NA,N,4,0,1,3,A,-,21,22106,NA,N,C,C,A,A,H,-,A,B,0,NA,NA,NA,NA,Y,NA,A,01,0,0,1,0,0,0,0,0,0,-,-,NA,NA,SAN DIEGO,SAN DIEGO,-117.18517303466795,32.89204025268555
9691642,2024,2024-05-17,3711,2024-04-16,1735,SD1542,NA,2,5,7,3711,0,0,0,NA,0,611,PACIFIC HWY,WITHERBY ST,500,N,N,A,-,N,NA,NA,NA,NA,NA,NA,NA,NA,NA,N,4,0,1,2,A,-,03,22350,NA,N,B,C,A,A,G,-,A,D,0,NA,NA,NA,NA,Y,NA,A,01,0,0,1,0,0,0,0,0,0,-,-,NA,NA,SAN DIEGO,SAN DIEGO,-117.19488525390624,32.745262145996094
9691770,2024,2024-06-03,3711,2024-03-31,1009,SD1663,NA,7,5,7,3711,0,0,0,NA,0,723,PALM AVENUE,KOSTNER DR,0,NA,Y,C,-,N,NA,NA,NA,NA,NA,NA,NA,NA,NA,N,4,0,2,2,A,-,04,21703,NA,N,C,C,A,B,H,-,A,A,0,NA,NA,NA,NA,Y,NA,A,01,0,0,2,0,0,0,0,0,0,-,-,NA,NA,SAN DIEGO,SAN DIEGO,-117.04167175292967,32.583717346191406
9691804,2024,2024-04-24,3711,2024-01-21,1610,SD1799,NA,7,5,7,3711,0,0,0,NA,0,233,CUCA ST,VIA LOMBARDIA,0,NA,Y,A,-,N,NA,NA,NA,NA,NA,NA,NA,NA,NA,N,4,0,1,2,A,-,03,22350,NA,M,B,B,D,A,H,-,A,D,0,Y,NA,NA,NA,Y,Y,-,NA,0,0,1,0,1,0,0,0,0,-,-,NA,NA,SAN DIEGO,SAN DIEGO,-117.09458160400392,32.976829528808594
9692600,2024,2024-07-23,3702,2024-05-07,908,CV1299,NA,2,5,6,3702,0,0,0,NA,0,041,TELEGRAPH CANYON RD,MEDICAL CENTER DR,351,E,N,A,-,N,NA,NA,NA,NA,NA,NA,NA,NA,NA,Y,2,0,2,2,A,-,03,22350,NA,N,C,C,A,A,H,-,A,A,0,NA,NA,NA,NA,Y,NA,D,22,1,0,1,0,0,0,0,0,0,-,-,NA,NA,SAN DIEGO,CHULA VISTA,-117.02462005615234,32.62432861328125
9692655,2024,2024-07-10,3711,2024-05-01,722,SD8447,NA,3,5,7,3711,0,0,0,NA,0,722,PALM AV,SATURN BL,0,NA,Y,A,-,N,NA,NA,NA,NA,NA,NA,NA,NA,NA,N,4,0,1,2,A,-,12,21453,A,N,D,C,A,A,H,-,A,D,0,NA,NA,NA,NA,Y,NA,A,01,0,0,1,0,0,0,0,0,0,-,-,NA,NA,SAN DIEGO,SAN DIEGO,-117.09262847900392,32.583744049072266
9692806,2024,2024-07-22,3711,2024-05-04,1518,SD1985,NA,6,5,7,3711,0,0,0,NA,0,813,UNIVERSITY AV,IDAHO ST,0,NA,Y,A,-,N,NA,NA,NA,NA,NA,NA,NA,NA,NA,N,3,0,1,2,A,-,17,21208,A,N,B,C,A,A,H,-,A,D,0,NA,Y,NA,NA,Y,NA,L,04,0,1,0,0,0,0,1,0,0,-,-,NA,NA,SAN DIEGO,SAN DIEGO,-117.13387298583984,32.74846267700195
9692811,2024,2024-07-08,3711,2024-05-03,1913,SD8322,NA,5,5,7,3711,0,0,0,NA,0,111,CLAIRMONT MESA BL,CLAIRMONT MESA BL 5200,0,NA,-,A,-,N,NA,NA,NA,NA,NA,NA,NA,NA,NA,N,4,0,1,2,A,-,03,22350,NA,M,C,C,A,A,H,-,A,A,0,NA,NA,NA,NA,Y,NA,-,NA,0,0,1,0,0,0,0,0,0,-,-,NA,NA,SAN DIEGO,SAN DIEGO,-117.20614624023438,32.82770538330078
9693047,2024,2024-06-24,3709,2024-04-30,1703,NC0521,NA,2,5,5,3709,0,0,0,NA,0,023,HIGHLAND AV,HIGHLAND AV 2600,0,NA,-,A,-,N,NA,NA,NA,NA,NA,NA,NA,NA,NA,Y,2,0,1,2,A,-,08,38314,NA,N,A,C,A,A,H,-,B,D,0,NA,NA,Y,NA,Y,NA,D,22,1,0,0,0,0,0,0,0,1,-,-,NA,NA,SAN DIEGO,NATIONAL CITY,-117.0892333984375,32.65372085571289
9693208,2024,2024-08-01,3711,2024-05-04,1320,SD1817,NA,6,5,7,3711,0,0,0,NA,0,821,COLLEGE AVENUE,ESTELLE ST,0,NA,Y,A,-,N,NA,NA,NA,NA,NA,NA,NA,NA,NA,N,4,0,4,2,A,-,09,21804,A,N,D,C,A,A,H,-,A,A,0,NA,NA,NA,NA,Y,NA,A,01,0,0,4,0,0,0,0,0,0,-,-,NA,NA,SAN DIEGO,SAN DIEGO,-117.06633758544922,32.758819580078125
9693525,2024,2024-04-29,3702,2024-02-15,820,CV1504,NA,4,5,6,3702,0,0,0,NA,0,042,HUNTE PKWY,SOUTH GREENSVIEW DR,5,S,N,A,-,N,NA,NA,NA,NA,NA,NA,NA,NA,NA,N,4,0,1,2,A,-,09,21803,A,N,H,G,A,A,H,-,A,A,0,NA,NA,NA,NA,Y,NA,-,NA,0,0,1,0,0,0,0,0,0,-,-,NA,NA,SAN DIEGO,CHULA VISTA,-116.95085906982422,32.634727478027344
9694738,2024,2024-07-29,3710,2024-05-06,721,OC1542,NA,1,5,6,3710,0,0,0,NA,0,014,RT 76,FOUSSAT RD,1500,E,N,A,-,Y,SD,11,76,-,M,2.85,H,-,W,Y,4,0,1,3,A,-,03,22350,NA,N,D,C,A,A,H,-,A,D,0,NA,NA,Y,NA,Y,NA,C,02,0,0,1,0,0,0,0,0,1,-,-,NA,NA,SAN DIEGO,OCEANSIDE,-117.3396453857422,33.21993637084961
9695050,2024,2024-06-25,3711,2024-04-17,215,SD8672,NA,3,5,7,3711,0,0,0,NA,0,627,UNIVERSITY AV,8TH AV,0,NA,Y,A,-,N,NA,NA,NA,NA,NA,NA,NA,NA,NA,Y,4,0,1,2,A,-,09,21801,A,N,A,C,A,A,H,-,D,A,0,NA,NA,NA,NA,Y,NA,A,01,0,0,1,0,0,0,0,0,0,-,-,NA,NA,SAN DIEGO,SAN DIEGO,-117.15741729736328,32.748390197753906
9695119,2024,2024-06-25,3711,2024-04-16,755,SD1512,NA,2,5,7,3711,0,0,0,NA,0,311,AERO DR,AERO CT,0,NA,Y,A,-,N,NA,NA,NA,NA,NA,NA,NA,NA,NA,N,4,0,2,2,A,-,03,22350,NA,N,C,C,A,A,H,-,A,A,0,NA,NA,NA,Y,Y,NA,F,26,0,0,2,0,0,0,0,0,0,-,-,NA,NA,SAN DIEGO,SAN DIEGO,-117.1486358642578,32.80950164794922
9695143,2024,2024-07-03,3700,2024-02-28,1613,SH0141,NA,3,5,5,3712,0,0,0,NA,0,351,TWIN OAKS VALLEY RD,BUENA CREEK RD,240,S,N,A,-,N,NA,NA,NA,NA,NA,NA,NA,NA,NA,Y,4,0,1,2,A,-,08,22107,NA,N,C,E,A,A,H,-,A,D,0,NA,NA,NA,Y,Y,NA,A,01,0,0,1,0,0,0,0,0,0,-,-,NA,NA,SAN DIEGO,SAN MARCOS,-117.15614318847656,33.1821174621582
9696137,2024,2024-05-23,3700,2024-03-21,1512,SH3606,NA,4,5,5,3712,0,0,0,NA,0,351,S SANTA FE RD,LAS FLORES DR,600,E,N,B,-,N,NA,NA,NA,NA,NA,NA,NA,NA,NA,Y,3,0,2,1,A,-,03,22350,NA,N,F,A,A,A,H,-,A,D,0,NA,NA,NA,NA,Y,NA,A,07,0,2,0,0,0,0,0,0,0,-,-,NA,NA,SAN DIEGO,SAN MARCOS,-117.19837951660156,33.15595245361328
9696296,2024,2024-06-25,3710,2024-04-04,2044,OC1562,NA,4,5,6,3710,0,0,0,NA,0,007,SOUTH COAST HWY,MINNESOTA AV,200,S,N,C,-,N,NA,NA,NA,NA,NA,NA,NA,NA,NA,Y,2,0,1,2,A,-,21,22106,NA,N,D,C,A,B,H,-,C,D,0,NA,NA,Y,NA,Y,Y,A,01,1,0,0,0,0,0,0,0,1,-,-,NA,NA,SAN DIEGO,OCEANSIDE,-117.37384796142578,33.189144134521484
9697110,2024,2024-06-25,3711,2024-04-19,829,SD1856,NA,5,5,7,3711,0,0,0,NA,0,931,MIRA MESA BL,VISTA SORRENTO PKWY,0,NA,Y,A,B,N,NA,NA,NA,NA,NA,NA,NA,NA,NA,Y,3,0,1,2,A,-,12,21453,A,N,B,C,A,A,H,-,A,A,0,NA,NA,NA,NA,Y,NA,-,NA,0,1,0,0,0,0,0,0,0,-,-,NA,NA,SAN DIEGO,SAN DIEGO,-117.2050323486328,32.89136505126953
9697287,2024,2024-05-16,3700,2024-03-09,1524,SH3871,NA,6,5,4,3780,0,0,0,NA,0,411,COMMUNITY RD,AUBREY ST,0,NA,Y,A,-,N,NA,NA,NA,NA,NA,NA,NA,NA,NA,Y,4,0,1,2,A,-,03,22350,NA,N,C,C,A,A,H,-,A,A,0,NA,NA,NA,NA,Y,NA,A,01,0,0,1,0,0,0,0,0,0,-,-,NA,NA,SAN DIEGO,POWAY,-117.04058074951172,32.97110366821289
9697521,2024,2024-05-10,3700,2024-02-21,1837,SH0876,NA,3,5,5,3713,0,0,0,NA,0,309,VISTA VILLAGE DR,PLYMOUTH DR,90,N,N,A,-,N,NA,NA,NA,NA,NA,NA,NA,NA,NA,N,4,0,2,2,A,-,03,22350,NA,N,C,C,A,A,H,-,C,A,0,NA,NA,NA,NA,Y,NA,A,01,0,0,2,0,0,0,0,0,0,-,-,NA,NA,SAN DIEGO,VISTA,-117.24844360351563,33.19868087768555
9698026,2024,2024-07-11,3711,2024-05-09,750,SD7984,NA,4,5,7,3711,0,0,0,NA,0,822,EL CAJON BL,59TH ST,23,E,N,A,-,N,NA,NA,NA,NA,NA,NA,NA,NA,NA,N,4,0,1,2,A,-,12,21453,A,N,D,C,A,A,H,-,A,A,0,NA,NA,NA,NA,Y,NA,A,01,0,0,1,0,0,0,0,0,0,-,-,NA,NA,SAN DIEGO,SAN DIEGO,-117.0704345703125,32.759742736816406
9698063,2024,2024-05-21,3700,2024-01-28,1945,SH3384,NA,7,5,5,3781,0,0,0,NA,0,502,MAST BL,MARANDA DR,240,E,N,A,-,N,NA,NA,NA,NA,NA,NA,NA,NA,NA,Y,3,0,1,2,A,-,01,23152,A,N,B,E,A,A,H,-,C,D,0,NA,NA,NA,NA,Y,Y,A,01,0,1,0,0,0,0,0,0,0,-,-,NA,NA,SAN DIEGO,SANTEE,-117.00302886962892,32.8507194519043
9698766,2024,2024-05-30,3711,2024-04-06,1406,SD6996,NA,6,5,7,3711,0,0,0,NA,0,122,SOLEDAD RD,PARK DR,55,N,N,A,-,N,NA,NA,NA,NA,NA,NA,NA,NA,NA,N,2,0,1,2,A,-,11,21950,B,N,G,B,D,A,H,-,A,D,0,Y,NA,NA,NA,Y,NA,N,60,1,0,0,0,1,0,0,0,0,-,-,NA,NA,SAN DIEGO,SAN DIEGO,NA,NA
9698774,2024,2024-06-18,3711,2024-04-26,1041,SD1908,NA,5,5,7,3711,0,0,0,NA,0,931,MIRA MESA BL,VIPER WY,0,NA,Y,A,B,N,NA,NA,NA,NA,NA,NA,NA,NA,NA,N,4,0,1,2,A,-,12,21457,A,N,G,G,A,A,H,-,A,A,0,NA,Y,NA,NA,Y,NA,L,04,0,0,1,0,0,0,1,0,0,-,-,NA,NA,SAN DIEGO,SAN DIEGO,-117.17420959472656,32.907142639160156
9698788,2024,2024-06-18,3711,2024-04-18,2327,SD6146,NA,4,5,7,3711,0,0,0,NA,0,233,BLACK MOUNTAIN RD,STARGAZE AVENUE,581,S,N,A,-,N,NA,NA,NA,NA,NA,NA,NA,NA,NA,Y,2,0,1,1,A,-,03,22350,NA,N,E,I,A,A,H,-,C,D,0,NA,NA,NA,NA,Y,NA,A,01,1,0,0,0,0,0,0,0,0,-,-,NA,NA,SAN DIEGO,SAN DIEGO,-117.13190460205078,32.97309875488281
9699622,2024,2024-07-19,3711,2024-05-12,616,SD7152,NA,7,5,7,3711,0,0,0,NA,0,931,MIRAMAR RD,CAMINO SANTA FE,0,NA,Y,A,B,N,NA,NA,NA,NA,NA,NA,NA,NA,NA,N,4,0,1,2,A,-,04,21703,NA,N,C,C,A,A,H,-,A,A,0,NA,NA,NA,NA,Y,NA,A,01,0,0,1,0,0,0,0,0,0,-,-,NA,NA,SAN DIEGO,SAN DIEGO,-117.17262268066406,32.877899169921875