CASE_ID,ACCIDENT_YEAR,PROC_DATE,JURIS,COLLISION_DATE,COLLISION_TIME,OFFICER_ID,REPORTING_DISTRICT,DAY_OF_WEEK,CHP_SHIFT,POPULATION,CNTY_CITY_LOC,SPECIAL_COND,BEAT_TYPE,CHP_BEAT_TYPE,CITY_DIVISION_LAPD,CHP_BEAT_CLASS,BEAT_NUMBER,PRIMARY_RD,SECONDARY_RD,DISTANCE,DIRECTION,INTERSECTION,WEATHER_1,WEATHER_2,STATE_HWY_IND,CALTRANS_COUNTY,CALTRANS_DISTRICT,STATE_ROUTE,ROUTE_SUFFIX,POSTMILE_PREFIX,POSTMILE,LOCATION_TYPE,RAMP_INTERSECTION,SIDE_OF_HWY,TOW_AWAY,COLLISION_SEVERITY,NUMBER_KILLED,NUMBER_INJURED,PARTY_COUNT,PRIMARY_COLL_FACTOR,PCF_CODE_OF_VIOL,PCF_VIOL_CATEGORY,PCF_VIOLATION,PCF_VIOL_SUBSECTION,HIT_AND_RUN,TYPE_OF_COLLISION,MVIW,PED_ACTION,ROAD_SURFACE,ROAD_COND_1,ROAD_COND_2,LIGHTING,CONTROL_DEVICE,CHP_ROAD_TYPE,PEDESTRIAN_ACCIDENT,BICYCLE_ACCIDENT,MOTORCYCLE_ACCIDENT,TRUCK_ACCIDENT,NOT_PRIVATE_PROPERTY,ALCOHOL_INVOLVED,STWD_VEHTYPE_AT_FAULT,CHP_VEHTYPE_AT_FAULT,COUNT_SEVERE_INJ,COUNT_VISIBLE_INJ,COUNT_COMPLAINT_PAIN,COUNT_PED_KILLED,COUNT_PED_INJURED,COUNT_BICYCLIST_KILLED,COUNT_BICYCLIST_INJURED,COUNT_MC_KILLED,COUNT_MC_INJURED,PRIMARY_RAMP,SECONDARY_RAMP,LATITUDE,LONGITUDE,COUNTY,CITY,POINT_X,POINT_Y
9726437,2024,2024-10-17,3711,2024-08-18,958,SD1835,NA,7,5,7,3711,0,0,0,NA,0,612,TRUXTUN RD,LYTTON ST,0,NA,N,A,-,N,NA,NA,NA,NA,NA,NA,NA,NA,NA,N,4,0,1,2,D,-,00,NA,NA,N,C,C,A,A,H,-,A,-,0,NA,NA,NA,NA,Y,NA,-,-,0,0,1,0,0,0,0,0,0,-,-,NA,NA,SAN DIEGO,SAN DIEGO,-117.20954895019533,32.7425651550293
9726485,2024,2024-08-29,3711,2024-08-02,1956,SD1718,NA,5,5,7,3711,0,0,0,NA,0,521,7TH AV,ISLAND AV,10,W,N,A,-,N,NA,NA,NA,NA,NA,NA,NA,NA,NA,N,3,0,1,2,A,-,12,22450,A,N,D,G,A,A,H,-,A,D,0,NA,Y,NA,NA,Y,Y,A,01,0,1,0,0,0,0,1,0,0,-,-,NA,NA,SAN DIEGO,SAN DIEGO,-117.15831756591795,32.71044158935547
9726557,2024,2024-08-29,3702,2024-08-07,858,CV1515,NA,3,5,6,3702,0,0,0,NA,0,031,TELEGRAPH CANYON RD,CANYON PLAZA DRIVEWAY,0,NA,Y,A,-,N,NA,NA,NA,NA,NA,NA,NA,NA,NA,Y,3,0,2,2,A,-,12,21453,A,N,D,C,A,A,H,-,A,A,0,NA,NA,NA,NA,Y,NA,A,07,0,1,1,0,0,0,0,0,0,-,-,NA,NA,SAN DIEGO,CHULA VISTA,-117.00567626953124,32.65471649169922
9726626,2024,2024-12-06,3700,2024-11-12,1505,SH0378,NA,2,5,4,3720,0,0,0,NA,0,603,CENTRAL AV,SCHOOL LN,114,W,N,A,-,N,NA,NA,NA,NA,NA,NA,NA,NA,NA,N,3,0,1,2,A,-,03,22350,NA,N,G,J,A,A,H,-,A,D,0,NA,NA,NA,NA,Y,NA,M,94,0,1,0,0,0,0,0,0,0,-,-,NA,NA,SAN DIEGO,LEMON GROVE,-117.0298080444336,32.73899841308594
9726664,2024,2024-08-28,3710,2024-07-27,1622,OC1201,NA,6,5,6,3710,0,0,0,NA,0,016,EL CAMINO REAL,LOS ARBOLITOS,400,S,N,A,-,N,NA,NA,NA,NA,NA,NA,NA,NA,NA,Y,3,0,2,2,A,-,09,21801,A,N,D,C,A,A,H,-,A,D,0,NA,NA,NA,NA,Y,NA,A,07,0,2,0,0,0,0,0,0,0,-,-,NA,NA,SAN DIEGO,OCEANSIDE,-117.33097839355467,33.227027893066406
9726716,2024,2024-09-13,3711,2024-08-23,1630,SD6614,NA,5,5,7,3711,0,0,0,NA,0,111,ASHFORD ST,BALTIC ST,0,NA,Y,A,-,N,NA,NA,NA,NA,NA,NA,NA,NA,NA,Y,3,0,1,2,A,-,09,21800,A,N,D,C,A,A,H,-,A,A,0,NA,NA,NA,NA,Y,NA,A,01,0,1,0,0,0,0,0,0,0,-,-,NA,NA,SAN DIEGO,SAN DIEGO,-117.15995025634766,32.805747985839844
9727104,2024,2024-12-20,3711,2024-11-29,1913,SD2043,NA,5,5,7,3711,0,0,0,NA,0,823,COLLEGE AV,STREAMVIEW DR,0,NA,Y,A,-,N,NA,NA,NA,NA,NA,NA,NA,NA,NA,Y,4,0,2,3,A,-,-,NA,NA,M,B,C,A,A,H,-,C,A,0,NA,NA,NA,NA,Y,NA,A,01,0,0,2,0,0,0,0,0,0,-,-,NA,NA,SAN DIEGO,SAN DIEGO,-117.05876922607422,32.74551010131836
9727844,2024,2024-08-29,3711,2024-08-13,1745,SD6203,NA,2,5,7,3711,0,0,0,NA,0,233,BLACK MOUNTAIN RD,PIMPERNEL DR,32,N,N,A,-,N,NA,NA,NA,NA,NA,NA,NA,NA,NA,N,4,0,1,2,D,-,00,NA,NA,N,D,C,A,A,H,-,A,D,0,NA,NA,NA,NA,Y,Y,-,-,0,0,1,0,0,0,0,0,0,-,-,NA,NA,SAN DIEGO,SAN DIEGO,-117.1303482055664,32.951995849609375
9727848,2024,2024-09-05,3711,2024-08-11,1605,SD1970,NA,7,5,7,3711,0,0,0,NA,0,234,WEST BERNARDO DR,DUENDA RD,0,NA,Y,A,-,N,NA,NA,NA,NA,NA,NA,NA,NA,NA,N,4,0,1,2,A,-,21,22106,NA,N,C,C,A,A,H,-,A,A,0,NA,NA,NA,NA,Y,NA,A,01,0,0,1,0,0,0,0,0,0,-,-,NA,NA,SAN DIEGO,SAN DIEGO,-117.08049774169922,33.03351974487305
9727930,2024,2024-08-28,3700,2024-06-06,1219,SH2001,NA,4,5,5,3781,0,0,0,NA,0,513,CARLTON HILLS BL,GORGE AV,0,NA,Y,A,-,N,NA,NA,NA,NA,NA,NA,NA,NA,NA,N,2,0,2,2,A,-,09,21804,A,N,D,C,A,A,H,-,A,D,0,NA,NA,Y,NA,Y,NA,C,02,2,0,0,0,0,0,0,0,2,-,-,NA,NA,SAN DIEGO,SANTEE,-116.99598693847656,32.84002685546875
9728089,2024,2024-08-29,3711,2024-08-19,2225,SD1466,NA,1,5,7,3711,0,0,0,NA,0,821,EL CAJON BL,68TH ST,243,E,N,A,-,N,NA,NA,NA,NA,NA,NA,NA,NA,NA,N,2,0,1,1,A,-,05,21202,A,N,H,J,A,A,H,-,C,A,0,NA,Y,NA,NA,Y,NA,L,04,1,0,0,0,0,0,1,0,0,-,-,NA,NA,SAN DIEGO,SAN DIEGO,-117.05068969726563,32.76865005493164
9728090,2024,2024-08-29,3711,2024-08-19,1818,SD7688,NA,1,5,7,3711,0,0,0,NA,0,821,EL CAJON BL,63RD ST,0,NA,Y,A,-,N,NA,NA,NA,NA,NA,NA,NA,NA,NA,N,4,0,1,1,A,-,08,22107,NA,N,A,I,A,A,H,-,C,D,0,NA,NA,NA,NA,Y,Y,A,01,0,0,1,0,0,0,0,0,0,-,-,NA,NA,SAN DIEGO,SAN DIEGO,-117.06308746337892,32.763671875
9728489,2024,2024-08-29,3710,2024-08-07,541,OC1559,NA,3,5,6,3710,0,0,0,NA,0,028,COLLEGE BL,OLD GROVE RD,23,NA,N,A,-,N,NA,NA,NA,NA,NA,NA,NA,NA,NA,Y,3,0,2,2,A,-,09,21453,C,N,D,C,A,A,H,-,A,A,0,NA,NA,NA,NA,Y,NA,A,01,0,1,1,0,0,0,0,0,0,-,-,NA,NA,SAN DIEGO,OCEANSIDE,-117.28755950927734,33.21723556518555
9729222,2024,2024-09-12,3708,2024-08-11,2025,LM1259,NA,7,5,5,3708,0,0,0,NA,0,003,FLETCHER PKWY,BALTIMORE DR,0,NA,Y,A,-,N,NA,NA,NA,NA,NA,NA,NA,NA,NA,Y,4,0,3,2,A,-,09,21453,C,N,D,C,A,A,H,-,C,A,0,NA,NA,NA,NA,Y,NA,A,01,0,0,3,0,0,0,0,0,0,-,-,NA,NA,SAN DIEGO,LA MESA,-117.02743530273438,32.773868560791016
9729325,2024,2024-09-06,3700,2024-08-07,1808,SH0817,NA,3,5,5,3712,0,0,0,NA,0,360,SANTA BARBARA CT,SUNSTONE DR,0,NA,Y,A,-,N,NA,NA,NA,NA,NA,NA,NA,NA,NA,Y,4,0,1,1,A,-,01,23152,F,M,E,I,A,A,H,-,A,A,0,NA,NA,NA,NA,Y,NA,A,07,0,0,1,0,0,0,0,0,0,-,-,NA,NA,SAN DIEGO,SAN MARCOS,NA,NA
9729633,2024,2024-09-09,3700,2024-06-16,1600,SH3319,NA,7,5,5,3712,0,0,0,NA,0,351,WEST MISSION RD,KNOLL RD,0,NA,Y,A,-,N,NA,NA,NA,NA,NA,NA,NA,NA,NA,N,2,0,1,2,D,-,00,NA,NA,F,D,-,A,A,H,-,A,A,0,NA,Y,NA,Y,Y,NA,-,-,1,0,0,0,0,0,1,0,0,-,-,NA,NA,SAN DIEGO,SAN MARCOS,-117.17340850830078,33.14530944824219
9729838,2024,2024-09-26,3711,2024-08-27,1506,SD7415,NA,2,5,7,3711,0,0,0,NA,0,126,GENESEE AV,JOHN JAY HOPKINS DR,170,E,N,A,-,N,NA,NA,NA,NA,NA,NA,NA,NA,NA,N,3,0,1,2,A,-,-,NA,NA,N,G,C,A,A,H,-,A,D,0,NA,NA,NA,NA,Y,NA,-,NA,0,1,0,0,0,0,0,0,0,-,-,NA,NA,SAN DIEGO,SAN DIEGO,-117.23863220214844,32.89079284667969
9729857,2024,2024-09-11,3711,2024-08-26,1440,SD2002,NA,1,5,7,3711,0,0,0,NA,0,722,SERVANDO AV,DAIRY MART RD,65,E,N,A,-,N,NA,NA,NA,NA,NA,NA,NA,NA,NA,N,4,0,1,2,A,-,11,21954,A,N,G,B,E,A,H,-,A,D,0,Y,NA,NA,NA,Y,NA,N,60,0,0,1,0,1,0,0,0,0,-,-,NA,NA,SAN DIEGO,SAN DIEGO,-117.06240844726563,32.5567512512207
9729924,2024,2024-09-11,3711,2024-08-24,2004,SD1998,NA,6,5,7,3711,0,0,0,NA,0,836,REDWOOD ST,FAIRMOUNT AV,0,NA,Y,A,-,N,NA,NA,NA,NA,NA,NA,NA,NA,NA,N,4,0,2,2,A,-,08,22107,NA,N,D,C,A,A,H,-,C,A,0,NA,NA,NA,NA,Y,NA,A,01,0,0,2,0,0,0,0,0,0,-,-,NA,NA,SAN DIEGO,SAN DIEGO,-117.10099029541016,32.73841857910156
9730246,2024,2024-09-17,3710,2024-08-09,2146,OC1539,NA,5,5,6,3710,0,0,0,NA,0,009,SOUTH COAST HWY,WHALEY ST,0,NA,Y,A,-,N,NA,NA,NA,NA,NA,NA,NA,NA,NA,Y,4,0,3,2,A,-,09,21801,A,N,A,C,A,A,H,-,C,D,0,NA,NA,NA,NA,Y,NA,A,01,0,0,3,0,0,0,0,0,0,-,-,NA,NA,SAN DIEGO,OCEANSIDE,-117.3635711669922,33.17684555053711
9730325,2024,2024-09-26,3711,2024-09-03,1242,SD7196,NA,2,5,7,3711,0,0,0,NA,0,122,MISSION BL,LORING ST,0,NA,Y,A,-,N,NA,NA,NA,NA,NA,NA,NA,NA,NA,Y,4,0,1,2,D,-,00,NA,NA,N,B,C,A,A,H,-,A,A,0,NA,NA,NA,NA,Y,NA,-,-,0,0,1,0,0,0,0,0,0,-,-,NA,NA,SAN DIEGO,SAN DIEGO,-117.25804901123048,32.804935455322266
9730353,2024,2024-09-23,3711,2024-09-07,2051,SD1599,NA,6,5,7,3711,0,0,0,NA,0,613,WORDEN ST,XENOPHONE ST,273,N,N,A,-,N,NA,NA,NA,NA,NA,NA,NA,NA,NA,Y,4,0,1,3,A,-,08,22107,NA,N,D,E,A,A,H,-,D,D,0,NA,NA,NA,NA,Y,Y,A,07,0,0,1,0,0,0,0,0,0,-,-,NA,NA,SAN DIEGO,SAN DIEGO,-117.22904205322266,32.742828369140625
9730435,2024,2024-10-14,3702,2024-09-05,1120,CV1525,NA,4,5,6,3702,0,0,0,NA,0,013,BROADWAY,J ST,57,N,N,A,-,N,NA,NA,NA,NA,NA,NA,NA,NA,NA,Y,4,0,1,2,A,-,03,22350,NA,N,C,C,A,A,H,-,A,A,0,NA,NA,NA,NA,Y,NA,A,01,0,0,1,0,0,0,0,0,0,-,-,NA,NA,SAN DIEGO,CHULA VISTA,-117.08681488037108,32.62417984008789
9730575,2024,2024-09-20,3710,2024-09-05,1701,OC1481,NA,4,5,6,3710,0,0,0,NA,0,026,E EL CAMINO REAL,SKYLINE DR,9,S,N,A,-,N,NA,NA,NA,NA,NA,NA,NA,NA,NA,N,2,0,1,2,A,-,08,22107,NA,N,G,B,B,A,H,-,A,A,0,Y,NA,NA,NA,Y,NA,A,01,1,0,0,0,1,0,0,0,0,-,-,NA,NA,SAN DIEGO,OCEANSIDE,-117.32797241210938,33.19257354736328
9730647,2024,2024-10-10,3702,2024-08-06,1438,CV1511,NA,2,5,6,3702,0,0,0,NA,0,012,BROADWAY,F ST,100,N,N,A,-,N,NA,NA,NA,NA,NA,NA,NA,NA,NA,N,3,0,1,3,A,-,03,22350,NA,N,C,C,A,A,H,-,A,A,0,NA,NA,NA,NA,Y,NA,A,01,0,1,0,0,0,0,0,0,0,-,-,NA,NA,SAN DIEGO,CHULA VISTA,-117.09226989746094,32.638099670410156
9731028,2024,2024-10-23,3711,2024-09-09,1827,SD7090,NA,1,5,7,3711,0,0,0,NA,0,931,RT 805,NOBEL DR,0,NA,N,-,-,Y,SD,11,805,-,-,25.126,R,4,N,Y,4,0,1,3,A,-,12,21453,A,N,D,C,A,A,H,-,A,A,0,NA,NA,NA,NA,Y,NA,-,NA,0,0,1,0,0,0,0,0,0,-,-,NA,NA,SAN DIEGO,SAN DIEGO,-117.1911163330078,32.865928649902344
9731221,2024,2024-08-30,3709,2024-08-17,2231,NC0525,NA,6,5,5,3709,0,0,0,NA,0,023,EAST 30TH ST,L AV,0,NA,Y,A,-,N,NA,NA,NA,NA,NA,NA,NA,NA,NA,Y,4,0,3,2,A,-,01,23152,A,N,D,C,A,A,H,-,C,A,0,NA,NA,NA,NA,Y,Y,A,01,0,0,3,0,0,0,0,0,0,-,-,NA,NA,SAN DIEGO,NATIONAL CITY,-117.08726501464844,32.66027069091797
9731706,2024,2024-09-13,3711,2024-09-03,2006,SD8861,NA,2,5,7,3711,0,0,0,NA,0,524,10TH AVE,A ST,12,N,N,A,-,N,NA,NA,NA,NA,NA,NA,NA,NA,NA,Y,3,0,1,2,A,-,12,21453,A,M,D,C,A,A,H,-,C,A,0,NA,NA,NA,NA,Y,NA,A,01,0,1,0,0,0,0,0,0,0,-,-,NA,NA,SAN DIEGO,SAN DIEGO,-117.15562438964844,32.71889114379883
9732237,2024,2024-09-09,3711,2024-08-22,2329,SD1776,NA,4,5,7,3711,0,0,0,NA,0,126,LA JOLLA VILLAGE DR,VILLA LA JOLLA DR,0,NA,Y,A,-,N,NA,NA,NA,NA,NA,NA,NA,NA,NA,N,4,0,1,2,A,-,04,21703,NA,N,C,C,A,A,H,-,C,A,0,NA,NA,NA,NA,Y,NA,A,01,0,0,1,0,0,0,0,0,0,-,-,NA,NA,SAN DIEGO,SAN DIEGO,-117.23390197753906,32.87178039550781
9732880,2024,2024-10-09,3711,2024-08-27,1300,SD1706,NA,2,5,7,3711,0,0,0,NA,0,315,CAMINO DEL RIO N,DEL RIO NORTH DRIVEWAY,502,E,N,A,-,N,NA,NA,NA,NA,NA,NA,NA,NA,NA,N,4,0,1,2,A,-,08,22107,NA,N,D,C,A,A,H,-,A,D,0,NA,NA,NA,NA,Y,NA,J,48,0,0,1,0,0,0,0,0,0,-,-,NA,NA,SAN DIEGO,SAN DIEGO,-116.96662902832033,32.743038177490234
9733583,2024,2024-09-23,3702,2024-08-28,540,CV1494,NA,3,5,6,3702,0,0,0,NA,0,024,MAIN ST,3RD AV,0,NA,Y,A,-,N,NA,NA,NA,NA,NA,NA,NA,NA,NA,Y,3,0,1,2,A,-,03,22350,NA,N,D,C,A,A,H,-,A,A,0,NA,NA,NA,NA,Y,NA,A,01,0,1,0,0,0,0,0,0,0,-,-,NA,NA,SAN DIEGO,CHULA VISTA,-117.06451416015624,32.59477615356445
9733842,2024,2024-10-17,3711,2024-09-10,1610,SD1925,NA,2,5,7,3711,0,0,0,NA,0,613,FAMOSA BL,NIMITZ BL,0,NA,Y,A,-,N,NA,NA,NA,NA,NA,NA,NA,NA,NA,N,3,0,1,1,A,-,03,22350,NA,N,H,-,A,B,H,-,A,D,0,NA,NA,Y,NA,Y,NA,C,02,0,1,0,0,0,0,0,0,1,-,NO,NA,NA,SAN DIEGO,SAN DIEGO,-117.23319244384766,32.74454879760742
9733849,2024,2024-09-20,3710,2024-08-23,1450,OC3202,NA,5,5,6,3710,0,0,0,NA,0,021,MISSION AV,RANCHO DEL ORO,688,W,N,A,-,N,NA,NA,NA,NA,NA,NA,NA,NA,NA,N,4,0,1,2,D,-,00,NA,NA,N,B,C,A,A,H,-,A,D,0,NA,NA,NA,NA,Y,NA,-,-,0,0,1,0,0,0,0,0,0,-,-,NA,NA,SAN DIEGO,OCEANSIDE,-117.3208236694336,33.22971725463867
9733853,2024,2024-09-20,3700,2024-08-19,729,SH7085,NA,1,5,5,3713,0,0,0,NA,0,308,NORTH EMERALD DR,WEST VISTA WY,0,NA,Y,A,-,N,NA,NA,NA,NA,NA,NA,NA,NA,NA,Y,4,0,1,2,A,-,12,21453,A,N,D,C,A,A,H,-,A,A,0,NA,NA,NA,NA,Y,Y,A,01,0,0,1,0,0,0,0,0,0,-,-,NA,NA,SAN DIEGO,VISTA,-117.27955627441406,33.18918228149414
9733891,2024,2024-09-17,3700,2024-07-26,1318,SH6005,NA,5,5,5,3713,0,0,0,NA,0,315,SYCAMORE AV,THIBADO RD,0,NA,Y,A,-,N,NA,NA,NA,NA,NA,NA,NA,NA,NA,Y,3,0,1,2,A,-,12,21453,A,M,D,C,A,A,H,-,A,A,0,NA,NA,NA,NA,Y,NA,A,01,0,1,0,0,0,0,0,0,0,-,-,NA,NA,SAN DIEGO,VISTA,-117.21572875976563,33.165889739990234
9734716,2024,2024-09-25,3708,2024-08-22,1700,LM8313,NA,4,5,5,3708,0,0,0,NA,0,001,MASSACHUSETTS AV,BLACKTON DR,0,NA,Y,A,-,N,NA,NA,NA,NA,NA,NA,NA,NA,NA,N,4,0,1,2,A,-,04,21703,NA,N,C,C,A,A,H,-,A,D,0,NA,NA,NA,NA,Y,NA,A,01,0,0,1,0,0,0,0,0,0,-,-,NA,NA,SAN DIEGO,LA MESA,-117.0434112548828,32.75334167480469
9736483,2024,2024-10-18,3710,2024-09-09,1613,OC1563,NA,1,5,6,3710,0,0,0,NA,0,015,MISSION AV,FRONTIER DR,68,W,N,A,-,N,NA,NA,NA,NA,NA,NA,NA,NA,NA,Y,3,0,1,3,A,-,03,22350,NA,N,C,C,A,A,H,-,A,A,0,NA,NA,NA,NA,Y,NA,A,01,0,1,0,0,0,0,0,0,0,-,-,NA,NA,SAN DIEGO,OCEANSIDE,-117.33997344970705,33.21923065185547
9736650,2024,2024-10-07,3703,2024-09-10,1706,1438,1,2,5,3,3703,0,0,0,NA,0,001,ORANGE AV,3RD AV,0,NA,Y,A,-,N,NA,NA,NA,NA,NA,NA,NA,NA,NA,N,3,0,1,2,A,-,08,22101,NA,N,D,C,A,A,H,-,A,A,0,NA,NA,NA,NA,Y,NA,A,01,0,1,0,0,0,0,0,0,0,-,-,32.695899963378906,-117.17398071289063,SAN DIEGO,CORONADO,-117.1740951538086,32.69593811035156
9736674,2024,2024-10-10,3711,2024-09-06,815,SD7723,NA,5,5,7,3711,0,0,0,NA,0,517,BROADWAY,29TH ST,0,NA,Y,A,-,N,NA,NA,NA,NA,NA,NA,NA,NA,NA,Y,4,0,1,3,A,-,09,21800,B,N,B,C,A,A,H,-,A,D,0,NA,NA,NA,NA,Y,NA,A,01,0,0,1,0,0,0,0,0,0,-,-,NA,NA,SAN DIEGO,SAN DIEGO,-117.13174438476563,32.71586227416992
9737417,2024,2024-10-02,3711,2024-09-09,340,SD1893,NA,1,5,7,3711,0,0,0,NA,0,934,EL CAMINO REAL,CASEY DR,0,NA,Y,-,-,N,NA,NA,NA,NA,NA,NA,NA,NA,NA,N,3,0,1,2,D,-,00,NA,NA,N,C,C,A,A,H,-,A,A,0,NA,NA,NA,NA,Y,NA,-,-,0,1,0,0,0,0,0,0,0,-,-,NA,NA,SAN DIEGO,SAN DIEGO,NA,NA
9737626,2024,2024-10-03,3702,2024-09-14,1440,CV1439,NA,6,5,6,3702,0,0,0,NA,0,042,EAST PALOMAR ST,MAGDALENA AV,0,NA,Y,A,-,N,NA,NA,NA,NA,NA,NA,NA,NA,NA,N,4,0,1,2,A,-,12,21453,A,N,D,C,A,A,H,-,A,A,0,NA,NA,NA,NA,Y,NA,A,01,0,0,1,0,0,0,0,0,0,-,-,NA,NA,SAN DIEGO,CHULA VISTA,-116.97481536865234,32.626583099365234
9737727,2024,2024-10-04,3702,2024-09-15,6,CV1471,NA,7,5,6,3702,0,0,0,NA,0,013,3RD AV,ALVARADO ST,20,N,N,A,-,N,NA,NA,NA,NA,NA,NA,NA,NA,NA,Y,4,0,1,2,A,-,01,23153,A,N,B,E,A,A,H,-,C,D,0,NA,NA,NA,NA,Y,Y,A,01,0,0,1,0,0,0,0,0,0,-,-,NA,NA,SAN DIEGO,CHULA VISTA,-117.07772064208984,32.63572311401367
9738323,2024,2024-10-18,3711,2024-09-25,649,SD7952,NA,3,5,7,3711,0,0,0,NA,0,722,HOLLISTER ST,GROVE AV,0,NA,Y,B,-,N,NA,NA,NA,NA,NA,NA,NA,NA,NA,Y,4,0,1,2,A,-,21,22106,NA,N,D,C,A,A,H,-,A,D,0,NA,NA,NA,NA,Y,NA,A,01,0,0,1,0,0,0,0,0,0,-,-,NA,NA,SAN DIEGO,SAN DIEGO,-117.08409881591795,32.572792053222656
9738527,2024,2024-09-27,3705,2024-08-15,1020,EC0431,NA,4,5,5,3705,0,0,0,NA,0,002,BROADWAY,N 2ND ST,880,W,N,A,-,N,NA,NA,NA,NA,NA,NA,NA,NA,NA,Y,4,0,2,2,A,-,09,21804,A,N,D,C,A,A,H,-,A,D,0,NA,NA,NA,NA,Y,NA,A,01,0,0,2,0,0,0,0,0,0,-,-,NA,NA,SAN DIEGO,EL CAJON,-116.93864440917967,32.807708740234375
9738532,2024,2024-09-27,3705,2024-08-02,1330,EC0431,NA,5,5,5,3705,0,0,0,NA,0,004,LINCOLN AV,EAST MAIN ST,243,S,N,A,-,N,NA,NA,NA,NA,NA,NA,NA,NA,NA,N,4,0,1,2,A,-,09,21804,A,N,D,C,A,A,H,-,A,D,0,NA,NA,NA,NA,Y,NA,A,01,0,0,1,0,0,0,0,0,0,-,-,NA,NA,SAN DIEGO,EL CAJON,-116.95368194580078,32.79429626464844
9738856,2024,2024-11-18,3703,2024-10-02,822,1312,3,3,5,3,3703,0,0,0,NA,0,003,SILVER STRAND BL,MONUMENT,400,N,N,E,-,Y,SD,11,75,-,-,16.75,H,-,N,Y,2,0,1,3,A,-,03,22350,NA,N,C,C,A,A,H,-,A,D,0,NA,NA,Y,NA,Y,NA,C,02,1,0,0,0,0,0,0,0,1,-,-,32.66170120239258,-117.15699768066406,SAN DIEGO,CORONADO,-117.156982421875,32.66158676147461
9738995,2024,2024-12-17,3710,2024-11-02,2200,OC1544,NA,6,5,6,3710,0,0,0,NA,0,001,COAST HWY,COSTA PACIFICA WY,115,NA,N,A,-,N,NA,NA,NA,NA,NA,NA,NA,NA,NA,Y,4,0,1,2,A,-,03,22350,NA,N,B,C,A,A,H,-,C,A,0,NA,NA,Y,NA,Y,NA,C,02,0,0,1,0,0,0,0,0,1,-,-,NA,NA,SAN DIEGO,OCEANSIDE,-117.38428497314452,33.20389938354492
9739016,2024,2024-10-23,3711,2024-10-07,530,SD7953,NA,1,5,7,3711,0,0,0,NA,0,433,BURIAN ST,WEAVER ST,234,W,N,A,-,N,NA,NA,NA,NA,NA,NA,NA,NA,NA,Y,3,0,1,1,A,-,03,22350,NA,N,E,I,A,A,H,-,D,D,0,NA,NA,NA,NA,Y,NA,A,07,0,1,0,0,0,0,0,0,0,-,-,NA,NA,SAN DIEGO,SAN DIEGO,-117.06620025634766,32.71971893310547
9739337,2024,2024-10-04,3711,2024-09-23,312,SD6867,NA,1,5,7,3711,0,0,0,NA,0,826,WINONA AV,ORANGE AV,125,S,N,A,-,N,NA,NA,NA,NA,NA,NA,NA,NA,NA,Y,3,0,1,4,A,-,03,22350,NA,N,D,E,A,A,H,-,C,D,0,NA,NA,NA,NA,Y,Y,A,01,0,1,0,0,0,0,0,0,0,-,-,NA,NA,SAN DIEGO,SAN DIEGO,-117.08792877197266,32.752708435058594
9739817,2024,2024-10-08,3711,2024-09-11,1037,SD1236,NA,3,5,7,3711,0,0,0,NA,0,725,OCEAN VIEW HILLS PKWY,LYNDHURST TER,0,NA,Y,A,-,N,NA,NA,NA,NA,NA,NA,NA,NA,NA,Y,3,0,2,2,A,-,12,21453,A,N,D,C,A,A,H,-,A,A,0,NA,NA,NA,NA,Y,NA,A,01,0,1,1,0,0,0,0,0,0,-,-,NA,NA,SAN DIEGO,SAN DIEGO,-117.02739715576172,32.582942962646484
9739891,2024,2024-10-11,3711,2024-09-27,2321,SD1611,NA,5,5,7,3711,0,0,0,NA,0,446,OCEAN VIEW BL,47TH ST,23,E,N,A,-,N,NA,NA,NA,NA,NA,NA,NA,NA,NA,N,4,0,1,2,A,-,09,21803,A,N,G,C,A,A,H,-,C,A,0,NA,NA,Y,NA,Y,NA,A,01,0,0,1,0,0,0,0,0,1,-,-,NA,NA,SAN DIEGO,SAN DIEGO,-117.09371948242188,32.70043182373047
9739898,2024,2024-10-07,3711,2024-09-25,1400,SD15,NA,3,5,7,3711,0,0,0,NA,0,011,GENESEE AV,NOBEL DR,0,NA,N,A,-,N,NA,NA,NA,NA,NA,NA,NA,NA,NA,Y,4,0,2,2,A,-,03,22350,NA,N,A,C,A,A,H,-,A,A,0,NA,NA,NA,NA,Y,NA,A,01,0,0,2,0,0,0,0,0,0,-,-,NA,NA,SAN DIEGO,SAN DIEGO,-117.2136688232422,32.86689376831055
9741552,2024,2024-10-21,3709,2024-09-08,2003,NC0543,NA,7,5,5,3709,0,0,0,NA,0,020,NATIONAL CITY BL,NATIONAL CITY BL 140,0,NA,-,A,-,N,NA,NA,NA,NA,NA,NA,NA,NA,NA,Y,4,0,1,2,C,-,18,NA,NA,N,F,E,A,A,H,-,C,D,0,NA,NA,NA,NA,Y,NA,-,-,0,0,1,0,0,0,0,0,0,-,-,NA,NA,SAN DIEGO,NATIONAL CITY,NA,NA
9741858,2024,2024-10-11,3700,2024-07-28,9,SH0891,NA,7,5,4,3720,0,0,0,NA,0,603,BROADWAY,LEMON GROVE AV,0,NA,Y,A,-,N,NA,NA,NA,NA,NA,NA,NA,NA,NA,Y,3,0,2,2,A,-,00,21435,A,M,D,C,A,A,H,-,C,A,0,NA,NA,NA,NA,Y,NA,-,NA,0,1,1,0,0,0,0,0,0,-,-,NA,NA,SAN DIEGO,LEMON GROVE,-117.03054809570313,32.74264907836914
9742199,2024,2024-10-17,3711,2024-09-08,1943,SD7460,NA,7,5,7,3711,0,0,0,NA,0,624,PARK BL,MEADE AV,0,NA,Y,A,-,N,NA,NA,NA,NA,NA,NA,NA,NA,NA,N,4,0,1,2,A,-,09,21801,A,N,D,C,A,A,H,-,C,A,0,NA,NA,Y,NA,Y,NA,C,02,0,0,1,0,0,0,0,0,1,-,-,NA,NA,SAN DIEGO,SAN DIEGO,-117.14625549316406,32.75721740722656