CASE_ID,ACCIDENT_YEAR,PROC_DATE,JURIS,COLLISION_DATE,COLLISION_TIME,OFFICER_ID,REPORTING_DISTRICT,DAY_OF_WEEK,CHP_SHIFT,POPULATION,CNTY_CITY_LOC,SPECIAL_COND,BEAT_TYPE,CHP_BEAT_TYPE,CITY_DIVISION_LAPD,CHP_BEAT_CLASS,BEAT_NUMBER,PRIMARY_RD,SECONDARY_RD,DISTANCE,DIRECTION,INTERSECTION,WEATHER_1,WEATHER_2,STATE_HWY_IND,CALTRANS_COUNTY,CALTRANS_DISTRICT,STATE_ROUTE,ROUTE_SUFFIX,POSTMILE_PREFIX,POSTMILE,LOCATION_TYPE,RAMP_INTERSECTION,SIDE_OF_HWY,TOW_AWAY,COLLISION_SEVERITY,NUMBER_KILLED,NUMBER_INJURED,PARTY_COUNT,PRIMARY_COLL_FACTOR,PCF_CODE_OF_VIOL,PCF_VIOL_CATEGORY,PCF_VIOLATION,PCF_VIOL_SUBSECTION,HIT_AND_RUN,TYPE_OF_COLLISION,MVIW,PED_ACTION,ROAD_SURFACE,ROAD_COND_1,ROAD_COND_2,LIGHTING,CONTROL_DEVICE,CHP_ROAD_TYPE,PEDESTRIAN_ACCIDENT,BICYCLE_ACCIDENT,MOTORCYCLE_ACCIDENT,TRUCK_ACCIDENT,NOT_PRIVATE_PROPERTY,ALCOHOL_INVOLVED,STWD_VEHTYPE_AT_FAULT,CHP_VEHTYPE_AT_FAULT,COUNT_SEVERE_INJ,COUNT_VISIBLE_INJ,COUNT_COMPLAINT_PAIN,COUNT_PED_KILLED,COUNT_PED_INJURED,COUNT_BICYCLIST_KILLED,COUNT_BICYCLIST_INJURED,COUNT_MC_KILLED,COUNT_MC_INJURED,PRIMARY_RAMP,SECONDARY_RAMP,LATITUDE,LONGITUDE,COUNTY,CITY,POINT_X,POINT_Y
9794083,2025,2025-04-11,3711,2025-03-12,1812,SD1429,NA,3,5,7,3711,0,0,0,NA,0,813,HOWARD AV,TEXAS ST,10,W,N,B,-,N,NA,NA,NA,NA,NA,NA,NA,NA,NA,Y,4,0,1,2,A,-,04,21703,NA,M,C,C,A,A,H,-,A,A,0,NA,NA,NA,NA,Y,Y,A,01,0,0,1,0,0,0,0,0,0,-,-,NA,NA,SAN DIEGO,SAN DIEGO,-117.13883209228516,32.7540283203125
9794100,2025,2025-04-01,3711,2025-03-11,1928,SD1769,NA,2,5,7,3711,0,0,0,NA,0,523,5TH AV,BROADWAY,0,NA,N,B,C,N,NA,NA,NA,NA,NA,NA,NA,NA,NA,N,3,0,1,2,A,-,10,21950,A,N,G,B,B,B,G,H,C,A,0,Y,NA,NA,NA,Y,NA,A,01,0,1,0,0,1,0,0,0,0,-,-,NA,NA,SAN DIEGO,SAN DIEGO,-117.16014862060548,32.7157096862793
9794345,2025,2025-03-26,3711,2025-03-04,1519,SD1732,NA,2,5,7,3711,0,0,0,NA,0,452,SKYLINE DR,S 61ST ST,555,E,N,A,-,N,NA,NA,NA,NA,NA,NA,NA,NA,NA,Y,3,0,1,2,A,-,07,21658,A,N,D,C,A,A,H,-,A,D,0,NA,NA,NA,NA,Y,NA,A,01,0,1,0,0,0,0,0,0,0,-,-,NA,NA,SAN DIEGO,SAN DIEGO,-117.06502532958984,32.70138931274414
9794356,2025,2025-03-27,3711,2025-03-14,1940,SD7238,NA,5,5,7,3711,0,0,0,NA,0,828,UNIVERSITY AV,WINONA AV,0,NA,Y,B,C,N,NA,NA,NA,NA,NA,NA,NA,NA,NA,N,3,0,1,2,A,-,08,22107,NA,N,G,B,B,B,H,-,C,A,0,Y,NA,NA,NA,Y,NA,A,01,0,1,0,0,1,0,0,0,0,-,-,NA,NA,SAN DIEGO,SAN DIEGO,-117.08796691894533,32.749507904052734
9794611,2025,2025-03-27,3700,2025-01-11,2247,SH4220,NA,6,5,4,3707,0,0,0,NA,0,702,PALM AV,13TH ST,0,NA,Y,A,-,N,NA,NA,NA,NA,NA,NA,NA,NA,NA,N,4,0,2,2,A,-,03,22350,NA,F,C,C,A,A,H,-,C,A,0,NA,NA,NA,NA,Y,NA,A,01,0,0,2,0,0,0,0,0,0,-,-,32.57651138305664,-117.09275817871094,SAN DIEGO,IMPERIAL BEACH,-117.1056900024414,32.583797454833984
9794697,2025,2025-05-07,3711,2025-03-18,1425,SD1904,NA,2,5,7,3711,0,0,0,NA,0,624,WASHINGTON ST,RT 163,0,NA,Y,A,-,Y,SD,11,163,-,-,2.89,R,4,N,N,3,0,3,2,A,-,09,21453,C,N,D,C,A,A,H,-,A,A,0,NA,NA,NA,NA,Y,NA,A,01,0,2,1,0,0,0,0,0,0,-,NO,NA,NA,SAN DIEGO,SAN DIEGO,-117.15644073486328,32.75221633911133
9794905,2025,2025-04-01,3711,2025-03-14,1500,SD1611,NA,5,5,7,3711,0,0,0,NA,0,447,EULCID AV,EULCID AV 1600,0,NA,N,A,-,N,NA,NA,NA,NA,NA,NA,NA,NA,NA,Y,4,0,1,2,A,-,09,21800,B,N,G,C,A,A,H,-,A,A,0,NA,NA,NA,NA,Y,NA,A,01,0,0,1,0,0,0,0,0,0,-,-,NA,NA,SAN DIEGO,SAN DIEGO,NA,NA
9795401,2025,2025-03-28,3702,2025-02-22,1015,CV1420,NA,6,5,6,3702,0,0,0,NA,0,022,OXFORD ST,4TH AV,419,W,N,A,-,N,NA,NA,NA,NA,NA,NA,NA,NA,NA,Y,4,0,2,2,D,-,00,NA,NA,N,B,C,A,A,H,-,A,D,0,NA,NA,NA,NA,Y,NA,-,-,0,0,2,0,0,0,0,0,0,-,-,NA,NA,SAN DIEGO,CHULA VISTA,-117.0731201171875,32.60872268676758
9795998,2025,2025-03-26,3705,2025-01-15,728,EC0419,NA,3,5,5,3705,0,0,0,NA,0,001,EL CAJON BL,S MARSHALL,0,NA,Y,A,-,N,NA,NA,NA,NA,NA,NA,NA,NA,NA,N,3,0,2,2,A,-,09,21453,C,N,D,C,A,A,H,-,C,A,0,NA,NA,NA,NA,Y,NA,A,07,0,1,1,0,0,0,0,0,0,-,-,NA,NA,SAN DIEGO,EL CAJON,-116.97486114501952,32.787811279296875
9796323,2025,2025-04-07,3710,2025-03-04,1956,OC1533,NA,2,5,6,3710,0,0,0,NA,0,032,MISSION AV,OLD GROVE RD,406,E,N,A,-,N,NA,NA,NA,NA,NA,NA,NA,NA,NA,N,2,0,1,1,A,-,03,22350,NA,N,H,A,A,A,H,-,C,D,0,NA,NA,Y,NA,Y,NA,C,02,1,0,0,0,0,0,0,0,1,-,-,NA,NA,SAN DIEGO,OCEANSIDE,-117.30506134033205,33.229488372802734
9796331,2025,2025-05-05,3711,2025-03-22,1336,SD1955,NA,6,5,7,3711,0,0,0,NA,0,931,CARROLL CANYON RD,RT 805,0,NA,Y,A,-,Y,SD,11,805,-,-,27.383,R,4,S,Y,3,0,2,2,A,-,12,21453,A,N,D,C,A,A,H,-,A,A,0,NA,NA,NA,NA,Y,NA,A,01,0,2,0,0,0,0,0,0,0,-,-,NA,NA,SAN DIEGO,SAN DIEGO,-117.21072387695313,32.89275360107422
9796582,2025,2025-04-04,3711,2025-03-25,815,SD1753,NA,2,5,7,3711,0,0,0,NA,0,438,KEEN DR,DUSK DR,0,NA,Y,E,-,N,NA,NA,NA,NA,NA,NA,NA,NA,NA,Y,3,0,1,2,A,-,08,22107,NA,N,D,C,A,A,-,-,B,A,0,NA,NA,NA,NA,Y,NA,A,01,0,1,0,0,0,0,0,0,0,-,-,NA,NA,SAN DIEGO,SAN DIEGO,-117.04875183105467,32.677677154541016
9796784,2025,2025-04-04,3710,2025-03-21,2305,OC1580,NA,5,5,6,3710,0,0,0,NA,0,018,CALLE MONTECITO,CALLE LAS POSITAS,485,N,N,A,-,N,NA,NA,NA,NA,NA,NA,NA,NA,NA,Y,3,0,1,2,A,-,01,23152,A,N,B,E,A,A,H,-,C,D,0,NA,NA,NA,NA,Y,Y,A,01,0,1,0,0,0,0,0,0,0,-,-,NA,NA,SAN DIEGO,OCEANSIDE,-117.30914306640624,33.25008010864258
9796985,2025,2025-04-10,3710,2025-03-28,1300,OC1443,NA,5,5,6,3710,0,0,0,NA,0,026,EL CAMINIO REAL,INDUSTRY ST,220,S,N,A,-,N,NA,NA,NA,NA,NA,NA,NA,NA,NA,N,4,0,1,2,D,-,00,NA,NA,N,C,C,A,A,H,-,A,D,0,NA,NA,NA,NA,Y,NA,-,-,0,0,1,0,0,0,0,0,0,-,-,NA,NA,SAN DIEGO,OCEANSIDE,-117.33096313476563,33.199867248535156
9796991,2025,2025-04-10,3710,2025-03-31,1825,OC1588,NA,1,5,6,3710,0,0,0,NA,0,015,MESA DR,NORTH BARNWELL ST,0,NA,Y,B,-,N,NA,NA,NA,NA,NA,NA,NA,NA,NA,Y,3,0,2,2,A,-,08,22107,NA,N,D,C,A,A,H,-,B,D,0,NA,NA,NA,NA,Y,NA,A,01,0,1,1,0,0,0,0,0,0,-,-,NA,NA,SAN DIEGO,OCEANSIDE,-117.34822845458984,33.20460891723633
9797560,2025,2025-04-29,3711,2025-03-13,1900,SD1042,NA,4,5,7,3711,0,0,0,NA,0,512,L ST,19TH ST,0,NA,Y,B,C,N,NA,NA,NA,NA,NA,NA,NA,NA,NA,Y,4,0,2,2,A,-,12,22450,A,M,D,C,A,B,H,-,B,A,0,NA,NA,NA,NA,Y,NA,A,01,0,0,2,0,0,0,0,0,0,-,-,NA,NA,SAN DIEGO,SAN DIEGO,-117.14666748046876,32.70732116699219
9798297,2025,2025-05-30,3708,2025-04-26,415,LM1328,NA,6,5,5,3708,0,0,0,NA,0,002,BANCROFT DR,TROPICO DR,126,N,N,A,-,N,NA,NA,NA,NA,NA,NA,NA,NA,NA,N,3,0,1,1,A,-,03,22350,NA,N,H,I,A,A,H,-,A,D,0,NA,NA,Y,NA,Y,NA,C,02,0,1,0,0,0,0,0,0,1,-,-,NA,NA,SAN DIEGO,LA MESA,-117.00150299072266,32.75825119018555
9799190,2025,2025-06-24,3702,2025-05-22,1115,CV1594,NA,4,5,6,3702,0,0,0,NA,0,011,BAY BL,E ST,240,S,N,A,-,N,NA,NA,NA,NA,NA,NA,NA,NA,NA,N,3,0,1,2,A,-,08,22107,NA,F,B,G,A,A,H,-,A,A,0,NA,Y,NA,NA,Y,NA,-,99,0,1,0,0,0,0,1,0,0,-,-,NA,NA,SAN DIEGO,CHULA VISTA,-117.10121154785156,32.638427734375
9800413,2025,2025-04-24,3711,2025-03-24,815,SD5454,NA,1,5,7,3711,0,0,0,NA,0,813,EL CAJON BL,ILLINOIS ST,30,E,N,A,-,N,NA,NA,NA,NA,NA,NA,NA,NA,NA,N,4,0,1,2,A,-,04,21703,NA,M,C,C,A,A,H,-,A,A,0,NA,NA,NA,NA,Y,NA,-,99,0,0,1,0,0,0,0,0,0,-,-,NA,NA,SAN DIEGO,SAN DIEGO,-117.12760162353516,32.75524139404297
9801356,2025,2025-04-23,3711,2025-04-08,935,SD5450,NA,2,5,7,3711,0,0,0,NA,0,323,NAVAJO RD,MARGERUM AV,0,NA,N,A,-,N,NA,NA,NA,NA,NA,NA,NA,NA,NA,Y,3,0,1,5,A,-,03,22350,NA,N,C,C,A,A,H,-,A,D,0,NA,NA,NA,NA,Y,Y,-,NA,0,1,0,0,0,0,0,0,0,-,-,NA,NA,SAN DIEGO,SAN DIEGO,-117.0644302368164,32.79641342163086
9801851,2025,2025-05-08,3711,2025-04-02,1816,SD7372,NA,3,5,7,3711,0,0,0,NA,0,723,PALM AV,HAWAII AV,0,NA,Y,A,B,N,NA,NA,NA,NA,NA,NA,NA,NA,NA,Y,3,0,2,2,A,-,12,21453,A,N,D,C,A,A,H,-,A,A,0,NA,NA,NA,NA,Y,NA,A,01,0,2,0,0,0,0,0,0,0,-,-,NA,NA,SAN DIEGO,SAN DIEGO,-117.06642150878906,32.58387756347656
9802894,2025,2025-04-23,3702,2025-03-07,1130,CV1563,NA,5,5,6,3702,0,0,0,NA,0,024,3RD AV,ANITA ST,200,N,N,A,-,N,NA,NA,NA,NA,NA,NA,NA,NA,NA,Y,4,0,2,2,A,-,03,22350,NA,N,C,C,A,A,H,-,A,A,0,NA,NA,NA,NA,Y,NA,A,01,0,0,2,0,0,0,0,0,0,-,-,NA,NA,SAN DIEGO,CHULA VISTA,-117.06452178955078,32.5989875793457
9803052,2025,2025-05-01,3711,2025-04-03,1319,SD1567,NA,4,5,7,3711,0,0,0,NA,0,713,AIRWAY RD,PASEO DE LAS AMERICAS,0,NA,Y,A,B,N,NA,NA,NA,NA,NA,NA,NA,NA,NA,N,3,0,1,2,A,-,21,22106,NA,N,D,C,A,A,H,-,A,A,0,NA,NA,NA,Y,Y,NA,A,01,0,1,0,0,0,0,0,0,0,-,-,NA,NA,SAN DIEGO,SAN DIEGO,-116.9359130859375,32.56014633178711
9803271,2025,2025-04-21,3711,2025-03-27,818,SD1150,NA,4,5,7,3711,0,0,0,NA,0,115,REGENTS RD,NOBEL DR,0,NA,Y,B,-,N,NA,NA,NA,NA,NA,NA,NA,NA,NA,Y,4,0,1,2,A,-,01,23152,G,N,B,E,A,A,H,-,A,D,0,NA,NA,NA,NA,Y,NA,A,01,0,0,1,0,0,0,0,0,0,-,-,NA,NA,SAN DIEGO,SAN DIEGO,-117.21913146972656,32.867488861083984
9803287,2025,2025-04-25,3711,2025-04-03,1515,SD1365,NA,4,5,7,3711,0,0,0,NA,0,521,15TH ST,BROADWAY,0,NA,Y,A,-,N,NA,NA,NA,NA,NA,NA,NA,NA,NA,N,3,0,1,2,A,-,10,21950,A,N,G,B,-,A,H,-,A,D,0,Y,NA,NA,NA,Y,NA,A,01,0,1,0,0,1,0,0,0,0,-,-,NA,NA,SAN DIEGO,SAN DIEGO,-117.150390625,32.715736389160156
9803290,2025,2025-04-25,3710,2025-04-10,1435,OC1572,NA,4,5,6,3710,0,0,0,NA,0,025,MESA DR,OLD GROVE RD,0,NA,Y,A,-,N,NA,NA,NA,NA,NA,NA,NA,NA,NA,Y,3,0,2,2,A,-,12,21453,A,N,D,C,A,A,H,-,A,A,0,NA,NA,NA,NA,Y,NA,A,07,0,1,1,0,0,0,0,0,0,-,-,NA,NA,SAN DIEGO,OCEANSIDE,-117.29871368408205,33.21995544433594
9803300,2025,2025-04-25,3711,2025-04-12,108,SD7980,NA,6,5,7,3711,0,0,0,NA,0,521,11TH AV,F ST,0,NA,Y,A,-,N,NA,NA,NA,NA,NA,NA,NA,NA,NA,N,3,0,1,2,A,-,12,21453,A,M,D,C,A,A,H,-,C,A,0,NA,NA,NA,NA,Y,NA,-,99,0,1,0,0,0,0,0,0,0,-,-,NA,NA,SAN DIEGO,SAN DIEGO,-117.15469360351563,32.71364212036133
9803396,2025,2025-05-08,3711,2025-03-03,420,SD7194,NA,1,5,7,3711,0,0,0,NA,0,529,W HAWTHORN ST,BRANT ST,0,NA,Y,A,-,Y,SD,11,5,-,R,17.017,R,4,N,N,3,0,1,2,A,-,08,22101,D,M,D,C,A,A,H,-,C,A,0,NA,NA,NA,Y,Y,NA,A,01,0,1,0,0,0,0,0,0,0,-,-,NA,NA,SAN DIEGO,SAN DIEGO,-117.16849517822266,32.728248596191406
9803692,2025,2025-04-25,3711,2025-04-15,1920,SD1664,NA,2,5,7,3711,0,0,0,NA,0,934,EL CAMINO REAL,ARROYO SORRENTO RD,0,NA,Y,A,-,N,NA,NA,NA,NA,NA,NA,NA,NA,NA,N,3,0,1,1,A,-,03,22350,NA,N,H,-,A,A,H,-,C,A,0,NA,Y,NA,NA,Y,NA,L,04,0,1,0,0,0,0,1,0,0,-,-,NA,NA,SAN DIEGO,SAN DIEGO,-117.23651123046876,32.92520523071289
9803810,2025,2025-05-07,3711,2025-04-15,1750,SD7292,NA,2,5,7,3711,0,0,0,NA,0,234,RANCHO BERNARDO RD,MATINAL RD,0,NA,Y,A,-,N,NA,NA,NA,NA,NA,NA,NA,NA,NA,Y,3,0,1,2,A,-,12,21457,A,N,D,C,A,A,H,-,A,A,0,NA,NA,NA,NA,Y,NA,D,22,0,1,0,0,0,0,0,0,0,-,-,NA,NA,SAN DIEGO,SAN DIEGO,-117.09220886230467,33.024295806884766
9804009,2025,2025-04-25,3702,2025-03-29,150,CV1539,NA,6,5,6,3702,0,0,0,NA,0,012,BROADWAY,G ST,133,S,N,A,-,N,NA,NA,NA,NA,NA,NA,NA,NA,NA,N,3,0,1,2,A,-,03,22350,NA,M,G,B,D,A,H,-,C,D,0,Y,NA,Y,NA,Y,NA,C,02,0,1,0,0,1,0,0,0,0,-,-,NA,NA,SAN DIEGO,CHULA VISTA,-117.09068298339844,32.634063720703125
9804388,2025,2025-05-06,3708,2025-03-23,1810,IM1283,NA,7,5,5,3708,0,0,0,NA,0,001,MASSACHUSETTS AV,WAITE DR,0,NA,Y,A,-,N,NA,NA,NA,NA,NA,NA,NA,NA,NA,N,4,0,2,2,A,-,12,21453,A,N,D,C,A,A,H,-,A,A,0,NA,NA,NA,NA,Y,NA,A,01,0,0,2,0,0,0,0,0,0,-,-,NA,NA,SAN DIEGO,LA MESA,-117.04279327392578,32.746238708496094
9804600,2025,2025-05-14,3711,2025-04-25,2211,SD7478,NA,5,5,7,3711,0,0,0,NA,0,445,MARKET ST,RT 805,0,NA,Y,A,-,Y,SD,11,805,-,-,12.779,R,4,N,Y,3,0,2,2,A,-,12,21453,A,M,D,C,A,A,H,-,C,A,0,NA,NA,NA,NA,Y,Y,A,01,0,1,1,0,0,0,0,0,0,-,NF,NA,NA,SAN DIEGO,SAN DIEGO,-117.09864807128906,32.70951843261719
9804606,2025,2025-05-08,3711,2025-04-27,2210,SD1756,NA,7,5,7,3711,0,0,0,NA,0,327,COLLEGE AV,MONTEZUMA RD,0,NA,Y,A,-,N,NA,NA,NA,NA,NA,NA,NA,NA,NA,N,3,0,1,2,A,-,08,22107,NA,M,D,C,A,A,H,-,C,A,0,NA,NA,Y,NA,Y,NA,-,99,0,1,0,0,0,0,0,0,1,-,-,NA,NA,SAN DIEGO,SAN DIEGO,-117.06980895996094,32.77070999145508
9804609,2025,2025-05-08,3711,2025-04-17,1120,SD1754,NA,4,5,7,3711,0,0,0,NA,0,524,B ST,B ST 400,0,NA,-,A,-,N,NA,NA,NA,NA,NA,NA,NA,NA,NA,N,4,0,1,2,A,-,10,21950,A,N,D,B,B,A,H,-,A,A,0,Y,NA,NA,NA,Y,NA,A,01,0,0,1,0,1,0,0,0,0,-,-,NA,NA,SAN DIEGO,SAN DIEGO,-117.19696807861328,32.70001220703125
9804855,2025,2025-04-29,3711,2025-04-15,1212,SD1770,NA,2,5,7,3711,0,0,0,NA,0,233,CARMEL MOUNTAIN RD,PASEO MONTALBAN,0,NA,Y,B,-,N,NA,NA,NA,NA,NA,NA,NA,NA,NA,Y,3,0,2,2,A,-,12,21453,A,N,D,C,A,A,H,-,A,A,0,NA,NA,NA,NA,Y,NA,A,01,0,1,1,0,0,0,0,0,0,-,-,NA,NA,SAN DIEGO,SAN DIEGO,-117.11799621582033,32.962310791015625
9804879,2025,2025-04-29,3705,2025-01-04,1137,EC0431,NA,6,5,5,3705,0,0,0,NA,0,001,EL CAJON BL,WILSON AV,25,N,N,A,-,N,NA,NA,NA,NA,NA,NA,NA,NA,NA,N,4,0,1,2,A,-,09,21801,A,N,C,C,A,A,H,-,A,D,0,NA,NA,NA,NA,Y,NA,A,01,0,0,1,0,0,0,0,0,0,-,-,NA,NA,SAN DIEGO,EL CAJON,-116.97638702392578,32.78622055053711
9805859,2025,2025-05-09,3710,2025-04-30,2238,OC1547,NA,3,5,6,3710,0,0,0,NA,0,036,N SANTA FE  AV,DARWIN DR,534,S,N,A,-,N,NA,NA,NA,NA,NA,NA,NA,NA,NA,Y,3,0,1,1,A,-,01,23152,A,N,F,I,A,A,H,-,C,D,0,NA,NA,NA,NA,Y,Y,A,01,0,1,0,0,0,0,0,0,0,-,-,NA,NA,SAN DIEGO,OCEANSIDE,-117.26388549804688,33.2366828918457
9806301,2025,2025-05-27,3711,2025-05-08,1542,SD2008,NA,4,5,7,3711,0,0,0,NA,0,315,FRIARS RD,RIVER RUN DR,0,NA,Y,A,-,N,NA,NA,NA,NA,NA,NA,NA,NA,NA,Y,3,0,1,2,A,-,03,22350,NA,N,C,C,A,A,H,-,A,A,0,NA,NA,NA,NA,Y,NA,A,08,0,1,0,0,0,0,0,0,0,-,-,NA,NA,SAN DIEGO,SAN DIEGO,-117.13422393798828,32.779170989990234
9806597,2025,2025-05-07,3705,2025-02-08,1541,EC0438,NA,6,5,5,3705,0,0,0,NA,0,001,FLETCHER PKWY,PIONEER WY,72,E,N,A,-,N,NA,NA,NA,NA,NA,NA,NA,NA,NA,N,4,0,4,2,A,-,03,22350,NA,N,C,C,A,A,H,-,A,A,0,NA,NA,NA,NA,Y,NA,A,07,0,0,4,0,0,0,0,0,0,-,-,NA,NA,SAN DIEGO,EL CAJON,-116.96721649169922,32.80778121948242
9806605,2025,2025-05-07,3711,2025-04-22,1813,SD1169,NA,2,5,7,3711,0,0,0,NA,0,432,IMPERIAL,SAN JACINTO,0,NA,Y,A,-,N,NA,NA,NA,NA,NA,NA,NA,NA,NA,Y,3,0,3,2,A,-,03,22350,NA,N,B,C,A,A,H,-,A,A,0,NA,NA,NA,NA,Y,NA,A,07,0,2,1,0,0,0,0,0,0,-,-,NA,NA,SAN DIEGO,SAN DIEGO,-117.08264923095705,32.70563888549805
9806756,2025,2025-05-14,3711,2025-05-01,2204,SD1521,NA,4,5,7,3711,0,0,0,NA,0,122,INGRAHAM ST,MORELAND DR,230,S,N,B,-,N,NA,NA,NA,NA,NA,NA,NA,NA,NA,Y,3,0,1,2,A,-,-,NA,NA,N,C,E,A,A,H,-,D,D,0,NA,NA,NA,NA,Y,NA,A,01,0,1,0,0,0,0,0,0,0,-,-,NA,NA,SAN DIEGO,SAN DIEGO,NA,NA
9806762,2025,2025-05-14,3711,2025-05-02,1956,SD1664,NA,5,5,7,3711,0,0,0,NA,0,242,BLACK MOUNTAIN RD,CARROLL CANYON RD,0,NA,Y,A,-,N,NA,NA,NA,NA,NA,NA,NA,NA,NA,Y,4,0,1,2,A,-,03,22350,NA,N,C,C,A,A,H,-,C,A,0,NA,NA,NA,NA,Y,Y,A,01,0,0,1,0,0,0,0,0,0,-,-,NA,NA,SAN DIEGO,SAN DIEGO,-117.12410736083984,32.90275955200195
9806924,2025,2025-05-16,3710,2025-04-27,2255,OC1542,NA,7,5,6,3710,0,0,0,NA,0,024,EL CAMINO REAL,MESA DR,1100,S,N,A,-,N,NA,NA,NA,NA,NA,NA,NA,NA,NA,Y,3,0,2,4,A,-,03,22350,NA,N,C,B,A,A,H,-,C,D,0,NA,NA,NA,NA,Y,NA,A,01,0,1,1,0,0,0,0,0,0,-,-,NA,NA,SAN DIEGO,OCEANSIDE,-117.33346557617188,33.20561599731445
9807517,2025,2025-06-18,3702,2025-05-10,1100,CV1420,NA,6,5,6,3702,0,0,0,NA,0,022,PALOMAR ST,1ST AV,68,W,N,A,-,N,NA,NA,NA,NA,NA,NA,NA,NA,NA,Y,4,0,2,2,A,-,12,21453,A,N,D,C,A,A,H,-,A,A,0,NA,NA,NA,NA,Y,NA,A,07,0,0,2,0,0,0,0,0,0,-,-,NA,NA,SAN DIEGO,CHULA VISTA,-117.05844116210938,32.609012603759766
9807671,2025,2025-05-29,3711,2025-04-22,2122,SD1946,NA,2,5,7,3711,0,0,0,NA,0,NA,ADAMS AV,RT 15,0,NA,Y,A,-,Y,SD,11,15,-,M,5.693,R,4,N,N,4,0,1,2,B,-,22,NA,NA,N,A,C,A,A,H,-,C,A,0,NA,NA,NA,NA,Y,NA,A,01,0,0,1,0,0,0,0,0,0,-,NO,NA,NA,SAN DIEGO,SAN DIEGO,-117.10933685302734,32.76463317871094
9807817,2025,2025-05-28,3702,2025-04-22,1312,CV1610,NA,2,5,6,3702,0,0,0,NA,0,031,EAST H ST,RT 805,361,E,N,A,-,N,NA,NA,NA,NA,NA,NA,NA,NA,NA,N,3,0,1,2,A,-,03,22350,NA,N,C,C,A,A,H,-,A,A,0,NA,NA,NA,NA,Y,NA,A,07,0,1,0,0,0,0,0,0,0,-,SO,NA,NA,SAN DIEGO,CHULA VISTA,-117.05458831787108,32.64085388183594
9809530,2025,2025-05-08,3711,2025-04-17,1216,SD7759,NA,4,5,7,3711,0,0,0,NA,0,831,EL CAJON BL,MENLO AV,7,E,N,A,-,N,NA,NA,NA,NA,NA,NA,NA,NA,NA,N,3,0,1,2,A,-,10,21950,A,N,G,B,B,A,H,-,A,A,0,Y,NA,NA,NA,Y,NA,A,01,0,1,0,0,1,0,0,0,0,-,-,NA,NA,SAN DIEGO,SAN DIEGO,-117.09431457519533,32.75575256347656
9809688,2025,2025-05-14,3710,2025-04-26,31,OC1562,NA,6,5,6,3710,0,0,0,NA,0,006,PACIFIC ST,BREAKWATER WY,0,NA,Y,A,-,N,NA,NA,NA,NA,NA,NA,NA,NA,NA,Y,3,0,1,1,A,-,01,23152,A,N,E,I,A,A,H,-,C,B,0,NA,NA,NA,NA,Y,Y,A,01,0,1,0,0,0,0,0,0,0,-,-,NA,NA,SAN DIEGO,OCEANSIDE,-117.38793182373048,33.20093536376953
9809790,2025,2025-05-16,3702,2025-04-24,1940,CV1456,NA,4,5,6,3702,0,0,0,NA,0,022,MOSS ST,3RD AV,160,W,N,A,-,N,NA,NA,NA,NA,NA,NA,NA,NA,NA,Y,4,0,1,2,A,-,09,21801,A,N,D,C,A,A,H,-,C,D,0,NA,NA,NA,NA,Y,NA,A,01,0,0,1,0,0,0,0,0,0,-,-,NA,NA,SAN DIEGO,CHULA VISTA,-117.0709228515625,32.616981506347656
9811588,2025,2025-08-01,3709,2025-05-24,2245,NC0552,NA,6,5,5,3709,0,0,0,NA,0,023,SWEETWATER RD,N 2ND AV,0,NA,Y,A,-,N,NA,NA,NA,NA,NA,NA,NA,NA,NA,Y,4,0,1,3,A,-,12,21453,A,M,C,C,A,A,H,-,C,A,0,NA,NA,NA,NA,Y,Y,-,-,0,0,1,0,0,0,0,0,0,-,-,NA,NA,SAN DIEGO,NATIONAL CITY,-117.0845184326172,32.6610107421875
9811657,2024,2024-09-26,3700,2024-07-30,1517,SH0371,NA,2,5,5,3713,0,0,0,NA,0,308,NORTH MELROSE DR,WEST VISTA WY,33,N,N,A,-,N,NA,NA,NA,NA,NA,NA,NA,NA,NA,N,3,0,1,2,A,-,12,21453,A,N,B,C,A,A,H,-,A,A,0,NA,NA,Y,NA,Y,NA,C,02,0,1,0,0,0,0,0,0,1,-,-,NA,NA,SAN DIEGO,VISTA,-117.25464630126952,33.195552825927734
9812458,2025,2025-10-31,3710,2025-10-01,2358,OC1552,NA,3,5,6,3710,0,0,0,NA,0,010,RT 76,CANYON DR,0,NA,Y,A,-,Y,SD,11,76,-,R,1.156,I,5,W,Y,3,0,1,2,A,-,09,21453,C,N,D,C,A,A,H,-,C,A,0,NA,NA,NA,NA,Y,NA,A,01,0,1,0,0,0,0,0,0,0,-,-,NA,NA,SAN DIEGO,OCEANSIDE,-117.36750793457033,33.21253204345703
9812547,2025,2025-11-21,3711,2025-10-15,1800,1815,NA,3,5,7,3711,0,0,0,NA,0,813,UNIVERSITY AV,BOUNDARY ST,0,NA,Y,A,-,N,NA,NA,NA,NA,NA,NA,NA,NA,NA,Y,2,0,1,2,A,-,08,38314,NA,N,A,C,A,A,H,-,A,A,0,NA,NA,Y,NA,Y,NA,A,01,1,0,0,0,0,0,0,0,1,-,-,NA,NA,SAN DIEGO,SAN DIEGO,-117.12315368652344,32.74850845336914
9812550,2025,2025-11-14,3710,2025-10-02,1841,1566,NA,4,5,6,3710,0,0,0,NA,0,006,MISSION AV,PIRATES COVE WY,0,NA,Y,A,-,Y,SD,11,5,-,R,53.29,R,3,S,Y,3,0,1,1,A,-,01,23152,F,N,A,I,A,A,H,-,B,A,0,NA,NA,NA,NA,Y,NA,A,01,0,1,0,0,0,0,0,0,0,-,-,NA,NA,SAN DIEGO,OCEANSIDE,-117.3733367919922,33.200618743896484
9812598,2025,2025-08-15,3708,2025-06-02,648,LM1225,NA,1,5,5,3708,0,0,0,NA,0,003,ALVARDO RD,COMANCHE DR,0,NA,Y,A,-,Y,SD,11,8,-,-,10.5,R,4,E,N,3,0,1,2,A,-,05,21651,A,N,B,G,A,A,H,-,A,A,0,NA,Y,NA,NA,Y,NA,L,04,0,1,0,0,0,0,1,0,0,-,-,NA,NA,SAN DIEGO,LA MESA,-117.03119659423828,32.7736701965332