CASE_ID,ACCIDENT_YEAR,PROC_DATE,JURIS,COLLISION_DATE,COLLISION_TIME,OFFICER_ID,REPORTING_DISTRICT,DAY_OF_WEEK,CHP_SHIFT,POPULATION,CNTY_CITY_LOC,SPECIAL_COND,BEAT_TYPE,CHP_BEAT_TYPE,CITY_DIVISION_LAPD,CHP_BEAT_CLASS,BEAT_NUMBER,PRIMARY_RD,SECONDARY_RD,DISTANCE,DIRECTION,INTERSECTION,WEATHER_1,WEATHER_2,STATE_HWY_IND,CALTRANS_COUNTY,CALTRANS_DISTRICT,STATE_ROUTE,ROUTE_SUFFIX,POSTMILE_PREFIX,POSTMILE,LOCATION_TYPE,RAMP_INTERSECTION,SIDE_OF_HWY,TOW_AWAY,COLLISION_SEVERITY,NUMBER_KILLED,NUMBER_INJURED,PARTY_COUNT,PRIMARY_COLL_FACTOR,PCF_CODE_OF_VIOL,PCF_VIOL_CATEGORY,PCF_VIOLATION,PCF_VIOL_SUBSECTION,HIT_AND_RUN,TYPE_OF_COLLISION,MVIW,PED_ACTION,ROAD_SURFACE,ROAD_COND_1,ROAD_COND_2,LIGHTING,CONTROL_DEVICE,CHP_ROAD_TYPE,PEDESTRIAN_ACCIDENT,BICYCLE_ACCIDENT,MOTORCYCLE_ACCIDENT,TRUCK_ACCIDENT,NOT_PRIVATE_PROPERTY,ALCOHOL_INVOLVED,STWD_VEHTYPE_AT_FAULT,CHP_VEHTYPE_AT_FAULT,COUNT_SEVERE_INJ,COUNT_VISIBLE_INJ,COUNT_COMPLAINT_PAIN,COUNT_PED_KILLED,COUNT_PED_INJURED,COUNT_BICYCLIST_KILLED,COUNT_BICYCLIST_INJURED,COUNT_MC_KILLED,COUNT_MC_INJURED,PRIMARY_RAMP,SECONDARY_RAMP,LATITUDE,LONGITUDE,COUNTY,CITY,POINT_X,POINT_Y
8585877,2018,2018-04-10,3701,2018-03-11,1506,CB5494,NA,7,5,5,3701,0,0,0,NA,0,008,CALLE BARCELONA,PASEO AVELLANO,0,NA,Y,A,-,N,NA,NA,NA,NA,NA,NA,NA,NA,NA,Y,3,0,1,2,D,-,00,NA,NA,N,D,C,A,A,H,-,A,A,0,NA,NA,NA,NA,Y,NA,-,-,0,1,0,0,0,0,0,0,0,-,-,NA,NA,SAN DIEGO,CARLSBAD,-117.25038909912108,33.076080322265625
8587452,2018,2018-05-17,3711,2018-05-03,0959,7737,NA,4,5,7,3711,0,0,0,NA,0,315,FRIARS RD,NORTHSIDE,24,W,N,A,-,N,NA,NA,NA,NA,NA,NA,NA,NA,NA,Y,4,0,2,2,A,-,12,21453,A,N,D,C,A,A,H,-,A,A,0,NA,NA,NA,NA,Y,NA,-,NA,0,0,2,0,0,0,0,0,0,-,-,NA,NA,SAN DIEGO,SAN DIEGO,-117.1279525756836,32.784061431884766
8587903,2018,2018-05-04,3711,2018-04-21,0550,8816,NA,6,5,7,3711,0,0,0,NA,0,123,FIESTA ISLAND RD,FIESTA ISLAND RD 1000,0,NA,Y,A,-,N,NA,NA,NA,NA,NA,NA,NA,NA,NA,N,3,0,1,1,A,-,03,22350,NA,N,F,A,A,A,H,-,B,D,0,NA,NA,Y,NA,Y,NA,C,02,0,1,0,0,0,0,0,0,1,-,-,NA,NA,SAN DIEGO,SAN DIEGO,-117.22203702,32.78008186
8589288,2018,2018-08-09,3703,2018-03-16,1141,1035,NA,5,5,3,3703,0,0,0,NA,0,003,SILVER STRAND BL,FOG LINE,11,E,N,A,-,Y,SD,11,75,-,-,12.89,H,-,S,Y,4,0,1,2,A,-,09,21804,A,N,D,C,A,A,H,-,A,D,0,NA,NA,NA,NA,Y,NA,-,NA,0,0,1,0,0,0,0,0,0,-,-,NA,NA,SAN DIEGO,CORONADO,-117.13294219970705,32.609745025634766
8592097,2018,2018-04-18,3711,2018-03-25,1404,6168,NA,7,5,7,3711,0,0,0,NA,0,242,BLACK MOUNTAIN RD,BLACK MOUNTAIN RD 9600,0,NA,Y,A,-,N,NA,NA,NA,NA,NA,NA,NA,NA,NA,Y,2,0,2,2,A,-,12,21453,NA,N,D,C,A,A,H,-,A,A,0,NA,NA,NA,NA,Y,NA,-,NA,1,0,1,0,0,0,0,0,0,-,-,NA,NA,SAN DIEGO,SAN DIEGO,-117.1233362,32.89734896
8592656,2018,2018-04-06,3711,2018-03-23,1803,7265,NA,5,5,7,3711,0,0,0,NA,0,621,LINDA VISTA RD,ALCALA KNOLLS DR,200,W,N,B,-,N,NA,NA,NA,NA,NA,NA,NA,NA,NA,N,4,0,1,1,A,-,08,22107,NA,N,F,A,A,A,H,-,B,A,0,NA,NA,NA,NA,Y,NA,-,NA,0,0,1,0,0,0,0,0,0,-,-,NA,NA,SAN DIEGO,SAN DIEGO,-117.17803955078124,32.7718391418457
8594155,2018,2018-04-19,3700,2018-03-25,2222,SH2659,NA,7,5,5,3712,0,0,0,NA,0,359,WEST SAN MARCOS BL,SOUTH BENT AV,103,W,N,A,-,N,NA,NA,NA,NA,NA,NA,NA,NA,NA,Y,4,0,4,3,A,-,01,23152,A,N,C,C,A,A,H,-,C,A,0,NA,NA,NA,NA,Y,Y,A,01,0,0,4,0,0,0,0,0,0,-,-,NA,NA,SAN DIEGO,SAN MARCOS,-117.1823501586914,33.1363525390625
8594188,2018,2018-04-18,3700,2018-04-08,1332,SH0021,NA,7,5,5,3713,0,0,0,NA,0,314,CIVIC CENTER DR,PALA VISTA DR,10,N,N,A,-,N,NA,NA,NA,NA,NA,NA,NA,NA,NA,Y,4,0,2,2,A,-,03,22350,NA,N,C,C,A,A,H,-,A,A,0,NA,NA,NA,NA,Y,NA,A,07,0,0,2,0,0,0,0,0,0,-,-,NA,NA,SAN DIEGO,VISTA,-117.23671722412108,33.19145584106445
8594224,2018,2018-05-02,3711,2018-04-02,2040,6945,NA,1,5,7,3711,0,0,0,NA,0,613,ORCHARD AV,VENICE ST,7,W,N,A,-,N,NA,NA,NA,NA,NA,NA,NA,NA,NA,NA,4,0,1,4,A,-,12,22450,A,N,D,C,A,A,H,-,C,A,0,NA,NA,NA,NA,Y,NA,D,22,0,0,1,0,0,0,0,0,0,-,-,NA,NA,SAN DIEGO,SAN DIEGO,-117.24404144287108,32.73350143432617
8594357,2018,2018-04-20,3711,2018-04-09,1612,7538,NA,1,5,7,3711,0,0,0,NA,0,826,54TH ST,UNIVERSITY AV,280,N,N,A,-,N,NA,NA,NA,NA,NA,NA,NA,NA,NA,N,3,0,1,2,A,-,08,22107,NA,N,B,G,A,A,H,-,A,D,0,NA,Y,NA,NA,Y,NA,A,01,0,1,0,0,0,0,1,0,0,-,-,NA,NA,SAN DIEGO,SAN DIEGO,-117.0794677734375,32.74955749511719
8595107,2018,2018-04-24,3705,2018-02-19,2130,EC0328,NA,1,5,5,3705,0,0,0,NA,0,001,NORTH JOHNSON,WEST MAIN,0,NA,Y,A,-,N,NA,NA,NA,NA,NA,NA,NA,NA,NA,Y,4,0,2,2,D,-,00,NA,NA,N,D,C,A,A,H,-,C,A,0,NA,NA,NA,NA,Y,NA,-,-,0,0,2,0,0,0,0,0,0,-,-,NA,NA,SAN DIEGO,EL CAJON,-116.97103881835938,32.79497146606445
8595871,2018,2018-04-17,3711,2018-03-23,1508,7486,SANDI,5,5,7,3711,0,0,0,NA,0,712,SUNSET LN,SUNSET LN 3500,0,NA,N,A,-,N,NA,NA,NA,NA,NA,NA,NA,NA,NA,N,4,0,1,2,A,-,08,22107,NA,N,B,C,A,A,H,-,A,A,0,NA,NA,NA,NA,Y,NA,A,01,0,0,1,0,0,0,0,0,0,-,-,32.558231353759766,-117.05673980712892,SAN DIEGO,SAN DIEGO,-117.05675125,32.55817309
8601755,2018,2018-07-30,3710,2018-04-08,1430,OC1177,9,7,5,6,3710,0,0,0,NA,0,003,COAST HWY,GODFREY ST,0,NA,Y,A,-,N,NA,NA,NA,NA,NA,NA,NA,NA,NA,Y,2,0,1,2,A,-,06,21755,NA,N,D,C,A,A,H,-,A,D,0,NA,NA,Y,NA,Y,NA,C,03,1,0,0,0,0,0,0,0,1,-,-,33.182899475097656,-117.36849975585938,SAN DIEGO,OCEANSIDE,-117.36855316162108,33.1827507019043
8603915,2018,2018-05-08,3702,2018-03-23,1342,CV1178,NA,5,5,6,3702,0,0,0,NA,0,021,BROADWAY,OXFORD ST,360,S,N,A,-,N,NA,NA,NA,NA,NA,NA,NA,NA,NA,Y,4,0,4,2,A,-,04,21703,NA,N,C,C,A,A,H,-,A,D,0,NA,NA,NA,NA,Y,NA,A,01,0,0,4,0,0,0,0,0,0,-,-,NA,NA,SAN DIEGO,CHULA VISTA,-117.07970428466795,32.60580062866211
8604712,2018,2018-05-08,3705,2018-04-13,1055,EC0337,NA,5,5,5,3705,0,0,0,NA,0,002,JAMACHA,E LEXINGTON,488,N,N,A,-,N,NA,NA,NA,NA,NA,NA,NA,NA,NA,Y,3,0,2,2,A,-,09,21804,A,N,D,C,A,A,H,-,A,D,0,NA,NA,NA,NA,Y,NA,A,01,0,1,1,0,0,0,0,0,0,-,-,NA,NA,SAN DIEGO,EL CAJON,-116.93473815917967,32.793453216552734
8604720,2018,2018-05-08,3705,2018-04-07,1400,IC0337,NA,6,5,5,3705,0,0,0,NA,0,002,W MAIN,N MAGNOLIA,46,E,N,A,-,N,NA,NA,NA,NA,NA,NA,NA,NA,NA,N,4,0,1,2,A,-,03,22350,NA,N,C,C,A,A,H,-,A,A,0,NA,NA,NA,NA,Y,NA,A,01,0,0,1,0,0,0,0,0,0,-,-,NA,NA,SAN DIEGO,EL CAJON,-116.96234893798828,32.79494857788086
8604944,2018,2018-05-10,3705,2018-04-16,2134,EC0372,NA,1,5,5,3705,0,0,0,NA,0,001,N JOHNSON,W MADISON AV,283,N,N,A,-,N,NA,NA,NA,NA,NA,NA,NA,NA,NA,N,2,0,1,2,A,-,11,21955,NA,F,G,B,D,A,D,-,C,A,0,Y,NA,NA,NA,Y,Y,N,60,1,0,0,0,1,0,0,0,0,-,-,NA,NA,SAN DIEGO,EL CAJON,-116.97103881835938,32.80115509033203
8604948,2018,2018-05-10,3705,2018-04-22,0527,EC0361,NA,7,5,5,3705,0,0,0,NA,0,004,CHASE,EMERALD,23,W,N,A,-,N,NA,NA,NA,NA,NA,NA,NA,NA,NA,Y,3,0,2,2,A,-,03,22350,NA,N,C,C,A,A,H,-,A,A,0,NA,NA,NA,NA,Y,NA,A,01,0,1,1,0,0,0,0,0,0,-,-,NA,NA,SAN DIEGO,EL CAJON,-116.96881103515624,32.78041076660156
8605247,2017,2018-06-29,3700,2017-11-18,2027,SH7790,NA,6,5,5,3781,0,0,0,NA,0,519,CUYAMACA ST,RT 52,0,NA,Y,A,-,Y,SD,11,52,-,-,16.299,R,4,E,N,4,0,2,2,A,-,12,21453,A,M,D,C,A,A,H,-,C,A,0,NA,NA,NA,NA,Y,NA,A,01,0,0,2,0,0,0,0,0,0,-,-,NA,NA,SAN DIEGO,SANTEE,-116.9813957,32.83283993
8605255,2017,2018-05-15,3700,2017-11-10,1922,SH3095,NA,5,5,5,3781,0,0,0,NA,0,518,CARLTON HILLS BL,WILLOWGROVE AV,60,S,N,A,-,N,NA,NA,NA,NA,NA,NA,NA,NA,NA,N,3,0,1,2,A,-,11,21954,A,N,G,B,D,A,H,-,C,A,0,Y,NA,NA,NA,Y,NA,N,60,0,1,0,0,1,0,0,0,0,-,-,NA,NA,SAN DIEGO,SANTEE,-116.99631204,32.8405834
8606666,2017,2018-05-15,3700,2017-08-02,1124,SH7516,NA,3,5,5,3781,0,0,0,NA,0,518,MISSION GORGE RD,CUYAMACA ST,5,E,N,A,-,N,NA,NA,NA,NA,NA,NA,NA,NA,NA,N,4,0,1,2,A,-,09,21804,A,N,D,G,A,A,H,-,A,D,0,NA,Y,NA,Y,Y,NA,L,04,0,0,1,0,0,0,1,0,0,-,-,NA,NA,SAN DIEGO,SANTEE,-116.98386378,32.83876
8606678,2017,2018-05-10,3700,2017-10-09,0523,SH5794,NA,1,5,5,3781,0,0,0,NA,0,515,WOODSIDE AV,WHEATLANDS AV,2532,E,N,A,-,N,NA,NA,NA,NA,NA,NA,NA,NA,NA,Y,2,0,1,2,A,-,08,22107,NA,N,D,C,A,A,H,-,C,D,0,NA,NA,Y,NA,Y,NA,D,22,1,0,0,0,0,0,0,0,1,-,-,NA,NA,SAN DIEGO,SANTEE,-116.9523924,32.85064697
8608300,2018,2018-04-30,3711,2018-04-15,1629,7251,NA,7,5,7,3711,0,0,0,NA,0,832,ORANADO LN,FAIRMOUNT AV,0,NA,Y,A,-,N,NA,NA,NA,NA,NA,NA,NA,NA,NA,N,4,0,1,3,A,-,04,21703,NA,N,C,C,A,A,A,-,A,A,0,NA,NA,NA,NA,Y,NA,-,NA,0,0,1,0,0,0,0,0,0,-,-,NA,NA,SAN DIEGO,SAN DIEGO,NA,NA
8608316,2018,2018-08-21,3711,2018-04-13,1228,5718,NA,5,5,7,3711,0,0,0,NA,0,234,BERNARDO CENTER DR,RT 15,102,E,N,A,-,Y,SD,11,15,-,M,23.13,R,4,S,N,3,0,1,2,A,-,08,22107,NA,N,B,B,A,A,H,-,A,A,0,NA,NA,NA,NA,Y,NA,-,NA,0,1,0,0,0,0,0,0,0,-,SO,NA,NA,SAN DIEGO,SAN DIEGO,-117.07991790771484,33.0150032043457
8608733,2018,2018-05-02,3711,2018-04-19,1515,7349,NW,4,5,7,3711,0,0,0,NA,0,934,CARMEL COUNTRY RD,CARMEL CREEK,800,S,N,B,-,N,NA,NA,NA,NA,NA,NA,NA,NA,NA,Y,3,0,1,2,A,-,08,22107,NA,N,E,I,A,A,H,-,A,D,0,NA,NA,NA,NA,Y,NA,-,NA,0,1,0,0,0,0,0,0,0,-,-,NA,NA,SAN DIEGO,SAN DIEGO,-117.22470092773438,32.9460334777832
8611837,2018,2018-04-25,3710,2018-03-12,0939,OC1358,11,1,5,6,3710,0,0,0,NA,0,004,MISSION AV,FOUSSAT RD,760,E,N,A,-,N,NA,NA,NA,NA,NA,NA,NA,NA,NA,N,3,0,1,2,A,-,07,21658,A,F,H,G,A,A,H,-,A,A,0,NA,Y,NA,NA,Y,NA,A,01,0,1,0,0,0,0,1,0,0,-,-,33.21696853637695,-117.3431396484375,SAN DIEGO,OCEANSIDE,-117.34136962890624,33.218257904052734
8612429,2018,2018-05-07,3706,2018-04-10,1800,418,ESCO,2,5,6,3706,0,0,0,NA,0,051,VIA RANCHO PKWY,RT 15,108,E,N,A,-,N,NA,NA,NA,NA,NA,NA,NA,NA,NA,Y,4,0,1,1,D,-,00,NA,NA,N,E,I,A,A,H,-,A,A,0,NA,NA,NA,NA,Y,NA,-,-,0,0,1,0,0,0,0,0,0,-,-,33.068660736083984,-117.0680923461914,SAN DIEGO,ESCONDIDO,-117.06957244873048,33.06935119628906
8612748,2018,2018-05-07,3710,2018-04-03,1526,OC1177,013,2,5,6,3710,0,0,0,NA,0,005,VISTA WY,VIA ESMARCA,425,W,N,A,-,N,NA,NA,NA,NA,NA,NA,NA,NA,NA,Y,3,0,2,2,A,-,09,21801,A,N,A,C,A,A,H,-,A,D,0,NA,NA,NA,NA,Y,NA,A,01,0,1,1,0,0,0,0,0,0,-,-,33.18328857421875,-117.33123779296876,SAN DIEGO,OCEANSIDE,-117.33272552490234,33.1832389831543
8612795,2018,2018-05-02,3710,2018-02-28,1150,OC1358,037,3,5,6,3710,0,0,0,NA,0,007,COLLEGE BL,VISTA WY,310,S,N,A,-,N,NA,NA,78,NA,NA,NA,NA,NA,NA,N,4,0,1,2,A,-,03,22350,NA,N,C,C,A,A,H,-,A,A,0,NA,NA,NA,NA,Y,NA,A,01,0,0,1,0,0,0,0,0,0,-,-,33.183990478515625,-117.29644775390624,SAN DIEGO,OCEANSIDE,-117.2964096069336,33.183231353759766
8613193,2018,2018-05-04,3702,2018-03-08,1528,CV1004,NA,4,5,6,3702,0,0,0,NA,0,042,OTAY LAKES RD,WOODS DR,0,NA,Y,A,-,N,NA,NA,NA,NA,NA,NA,NA,NA,NA,N,4,0,1,2,A,-,12,21453,A,N,B,G,A,A,H,-,A,A,0,NA,Y,NA,NA,Y,NA,L,04,0,0,1,0,0,0,1,0,0,-,-,NA,NA,SAN DIEGO,CHULA VISTA,-116.94539642333984,32.64493179321289
8613606,2018,2018-04-24,3711,2018-03-02,1715,6962,NA,5,5,7,3711,0,0,0,NA,0,712,S VISTA LN,ISLA DE LA GAITA,15,S,N,A,-,N,NA,NA,NA,NA,NA,NA,NA,NA,NA,Y,4,0,1,2,A,-,09,21801,A,N,A,C,A,A,-,-,A,D,0,NA,NA,NA,NA,Y,NA,-,NA,0,0,1,0,0,0,0,0,0,-,-,NA,NA,SAN DIEGO,SAN DIEGO,-117.0617904663086,32.56182098388672
8615548,2018,2018-05-07,3711,2018-04-25,2125,4310,NA,3,5,7,3711,0,0,0,NA,0,122,PACIFIC BEACH DR,JEWELL ST,20,W,N,A,-,N,NA,NA,NA,NA,NA,NA,NA,NA,NA,N,4,0,1,2,A,-,10,21950,A,N,G,B,B,A,H,-,C,A,0,Y,NA,NA,NA,Y,NA,A,01,0,0,1,0,1,0,0,0,0,-,-,NA,NA,SAN DIEGO,SAN DIEGO,-117.2373046875,32.79439163208008
8615990,2018,2018-06-28,3710,2018-02-08,0905,OC1457,11,4,5,6,3710,0,0,0,NA,0,004,MISSION AV,BROOKS ST,237,W,N,A,-,N,NA,NA,NA,NA,NA,NA,NA,NA,NA,Y,3,0,3,3,A,-,09,21804,A,N,D,C,A,A,H,-,A,A,0,NA,NA,NA,NA,Y,NA,A,01,0,1,2,0,0,0,0,0,0,-,-,33.20159149169922,-117.36946868896484,SAN DIEGO,OCEANSIDE,-117.37010955810548,33.20112609863281
8616130,2018,2018-05-16,3711,2018-04-27,0900,7552,NA,5,5,7,3711,0,0,0,NA,0,521,K ST,6TH AV,9,N,N,A,-,N,NA,NA,NA,NA,NA,NA,NA,NA,NA,N,4,0,1,2,A,-,10,21950,A,N,G,B,B,A,H,-,A,A,0,Y,NA,NA,NA,Y,NA,-,NA,0,0,1,0,1,0,0,0,0,-,-,NA,NA,SAN DIEGO,SAN DIEGO,-117.1591796875,32.70832824707031
8616146,2018,2018-05-16,3711,2018-04-27,0730,7434,NA,5,5,7,3711,0,0,0,NA,0,521,PERSHING DR,FLORIDA,0,NA,Y,B,-,N,NA,NA,NA,NA,NA,NA,NA,NA,NA,N,4,0,1,2,A,-,08,22107,NA,N,B,G,A,A,H,-,A,A,0,NA,Y,NA,NA,Y,NA,A,01,0,0,1,0,0,0,1,0,0,-,-,NA,NA,SAN DIEGO,SAN DIEGO,-117.14261627197266,32.722721099853516
8617345,2018,2018-07-30,3700,2018-04-08,1234,SH2784,04081,7,5,5,3782,0,0,0,NA,0,Y1234,RT 101,WEST D ST,0,NA,Y,A,-,N,NA,NA,NA,NA,NA,NA,NA,NA,NA,Y,3,0,1,2,A,-,09,21801,A,N,D,C,A,A,H,-,A,A,0,NA,NA,Y,NA,Y,NA,A,01,0,1,0,0,0,0,0,0,1,-,-,NA,NA,SAN DIEGO,ENCINITAS,-117.29386138916016,33.045989990234375
8617349,2018,2018-07-30,3700,2018-04-04,0754,SH1706,NA,3,5,5,3782,0,0,0,NA,0,210,RT 101,GRANDVIEW ST,0,NA,Y,A,-,N,NA,NA,NA,NA,NA,NA,NA,NA,NA,Y,3,0,2,2,A,-,09,21802,A,N,D,D,A,A,H,-,A,D,0,NA,NA,NA,NA,Y,NA,A,07,0,2,0,0,0,0,0,0,0,-,-,NA,NA,SAN DIEGO,ENCINITAS,-117.30628967285156,33.076351165771484
8617462,2018,2018-05-24,3700,2018-03-29,1155,SH0206,NA,4,5,5,3782,0,0,0,NA,0,206,NORTH EL CAMINIO REAL,LEUCADIA BL,92,S,N,A,-,N,NA,NA,NA,NA,NA,NA,NA,NA,NA,Y,3,0,1,3,A,-,03,22350,NA,N,C,C,A,A,H,-,A,A,0,NA,NA,NA,NA,Y,NA,A,08,0,1,0,0,0,0,0,0,0,-,-,NA,NA,SAN DIEGO,ENCINITAS,-117.26239013671876,33.06742858886719
8617482,2018,2018-06-27,3700,2018-03-05,0150,SH3284,NA,1,5,5,3782,0,0,0,NA,0,241,CHESTERFIELD DR,RT 101,0,NA,Y,A,-,N,NA,NA,NA,NA,NA,NA,NA,NA,NA,Y,3,0,1,1,A,-,01,23152,A,N,E,I,A,A,H,-,C,A,0,NA,NA,NA,NA,Y,Y,-,NA,0,1,0,0,0,0,0,0,0,-,-,NA,NA,SAN DIEGO,ENCINITAS,-117.28233337402344,33.0190315246582
8619281,2018,2018-05-22,3711,2018-05-05,2150,8334,NA,6,5,7,3711,0,0,0,NA,0,446,LOGAN AV,MAGENTA ST,0,NA,Y,B,-,N,NA,NA,NA,NA,NA,NA,NA,NA,NA,N,3,0,1,2,A,-,-,NA,NA,N,G,B,E,A,H,-,C,D,0,Y,NA,NA,NA,Y,NA,N,60,0,1,0,0,1,0,0,0,0,-,-,NA,NA,SAN DIEGO,SAN DIEGO,-117.09203338623048,32.696800231933594
8619333,2018,2018-06-04,3711,2018-05-04,1846,7704,NA,5,5,7,3711,0,0,0,NA,0,232,CAMINO DEL NORTE,RT 15,85,E,N,A,-,Y,NA,NA,NA,NA,NA,NA,NA,NA,NA,Y,4,0,1,2,A,-,03,22350,NA,N,C,C,A,A,H,-,A,A,0,NA,NA,NA,NA,Y,NA,-,NA,0,0,1,0,0,0,0,0,0,-,-,NA,NA,SAN DIEGO,SAN DIEGO,-117.08335113525392,32.99787139892578
8621962,2018,2018-05-29,3710,2018-04-08,1247,OC1461,009,7,5,6,3710,0,0,0,NA,0,003,CASSIDY ST,FREEMAN ST,0,NA,Y,A,-,N,NA,NA,NA,NA,NA,NA,NA,NA,NA,N,4,0,1,2,A,-,09,21801,B,N,D,C,A,A,H,-,A,D,0,NA,NA,NA,NA,Y,NA,A,01,0,0,1,0,0,0,0,0,0,-,-,33.17570877075195,-117.36142730712892,SAN DIEGO,OCEANSIDE,-117.36141967773438,33.175689697265625
8623534,2018,2018-05-30,3700,2018-03-09,1123,SH0141,NA,5,5,5,3712,0,0,0,NA,0,355,GRAND AV,NAVAJO ST,0,NA,Y,A,-,N,NA,NA,NA,NA,NA,NA,NA,NA,NA,Y,4,0,2,2,A,-,09,21802,A,N,D,C,A,A,H,-,A,A,0,NA,NA,NA,NA,Y,NA,D,22,0,0,2,0,0,0,0,0,0,-,-,NA,NA,SAN DIEGO,SAN MARCOS,-117.19741821289063,33.14501953125
8623598,2018,2018-05-25,3706,2018-03-26,1035,380,ESCON,1,5,6,3706,0,0,0,NA,0,042,HICKORY ST,WASHINGTON AV,100,S,N,A,-,N,NA,NA,NA,NA,NA,NA,NA,NA,NA,N,4,0,1,2,D,-,00,NA,NA,N,D,C,A,A,H,-,A,D,0,NA,NA,NA,NA,Y,NA,-,-,0,0,1,0,0,0,0,0,0,-,-,33.128719329833984,-117.07846832275392,SAN DIEGO,ESCONDIDO,-117.07826232910156,33.12841796875
8623757,2018,2018-05-29,3710,2018-05-03,1850,OC1437,031,4,5,6,3710,0,0,0,NA,0,007,SHADOWRIDGE DR,VIA DEL RANCHO,0,NA,Y,A,-,N,NA,NA,NA,NA,NA,NA,NA,NA,NA,Y,3,0,1,2,A,-,03,22350,NA,N,C,C,A,A,H,-,A,D,0,NA,NA,NA,NA,Y,NA,A,01,0,1,0,0,0,0,0,0,0,-,-,33.16474914550781,-117.258056640625,SAN DIEGO,OCEANSIDE,-117.25798797607422,33.16461944580078
8624605,2018,2018-08-21,3710,2018-05-14,0055,OC1419,14,1,5,6,3710,0,0,0,NA,0,004,RT 76,FOUSSAT,0,NA,Y,A,-,Y,SD,11,76,-,M,2.57,I,6,E,Y,3,0,2,2,A,-,12,21453,A,N,D,C,A,A,H,-,C,A,0,NA,NA,NA,NA,Y,NA,A,07,0,2,0,0,0,0,0,0,0,-,-,NA,NA,SAN DIEGO,OCEANSIDE,-117.34410858154295,33.21830749511719
8624638,2018,2018-08-21,3701,2018-05-05,0638,CB5519,NA,6,5,5,3701,0,0,0,NA,0,001,LAS FLORES DR,RT 5,54,W,N,A,-,Y,SD,11,5,-,R,61.946,R,2,N,Y,4,0,1,2,A,-,09,21801,A,N,A,C,A,A,H,-,A,D,0,NA,NA,NA,NA,Y,NA,A,01,0,0,1,0,0,0,0,0,0,-,NO,NA,NA,SAN DIEGO,CARLSBAD,-117.46271514892578,33.29743194580078
8625566,2018,2018-05-30,3711,2018-05-03,1833,5600,NA,4,5,7,3711,0,0,0,NA,0,242,NEW SALEM ST,BARBADOS WY,73,E,N,A,-,N,NA,NA,NA,NA,NA,NA,NA,NA,NA,Y,2,0,1,3,A,-,09,21801,A,N,D,C,A,A,H,-,A,D,0,NA,NA,Y,NA,Y,NA,A,01,1,0,0,0,0,0,0,0,1,-,-,NA,NA,SAN DIEGO,SAN DIEGO,-117.15991973876952,32.91542434692383
8626138,2018,2018-06-04,3706,2018-05-01,0726,518,ESCON,2,5,6,3706,0,0,0,NA,0,052,15TH AV,BROADWAY,170,E,N,B,-,N,NA,NA,NA,NA,NA,NA,NA,NA,NA,Y,4,0,2,3,A,-,09,21804,A,N,D,C,A,A,H,-,A,D,0,NA,NA,NA,NA,Y,NA,A,01,0,0,2,0,0,0,0,0,0,-,-,33.10911178588867,-117.07254028320313,SAN DIEGO,ESCONDIDO,-117.07257843017578,33.10911178588867
8626825,2018,2018-06-04,3702,2018-04-20,2108,CV1218,NA,5,5,6,3702,0,0,0,NA,0,011,N 4TH AV,C ST,27,N,N,A,-,N,NA,NA,NA,NA,NA,NA,NA,NA,NA,Y,4,0,1,2,A,-,03,22350,NA,N,C,C,A,A,H,-,C,D,0,NA,NA,NA,NA,Y,NA,D,22,0,0,1,0,0,0,0,0,0,-,-,NA,NA,SAN DIEGO,CHULA VISTA,-117.08802032470705,32.65060043334961
8627037,2018,2018-06-06,3711,2018-05-17,2013,5968,NA,4,5,7,3711,0,0,0,NA,0,821,54TH ST,WAVERLY AV,0,NA,Y,B,-,N,NA,NA,NA,NA,NA,NA,NA,NA,NA,N,4,0,1,2,A,-,21,22106,NA,N,G,B,E,A,H,-,C,A,0,Y,NA,NA,NA,Y,NA,-,NA,0,0,1,0,1,0,0,0,0,-,-,NA,NA,SAN DIEGO,SAN DIEGO,NA,NA
8627564,2018,2018-07-30,3702,2018-04-20,1530,CV1126,NA,5,5,6,3702,0,0,0,NA,0,032,MT MIGUEL RD,RT 125,0,NA,Y,A,-,N,NA,NA,NA,NA,NA,NA,NA,NA,NA,Y,4,0,1,2,A,-,17,21461,A,N,C,C,A,A,H,-,A,A,0,NA,NA,NA,NA,Y,NA,A,01,0,0,1,0,0,0,0,0,0,-,-,NA,NA,SAN DIEGO,CHULA VISTA,-116.98519134521484,32.67073059082031
8627784,2018,2018-06-08,3706,2018-05-17,0735,412,ESCON,4,5,6,3706,0,0,0,NA,0,052,15TH AV,HORNBEAM GLEN,71,W,N,B,-,N,NA,NA,NA,NA,NA,NA,NA,NA,NA,Y,4,0,1,2,A,-,09,21804,A,N,D,C,A,A,H,-,A,D,0,NA,NA,NA,NA,Y,NA,A,01,0,0,1,0,0,0,0,0,0,-,-,33.109981536865234,-117.07077026367188,SAN DIEGO,ESCONDIDO,-117.071044921875,33.10988998413086
8628492,2018,2018-06-11,3702,2018-03-30,0100,CV1163,NA,5,5,6,3702,0,0,0,NA,0,014,ARTHUR AV,EAST J ST,264,N,N,A,-,N,NA,NA,NA,NA,NA,NA,NA,NA,NA,N,3,0,1,1,D,-,00,NA,NA,N,E,I,A,A,H,-,A,B,0,NA,NA,Y,NA,Y,NA,-,-,0,1,0,0,0,0,0,0,1,-,-,NA,NA,SAN DIEGO,CHULA VISTA,-117.05751037597656,32.63298416137695
8629666,2018,2018-06-27,3706,2018-05-12,0205,504,ESCON,6,5,6,3706,0,0,0,NA,0,055,TULIP ST,10TH AV,94,N,N,A,-,N,NA,NA,NA,NA,NA,NA,NA,NA,NA,N,3,0,1,4,A,-,08,22107,NA,N,C,E,A,A,H,-,C,D,0,NA,NA,NA,NA,Y,NA,A,07,0,1,0,0,0,0,0,0,0,-,-,33.108211517333984,-117.08661651611328,SAN DIEGO,ESCONDIDO,-117.08667755126952,33.10836410522461