CASE_ID,ACCIDENT_YEAR,PROC_DATE,JURIS,COLLISION_DATE,COLLISION_TIME,OFFICER_ID,REPORTING_DISTRICT,DAY_OF_WEEK,CHP_SHIFT,POPULATION,CNTY_CITY_LOC,SPECIAL_COND,BEAT_TYPE,CHP_BEAT_TYPE,CITY_DIVISION_LAPD,CHP_BEAT_CLASS,BEAT_NUMBER,PRIMARY_RD,SECONDARY_RD,DISTANCE,DIRECTION,INTERSECTION,WEATHER_1,WEATHER_2,STATE_HWY_IND,CALTRANS_COUNTY,CALTRANS_DISTRICT,STATE_ROUTE,ROUTE_SUFFIX,POSTMILE_PREFIX,POSTMILE,LOCATION_TYPE,RAMP_INTERSECTION,SIDE_OF_HWY,TOW_AWAY,COLLISION_SEVERITY,NUMBER_KILLED,NUMBER_INJURED,PARTY_COUNT,PRIMARY_COLL_FACTOR,PCF_CODE_OF_VIOL,PCF_VIOL_CATEGORY,PCF_VIOLATION,PCF_VIOL_SUBSECTION,HIT_AND_RUN,TYPE_OF_COLLISION,MVIW,PED_ACTION,ROAD_SURFACE,ROAD_COND_1,ROAD_COND_2,LIGHTING,CONTROL_DEVICE,CHP_ROAD_TYPE,PEDESTRIAN_ACCIDENT,BICYCLE_ACCIDENT,MOTORCYCLE_ACCIDENT,TRUCK_ACCIDENT,NOT_PRIVATE_PROPERTY,ALCOHOL_INVOLVED,STWD_VEHTYPE_AT_FAULT,CHP_VEHTYPE_AT_FAULT,COUNT_SEVERE_INJ,COUNT_VISIBLE_INJ,COUNT_COMPLAINT_PAIN,COUNT_PED_KILLED,COUNT_PED_INJURED,COUNT_BICYCLIST_KILLED,COUNT_BICYCLIST_INJURED,COUNT_MC_KILLED,COUNT_MC_INJURED,PRIMARY_RAMP,SECONDARY_RAMP,LATITUDE,LONGITUDE,COUNTY,CITY,POINT_X,POINT_Y
8777616,2018,2019-01-30,3702,2018-12-17,2208,1241,NA,1,5,6,3702,0,0,0,NA,0,013,4TH AV,H ST,0,NA,Y,A,-,N,NA,NA,NA,NA,NA,NA,NA,NA,NA,Y,4,0,1,2,A,-,12,21453,A,N,D,C,A,A,H,-,C,A,0,NA,NA,NA,NA,Y,NA,D,22,0,0,1,0,0,0,0,0,0,-,-,NA,NA,SAN DIEGO,CHULA VISTA,-117.08130645751952,32.63325119018555
8778190,2019,2019-02-06,3711,2019-01-11,0720,4691,NA,5,5,7,3711,0,0,0,NA,0,246,SPRING CANYON BR,SUNSET RIDGE RD,0,NA,Y,A,-,N,NA,NA,NA,NA,NA,NA,NA,NA,NA,Y,3,0,1,2,A,-,09,21802,A,N,D,C,A,A,H,-,A,D,0,NA,NA,NA,NA,Y,NA,-,NA,0,1,0,0,0,0,0,0,0,-,-,NA,NA,SAN DIEGO,SAN DIEGO,-117.08006286621094,32.92390823364258
8778237,2019,2019-02-02,3711,2019-01-17,1656,7688,NA,4,5,7,3711,0,0,0,NA,0,934,DEL MAR HEIGHTS RD,LANSDALE DR,0,NA,Y,A,-,N,NA,NA,NA,NA,NA,NA,NA,NA,NA,N,3,0,1,2,A,-,08,22107,NA,N,B,G,A,A,H,-,B,A,0,NA,Y,NA,NA,Y,NA,-,-,0,1,0,0,0,0,1,0,0,-,-,NA,NA,SAN DIEGO,SAN DIEGO,-117.22096252441406,32.95603942871094
8778244,2019,2019-02-02,3711,2019-01-08,1054,5454,NA,2,5,7,3711,0,0,0,NA,0,823,COLLEGE AV,UNIVERSITY AV,0,NA,Y,A,-,N,NA,NA,NA,NA,NA,NA,NA,NA,NA,N,3,0,1,2,A,-,05,21202,A,N,H,G,A,A,H,-,A,A,0,NA,Y,NA,NA,Y,NA,L,04,0,1,0,0,0,0,1,0,0,-,-,NA,NA,SAN DIEGO,SAN DIEGO,-117.06448364257813,32.75286102294922
8778765,2018,2019-02-02,3700,2018-07-05,0101,SH3324,NA,4,5,4,3720,0,0,0,NA,0,607,SKYLINE DR,CANTON DR,2,S,N,A,-,N,NA,NA,NA,NA,NA,NA,NA,NA,NA,Y,4,0,1,1,A,-,01,23152,F,N,E,I,A,A,H,-,C,A,0,NA,NA,NA,NA,Y,NA,A,01,0,0,1,0,0,0,0,0,0,-,-,NA,NA,SAN DIEGO,LEMON GROVE,-117.02638244628906,32.72339630126953
8779061,2018,2019-02-11,3700,2018-11-26,2010,SH0601,NA,1,5,5,3782,0,0,0,NA,0,212,LEUCADIA BL,SIDONIA ST,0,NA,Y,A,-,N,NA,NA,NA,NA,NA,NA,NA,NA,NA,Y,4,0,1,2,A,-,09,21800,A,N,-,C,A,A,H,-,C,A,0,NA,NA,NA,NA,Y,NA,D,22,0,0,1,0,0,0,0,0,0,-,-,NA,NA,SAN DIEGO,ENCINITAS,-117.28058624267578,33.06515884399414
8779723,2017,2019-01-11,3700,2017-08-27,1940,SH0473,NA,7,5,4,3720,0,0,0,NA,0,604,MASSACHUSETTS AV,PRIMERA ST,34,N,N,A,-,N,NA,NA,NA,NA,NA,NA,NA,NA,NA,Y,3,0,1,1,A,-,01,23152,A,N,E,I,A,A,H,-,C,D,0,NA,NA,NA,NA,Y,Y,D,22,0,1,0,0,0,0,0,0,0,-,-,NA,NA,SAN DIEGO,LEMON GROVE,-117.04256411,32.72606236
8780964,2018,2019-01-30,3711,2018-12-18,1720,7409,NA,2,5,7,3711,0,0,0,NA,0,712,WEST SAN YSIDRO BL,COTTONWOOD RD,10,E,N,A,-,N,NA,NA,NA,NA,NA,NA,NA,NA,NA,Y,2,0,1,2,A,-,17,21451,A,N,D,D,A,A,H,-,C,A,0,NA,NA,Y,NA,Y,NA,D,22,1,0,0,0,0,0,0,0,1,-,-,NA,NA,SAN DIEGO,SAN DIEGO,-117.04792785644533,32.55375671386719
8783929,2018,2019-01-30,3702,2018-12-12,1707,CV1225,NA,3,5,6,3702,0,0,0,NA,0,023,TELEGRAPH CANYON RD,OLEANDER AV,384,W,N,A,-,N,NA,NA,NA,NA,NA,NA,NA,NA,NA,Y,3,0,1,2,A,-,08,22107,NA,N,B,C,A,A,H,-,C,D,0,NA,NA,Y,NA,Y,NA,A,01,0,1,0,0,0,0,0,0,1,-,-,NA,NA,SAN DIEGO,CHULA VISTA,-117.03794860839844,32.627986907958984
8786003,2018,2019-02-01,3711,2018-11-19,1046,SD6702,NA,1,5,7,3711,0,0,0,NA,0,611,CAMINO DEL RIO W,HANCOCK ST,0,NA,Y,A,-,N,NA,NA,NA,NA,NA,NA,NA,NA,NA,Y,4,0,1,2,A,-,12,21453,A,N,A,C,A,A,H,-,A,A,0,NA,NA,NA,NA,Y,Y,-,NA,0,0,1,0,0,0,0,0,0,-,-,NA,NA,SAN DIEGO,SAN DIEGO,-117.205078125,32.754249572753906
8787933,2019,2019-02-02,3711,2019-01-09,0833,7800,NA,3,5,7,3711,0,0,0,NA,0,434,JAMACHA RD,BEACON DR,14,W,N,A,-,N,NA,NA,NA,NA,NA,NA,NA,NA,NA,Y,4,0,1,2,A,-,09,21802,A,N,D,C,A,A,H,-,A,D,0,NA,NA,NA,NA,Y,NA,A,08,0,0,1,0,0,0,0,0,0,-,-,NA,NA,SAN DIEGO,SAN DIEGO,-117.03510284423828,32.713844299316406
8788504,2019,2019-03-26,3711,2019-01-13,2115,7774,SAN D,7,5,7,3711,0,0,0,NA,0,437,GOODE ST,BIGNELL,150,E,N,A,-,N,NA,NA,NA,NA,NA,NA,NA,NA,NA,Y,4,0,2,3,A,-,08,22107,NA,M,B,C,A,A,H,-,C,D,0,NA,NA,NA,NA,Y,NA,-,-,0,0,2,0,0,0,0,0,0,-,-,NA,NA,SAN DIEGO,SAN DIEGO,-117.03070831298828,32.6895751953125
8788751,2019,2019-02-02,3711,2019-01-05,1803,8447,NA,6,5,7,3711,0,0,0,NA,0,712,WEST SAN YSIDRO BL,DAIRY MART RD,15,W,N,C,-,N,NA,NA,NA,NA,NA,NA,NA,NA,NA,Y,4,0,1,2,A,-,09,21801,A,N,A,C,A,B,H,-,C,A,0,NA,NA,NA,NA,Y,NA,D,22,0,0,1,0,0,0,0,0,0,-,-,NA,NA,SAN DIEGO,SAN DIEGO,-117.0624542236328,32.55964660644531
8788787,2019,2019-02-02,3711,2019-01-14,1530,7263,NA,1,5,7,3711,0,0,0,NA,0,122,DAWES ST,TURQUOISE ST,0,NA,Y,C,-,N,NA,NA,NA,NA,NA,NA,NA,NA,NA,Y,3,0,2,3,A,-,03,22350,NA,N,D,C,A,B,H,-,A,A,0,NA,NA,NA,NA,Y,Y,A,01,0,2,0,0,0,0,0,0,0,-,-,NA,NA,SAN DIEGO,SAN DIEGO,-117.25370025634766,32.80982971191406
8789464,2019,2019-02-12,3711,2019-01-03,1140,SD4491,NA,4,5,7,3711,0,0,0,NA,0,613,MIDWAY,MIDWAY 3600,3,N,N,A,-,N,NA,NA,NA,NA,NA,NA,NA,NA,NA,N,3,0,1,2,A,-,10,21950,A,N,G,B,C,A,H,-,A,A,0,Y,NA,NA,NA,Y,NA,A,01,0,1,0,0,1,0,0,0,0,-,-,NA,NA,SAN DIEGO,SAN DIEGO,NA,NA
8789580,2019,2019-02-07,3711,2019-01-09,1756,6891,NA,3,5,7,3711,0,0,0,NA,0,122,GRAND AV,JEWELL ST,33,W,N,A,-,N,NA,NA,NA,NA,NA,NA,NA,NA,NA,N,4,0,1,2,A,-,-,NA,NA,N,B,C,A,A,H,-,C,D,0,NA,NA,NA,NA,Y,NA,-,NA,0,0,1,0,0,0,0,0,0,-,-,NA,NA,SAN DIEGO,SAN DIEGO,-117.238525390625,32.79832458496094
8789685,2019,2019-02-06,3711,2019-01-02,1503,5611,NA,3,5,7,3711,0,0,0,NA,0,242,CAMINO RUIZ,JADE COAST DR,0,NA,N,A,-,N,NA,NA,NA,NA,NA,NA,NA,NA,NA,Y,3,0,2,3,A,-,05,21651,B,N,A,C,A,A,H,-,A,A,0,NA,NA,NA,NA,Y,NA,D,22,0,2,0,0,0,0,0,0,0,-,-,32.901851654052734,-117.14398956298828,SAN DIEGO,SAN DIEGO,-117.14414215087892,32.90188980102539
8790411,2018,2019-01-31,3700,2018-12-28,1300,SH3183,NA,5,5,5,3713,0,0,0,NA,0,308,E EMERALD DR,WEST DR,570,N,N,A,-,N,NA,NA,NA,NA,NA,NA,NA,NA,NA,N,3,0,1,2,A,-,11,21955,NA,N,G,B,D,A,H,-,A,D,0,Y,NA,NA,NA,Y,NA,N,60,0,1,0,0,1,0,0,0,0,-,-,NA,NA,SAN DIEGO,VISTA,-117.27951049804688,33.19178009033203
8790439,2018,2019-01-31,3706,2018-12-26,0932,453,ESCON,3,5,6,3706,0,0,0,NA,0,053,BEETHOVEN DR,HUCKLEBERRY LN,0,NA,Y,A,-,N,NA,NA,NA,NA,NA,NA,NA,NA,NA,Y,4,0,1,2,A,-,03,22350,NA,N,C,C,A,A,H,-,A,D,0,NA,NA,NA,NA,Y,NA,A,08,0,0,1,0,0,0,0,0,0,-,-,NA,NA,SAN DIEGO,ESCONDIDO,-117.0574188232422,33.066349029541016
8790447,2018,2019-01-31,3706,2018-12-16,1855,1846,2,7,5,6,3706,0,0,0,NA,0,001,CITRICADO PKWY,CENTRE CITY PKWY,0,NA,Y,A,-,N,NA,NA,NA,NA,NA,NA,NA,NA,NA,Y,4,0,1,2,A,-,17,21451,A,N,A,C,A,A,H,-,C,A,0,NA,NA,NA,NA,Y,NA,A,01,0,0,1,0,0,0,0,0,0,-,-,33.09067916870117,-117.0727310180664,SAN DIEGO,ESCONDIDO,-117.07308959960938,33.09077072143555
8790465,2019,2019-01-31,3706,2019-01-06,1537,1846,ESCON,7,5,6,3706,0,0,0,NA,0,044,ROSE ST,RIVA LN,0,NA,Y,A,-,N,NA,NA,NA,NA,NA,NA,NA,NA,NA,N,4,0,1,2,A,-,03,22350,NA,N,C,C,A,A,H,-,A,D,0,NA,NA,NA,NA,Y,NA,A,01,0,0,1,0,0,0,0,0,0,-,-,33.13587188720703,-117.06051635742188,SAN DIEGO,ESCONDIDO,-117.06047058105467,33.135929107666016
8791041,2019,2019-03-14,3706,2019-01-21,0654,453,ESCON,1,5,6,3706,0,0,0,NA,0,045,METCALF ST,WASHINGTON AV,178,N,N,A,-,N,NA,NA,NA,NA,NA,NA,NA,NA,NA,Y,3,0,1,2,A,-,08,22102,NA,N,D,C,A,A,H,-,A,D,0,NA,NA,Y,NA,Y,NA,D,22,0,1,0,0,0,0,0,0,1,-,-,33.121849060058594,-117.09999084472656,SAN DIEGO,ESCONDIDO,-117.10021209716795,33.12237548828125
8791057,2019,2019-03-28,3706,2019-01-14,1442,318,ESCON,1,5,6,3706,0,0,0,NA,0,046,VALLEY CENTER RD,LAKE WOHLFORD RD,455,N,N,B,C,N,NA,NA,NA,NA,NA,NA,NA,NA,NA,Y,2,0,1,2,A,-,03,22350,NA,N,A,C,A,B,H,-,A,D,0,NA,NA,NA,NA,Y,NA,D,22,1,0,0,0,0,0,0,0,0,-,-,33.16041946411133,-117.03041076660156,SAN DIEGO,ESCONDIDO,-117.03010559082033,33.16164779663086
8791397,2018,2019-03-11,3700,2018-10-26,0751,SH0138,NA,5,5,5,3781,0,0,0,NA,0,511,MAST BL,CUYAMACA ST,23,E,N,A,-,N,NA,NA,NA,NA,NA,NA,NA,NA,NA,Y,4,0,1,2,A,-,03,22350,NA,N,C,C,A,A,H,-,A,A,0,NA,NA,NA,NA,Y,NA,A,01,0,0,1,0,0,0,0,0,0,-,-,NA,NA,SAN DIEGO,SANTEE,-116.98298645019533,32.85512161254883
8792491,2019,2019-03-13,3711,2019-01-31,1000,8167,3711,4,5,7,3711,0,0,0,NA,0,931,LUSK BL,TELESIS CT,234,E,N,A,-,N,NA,NA,NA,NA,NA,NA,NA,NA,NA,Y,4,0,1,5,A,-,03,22350,NA,N,C,C,A,A,H,-,A,A,0,NA,NA,NA,NA,Y,NA,-,NA,0,0,1,0,0,0,0,0,0,-,-,NA,NA,SAN DIEGO,SAN DIEGO,-117.20685577392578,32.90072250366211
8792621,2019,2019-02-20,3711,2019-01-31,0025,7869,SAN D,4,5,7,3711,0,0,0,NA,0,523,F ST,5TH AV,0,NA,Y,A,-,N,NA,NA,NA,NA,NA,NA,NA,NA,NA,N,4,0,1,2,A,-,10,21950,A,N,A,B,B,A,H,-,C,A,0,Y,NA,NA,NA,Y,NA,-,NA,0,0,1,0,1,0,0,0,0,-,-,NA,NA,SAN DIEGO,SAN DIEGO,-117.16014862060548,32.713619232177734
8793046,2019,2019-03-14,3711,2019-02-01,0750,5611,NA,5,5,7,3711,0,0,0,NA,0,243,CAMINO RUIZ,MIRALANI DR,0,NA,-,A,-,N,NA,NA,NA,NA,NA,NA,NA,NA,NA,Y,3,0,3,2,A,-,03,22350,NA,N,C,C,A,A,H,-,A,D,0,NA,NA,NA,NA,Y,NA,A,01,0,3,0,0,0,0,0,0,0,-,-,32.89839172363281,-117.14005279541016,SAN DIEGO,SAN DIEGO,-117.13636779785156,32.89677047729492
8793101,2019,2019-02-27,3711,2019-02-07,2141,7849,NA,4,5,7,3711,0,0,0,NA,0,313,BALBOA AV,RUFFNER ST,42,S,N,A,-,N,NA,NA,NA,NA,NA,NA,NA,NA,NA,N,4,0,1,1,A,-,08,22107,NA,N,E,I,A,A,H,-,C,D,0,NA,NA,NA,NA,Y,NA,-,NA,0,0,1,0,0,0,0,0,0,-,-,NA,NA,SAN DIEGO,SAN DIEGO,-117.15686798095705,32.82183074951172
8793663,2019,2019-03-12,3711,2019-02-04,0700,7744,SAN D,1,5,7,3711,0,0,0,NA,0,441,S 39TH ST,SUPERBA ST,7,N,N,B,C,N,NA,NA,NA,NA,NA,NA,NA,NA,NA,N,3,0,1,2,A,-,09,21801,A,N,D,C,A,B,H,-,A,D,0,NA,NA,NA,NA,Y,NA,A,01,0,1,0,0,0,0,0,0,0,-,-,NA,NA,SAN DIEGO,SAN DIEGO,-117.11038208007813,32.70402908325195
8793872,2018,2019-02-26,3700,2018-11-24,0915,SH7790,NA,6,5,5,3781,0,0,0,NA,0,519,MAGNOLIA AV,MISSION GORGE RD,118,S,N,A,-,N,NA,NA,NA,NA,NA,NA,NA,NA,NA,N,3,0,2,2,A,-,03,22350,NA,N,D,C,A,A,H,-,A,D,0,NA,NA,NA,NA,Y,NA,A,07,0,1,1,0,0,0,0,0,0,-,-,NA,NA,SAN DIEGO,SANTEE,-116.96709442138672,32.83810043334961
8794400,2019,2019-02-11,3705,2019-01-26,2026,EC0371,NA,6,5,5,3705,0,0,0,NA,0,004,E WASHINGTON AV,SOUTH 2ND ST,0,NA,Y,A,-,N,NA,NA,NA,NA,NA,NA,NA,NA,NA,Y,3,0,1,2,A,-,09,21801,A,N,D,C,A,A,H,-,C,A,0,NA,NA,NA,NA,Y,NA,A,01,0,1,0,0,0,0,0,0,0,-,-,NA,NA,SAN DIEGO,EL CAJON,-116.93728637695313,32.78765106201172
8794871,2018,2019-02-06,3711,2018-10-26,0745,6303,NA,5,5,7,3711,0,0,0,NA,0,521,F ST,13TH ST,0,NA,Y,A,-,N,NA,NA,NA,NA,NA,NA,NA,NA,NA,N,3,0,1,2,A,-,12,21453,A,N,D,C,A,A,H,-,A,A,0,NA,NA,Y,NA,Y,NA,C,03,0,1,0,0,0,0,0,0,1,-,-,NA,NA,SAN DIEGO,SAN DIEGO,-117.15283203125,32.71364974975586
8794938,2019,2019-02-22,3711,2019-01-25,1313,7515,NA,5,5,7,3711,0,0,0,NA,0,526,1ST AV,CEDAR ST,60,N,N,A,-,N,NA,NA,NA,NA,NA,NA,NA,NA,NA,N,3,0,1,1,D,-,00,NA,NA,N,H,J,A,A,H,-,A,D,0,NA,Y,NA,NA,Y,NA,-,-,0,1,0,0,0,0,1,0,0,-,-,NA,NA,SAN DIEGO,SAN DIEGO,-117.16387176513672,32.72217559814453
8795227,2019,2019-02-12,3708,2019-01-31,2334,LM1281,NA,4,5,5,3708,0,0,0,NA,0,002,LA MESA BL,DAILEY RD,37,E,N,B,-,N,NA,NA,NA,NA,NA,NA,NA,NA,NA,Y,3,0,1,2,A,-,01,23152,A,M,C,E,A,B,H,-,C,D,0,NA,NA,NA,NA,Y,Y,A,01,0,1,0,0,0,0,0,0,0,-,-,NA,NA,SAN DIEGO,LA MESA,-117.0055923461914,32.77296829223633
8795344,2019,2019-02-12,3711,2019-01-29,1634,6391,NA,2,5,7,3711,0,0,0,NA,0,234,CARMEL MOUNTAIN RD,CAMINO DEL NORTE,0,NA,Y,A,-,N,NA,NA,NA,NA,NA,NA,NA,NA,NA,N,3,0,1,2,A,-,03,22350,NA,N,C,C,A,A,H,-,A,D,0,NA,NA,NA,NA,Y,NA,A,01,0,1,0,0,0,0,0,0,0,-,-,NA,NA,SAN DIEGO,SAN DIEGO,-117.07228088378906,32.99087142944336
8795675,2019,2019-02-11,3710,2019-01-06,1515,OC1474,NA,7,5,6,3710,0,0,0,NA,0,006,EL CAM REAL,OCEANSIDE,0,NA,Y,A,-,N,NA,NA,NA,NA,NA,NA,NA,NA,NA,Y,4,0,1,2,A,-,12,21453,A,N,D,C,A,A,H,-,A,A,0,NA,NA,NA,NA,Y,NA,A,01,0,0,1,0,0,0,0,0,0,-,-,33.20180130004883,-117.3322982788086,SAN DIEGO,OCEANSIDE,-117.332418,33.201812
8796572,2019,2019-03-06,3711,2019-01-02,1855,6708,NA,3,5,7,3711,0,0,0,NA,0,242,REAGAN RD,REAGAN RD 9500,0,NA,N,A,-,N,NA,NA,NA,NA,NA,NA,NA,NA,NA,Y,4,0,1,2,A,-,08,22107,NA,N,C,E,A,A,H,-,C,D,0,NA,NA,NA,NA,Y,NA,-,NA,0,0,1,0,0,0,0,0,0,-,-,NA,NA,SAN DIEGO,SAN DIEGO,NA,NA
8796641,2019,2019-04-03,3711,2019-01-17,1456,SD4897,NA,4,5,7,3711,0,0,0,NA,0,121,OCEAN FRONT WALK,SAN LUIS REY PL,112,N,N,C,-,N,NA,NA,NA,NA,NA,NA,NA,NA,NA,N,2,0,1,1,A,-,03,22350,NA,N,F,A,A,B,H,-,A,D,0,NA,NA,Y,NA,Y,NA,C,03,1,0,0,0,0,0,0,0,1,-,-,NA,NA,SAN DIEGO,SAN DIEGO,-117.25201416015624,32.76148986816406
8797198,2019,2019-02-15,3711,2019-01-29,1850,6897,MC,2,5,7,3711,0,0,0,NA,0,833,FAIRMONT AV,DWIGHT ST,0,NA,Y,A,-,N,NA,NA,NA,NA,NA,NA,NA,NA,NA,N,3,0,1,2,A,-,10,21950,A,N,G,B,B,A,H,-,C,A,0,Y,NA,NA,NA,Y,NA,-,NA,0,1,0,0,1,0,0,0,0,-,-,NA,NA,SAN DIEGO,SAN DIEGO,-117.10098266601563,32.74401092529297
8799156,2018,2019-05-25,3700,2018-05-12,0803,SH138,NA,6,5,5,3781,0,0,0,NA,0,519,PROSPECT AV,BRACS DR,83,W,N,B,-,N,NA,NA,NA,NA,NA,NA,NA,NA,NA,N,4,0,2,3,A,-,09,21801,A,N,B,E,A,A,H,-,A,D,0,NA,NA,NA,NA,Y,NA,A,01,0,0,2,0,0,0,0,0,0,-,-,NA,NA,SAN DIEGO,SANTEE,-116.97818756103516,32.831321716308594
8799188,2018,2019-02-26,3700,2018-06-07,1640,SH3095,NA,4,5,5,3781,0,0,0,NA,0,516,MISSION GORGE RD,CROSSWAY CT,0,NA,Y,A,-,N,NA,NA,NA,NA,NA,NA,NA,NA,NA,Y,3,0,2,4,A,-,09,21801,A,N,D,C,A,A,H,-,A,D,0,NA,NA,NA,NA,Y,NA,A,01,0,1,1,0,0,0,0,0,0,-,-,NA,NA,SAN DIEGO,SANTEE,-117.02230834960938,32.8365592956543
8799192,2018,2019-02-26,3700,2018-06-09,0239,SH3095,NA,6,5,5,3781,0,0,0,NA,0,507,N MAGNOLIA AV,TOMEL CT,191,S,N,A,-,N,NA,NA,NA,NA,NA,NA,NA,NA,NA,Y,3,0,1,4,A,-,08,22107,NA,N,A,E,A,A,H,-,C,D,0,NA,NA,NA,NA,Y,NA,A,01,0,1,0,0,0,0,0,0,0,-,-,NA,NA,SAN DIEGO,SANTEE,-116.97116088867188,32.85962677001953
8800086,2019,2019-02-14,3711,2019-01-06,2132,7460,NA,7,5,7,3711,0,0,0,NA,0,624,EL CAJON BL,MISSISSIPPI ST,0,NA,Y,A,-,N,NA,NA,NA,NA,NA,NA,NA,NA,NA,Y,3,0,1,2,A,-,09,21802,A,N,D,C,A,A,H,-,C,D,0,NA,NA,NA,NA,Y,Y,A,01,0,1,0,0,0,0,0,0,0,-,-,NA,NA,SAN DIEGO,SAN DIEGO,-117.14132690429688,32.75519943237305
8800378,2019,2019-02-19,3711,2019-01-22,1428,7713,NA,2,5,7,3711,0,0,0,NA,0,931,MIRAMAR RD,MIRAMAR RD  6600,2,S,N,A,-,N,NA,NA,NA,NA,NA,NA,NA,NA,NA,N,3,0,1,2,A,-,05,21650,1,N,D,G,A,A,H,-,A,A,0,NA,Y,NA,NA,Y,NA,L,04,0,1,0,0,0,0,1,0,0,-,-,NA,NA,SAN DIEGO,SAN DIEGO,NA,NA
8800580,2019,2019-05-23,3702,2019-01-21,0610,CV1270,NA,1,5,6,3702,0,0,0,NA,0,042,OTAY LAKES RD,RT 125,0,NA,Y,B,-,Y,SD,11,125,-,-,3.846,R,4,N,Y,4,0,2,2,D,-,00,NA,NA,N,D,C,A,A,H,-,B,A,0,NA,NA,NA,NA,Y,NA,-,-,0,0,2,0,0,0,0,0,0,-,-,NA,NA,SAN DIEGO,CHULA VISTA,-116.97048950195313,32.64310073852539
8800612,2019,2019-02-21,3702,2019-01-15,1813,CV1270,NA,2,5,6,3702,0,0,0,NA,0,042,EASTLAKE PKWY,TRINIDAD COVE,70,S,N,C,-,N,NA,NA,NA,NA,NA,NA,NA,NA,NA,N,4,0,1,2,A,-,03,22350,NA,N,C,C,A,B,H,-,C,A,0,NA,NA,Y,NA,Y,NA,C,06,0,0,1,0,0,0,0,0,0,-,-,NA,NA,SAN DIEGO,CHULA VISTA,-116.96752166748048,32.6358528137207
8801276,2019,2019-02-25,3706,2019-02-05,1545,342,ESCON,2,5,6,3706,0,0,0,NA,0,044,WASHINGTON AV,BEGONIA ST,108,W,N,B,-,N,NA,NA,NA,NA,NA,NA,NA,NA,NA,Y,4,0,2,2,A,-,09,21801,A,N,D,C,A,A,H,-,A,D,0,NA,NA,NA,NA,Y,NA,A,01,0,0,2,0,0,0,0,0,0,-,-,33.13890075683594,-117.05812072753906,SAN DIEGO,ESCONDIDO,-117.05836486816406,33.13877487182617
8802787,2019,2019-02-22,3711,2019-02-01,1403,7815,NA,5,5,7,3711,0,0,0,NA,0,S21,14TH ST,G ST,0,NA,Y,B,-,N,NA,NA,NA,NA,NA,NA,NA,NA,NA,N,4,0,1,2,A,-,04,21703,NA,M,C,G,A,A,H,-,A,A,0,NA,Y,NA,NA,Y,NA,L,04,0,0,1,0,0,0,1,0,0,-,-,NA,NA,SAN DIEGO,SAN DIEGO,-117.15191650390624,32.712608337402344
8803476,2019,2019-02-27,3705,2019-02-11,1151,EC0324,NA,1,5,5,3705,0,0,0,NA,0,002,CHERRYWOOD,BROADWAY,247,S,N,A,-,N,NA,NA,NA,NA,NA,NA,NA,NA,NA,Y,3,0,2,1,A,-,08,22107,NA,N,F,I,A,A,H,-,A,D,0,NA,NA,NA,NA,Y,NA,A,01,0,1,1,0,0,0,0,0,0,-,-,NA,NA,SAN DIEGO,EL CAJON,-116.95374298095705,32.80702209472656
8804403,2019,2019-03-19,3700,2019-02-09,2040,SH0320,NA,6,5,5,3713,0,0,0,NA,0,310,VISTA VILLAGE DR,SANTA FE AV,139,E,N,A,-,N,NA,NA,NA,NA,NA,NA,NA,NA,NA,N,4,0,1,2,A,-,03,22350,NA,F,C,C,A,A,H,-,C,D,0,NA,NA,NA,NA,Y,NA,D,22,0,0,1,0,0,0,0,0,0,-,-,NA,NA,SAN DIEGO,VISTA,-117.24352264404295,33.202606201171875
8804464,2019,2019-03-12,3705,2019-01-30,1850,EC0361,NA,3,5,5,3705,0,0,0,NA,0,001,W CHASE,HARDIN,13,W,N,A,-,N,NA,NA,NA,NA,NA,NA,NA,NA,NA,Y,3,0,2,2,A,-,09,21802,A,N,D,C,A,A,H,-,C,D,0,NA,NA,NA,NA,Y,NA,D,22,0,2,0,0,0,0,0,0,0,-,-,NA,NA,SAN DIEGO,EL CAJON,-116.97391510009766,32.78042221069336
8804530,2019,2019-03-06,3711,2019-02-19,1620,7713,NA,2,5,7,3711,0,0,0,NA,0,937,CAMINO DEL SUR,GARRETSON ST,0,NA,Y,A,-,N,NA,NA,NA,NA,NA,NA,NA,NA,NA,Y,3,0,1,2,A,-,12,21453,NA,N,D,C,A,A,H,-,A,A,0,NA,NA,NA,NA,Y,NA,-,NA,0,1,0,0,0,0,0,0,0,-,-,NA,NA,SAN DIEGO,SAN DIEGO,-117.12650299072266,33.02178192138672
8806768,2019,2019-03-12,3701,2019-01-14,1320,CB5288,37,1,5,5,3701,0,0,0,NA,0,002,CARLSBAD BL,TAMARACK AV,60,S,N,C,-,N,NA,NA,NA,NA,NA,NA,NA,NA,NA,NA,3,0,3,3,A,-,03,22350,NA,N,-,C,A,B,H,-,A,A,0,NA,NA,NA,NA,Y,NA,A,01,0,3,0,0,0,0,0,0,0,-,-,NA,NA,SAN DIEGO,CARLSBAD,-117.34525299072266,33.14739227294922
8807081,2019,2019-03-06,3708,2019-02-13,2003,LM1158,NA,3,5,5,3708,0,0,0,NA,0,002,LEMON AV,ALTO DR,390,W,N,C,-,N,NA,NA,NA,NA,NA,NA,NA,NA,NA,Y,3,0,2,1,A,-,01,23152,A,N,E,I,A,B,H,-,D,D,0,NA,NA,NA,NA,Y,Y,A,01,0,2,0,0,0,0,0,0,0,-,-,NA,NA,SAN DIEGO,LA MESA,-116.99481201171876,32.768272399902344
8807467,2019,2019-04-23,3711,2019-02-04,0553,SD7205,NA,1,5,7,3711,0,0,0,NA,0,312,AERO DR,GURNARD ST,0,NA,Y,C,-,N,NA,NA,NA,NA,NA,NA,NA,NA,NA,N,4,0,2,3,A,-,09,21802,A,N,D,C,A,B,-,-,C,A,0,NA,NA,Y,NA,Y,NA,A,01,0,0,2,0,0,0,0,0,0,-,-,NA,NA,SAN DIEGO,SAN DIEGO,-117.10655975341795,32.80974197387695