CASE_ID,ACCIDENT_YEAR,PROC_DATE,JURIS,COLLISION_DATE,COLLISION_TIME,OFFICER_ID,REPORTING_DISTRICT,DAY_OF_WEEK,CHP_SHIFT,POPULATION,CNTY_CITY_LOC,SPECIAL_COND,BEAT_TYPE,CHP_BEAT_TYPE,CITY_DIVISION_LAPD,CHP_BEAT_CLASS,BEAT_NUMBER,PRIMARY_RD,SECONDARY_RD,DISTANCE,DIRECTION,INTERSECTION,WEATHER_1,WEATHER_2,STATE_HWY_IND,CALTRANS_COUNTY,CALTRANS_DISTRICT,STATE_ROUTE,ROUTE_SUFFIX,POSTMILE_PREFIX,POSTMILE,LOCATION_TYPE,RAMP_INTERSECTION,SIDE_OF_HWY,TOW_AWAY,COLLISION_SEVERITY,NUMBER_KILLED,NUMBER_INJURED,PARTY_COUNT,PRIMARY_COLL_FACTOR,PCF_CODE_OF_VIOL,PCF_VIOL_CATEGORY,PCF_VIOLATION,PCF_VIOL_SUBSECTION,HIT_AND_RUN,TYPE_OF_COLLISION,MVIW,PED_ACTION,ROAD_SURFACE,ROAD_COND_1,ROAD_COND_2,LIGHTING,CONTROL_DEVICE,CHP_ROAD_TYPE,PEDESTRIAN_ACCIDENT,BICYCLE_ACCIDENT,MOTORCYCLE_ACCIDENT,TRUCK_ACCIDENT,NOT_PRIVATE_PROPERTY,ALCOHOL_INVOLVED,STWD_VEHTYPE_AT_FAULT,CHP_VEHTYPE_AT_FAULT,COUNT_SEVERE_INJ,COUNT_VISIBLE_INJ,COUNT_COMPLAINT_PAIN,COUNT_PED_KILLED,COUNT_PED_INJURED,COUNT_BICYCLIST_KILLED,COUNT_BICYCLIST_INJURED,COUNT_MC_KILLED,COUNT_MC_INJURED,PRIMARY_RAMP,SECONDARY_RAMP,LATITUDE,LONGITUDE,COUNTY,CITY,POINT_X,POINT_Y
8859314,2019,2019-05-21,3700,2019-05-03,0528,SH7790,NA,5,5,5,3781,0,0,0,NA,0,516,MISSION GORGE RD,WEST HILLS PKWY,0,NA,Y,A,-,N,NA,NA,NA,NA,NA,NA,NA,NA,NA,N,3,0,2,2,A,-,09,21453,C,N,A,C,A,A,H,-,C,A,0,NA,NA,NA,NA,Y,NA,A,01,0,1,1,0,0,0,0,0,0,-,-,NA,NA,SAN DIEGO,SANTEE,-117.0267333984375,32.837100982666016
8862028,2019,2019-05-23,3711,2019-05-12,1921,7877,NA,7,5,7,3711,0,0,0,NA,0,627,3RD AV,ROBINSON AV,0,NA,N,A,-,N,NA,NA,NA,NA,NA,NA,NA,NA,NA,N,3,0,1,1,A,-,08,22107,NA,N,H,J,A,A,H,-,B,D,0,NA,NA,Y,NA,Y,NA,C,03,0,1,0,0,0,0,0,0,1,-,-,NA,NA,SAN DIEGO,SAN DIEGO,-117.16274261474608,32.74692916870117
8862044,2019,2019-08-27,3711,2019-05-04,1620,SD7604,NA,6,5,7,3711,0,0,0,NA,0,934,CARMEL COUNTRY RD,RT 56,0,NA,Y,A,-,Y,SD,11,56,-,-,1.84,R,4,W,N,3,0,1,2,A,-,08,22107,NA,N,G,B,B,A,H,-,A,A,0,Y,NA,NA,NA,Y,NA,A,01,0,1,0,0,1,0,0,0,0,-,WO,NA,NA,SAN DIEGO,SAN DIEGO,-117.21388244628906,32.94424819946289
8863559,2019,2019-05-22,3701,2019-04-21,1446,CB5470,NA,7,5,5,3701,0,0,0,NA,0,005,FARADAY AV,COLLEGE BL,0,NA,Y,A,-,N,NA,NA,NA,NA,NA,NA,NA,NA,NA,Y,2,0,2,2,A,-,12,21453,A,N,D,C,A,A,H,-,A,A,0,NA,NA,NA,NA,Y,NA,A,01,1,1,0,0,0,0,0,0,0,-,-,NA,NA,SAN DIEGO,CARLSBAD,-117.28600311279295,33.13549041748047
8864180,2019,2019-05-31,3706,2019-05-14,1155,374,ESCON,2,5,6,3706,0,0,0,NA,0,041,BROADWAY,MERION GLEN,0,NA,Y,A,-,N,NA,NA,NA,NA,NA,NA,NA,NA,NA,Y,4,0,1,2,A,-,12,21453,A,N,D,C,A,A,H,-,A,A,0,NA,NA,NA,NA,Y,NA,A,01,0,0,1,0,0,0,0,0,0,-,-,33.16836929321289,-117.09044647216795,SAN DIEGO,ESCONDIDO,-117.0905532836914,33.16838836669922
8866009,2019,2019-06-06,3709,2019-05-12,2310,0492,NA,7,5,5,3709,0,0,0,NA,0,023,SWEETWATER RD 2000,EUCLID AV,0,NA,Y,A,-,N,NA,NA,NA,NA,NA,NA,NA,NA,NA,N,4,0,1,2,A,-,12,21453,A,N,C,C,A,A,H,-,C,A,0,NA,NA,NA,NA,Y,NA,A,08,0,0,1,0,0,0,0,0,0,-,-,NA,NA,SAN DIEGO,NATIONAL CITY,-117.07862,32.66121
8868220,2019,2019-06-11,3711,2019-03-30,2157,SD233,NA,6,5,7,3711,0,0,0,NA,0,121,OCEAN FRONT WALK,KINGSTON CT,21,N,N,A,-,N,NA,NA,NA,NA,NA,NA,NA,NA,NA,N,2,0,1,1,A,-,03,22350,A,N,F,A,A,A,H,-,C,D,0,NA,NA,Y,NA,Y,Y,C,03,1,0,0,0,0,0,0,0,1,-,-,NA,NA,SAN DIEGO,SAN DIEGO,-117.25311279296876,32.775718688964844
8868662,2019,2019-05-31,3711,2019-04-14,0730,SD7008,NA,7,5,7,3711,0,0,0,NA,0,111,BIRKDALE WY,MOUNT ABERNATHY AV,21,W,N,A,-,N,NA,NA,NA,NA,NA,NA,NA,NA,NA,N,2,0,1,2,A,-,21,22106,NA,N,D,B,F,A,H,-,A,A,0,Y,NA,NA,NA,Y,NA,A,01,1,0,0,0,1,0,0,0,0,-,-,NA,NA,SAN DIEGO,SAN DIEGO,-117.17276000976563,32.82668685913086
8868683,2019,2019-06-06,3700,2019-05-17,0920,SH2439,NA,5,5,5,3713,0,0,0,NA,0,309,NORTH MELROSE DR,OLIVE AV,0,NA,Y,A,-,N,NA,NA,NA,NA,NA,NA,NA,NA,NA,Y,4,0,1,2,A,-,09,21453,B,N,D,C,A,A,H,-,A,A,0,NA,NA,NA,NA,Y,NA,A,07,0,0,1,0,0,0,0,0,0,-,-,NA,NA,SAN DIEGO,VISTA,-117.25425720214844,33.204681396484375
8868829,2019,2019-06-03,3700,2019-04-30,1509,SH2526,NA,2,5,4,3780,0,0,0,NA,0,411,TWIN PEAKS RD,BUDWIN LN,0,NA,Y,A,-,N,NA,NA,NA,NA,NA,NA,NA,NA,NA,Y,4,0,1,2,A,-,12,21453,A,N,D,C,A,A,H,-,A,A,0,NA,NA,NA,NA,Y,NA,A,07,0,0,1,0,0,0,0,0,0,-,-,NA,NA,SAN DIEGO,POWAY,-117.03246307373048,32.97829055786133
8868837,2019,2019-06-03,3700,2019-04-22,0705,SH3098,NA,1,5,4,3780,0,0,0,NA,0,406,ESPOLA RD,CLOUDCROFT DR,0,NA,Y,B,-,N,NA,NA,NA,NA,NA,NA,NA,NA,NA,Y,4,0,2,3,A,-,09,21801,A,N,D,C,A,A,H,-,A,D,0,NA,NA,NA,NA,Y,NA,-,-,0,0,2,0,0,0,0,0,0,-,-,NA,NA,SAN DIEGO,POWAY,-117.03717041015624,33.01863098144531
8869133,2019,2019-06-05,3701,2019-05-17,2200,CB5512,37,5,5,5,3701,0,0,0,NA,0,002,CARLSBAD BL,OAK AV,0,NA,Y,A,-,N,NA,NA,NA,NA,NA,NA,NA,NA,NA,N,3,0,1,2,A,-,17,21209,A,F,C,G,A,A,H,-,C,D,0,NA,Y,NA,NA,Y,NA,A,01,0,1,0,0,0,0,1,0,0,-,-,NA,NA,SAN DIEGO,CARLSBAD,-117.35076141357422,33.156761169433594
8871560,2019,2019-06-24,3702,2019-04-20,1243,CV1148,NA,6,5,6,3702,0,0,0,NA,0,032,OTAY LAKES RD,GOTHAM ST,0,NA,Y,A,-,N,NA,NA,NA,NA,NA,NA,NA,NA,NA,Y,2,0,1,2,A,-,06,21755,NA,N,B,C,A,A,H,-,A,A,0,NA,NA,Y,NA,Y,NA,C,02,1,0,0,0,0,0,0,0,1,-,-,NA,NA,SAN DIEGO,CHULA VISTA,-116.99420166015624,32.6421012878418
8871677,2019,2019-11-20,3702,2019-05-20,1320,CV0673,NA,1,5,6,3702,0,0,0,NA,0,021,PALOMAR ST,RT 5,99,W,N,A,-,Y,SD,11,5,-,-,55.902,R,4,N,Y,4,0,1,2,A,-,03,22350,NA,N,C,C,A,-,H,-,A,D,0,NA,NA,NA,NA,Y,NA,D,22,0,0,1,0,0,0,0,0,0,-,NF,NA,NA,SAN DIEGO,CHULA VISTA,-117.39781188964844,33.22849655151367
8871914,2019,2019-06-25,3702,2019-05-05,2130,CV1114,NA,7,5,6,3702,0,0,0,NA,0,022,3RD AV,QUINTARD ST,0,NA,Y,A,-,N,NA,NA,NA,NA,NA,NA,NA,NA,NA,Y,3,0,2,2,A,-,12,21453,A,N,D,C,A,A,H,-,C,A,0,NA,NA,NA,NA,Y,NA,A,01,0,1,1,0,0,0,0,0,0,-,-,NA,NA,SAN DIEGO,CHULA VISTA,-117.06504058837892,32.60332107543945
8872245,2019,2019-06-10,3711,2019-05-12,1000,SD7487,NA,7,5,7,3711,0,0,0,NA,0,124,VIA CAPRI,SENN WY,233,E,N,A,-,N,NA,NA,NA,NA,NA,NA,NA,NA,NA,N,3,0,1,1,A,-,21,22106,NA,N,-,A,A,A,H,-,A,D,0,NA,NA,Y,NA,Y,NA,C,02,0,1,0,0,0,0,0,0,1,-,-,NA,NA,SAN DIEGO,SAN DIEGO,-117.24712371826172,32.84355163574219
8875223,2019,2019-06-14,3711,2019-05-27,0125,SD6223,NA,1,5,7,3711,0,0,0,NA,0,521,PARK BL,A ST,0,NA,Y,B,-,N,NA,NA,NA,NA,NA,NA,NA,NA,NA,N,4,0,1,2,A,-,03,22350,NA,N,C,C,A,B,H,-,C,A,0,NA,NA,NA,NA,Y,Y,A,01,0,0,1,0,0,0,0,0,0,-,-,NA,NA,SAN DIEGO,SAN DIEGO,-117.15384674072266,32.71887969970703
8875796,2019,2019-11-08,3705,2019-05-26,0047,EC0376,NA,7,5,5,3705,0,0,0,NA,0,001,NAVAJO RD,RT 125,0,NA,Y,A,-,Y,SD,11,125,-,-,19.862,R,4,N,Y,3,0,1,2,A,-,09,21453,C,N,A,C,A,A,H,-,C,A,0,NA,NA,NA,NA,Y,Y,A,01,0,1,0,0,0,0,0,0,0,-,-,NA,NA,SAN DIEGO,EL CAJON,-117.00535583496094,32.804237365722656
8876220,2019,2019-06-12,3711,2019-05-19,0155,SD7899,NA,7,5,7,3711,0,0,0,NA,0,311,GRAMERCY DR,RUFFIN RD,0,NA,Y,C,-,N,NA,NA,NA,NA,NA,NA,NA,NA,NA,N,4,0,1,5,A,-,08,22107,NA,N,B,E,A,B,H,-,C,D,0,NA,NA,NA,NA,Y,NA,A,01,0,0,1,0,0,0,0,0,0,-,-,NA,NA,SAN DIEGO,SAN DIEGO,-117.1289520263672,32.8018684387207
8876993,2019,2019-11-08,3711,2019-05-31,0844,SD7709,NA,5,5,7,3711,0,0,0,NA,0,512,NATIONAL AV,SOUTH 28TH ST,0,NA,Y,B,-,Y,SD,11,5,-,R,13.172,R,4,N,N,3,0,1,1,C,-,18,NA,NA,N,E,I,A,A,H,-,A,A,0,NA,NA,NA,NA,Y,NA,-,-,0,1,0,0,0,0,0,0,0,-,-,NA,NA,SAN DIEGO,SAN DIEGO,-117.13029479980467,32.69453811645508
8881362,2019,2019-07-08,3705,2019-03-08,1358,EC0219,NA,5,5,5,3705,0,0,0,NA,0,003,E WASHINGTON AV,JAMACHA RD,40,E,N,B,-,N,NA,NA,NA,NA,NA,NA,NA,NA,NA,N,4,0,1,2,A,-,03,22350,NA,N,C,C,A,B,H,-,A,A,0,NA,NA,NA,Y,Y,NA,F,26,0,0,1,0,0,0,0,0,0,-,-,NA,NA,SAN DIEGO,EL CAJON,-116.92803192138672,32.78767776489258
8881998,2019,2019-09-23,3705,2019-05-26,2200,EC0371,NA,7,5,5,3705,0,0,0,NA,0,003,EAST MAIN ST,GREENFIELD DR,365,S,N,C,-,N,NA,NA,NA,NA,NA,NA,NA,NA,NA,N,4,0,1,2,A,-,11,21955,NA,N,G,B,D,B,H,-,C,D,0,Y,NA,NA,NA,Y,NA,N,60,0,0,1,0,1,0,0,0,0,-,-,NA,NA,SAN DIEGO,EL CAJON,-116.91915130615234,32.81144714355469
8882212,2019,2019-07-24,3705,2019-06-09,1657,EC0324,NA,7,5,5,3705,0,0,0,NA,0,002,MOLLISON,FRIENDLY CIR,375,N,N,A,-,N,NA,NA,NA,NA,NA,NA,NA,NA,NA,N,4,0,1,2,A,-,03,22350,NA,N,C,C,A,A,H,-,A,A,0,NA,NA,NA,NA,Y,NA,A,07,0,0,1,0,0,0,0,0,0,-,-,NA,NA,SAN DIEGO,EL CAJON,-116.9509735107422,32.80241775512695
8882588,2019,2019-07-23,3709,2019-06-12,1624,NC0479,NA,3,5,5,3709,0,0,0,NA,0,023,SWEETWATER RD,RING RD,0,NA,Y,A,-,N,NA,NA,NA,NA,NA,NA,NA,NA,NA,Y,4,0,1,3,A,-,12,21453,A,N,D,C,A,A,H,-,A,A,0,NA,NA,NA,NA,Y,NA,A,01,0,0,1,0,0,0,0,0,0,-,-,NA,NA,SAN DIEGO,NATIONAL CITY,-117.06346130371094,32.65869140625
8882717,2019,2019-07-18,3711,2019-06-15,1100,SD6344,NA,6,5,7,3711,0,0,0,NA,0,313,RUFFIN RD,SPECTRUM CENTER CT,156,S,N,A,-,N,NA,NA,NA,NA,NA,NA,NA,NA,NA,N,3,0,2,3,A,-,03,22350,NA,N,C,E,A,A,H,-,A,D,0,NA,NA,Y,NA,Y,NA,C,02,0,2,0,0,0,0,0,0,2,-,-,NA,NA,SAN DIEGO,SAN DIEGO,-117.12751007080078,32.82496643066406
8882890,2019,2019-07-08,3700,2019-05-22,0141,SH0165,NA,3,5,4,3780,0,0,0,NA,0,411,TWIN PEAKS RD,MIDLAND RD,19,E,N,B,-,N,NA,NA,NA,NA,NA,NA,NA,NA,NA,Y,4,0,1,1,A,-,08,22107,NA,M,E,I,A,A,H,-,C,A,0,NA,NA,NA,NA,Y,NA,A,01,0,0,1,0,0,0,0,0,0,-,-,NA,NA,SAN DIEGO,POWAY,-117.03646087646484,32.97822952270508
8884288,2019,2019-06-26,3711,2019-06-03,2228,SD7233,NA,1,5,7,3711,0,0,0,NA,0,233,CARMEL MOUNTAIN RD,SUNDEVIL WY,25,N,N,C,-,N,NA,NA,NA,NA,NA,NA,NA,NA,NA,Y,3,0,1,1,A,-,03,22350,NA,N,E,I,A,B,H,-,C,A,0,NA,NA,NA,NA,Y,Y,A,01,0,1,0,0,0,0,0,0,0,-,-,NA,NA,SAN DIEGO,SAN DIEGO,-117.11995697021484,32.96550369262695
8884300,2019,2019-06-25,3711,2019-06-11,1729,7931,NA,2,5,7,3711,0,0,0,NA,0,713,OTAY CENTER DR,SIEMPRE VILLA RD,48,N,N,A,-,N,NA,NA,NA,NA,NA,NA,NA,NA,NA,N,4,0,1,2,A,-,08,22107,NA,N,B,C,A,A,-,-,A,A,0,NA,NA,NA,NA,Y,NA,-,NA,0,0,1,0,0,0,0,0,0,-,-,NA,NA,SAN DIEGO,SAN DIEGO,-116.94248962402344,32.55421447753906
8884949,2019,2019-07-02,3708,2019-06-02,2008,LM1250,NA,7,5,5,3708,0,0,0,NA,0,003,BALTIMORE DR,MURRAY BL,134,S,N,A,-,N,NA,NA,NA,NA,NA,NA,NA,NA,NA,N,4,0,1,2,A,-,01,23152,F,N,C,C,A,A,H,-,C,A,0,NA,NA,NA,NA,Y,NA,A,01,0,0,1,0,0,0,0,0,0,-,-,NA,NA,SAN DIEGO,LA MESA,-117.03275299072266,32.78053665161133
8886017,2019,2019-07-09,3711,2019-05-21,1000,SD5454,NA,2,5,7,3711,0,0,0,NA,0,831,UNIVERSITY AV,HIGHLAND AV,0,NA,Y,B,-,N,NA,NA,NA,NA,NA,NA,NA,NA,NA,N,2,0,1,2,A,-,10,21950,A,N,G,B,B,A,H,-,A,A,0,Y,NA,NA,NA,Y,NA,A,01,1,0,0,0,1,0,0,0,0,-,-,NA,NA,SAN DIEGO,SAN DIEGO,-117.09873199462892,32.749610900878906
8887716,2019,2019-07-03,3701,2019-05-27,1623,CB5535,119,1,5,5,3701,0,0,0,NA,0,008,CALLE BARCELONA,WOODFERN LN,63,W,N,A,-,N,NA,NA,NA,NA,NA,NA,NA,NA,NA,N,4,0,1,2,A,-,03,22350,NA,F,C,C,A,A,H,-,A,A,0,NA,NA,NA,NA,Y,Y,A,01,0,0,1,0,0,0,0,0,0,-,-,NA,NA,SAN DIEGO,CARLSBAD,-117.26593780517578,33.07294464111328
8888758,2019,2019-07-19,3710,2019-06-17,1710,OC1401,NA,1,5,6,3710,0,0,0,NA,0,012,EL CAMINIO REAL,OCEANSIDE BL,1600,S,N,B,-,N,NA,NA,NA,NA,NA,NA,NA,NA,NA,Y,4,0,1,2,A,-,03,22350,NA,N,C,C,A,A,H,-,A,A,0,NA,NA,NA,NA,Y,NA,D,22,0,0,1,0,0,0,0,0,0,-,-,NA,NA,SAN DIEGO,OCEANSIDE,-117.32991027832033,33.19799041748047
8889358,2019,2019-07-15,3711,2019-06-29,1751,7843,NA,6,5,7,3711,0,0,0,NA,0,436,MEADOWBROOK DR,SKYLINE DR,33,S,N,A,-,N,NA,NA,NA,NA,NA,NA,NA,NA,NA,Y,3,0,1,2,A,-,03,22350,NA,N,B,C,A,A,H,-,A,A,0,NA,NA,Y,NA,Y,NA,-,-,0,1,0,0,0,0,0,0,1,-,-,NA,NA,SAN DIEGO,SAN DIEGO,-117.03072357177734,32.70256042480469
8889723,2019,2019-08-16,3708,2019-07-02,2138,LM1250,NA,2,5,5,3708,0,0,0,NA,0,001,UNIVERSITY AV,70TH ST,0,NA,Y,A,-,N,NA,NA,NA,NA,NA,NA,NA,NA,NA,Y,3,0,2,2,A,-,01,23152,A,F,D,C,A,A,H,-,C,A,0,NA,NA,NA,NA,Y,Y,A,01,0,1,1,0,0,0,0,0,0,-,-,NA,NA,SAN DIEGO,LA MESA,-117.04753875732422,32.75532913208008
8892352,2019,2019-07-17,3700,2019-01-07,1810,SH0595,NA,1,5,4,3707,0,0,0,NA,0,710,IMPERIAL BEACH BL,GEORGIA ST,0,NA,Y,A,-,N,NA,NA,NA,NA,NA,NA,NA,NA,NA,Y,4,0,1,2,A,-,09,21802,B,N,B,C,A,A,H,-,C,A,0,NA,NA,NA,NA,Y,NA,-,NA,0,0,1,0,0,0,0,0,0,-,-,NA,NA,SAN DIEGO,IMPERIAL BEACH,-117.10453033447266,32.57651901245117
8893831,2019,2019-09-06,3709,2019-07-05,1012,NC0517,NA,5,5,5,3709,0,0,0,NA,0,020,HIGHLAND AV,E 2ND ST,0,NA,Y,A,-,N,NA,NA,NA,NA,NA,NA,NA,NA,NA,Y,3,0,3,2,A,-,09,21802,A,N,D,C,A,A,H,-,A,A,0,NA,NA,NA,NA,Y,NA,A,01,0,2,1,0,0,0,0,0,0,-,-,NA,NA,SAN DIEGO,NATIONAL CITY,-117.10073852539063,32.683319091796875
8895642,2019,2019-11-08,3703,2019-06-28,2339,1120,NA,5,5,3,3703,0,0,0,NA,0,001,3RD ST,B AV,10,E,N,A,-,Y,SD,11,75,-,R,19.86,H,-,S,Y,4,0,1,1,A,-,01,23152,A,M,E,I,A,A,H,-,C,D,0,NA,NA,NA,Y,Y,Y,F,26,0,0,1,0,0,0,0,0,0,-,-,NA,NA,SAN DIEGO,CORONADO,-117.17157745361328,32.694889068603516
8896201,2019,2019-07-24,3711,2019-06-20,1031,SD7701,NA,4,5,7,3711,0,0,0,NA,0,122,GARNET AV,FANUEL ST,25,W,N,C,-,N,NA,NA,NA,NA,NA,NA,NA,NA,NA,N,4,0,2,3,A,-,00,20001,B,M,C,C,A,A,H,-,C,A,0,NA,NA,NA,NA,Y,NA,-,99,0,0,2,0,0,0,0,0,0,-,-,NA,NA,SAN DIEGO,SAN DIEGO,-117.24642944335938,32.79851150512695
8896686,2019,2019-11-08,3700,2019-07-16,1637,SH0690,NA,2,5,5,3712,0,0,0,NA,0,354,NORDAHL RD,RT 78,0,NA,Y,A,-,Y,SD,11,78,-,-,15.34,R,4,W,N,2,0,1,2,A,-,11,21950,B,N,G,B,B,A,H,-,A,A,0,Y,NA,NA,NA,Y,Y,N,60,1,0,0,0,1,0,0,0,0,-,WO,NA,NA,SAN DIEGO,SAN MARCOS,-117.121255,33.132678
8896910,2019,2019-08-06,3711,2019-06-13,2234,SD4310,NA,4,5,7,3711,0,0,0,NA,0,121,MISSION BL,MISSION BL 3800,0,NA,Y,A,-,N,NA,NA,NA,NA,NA,NA,NA,NA,NA,N,3,0,1,1,A,-,08,22107,NA,N,E,I,A,A,H,-,C,D,0,NA,NA,Y,NA,Y,Y,C,03,0,1,0,0,0,0,0,0,1,-,-,NA,NA,SAN DIEGO,SAN DIEGO,NA,NA
8896929,2019,2019-08-07,3700,2019-03-30,0531,SH3208,NA,6,5,4,3707,0,0,0,NA,0,702,7TH ST,7TH ST 575,0,NA,Y,A,-,N,NA,NA,NA,NA,NA,NA,NA,NA,NA,N,4,0,1,4,A,-,03,22350,NA,N,F,E,A,A,H,-,B,D,0,NA,NA,NA,NA,Y,NA,A,01,0,0,1,0,0,0,0,0,0,-,-,NA,NA,SAN DIEGO,IMPERIAL BEACH,-117.118033,32.586166
8896948,2019,2019-08-07,3700,2019-05-08,1613,SH3208,NA,3,5,4,3707,0,0,0,NA,0,704,DONAX AV,EMORY ST,0,NA,Y,A,-,N,NA,NA,NA,NA,NA,NA,NA,NA,NA,N,4,0,1,2,A,-,17,21657,NA,M,D,C,A,A,H,-,A,D,0,NA,NA,NA,NA,Y,NA,A,01,0,0,1,0,0,0,0,0,0,-,-,NA,NA,SAN DIEGO,IMPERIAL BEACH,-117.11305236816406,32.58229064941406
8898523,2019,2019-08-23,3711,2019-06-19,1630,7921,NA,3,5,7,3711,0,0,0,NA,0,826,MARLBOROUGH DR,MADISON,20,N,-,A,-,N,NA,NA,NA,NA,NA,NA,NA,NA,NA,N,4,0,1,3,A,-,08,22107,NA,N,C,-,A,A,H,-,A,-,0,NA,NA,NA,NA,Y,Y,A,01,0,0,1,0,0,0,0,0,0,-,-,NA,NA,SAN DIEGO,SAN DIEGO,-117.10636138916016,32.76090621948242
8899010,2019,2019-07-25,3709,2019-05-11,1359,NC0486,NA,6,5,5,3709,0,0,0,NA,0,021,DIVISION ST,U AV,0,NA,Y,A,-,N,NA,NA,NA,NA,NA,NA,NA,NA,NA,N,4,0,1,2,A,-,08,22107,NA,N,B,C,A,A,H,-,A,D,0,NA,NA,NA,NA,Y,NA,A,01,0,0,1,0,0,0,0,0,0,-,-,NA,NA,SAN DIEGO,NATIONAL CITY,-117.08788299560548,32.68878936767578
8899649,2019,2019-08-01,3709,2019-07-09,1745,NC0458,NA,2,5,5,3709,0,0,0,NA,0,020,HIGHLAND AV,PLAZA BL,0,NA,Y,A,-,N,NA,NA,NA,NA,NA,NA,NA,NA,NA,N,3,0,1,2,A,-,05,21650,1,N,A,G,A,A,H,-,A,A,0,NA,Y,NA,NA,Y,NA,L,04,0,1,0,0,0,0,1,0,0,-,-,NA,NA,SAN DIEGO,NATIONAL CITY,-117.09810638427734,32.6763916015625
8899927,2019,2019-07-30,3711,2019-07-09,1858,SD6365,NA,2,5,7,3711,0,0,0,NA,0,628,INDIA ST,WEST SPRUCE,0,NA,Y,A,-,N,NA,NA,NA,NA,NA,NA,NA,NA,NA,Y,4,0,2,2,A,-,04,21703,NA,N,C,C,A,A,H,-,A,D,0,NA,NA,NA,NA,Y,NA,A,01,0,0,2,0,0,0,0,0,0,-,-,NA,NA,SAN DIEGO,SAN DIEGO,-117.17533111572266,32.736488342285156
8899990,2019,2019-07-30,3711,2019-07-06,2300,SD6223,NA,6,5,7,3711,0,0,0,NA,0,524,FRONT ST,FRONT ST 1200,0,NA,Y,A,-,N,NA,NA,NA,NA,NA,NA,NA,NA,NA,N,4,0,1,2,A,-,09,21800,A,N,D,C,A,A,H,-,-,A,0,NA,NA,NA,NA,Y,NA,A,07,0,0,1,0,0,0,0,0,0,-,-,NA,NA,SAN DIEGO,SAN DIEGO,NA,NA
8900122,2019,2019-07-30,3700,2019-07-09,1721,SH0390,NA,2,5,5,3712,0,0,0,NA,0,353,W ROCK SPRINGS RD,DOUGLAS RD,0,NA,Y,A,-,N,NA,NA,NA,NA,NA,NA,NA,NA,NA,Y,3,0,1,2,A,-,12,22450,A,N,D,C,A,A,H,-,A,D,0,NA,NA,NA,NA,Y,Y,-,NA,0,1,0,0,0,0,0,0,0,-,-,NA,NA,SAN DIEGO,SAN MARCOS,-117.12621307373048,33.14725875854492
8900967,2019,2019-07-31,3711,2019-07-03,1711,SD7888,NA,3,5,7,3711,0,0,0,NA,0,517,25TH ST,F ST,108,N,N,A,-,N,NA,NA,NA,NA,NA,NA,NA,NA,NA,N,4,0,1,2,A,-,17,21228,A,N,H,C,A,A,H,-,A,D,0,NA,NA,Y,NA,Y,Y,C,03,0,0,1,0,0,0,0,0,1,-,-,NA,NA,SAN DIEGO,SAN DIEGO,-117.14028167724608,32.71400451660156
8901775,2019,2019-08-06,3702,2019-06-13,1235,CV1242,NA,4,5,6,3702,0,0,0,NA,0,013,3RD AV,H ST,65,N,N,A,-,N,NA,NA,NA,NA,NA,NA,NA,NA,NA,N,4,0,1,2,A,-,03,22350,NA,N,C,C,A,A,H,-,A,A,0,NA,NA,NA,NA,Y,NA,D,22,0,0,1,0,0,0,0,0,0,-,-,NA,NA,SAN DIEGO,CHULA VISTA,-117.07729339599608,32.63457107543945
8901787,2019,2019-08-06,3700,2019-06-10,1325,SH0013,NA,1,5,4,3780,0,0,0,NA,0,407,ESPOLA RD,LAKE POWAY RD,0,NA,Y,A,-,N,NA,NA,NA,NA,NA,NA,NA,NA,NA,Y,3,0,2,2,A,-,12,21453,A,N,D,C,A,B,H,-,A,A,0,NA,NA,NA,NA,Y,NA,A,01,0,2,0,0,0,0,0,0,0,-,-,NA,NA,SAN DIEGO,POWAY,-117.02404022216795,33.00735855102539
8902334,2019,2019-07-25,3710,2019-04-05,1850,OC1421,3710,5,5,6,3710,0,0,0,NA,0,0B1,NORTH COAST HWY,MISSION AV,10,S,N,A,-,N,NA,NA,NA,NA,NA,NA,NA,NA,NA,N,4,0,1,1,A,-,03,22350,NA,N,E,I,A,A,H,-,A,A,0,NA,NA,Y,NA,Y,NA,C,02,0,0,1,0,0,0,0,0,1,-,-,NA,NA,SAN DIEGO,OCEANSIDE,-117.37952423095705,33.19587707519531
8904474,2019,2019-09-16,3711,2019-07-29,1049,SD6395,NA,1,5,7,3711,0,0,0,NA,0,725,OCEAN VIEW HILLS PKWY,DEL SOL BL,0,NA,Y,A,-,N,NA,NA,NA,NA,NA,NA,NA,NA,NA,N,4,0,1,2,A,-,04,21703,NA,N,C,C,A,A,H,-,A,A,0,NA,NA,Y,NA,Y,NA,A,01,0,0,1,0,0,0,0,0,1,-,-,NA,NA,SAN DIEGO,SAN DIEGO,-117.02174377441406,32.574378967285156
8905465,2019,2019-08-02,3711,2019-07-18,0658,SD7367,NA,4,5,7,3711,0,0,0,NA,0,437,SCARLET WY,SIENNA ST,0,NA,-,A,-,N,NA,NA,NA,NA,NA,NA,NA,NA,NA,Y,4,0,1,2,A,-,09,21800,A,N,D,C,A,A,H,-,A,A,0,NA,NA,NA,NA,Y,NA,A,07,0,0,1,0,0,0,0,0,0,-,-,NA,NA,SAN DIEGO,SAN DIEGO,-117.03910064697266,32.70042037963867
8905474,2019,2019-08-01,3711,2019-07-15,1405,SD7247,NA,1,5,7,3711,0,0,0,NA,0,313,BALBOA AV,RUFFIN RD,0,NA,-,A,-,N,NA,NA,NA,NA,NA,NA,NA,NA,NA,N,4,0,1,2,A,-,03,22350,NA,N,C,C,A,A,H,-,A,A,0,NA,NA,NA,NA,Y,NA,A,07,0,0,1,0,0,0,0,0,0,-,-,NA,NA,SAN DIEGO,SAN DIEGO,-117.12747955322266,32.8223991394043
8905489,2019,2019-08-02,3711,2019-07-19,2248,7918,SD,5,5,7,3711,0,0,0,NA,0,836,HOME AV,FAIRMOUNT AV,0,NA,Y,A,-,N,NA,NA,NA,NA,NA,NA,NA,NA,NA,Y,4,0,3,4,A,-,03,22350,NA,N,C,C,A,A,H,-,C,A,0,NA,NA,NA,NA,Y,Y,A,01,0,0,3,0,0,0,0,0,0,-,-,NA,NA,SAN DIEGO,SAN DIEGO,-117.09973907470705,32.7288818359375