CASE_ID,ACCIDENT_YEAR,PROC_DATE,JURIS,COLLISION_DATE,COLLISION_TIME,OFFICER_ID,REPORTING_DISTRICT,DAY_OF_WEEK,CHP_SHIFT,POPULATION,CNTY_CITY_LOC,SPECIAL_COND,BEAT_TYPE,CHP_BEAT_TYPE,CITY_DIVISION_LAPD,CHP_BEAT_CLASS,BEAT_NUMBER,PRIMARY_RD,SECONDARY_RD,DISTANCE,DIRECTION,INTERSECTION,WEATHER_1,WEATHER_2,STATE_HWY_IND,CALTRANS_COUNTY,CALTRANS_DISTRICT,STATE_ROUTE,ROUTE_SUFFIX,POSTMILE_PREFIX,POSTMILE,LOCATION_TYPE,RAMP_INTERSECTION,SIDE_OF_HWY,TOW_AWAY,COLLISION_SEVERITY,NUMBER_KILLED,NUMBER_INJURED,PARTY_COUNT,PRIMARY_COLL_FACTOR,PCF_CODE_OF_VIOL,PCF_VIOL_CATEGORY,PCF_VIOLATION,PCF_VIOL_SUBSECTION,HIT_AND_RUN,TYPE_OF_COLLISION,MVIW,PED_ACTION,ROAD_SURFACE,ROAD_COND_1,ROAD_COND_2,LIGHTING,CONTROL_DEVICE,CHP_ROAD_TYPE,PEDESTRIAN_ACCIDENT,BICYCLE_ACCIDENT,MOTORCYCLE_ACCIDENT,TRUCK_ACCIDENT,NOT_PRIVATE_PROPERTY,ALCOHOL_INVOLVED,STWD_VEHTYPE_AT_FAULT,CHP_VEHTYPE_AT_FAULT,COUNT_SEVERE_INJ,COUNT_VISIBLE_INJ,COUNT_COMPLAINT_PAIN,COUNT_PED_KILLED,COUNT_PED_INJURED,COUNT_BICYCLIST_KILLED,COUNT_BICYCLIST_INJURED,COUNT_MC_KILLED,COUNT_MC_INJURED,PRIMARY_RAMP,SECONDARY_RAMP,LATITUDE,LONGITUDE,COUNTY,CITY,POINT_X,POINT_Y
8981699,2019,2019-11-22,3711,2019-10-14,1610,SD7869,NA,1,5,7,3711,0,0,0,NA,0,313,CONVOY ST,BALBOA AV,390,S,N,A,-,N,NA,NA,NA,NA,NA,NA,NA,NA,NA,Y,3,0,2,3,A,-,09,21804,A,N,B,C,A,A,H,-,A,A,0,NA,NA,NA,NA,Y,NA,-,NA,0,2,0,0,0,0,0,0,0,-,-,NA,NA,SAN DIEGO,SAN DIEGO,-117.15506744384766,32.820682525634766
8981704,2019,2019-12-04,3711,2019-10-12,1512,SD7755,NA,6,5,7,3711,0,0,0,NA,0,114,CLAIREMONT MESA BL,DIANE AV,0,NA,N,A,-,N,NA,NA,NA,NA,NA,NA,NA,NA,NA,N,4,0,2,3,A,-,04,21703,NA,N,C,C,A,A,H,-,A,A,0,NA,NA,NA,NA,Y,NA,A,01,0,0,2,0,0,0,0,0,0,-,-,NA,NA,SAN DIEGO,SAN DIEGO,-117.18704986572266,32.834529876708984
8981727,2019,2020-01-07,3711,2019-10-17,2104,SD7319,NA,4,5,7,3711,0,0,0,NA,0,832,FAIRMOUNT AV,ORANGE AV,100,S,N,A,-,N,NA,NA,NA,NA,NA,NA,NA,NA,NA,Y,4,0,1,3,B,-,22,NA,NA,N,D,C,A,A,H,-,C,D,0,NA,NA,NA,NA,Y,Y,A,07,0,0,1,0,0,0,0,0,0,-,-,NA,NA,SAN DIEGO,SAN DIEGO,-117.10086822509766,32.75289535522461
8982251,2019,2019-12-02,3708,2019-10-16,1150,LM1225,NA,3,5,5,3708,0,0,0,NA,0,004,FLETCHER PKWY,BUS CT,0,NA,Y,A,-,N,NA,NA,NA,NA,NA,NA,NA,NA,NA,Y,4,0,2,2,A,-,12,21453,A,N,D,C,A,A,H,-,A,A,0,NA,NA,NA,NA,Y,NA,D,22,0,0,2,0,0,0,0,0,0,-,-,NA,NA,SAN DIEGO,LA MESA,-117.00993347167967,32.783721923828125
8984302,2019,2019-12-24,3706,2019-11-14,2116,527,ESCON,4,5,6,3706,0,0,0,NA,0,045,JOHNSTON RD,CITRACADO PKWY,336,W,N,A,-,N,NA,NA,NA,NA,NA,NA,NA,NA,NA,Y,3,0,1,2,A,-,08,22107,NA,N,C,E,A,A,H,-,C,D,0,NA,NA,NA,NA,Y,Y,A,01,0,1,0,0,0,0,0,0,0,-,-,33.09883117675781,-117.11209869384766,SAN DIEGO,ESCONDIDO,-117.11306762695313,33.098365783691406
8984872,2019,2019-12-31,3706,2019-11-18,2044,318,ESCON,1,5,6,3706,0,0,0,NA,0,041,RINCON AV,CONWAY DR,220,W,N,A,-,N,NA,NA,NA,NA,NA,NA,NA,NA,NA,Y,4,0,1,2,A,-,05,21650,NA,N,A,C,A,A,H,-,C,D,0,NA,NA,NA,NA,Y,NA,A,01,0,0,1,0,0,0,0,0,0,-,-,33.1646614074707,-117.08393096923828,SAN DIEGO,ESCONDIDO,-117.0845184326172,33.164337158203125
8985029,2019,2020-06-16,3711,2019-09-16,1920,SD7779,NA,1,5,7,3711,0,0,0,NA,0,314,MESA COLLEGE DR,RT 805,0,NA,Y,-,-,Y,SD,11,805,-,-,19.854,R,4,S,N,4,0,2,2,A,-,07,21658,A,N,-,-,A,-,-,-,-,-,0,NA,NA,NA,NA,Y,NA,A,01,0,0,2,0,0,0,0,0,0,-,SO,NA,NA,SAN DIEGO,SAN DIEGO,-117.14968872070313,32.79833984375
8985122,2019,2020-06-26,3706,2019-10-31,2000,492,ESCON,4,5,6,3706,0,0,0,NA,0,042,WASHINGTONIA AV,BEECH ST,0,NA,Y,A,-,Y,SD,11,78,-,-,18.959,I,5,E,NA,4,0,1,2,A,-,09,21804,A,N,D,C,A,A,H,-,C,D,0,NA,NA,NA,NA,Y,NA,A,01,0,0,1,0,0,0,0,0,0,-,-,NA,NA,SAN DIEGO,ESCONDIDO,-117.06542205810548,33.12693405151367
8985597,2019,2020-01-14,3709,2019-11-13,0639,NC0527,NA,3,5,5,3709,0,0,0,NA,0,021,EAST PLAZA BL,1000 HIGHLAND AV,0,NA,Y,A,-,Y,NA,NA,NA,NA,NA,NA,NA,NA,NA,Y,3,0,1,2,A,-,12,21453,A,N,D,C,A,A,H,-,A,A,0,NA,NA,NA,NA,Y,NA,A,01,0,1,0,0,0,0,0,0,0,-,-,NA,NA,SAN DIEGO,NATIONAL CITY,NA,NA
8985644,2019,2020-05-15,3700,2019-10-05,2140,SH0595,NA,6,5,5,3782,0,0,0,NA,0,210,EUROPA ST,RT 101,0,NA,Y,A,-,N,NA,NA,NA,NA,NA,NA,NA,NA,NA,N,2,0,1,2,A,-,03,22350,NA,F,G,B,E,A,H,-,D,A,0,Y,NA,NA,NA,Y,Y,-,NA,1,0,0,0,1,0,0,0,0,-,-,NA,NA,SAN DIEGO,ENCINITAS,-117.30188751220705,33.063079833984375
8985924,2019,2020-02-03,3701,2019-10-13,1759,CB5499,NA,7,5,5,3701,0,0,0,NA,0,004,HAYMAR DR,EL CAMINO REAL,740,E,N,A,-,N,NA,NA,NA,NA,NA,NA,NA,NA,NA,N,2,0,2,3,A,-,11,21954,A,N,G,B,E,A,H,-,A,D,0,Y,NA,NA,NA,Y,NA,N,60,1,0,1,0,2,0,0,0,0,-,-,NA,NA,SAN DIEGO,CARLSBAD,-117.32691192626952,33.18035125732422
8986757,2019,2020-01-28,3711,2019-11-04,1817,SD5958,NA,1,5,7,3711,0,0,0,NA,0,242,REAGAN RD,CALICO ST,12,S,N,A,-,N,NA,NA,NA,NA,NA,NA,NA,NA,NA,N,3,0,1,2,A,-,11,21950,B,N,G,B,E,A,H,-,C,D,0,Y,NA,NA,NA,Y,NA,N,60,0,1,0,0,1,0,0,0,0,-,-,NA,NA,SAN DIEGO,SAN DIEGO,-117.14714050292967,32.90898132324219
8987489,2019,2020-01-22,3708,2019-11-02,1314,1283,NA,6,5,5,3708,0,0,0,NA,0,001,UNIVERSITY AV,HARBINSON AV,305,E,N,A,-,N,NA,NA,NA,NA,NA,NA,NA,NA,NA,N,4,0,1,1,A,-,08,22107,NA,N,E,I,A,A,H,-,A,D,0,NA,NA,NA,NA,Y,NA,A,01,0,0,1,0,0,0,0,0,0,-,-,NA,NA,SAN DIEGO,LA MESA,-117.04561614990234,32.75468063354492
8987761,2019,2020-01-23,3711,2019-11-01,1155,SD7227,NA,5,5,7,3711,0,0,0,NA,0,321,ALVARADO CANYON RD,FAIRMOUNT AV,350,E,N,A,-,N,NA,NA,NA,NA,NA,NA,NA,NA,NA,N,3,0,1,1,B,-,22,NA,NA,N,H,-,A,A,A,-,A,D,0,NA,Y,NA,NA,Y,NA,L,04,0,1,0,0,0,0,1,0,0,-,-,NA,NA,SAN DIEGO,SAN DIEGO,-117.10054779052734,32.779754638671875
8987799,2019,2019-12-04,3708,2019-10-06,1326,LM1257,NA,7,5,5,3708,0,0,0,NA,0,003,BALTIMORE DR,LAKE MURRAY BL,79,S,N,A,-,N,NA,NA,NA,NA,NA,NA,NA,NA,NA,Y,3,0,1,3,A,-,08,22107,NA,N,B,E,A,A,H,-,A,A,0,NA,NA,NA,NA,Y,NA,A,01,0,1,0,0,0,0,0,0,0,-,-,NA,NA,SAN DIEGO,LA MESA,-117.03302001953124,32.7807731628418
8989273,2019,2020-01-14,3700,2019-11-14,1557,SH0817,NA,4,5,5,3712,0,0,0,NA,0,355,LA MIRADA DR,SOUTH RANCHO SANTA FE RD,6,E,N,A,-,N,NA,NA,NA,NA,NA,NA,NA,NA,NA,N,4,0,1,2,A,-,12,22450,A,N,G,B,B,A,H,-,A,A,0,Y,NA,NA,NA,Y,NA,A,01,0,0,1,0,1,0,0,0,0,-,-,NA,NA,SAN DIEGO,SAN MARCOS,-117.20186614990234,33.14317321777344
8990557,2019,2020-01-22,3700,2019-09-06,1919,SH0051,NA,5,5,4,3720,0,0,0,NA,0,601,MASSACHUSETTS AV,SAN MIGUEL  AV,0,NA,Y,A,-,N,NA,NA,NA,NA,NA,NA,NA,NA,NA,N,4,0,1,3,A,-,03,22350,NA,N,C,C,A,A,H,-,C,A,0,NA,NA,NA,Y,Y,NA,F,26,0,0,1,0,0,0,0,0,0,-,-,NA,NA,SAN DIEGO,LEMON GROVE,-117.04297637939452,32.7352294921875
8990959,2019,2020-01-11,3705,2019-11-18,1004,EC0398,NA,1,5,5,3705,0,0,0,NA,0,003,E MADISON AV,4TH ST,550,E,N,A,-,N,NA,NA,NA,NA,NA,NA,NA,NA,NA,N,3,0,1,1,A,-,03,22350,NA,N,F,I,A,A,H,-,A,D,0,NA,NA,Y,NA,Y,NA,C,02,0,1,0,0,0,0,0,0,1,-,-,NA,NA,SAN DIEGO,EL CAJON,-116.91634368896484,32.80017852783203
8991847,2019,2020-06-26,3711,2019-11-10,1125,SD4653,NA,7,5,7,3711,0,0,0,NA,0,241,MIRAMAR RD,RT 15,0,NA,Y,A,-,Y,SD,11,15,-,M,14.016,R,4,N,Y,2,0,1,2,A,-,08,22107,NA,N,B,C,A,A,H,-,A,A,0,NA,NA,Y,Y,Y,NA,C,02,1,0,0,0,0,0,0,0,1,-,NF,NA,NA,SAN DIEGO,SAN DIEGO,-117.1131591796875,32.88932418823242
8992368,2019,2020-01-10,3711,2019-11-07,1505,SD6252,NA,4,5,7,3711,0,0,0,NA,0,934,EDGEWOOD BEND CT,CARMEL VALLEY RD,0,NA,Y,A,-,N,NA,NA,NA,NA,NA,NA,NA,NA,NA,N,2,0,1,2,A,-,10,21950,A,N,G,B,-,A,H,-,A,A,0,Y,NA,NA,NA,Y,NA,D,22,1,0,0,0,1,0,0,0,0,-,-,NA,NA,SAN DIEGO,SAN DIEGO,-117.19496917724608,32.9556999206543
8992777,2019,2019-12-17,3700,2019-10-20,1034,SH0165,NA,7,5,4,3780,0,0,0,NA,0,410,POWAY RD,TARASCAN DR,578,W,N,A,-,N,NA,NA,NA,NA,NA,NA,NA,NA,NA,N,4,0,1,2,A,-,05,21650,1,N,D,G,A,A,H,-,A,D,0,NA,Y,NA,NA,Y,NA,L,04,0,0,1,0,0,0,1,0,0,-,-,NA,NA,SAN DIEGO,POWAY,-117.0487060546875,32.95661544799805
8993971,2019,2020-01-14,3711,2019-11-17,1550,SD7666,NA,7,5,7,3711,0,0,0,NA,0,122,GARNET AV,GARNET AV 1700,0,NA,Y,A,-,N,NA,NA,NA,NA,NA,NA,NA,NA,NA,Y,3,0,3,2,A,-,09,21804,A,N,D,C,A,A,H,-,A,D,0,NA,NA,NA,NA,Y,NA,A,01,0,1,2,0,0,0,0,0,0,-,-,NA,NA,SAN DIEGO,SAN DIEGO,NA,NA
8994302,2019,2019-12-11,3700,2019-10-19,1443,7709,NA,6,5,5,3782,0,0,0,NA,0,206,LEUCADIA BL,QUAIL GARDENS DR,23,W,N,A,-,N,NA,NA,NA,NA,NA,NA,NA,NA,NA,N,4,0,1,2,A,-,21,22106,NA,N,C,C,A,A,H,-,A,A,0,NA,NA,NA,NA,Y,NA,A,07,0,0,1,0,0,0,0,0,0,-,-,NA,NA,SAN DIEGO,ENCINITAS,-117.27851104736328,33.06542205810547
8995965,2019,2020-01-07,3711,2019-11-24,1500,SD5079,NA,7,5,7,3711,0,0,0,NA,0,813,LINCOLN AV,30TH ST,0,NA,Y,A,-,N,NA,NA,NA,NA,NA,NA,NA,NA,NA,N,3,0,1,2,A,-,08,22107,NA,N,B,E,A,A,H,-,A,D,0,NA,NA,NA,NA,Y,NA,-,NA,0,1,0,0,0,0,0,0,0,-,-,NA,NA,SAN DIEGO,SAN DIEGO,-117.13015747070313,32.75033187866211
8996646,2019,2019-12-30,3700,2019-11-16,1519,SH7085,NA,6,5,5,3713,0,0,0,NA,0,307,E VISTA WAY,FRANCES DR,10,N,N,A,-,N,NA,NA,NA,NA,NA,NA,NA,NA,NA,Y,4,0,1,4,A,-,03,22350,NA,N,C,C,A,A,H,-,A,A,0,NA,NA,NA,NA,Y,NA,A,01,0,0,1,0,0,0,0,0,0,-,-,NA,NA,SAN DIEGO,VISTA,-117.2335968017578,33.210575103759766
8997109,2019,2020-01-25,3711,2019-09-25,1500,SD7847,NA,3,5,7,3711,0,0,0,NA,0,937,CAMINO SAN BERNARDO,15880 CAMINO SAN BERNARDO,27,S,N,A,-,N,NA,NA,NA,NA,NA,NA,NA,NA,NA,N,3,0,1,2,A,-,03,22350,NA,N,B,C,A,A,H,-,A,D,0,NA,NA,NA,NA,Y,NA,-,-,0,1,0,0,0,0,0,0,0,-,-,NA,NA,SAN DIEGO,SAN DIEGO,NA,NA
8997113,2019,2020-01-25,3706,2019-09-23,0810,342,NA,1,5,6,3706,0,0,0,NA,0,041,ASH ST,MISSION AV,130,N,N,A,-,N,NA,NA,NA,NA,NA,NA,NA,NA,NA,N,4,0,1,2,A,-,09,21804,A,N,A,C,A,A,H,-,A,D,0,NA,NA,NA,NA,Y,NA,A,01,0,0,1,0,0,0,0,0,0,-,-,33.13608169555664,-117.07096862792967,SAN DIEGO,ESCONDIDO,-117.07070159912108,33.136383056640625
8998264,2019,2019-12-12,3702,2019-10-11,1613,1268,NA,5,5,6,3702,0,0,0,NA,0,024,PALOMAR ST,BROADWAY,0,NA,Y,A,-,N,NA,NA,NA,NA,NA,NA,NA,NA,NA,Y,4,0,2,3,A,-,09,21453,C,N,B,C,A,A,A,H,-,A,0,NA,NA,NA,NA,Y,NA,A,07,0,0,2,0,0,0,0,0,0,-,-,NA,NA,SAN DIEGO,CHULA VISTA,-117.07875823974608,32.60342025756836
8998416,2019,2020-01-24,3711,2019-11-15,1342,SD7663,NA,5,5,7,3711,0,0,0,NA,0,111,ASHFORD ST,ASHFORD ST 4100,0,NA,-,A,-,N,NA,NA,NA,NA,NA,NA,NA,NA,NA,Y,4,0,1,3,A,-,21,22106,NA,N,B,C,A,A,H,-,A,D,0,NA,NA,NA,NA,Y,NA,-,NA,0,0,1,0,0,0,0,0,0,-,-,NA,NA,SAN DIEGO,SAN DIEGO,-117.161429,32.817107
8998460,2019,2020-01-24,3700,2019-11-19,1105,SD6045,NA,2,5,5,3781,0,0,0,NA,0,312,MAST BL,MAST BL 8500,0,NA,-,G,-,N,NA,NA,NA,NA,NA,NA,NA,NA,NA,N,3,0,2,2,A,-,09,21801,A,N,D,C,A,A,H,-,A,A,0,NA,NA,NA,NA,Y,NA,A,01,0,1,1,0,0,0,0,0,0,-,-,NA,NA,SAN DIEGO,SANTEE,NA,NA
9001257,2019,2020-01-23,3711,2019-11-20,1748,SD7711,NA,3,5,7,3711,0,0,0,NA,0,452,IMPERIAL AV,65TH ST,0,NA,Y,-,-,N,NA,NA,NA,NA,NA,NA,NA,NA,NA,N,4,0,1,3,A,-,10,21950,A,N,-,-,-,-,-,-,-,-,0,Y,NA,NA,NA,Y,NA,A,07,0,0,1,0,1,0,0,0,0,-,-,NA,NA,SAN DIEGO,SAN DIEGO,-117.05802154541016,32.710548400878906
90022784,2015,2015-10-19,9650,2015-09-21,0730,016103,NA,1,1,6,3706,0,1,1,NA,2,023,I-15 S/B,VALLEY PKY,528,S,N,A,-,Y,NA,NA,15,NA,NA,NA,NA,NA,S,Y,4,0,2,3,A,-,03,22350,NA,N,C,C,A,A,H,-,A,D,0,NA,NA,NA,NA,Y,NA,D,22,0,0,2,0,0,0,0,0,0,-,-,33.11411,-117.09846,SAN DIEGO,ESCONDIDO,-117.09840414,33.11414238
90024337,2015,2015-10-19,9645,2015-09-22,0640,015046,NA,2,1,7,3711,0,1,1,NA,2,027,I-15 NORTHBOUND TO I-8 WESTBOUND,I-8 EASTBOUND,137,S,N,B,-,Y,NA,NA,15,NA,NA,NA,R,NA,N,Y,4,0,1,1,A,-,08,22107,NA,N,E,I,A,A,H,-,A,D,0,NA,NA,NA,NA,Y,NA,A,01,0,0,1,0,0,0,0,0,0,-,-,32.77838,-117.11227,SAN DIEGO,SAN DIEGO,-117.11227,32.77838
90026784,2015,2015-10-19,9680,2015-09-28,1515,017928,NA,1,2,9,3700,0,1,3,NA,1,090,SR-67 (MAIN ST),16TH ST.,0,NA,Y,A,-,Y,NA,NA,67,NA,NA,NA,NA,NA,NA,Y,4,0,1,2,A,-,09,21801,A,N,A,C,A,A,H,-,A,D,0,NA,NA,NA,NA,Y,NA,A,01,0,0,1,0,0,0,0,0,0,-,-,33.03659,-116.878,SAN DIEGO,UNINCORPORATED,-116.87811945,33.03679776
90027461,2015,2015-10-19,9645,2015-10-05,1124,014909,NA,1,1,7,3711,0,1,1,NA,2,010,I-8 EB TO MISSION GORGE ROAD,I-15,620,E,N,B,-,Y,NA,NA,8,NA,NA,NA,R,NA,E,Y,4,0,1,2,A,-,03,22350,NA,N,C,E,A,B,H,-,A,D,0,NA,NA,NA,NA,Y,NA,A,01,0,0,1,0,0,0,0,0,0,-,-,32.77812,-117.11007,SAN DIEGO,SAN DIEGO,-117.11007,32.77812
90029223,2015,2015-10-19,9650,2015-09-26,2325,019549,NA,6,3,9,3700,0,3,5,NA,1,212,COLE GRADE RD,SR-76,10560,S,N,A,-,N,NA,NA,NA,NA,NA,NA,NA,NA,NA,Y,4,0,1,1,A,-,03,22350,NA,N,E,I,A,A,H,-,D,D,0,NA,NA,NA,NA,Y,NA,A,01,0,0,1,0,0,0,0,0,0,-,-,33.30429,-117.01902,SAN DIEGO,UNINCORPORATED,-117.01849377,33.30415218
90029309,2015,2015-10-19,9650,2015-10-04,0755,013696,NA,7,1,9,3700,0,1,1,NA,2,021,I-15 N/B,SR-76,5808,S,N,C,-,Y,NA,NA,15,NA,NA,NA,NA,NA,N,Y,4,0,2,1,A,-,03,22350,NA,N,E,I,A,B,H,-,A,D,0,NA,NA,NA,NA,Y,NA,A,01,0,0,2,0,0,0,0,0,0,-,-,33.31,-117.15089,SAN DIEGO,UNINCORPORATED,-117.15075468,33.31003796
90029623,2015,2015-10-19,9680,2015-10-03,2305,019946,NA,6,3,9,3700,0,1,3,NA,1,024,SR-94,BARRETT SMITH RD,1056,E,N,A,-,Y,NA,NA,94,NA,NA,NA,NA,NA,NA,Y,4,0,4,1,A,-,08,22107,NA,N,E,I,A,A,H,-,D,D,0,NA,NA,NA,NA,Y,NA,A,01,0,0,4,0,0,0,0,0,0,-,-,32.59682,-116.67843,SAN DIEGO,UNINCORPORATED,-116.67842167,32.59684927
90030022,2015,2015-10-19,9645,2015-09-30,1200,018118,NA,3,1,7,3711,0,1,3,NA,2,006,SR-94 WESTBOUND,SR-15 U/C,100,E,N,A,-,Y,NA,NA,94,NA,NA,NA,NA,NA,W,Y,3,0,1,1,A,-,08,22107,NA,N,F,A,A,A,H,-,A,D,0,NA,NA,Y,NA,Y,NA,C,02,0,1,0,0,0,0,0,0,1,-,-,32.71722,-117.1184,SAN DIEGO,SAN DIEGO,-117.11837072,32.71704581
90031408,2015,2015-10-19,9650,2015-10-08,1645,014772,NA,4,2,5,3701,0,1,1,NA,2,005,I-5 N/B,LA COSTA AVE,2640,N,N,A,-,Y,NA,NA,5,NA,NA,NA,NA,NA,N,N,4,0,1,3,A,-,03,22350,NA,N,C,C,A,A,H,-,A,D,0,NA,NA,NA,NA,Y,NA,A,07,0,0,1,0,0,0,0,0,0,-,-,33.09075,-117.30233,SAN DIEGO,CARLSBAD,-117.3022231,33.09081933
90033080,2015,2015-10-19,9645,2015-09-23,1330,017499,NA,3,1,5,3709,0,1,1,NA,2,001,I-5 NORTHBOUND TO SR-54 EASTBOUND,SR-54 O/C,600,S,N,A,-,Y,NA,NA,5,NA,NA,NA,R,NA,N,N,3,0,1,1,A,-,08,22107,NA,N,E,I,A,A,H,-,A,D,0,NA,NA,Y,NA,Y,NA,C,02,0,1,0,0,0,0,0,0,1,-,-,32.65047,-117.10105,SAN DIEGO,NATIONAL CITY,-117.10105,32.65047
90034352,2015,2015-10-20,9650,2015-10-11,2240,015868,NA,7,3,5,3712,0,1,3,NA,2,019,SR-78 (W/B),SAN MARCOS BLVD,1150,W,N,A,-,Y,NA,NA,78,NA,NA,NA,NA,NA,NA,Y,2,0,3,2,A,-,01,23152,A,N,E,I,A,A,H,-,D,D,0,NA,NA,NA,NA,Y,Y,A,01,1,2,0,0,0,0,0,0,0,-,-,33.13949,-117.18081,SAN DIEGO,SAN MARCOS,-117.18078715,33.13955365
90037553,2015,2015-10-26,9645,2015-10-05,1325,017297,NA,1,1,7,3711,0,1,1,NA,2,010,I-8 E/B TO SR 163 N/B,I-8 E/B,20,S,N,B,C,Y,NA,NA,8,NA,NA,NA,R,NA,E,Y,3,0,1,1,A,-,03,22350,NA,N,E,I,A,B,H,-,A,D,0,NA,NA,NA,NA,Y,NA,A,01,0,1,0,0,0,0,0,0,0,-,-,32.76308,-117.16142,SAN DIEGO,SAN DIEGO,-117.16142,32.76308
90038247,2015,2015-10-26,9645,2015-10-04,1050,017498,NA,7,1,7,3711,0,1,1,NA,2,007,I-5 NORTHBOUND,VIA DE LA VALLE U/C,1584,S,N,B,-,Y,NA,NA,5,NA,NA,NA,NA,NA,N,N,4,0,1,3,A,-,03,22350,NA,N,C,C,A,B,H,-,A,D,0,NA,NA,NA,NA,Y,NA,A,07,0,0,1,0,0,0,0,0,0,-,-,32.96797,-117.24833,SAN DIEGO,SAN DIEGO,-117.24843708,32.96792927
90039050,2015,2015-10-27,9645,2015-10-07,1548,017025,NA,3,2,7,3711,0,1,1,NA,2,015,I-805 S/B,I-5 O/C,1310,S,N,A,-,Y,NA,NA,805,NA,NA,NA,NA,NA,S,Y,4,0,1,3,A,-,03,22350,NA,N,C,C,A,A,H,-,A,D,0,NA,NA,NA,NA,Y,NA,A,01,0,0,1,0,0,0,0,0,0,-,-,32.89962,-117.21945,SAN DIEGO,SAN DIEGO,-117.21947817,32.89959353
90039965,2015,2015-10-29,9680,2015-10-18,1214,015766,NA,7,1,9,3700,0,3,5,NA,2,006,BUCKMAN SPRINGS ROAD,OAK DRIVE,3168,S,N,A,-,N,NA,NA,NA,NA,NA,NA,NA,NA,NA,Y,3,0,1,2,A,-,08,22107,NA,N,E,I,A,A,H,-,A,D,0,NA,NA,NA,NA,Y,NA,A,01,0,1,0,0,0,0,0,0,0,-,-,32.68171,-116.48884,SAN DIEGO,UNINCORPORATED,-116.48884827,32.68155041
90041246,2015,2015-10-29,9645,2015-10-10,1950,019410,NA,6,2,7,3711,0,1,1,NA,2,010,I-8 E/B,I-5 U/C,1200,W,N,A,-,Y,NA,NA,8,NA,NA,NA,NA,NA,E,N,4,0,1,2,A,-,03,22350,NA,N,C,C,A,A,H,-,C,D,0,NA,NA,Y,NA,Y,NA,A,01,0,0,1,0,0,0,0,0,1,-,-,32.75824,-117.21426,SAN DIEGO,SAN DIEGO,-117.21427432,32.75832494
90042415,2015,2015-11-02,9680,2015-10-22,0725,015877,NA,4,1,9,3700,0,3,5,NA,2,001,ASHWOOD ST.,MAPLEVIEW ST.,1056,N,N,A,-,N,NA,NA,NA,NA,NA,NA,NA,NA,NA,Y,4,0,1,2,A,-,09,21801,A,N,D,C,A,A,H,-,A,D,0,NA,NA,NA,NA,Y,NA,D,22,0,0,1,0,0,0,0,0,0,-,-,32.86595,-116.9169,SAN DIEGO,UNINCORPORATED,-116.9166225,32.86607692
90044306,2015,2015-11-04,9645,2015-10-08,0725,012733,NA,4,1,7,3711,0,1,3,NA,2,023,SR-163 N/B,I-8 O/C,2112,S,N,A,-,Y,NA,NA,163,NA,NA,NA,NA,NA,N,Y,4,0,1,3,A,-,08,22107,NA,N,F,C,A,A,H,-,A,D,0,NA,NA,NA,NA,Y,NA,A,01,0,0,1,0,0,0,0,0,0,-,-,32.75899,-117.1615,SAN DIEGO,SAN DIEGO,-117.16152791,32.75895858
90045405,2015,2015-11-05,9680,2015-10-22,0545,020249,NA,4,3,9,3700,0,1,3,NA,1,071,SR-78,BORREGO SPRINGS ROAD,16368,W,N,A,-,Y,NA,NA,78,NA,NA,NA,NA,NA,NA,Y,3,0,1,2,A,-,05,21460,A,N,A,C,A,A,H,-,B,D,0,NA,NA,NA,Y,Y,NA,A,07,0,1,0,0,0,0,0,0,0,-,-,33.13916,-116.29166,SAN DIEGO,UNINCORPORATED,-116.29165479,33.13911817
9004563,2019,2020-01-15,3709,2019-11-27,0849,NC0486,NA,3,5,5,3709,0,0,0,NA,0,021,EAST PLAZA BL,E PLAZA BL 1736,0,NA,-,A,-,N,NA,NA,NA,NA,NA,NA,NA,NA,NA,N,4,0,2,3,A,-,08,22107,NA,N,B,C,A,A,H,-,A,D,0,NA,NA,NA,NA,Y,NA,A,01,0,0,2,0,0,0,0,0,0,-,-,NA,NA,SAN DIEGO,NATIONAL CITY,-117.087066,32.676409
90045976,2015,2015-11-06,9650,2015-10-25,1146,016485,NA,7,1,9,3700,0,2,4,NA,2,061,SOUTH MISSION RD,LA CANADA RD,2112,S,N,B,-,N,NA,NA,NA,NA,NA,NA,NA,NA,NA,Y,2,0,3,2,A,-,08,22107,NA,N,A,C,A,A,H,-,A,D,0,NA,NA,NA,NA,Y,NA,D,22,1,1,1,0,0,0,0,0,0,-,-,33.1806,-117.1356,SAN DIEGO,UNINCORPORATED,-117.22656309,33.30286518
90045988,2015,2015-11-06,9650,2015-10-28,1855,017328,NA,3,2,9,3700,0,1,3,NA,1,028,SR-76 W/B,PALA MISSION RD.,5808,W,N,A,-,Y,NA,NA,76,NA,NA,NA,NA,NA,W,Y,4,0,1,1,A,-,08,22107,NA,N,F,A,A,A,H,-,D,D,0,NA,NA,NA,NA,Y,NA,A,01,0,0,1,0,0,0,0,0,0,-,-,33.3617,-117.10458,SAN DIEGO,UNINCORPORATED,-117.10457395,33.36169772
90046360,2015,2015-11-09,9650,2015-10-30,0035,020254,NA,5,3,9,3700,0,2,4,NA,2,061,S. MISSION RD,W. COLLEGE ST.,96,N,N,A,-,N,NA,NA,NA,NA,NA,NA,NA,NA,NA,Y,4,0,1,1,A,-,08,22107,NA,N,E,I,A,A,H,-,C,D,0,NA,NA,NA,NA,Y,NA,A,01,0,0,1,0,0,0,0,0,0,-,-,33.37969,-117.25353,SAN DIEGO,UNINCORPORATED,-117.25362124,33.3796229
90046376,2015,2015-11-09,9645,2015-10-13,2145,015046,NA,2,2,7,3711,0,1,1,NA,2,027,SR-15 SOUTHBOUND,I-8,1584,S,N,A,-,Y,NA,NA,15,NA,NA,NA,NA,NA,S,Y,4,0,1,2,A,-,03,22350,NA,N,B,C,A,A,H,-,C,D,0,NA,NA,NA,NA,Y,NA,A,01,0,0,1,0,0,0,0,0,0,-,-,32.77451,-117.11231,SAN DIEGO,SAN DIEGO,-117.11221469,32.77446319