CASE_ID,ACCIDENT_YEAR,PROC_DATE,JURIS,COLLISION_DATE,COLLISION_TIME,OFFICER_ID,REPORTING_DISTRICT,DAY_OF_WEEK,CHP_SHIFT,POPULATION,CNTY_CITY_LOC,SPECIAL_COND,BEAT_TYPE,CHP_BEAT_TYPE,CITY_DIVISION_LAPD,CHP_BEAT_CLASS,BEAT_NUMBER,PRIMARY_RD,SECONDARY_RD,DISTANCE,DIRECTION,INTERSECTION,WEATHER_1,WEATHER_2,STATE_HWY_IND,CALTRANS_COUNTY,CALTRANS_DISTRICT,STATE_ROUTE,ROUTE_SUFFIX,POSTMILE_PREFIX,POSTMILE,LOCATION_TYPE,RAMP_INTERSECTION,SIDE_OF_HWY,TOW_AWAY,COLLISION_SEVERITY,NUMBER_KILLED,NUMBER_INJURED,PARTY_COUNT,PRIMARY_COLL_FACTOR,PCF_CODE_OF_VIOL,PCF_VIOL_CATEGORY,PCF_VIOLATION,PCF_VIOL_SUBSECTION,HIT_AND_RUN,TYPE_OF_COLLISION,MVIW,PED_ACTION,ROAD_SURFACE,ROAD_COND_1,ROAD_COND_2,LIGHTING,CONTROL_DEVICE,CHP_ROAD_TYPE,PEDESTRIAN_ACCIDENT,BICYCLE_ACCIDENT,MOTORCYCLE_ACCIDENT,TRUCK_ACCIDENT,NOT_PRIVATE_PROPERTY,ALCOHOL_INVOLVED,STWD_VEHTYPE_AT_FAULT,CHP_VEHTYPE_AT_FAULT,COUNT_SEVERE_INJ,COUNT_VISIBLE_INJ,COUNT_COMPLAINT_PAIN,COUNT_PED_KILLED,COUNT_PED_INJURED,COUNT_BICYCLIST_KILLED,COUNT_BICYCLIST_INJURED,COUNT_MC_KILLED,COUNT_MC_INJURED,PRIMARY_RAMP,SECONDARY_RAMP,LATITUDE,LONGITUDE,COUNTY,CITY,POINT_X,POINT_Y
90046396,2015,2015-11-09,9650,2015-10-28,1650,015830,NA,3,2,9,3700,0,3,5,NA,2,170,S. SANTA FE AVE,ROBELINI DR,210,W,N,A,-,N,NA,NA,NA,NA,NA,NA,NA,NA,NA,Y,4,0,2,2,A,-,09,21801,A,N,D,C,A,A,H,-,A,D,0,NA,NA,NA,NA,Y,NA,A,01,0,0,2,0,0,0,0,0,0,-,-,33.17409,-117.21005,SAN DIEGO,UNINCORPORATED,-117.20997038,33.17410713
90046467,2015,2015-11-09,9650,2015-11-04,0815,013636,NA,3,1,5,3782,0,1,1,NA,2,007,I-5 S/B,BIRMINGHAM DR,1584,S,N,B,-,Y,NA,NA,NA,NA,NA,NA,NA,NA,NA,Y,4,0,2,2,A,-,03,22350,NA,N,C,C,A,A,H,-,A,D,0,NA,NA,NA,NA,Y,NA,A,08,0,0,2,0,0,0,0,0,0,-,-,NA,NA,SAN DIEGO,ENCINITAS,-117.27355225,33.022169
9004790,2019,2020-02-12,3701,2019-12-05,1458,CB5538,123,4,5,5,3701,0,0,0,NA,0,008,RANCHO SANTA FE RD,CAMINO DE LOS COCHES,259,S,N,A,-,N,NA,NA,NA,NA,NA,NA,NA,NA,NA,Y,4,0,1,4,A,-,04,21703,NA,N,C,C,A,A,H,-,A,D,0,NA,NA,NA,NA,Y,NA,A,07,0,0,1,0,0,0,0,0,0,-,-,NA,NA,SAN DIEGO,CARLSBAD,-117.2397232055664,33.07566452026367
90049414,2015,2015-11-12,9650,2015-11-05,0820,014615,NA,4,1,9,3700,0,3,5,NA,2,006,ELDER STREET,POTTER STREET,0,NA,Y,B,-,N,NA,NA,NA,NA,NA,NA,NA,NA,NA,Y,4,0,2,2,A,-,09,21802,A,N,D,C,A,A,H,-,A,A,0,NA,NA,NA,NA,Y,NA,D,22,0,0,2,0,0,0,0,0,0,-,-,NA,NA,SAN DIEGO,UNINCORPORATED,-117.24279004,33.38017009
90049770,2015,2015-11-12,9680,2015-10-31,0749,015877,NA,6,1,5,3708,0,1,1,NA,2,081,I-8 W/B,GROSSMONT BLVD.,411,W,N,A,-,Y,NA,NA,8,NA,NA,NA,NA,NA,W,Y,2,0,2,1,A,-,08,22107,NA,N,E,I,A,A,H,-,A,D,0,NA,NA,NA,NA,Y,NA,A,01,1,0,1,0,0,0,0,0,0,-,-,32.77934,-116.99182,SAN DIEGO,LA MESA,-116.99182375,32.77923855
90050112,2015,2015-11-13,9645,2015-11-04,1830,018697,NA,3,2,7,3711,0,1,1,NA,2,017,INTERSTATE 15 (SOUTHBOUND),H AVENUE O/C,1170,S,N,A,-,Y,NA,NA,15,NA,NA,NA,NA,NA,NA,Y,3,0,1,3,A,-,03,22350,NA,N,C,C,A,A,H,-,C,D,0,NA,NA,NA,NA,Y,NA,A,01,0,1,0,0,0,0,0,0,0,-,-,32.85078,-117.11625,SAN DIEGO,SAN DIEGO,-117.11629015,32.85079315
90050985,2015,2015-11-16,9650,2015-11-08,0410,018296,NA,7,3,9,3700,0,1,1,NA,2,021,I-15 S/B,DEER SPRINGS RD,5280,S,N,A,-,Y,NA,NA,15,NA,NA,NA,NA,NA,S,Y,3,0,2,2,A,-,01,23152,A,N,C,C,A,A,H,-,D,D,0,NA,NA,NA,NA,Y,Y,A,07,0,1,1,0,0,0,0,0,0,-,-,33.18272,-117.11767999999999,SAN DIEGO,UNINCORPORATED,-117.11756797,33.18278416
90051509,2015,2015-11-16,9680,2015-11-02,1750,018427,NA,1,2,9,3700,0,1,3,NA,1,017,SR-67 N/B,SLAUGHTERHOUSE CANYON RD,7920,N,N,B,C,Y,NA,NA,67,NA,NA,NA,NA,NA,N,Y,4,0,1,3,A,-,03,22350,NA,N,C,C,A,B,H,-,D,D,0,NA,NA,NA,NA,Y,NA,A,01,0,0,1,0,0,0,0,0,0,-,-,32.92458,-116.94546,SAN DIEGO,UNINCORPORATED,-116.9454853,32.92458077
90052486,2015,2015-11-17,9650,2015-11-06,1145,016516,NA,5,1,6,3710,0,1,3,NA,2,015,SR-78 E/B,I-5,500,E,N,A,-,Y,NA,NA,78,NA,NA,NA,NA,NA,E,Y,3,0,1,2,A,-,08,22107,NA,N,H,C,A,A,H,-,A,D,0,NA,NA,NA,NA,Y,NA,A,01,0,1,0,0,0,0,0,0,0,-,-,33.17733,-117.34953,SAN DIEGO,OCEANSIDE,-117.34984181,33.17782248
9005385,2019,2020-01-15,3710,2019-11-21,1451,OC1351,NA,4,5,6,3710,0,0,0,NA,0,021,DOUGLAS DR,OLD RIVER ST,487,S,N,A,-,N,NA,NA,NA,NA,NA,NA,NA,NA,NA,Y,3,0,3,4,A,-,03,22350,NA,N,C,C,A,A,H,-,C,D,0,NA,NA,NA,NA,Y,NA,A,01,0,2,1,0,0,0,0,0,0,-,-,NA,NA,SAN DIEGO,OCEANSIDE,-117.32259368896484,33.240394592285156
90056581,2015,2015-11-20,9650,2015-11-18,1625,017328,NA,3,2,9,3700,0,2,4,NA,2,063,RECHE RD.,WILT RD.,50,W,N,A,-,N,NA,NA,NA,NA,NA,NA,NA,NA,NA,Y,4,0,2,2,A,-,03,22350,NA,N,C,C,A,A,H,-,A,D,0,NA,NA,NA,NA,Y,NA,A,01,0,0,2,0,0,0,0,0,0,-,-,33.36704,-117.18374,SAN DIEGO,UNINCORPORATED,-117.18352762,33.36709154
90056606,2015,2015-11-20,9680,2015-11-08,2105,019519,NA,7,2,9,3700,0,2,4,NA,1,013,WILDCAT CANYON RD,MUTH VALLEY RD,5280,S,N,A,-,N,NA,NA,NA,NA,NA,NA,NA,NA,NA,Y,4,0,1,1,A,-,08,22107,NA,N,E,I,A,A,H,-,D,D,0,NA,NA,NA,NA,Y,NA,A,01,0,0,1,0,0,0,0,0,0,-,-,32.53438,-116.53476,SAN DIEGO,UNINCORPORATED,-116.89449151,32.88633537
90056622,2015,2015-11-20,9650,2015-11-19,1815,014886,NA,4,2,9,3700,0,3,5,NA,2,211,N. BROADWAY,PASEO DEL NORTE,112,S,N,A,-,N,NA,NA,NA,NA,NA,NA,NA,NA,NA,Y,4,0,1,2,A,-,01,23152,A,N,B,C,A,A,H,-,D,D,0,NA,NA,NA,NA,Y,Y,A,01,0,0,1,0,0,0,0,0,0,-,-,33.17812,-117.09254,SAN DIEGO,UNINCORPORATED,-117.09164087,33.17786688
9005797,2019,2020-07-09,3706,2019-12-19,0514,SD7882,NA,4,5,6,3706,0,0,0,NA,0,235,SAN PASQUAL VALLEY RD,SAN PASQUAL VALLEY RD 19285,0,NA,-,A,-,Y,SD,11,78,-,-,30.49,H,-,E,Y,3,0,1,2,D,-,00,NA,NA,N,D,C,A,A,H,-,D,D,0,NA,NA,NA,NA,Y,NA,-,-,0,1,0,0,0,0,0,0,0,-,-,NA,NA,SAN DIEGO,ESCONDIDO,-116.9100341796875,33.086177825927734
90060666,2015,2015-11-30,9645,2015-11-08,0635,017498,NA,7,1,7,3711,0,1,1,NA,2,007,I-5 SOUTHBOUND FROM VIA DE LA VALLE W/B,DEL MAR HEIGHTS O/C,8976,S,N,A,-,Y,NA,NA,NA,NA,NA,NA,NA,NA,NA,Y,4,0,1,2,A,-,03,22350,NA,N,C,C,A,A,H,-,A,A,0,NA,NA,NA,NA,Y,NA,A,07,0,0,1,0,0,0,0,0,0,-,-,32.95236,-117.10275,SAN DIEGO,SAN DIEGO,-117.24382,32.94984
90062259,2015,2015-12-01,9645,2015-10-23,1605,020541,NA,5,2,7,3711,0,1,3,NA,2,020,I-15 N/B,BALBOA AVE,658,S,N,A,-,Y,NA,NA,15,NA,NA,NA,NA,NA,N,Y,4,0,4,3,A,-,03,22350,NA,N,C,C,A,A,H,-,A,D,0,NA,NA,NA,NA,Y,NA,A,01,0,0,4,0,0,0,0,0,0,-,-,32.81886,-117.11559,SAN DIEGO,SAN DIEGO,-117.11547896,32.81888219
90063206,2015,2015-12-01,9645,2015-11-10,2318,015664,NA,2,3,7,3711,0,1,1,NA,2,019,I-15 S/B,W. BERNARDO DRIVE,1030,S,N,A,-,Y,NA,NA,15,NA,NA,NA,NA,NA,S,Y,3,0,1,1,A,-,08,22107,NA,N,E,I,A,A,H,-,C,D,0,NA,NA,NA,NA,Y,NA,A,01,0,1,0,0,0,0,0,0,0,-,-,33.05284,-117.07294,SAN DIEGO,SAN DIEGO,-117.07285621,33.05281831
90063801,2015,2015-12-02,9645,2015-11-12,1841,019410,NA,4,2,7,3711,0,1,1,NA,2,021,SR-15 S/B,OCEANVIEW BLVD. O/C,600,N,N,A,-,Y,NA,NA,15,NA,NA,NA,NA,NA,S,N,4,0,1,2,A,-,03,22350,NA,N,C,C,A,A,H,-,C,D,0,NA,NA,NA,NA,Y,NA,A,01,0,0,1,0,0,0,0,0,0,-,-,32.70553,-117.12066,SAN DIEGO,SAN DIEGO,-117.12067891,32.70553277
90064331,2015,2015-12-02,9645,2015-11-15,2353,019712,NA,7,3,7,3711,0,1,1,NA,2,017,I-15 S/B,SR-163 O/C,381,N,N,B,-,Y,NA,NA,15,NA,NA,NA,NA,NA,S,Y,3,0,4,1,A,-,08,22107,NA,N,E,I,A,A,H,-,D,D,0,NA,NA,NA,NA,Y,NA,A,07,0,2,2,0,0,0,0,0,0,-,-,32.8584,-117.11363,SAN DIEGO,SAN DIEGO,-117.11374206,32.85843653
90064654,2015,2015-12-03,9680,2015-11-19,0720,014949,NA,4,1,9,3700,0,2,4,NA,1,061,OLD HIGHWAY 80,RAILROAD ST,11088,W,N,A,-,N,NA,NA,NA,NA,NA,NA,NA,NA,NA,Y,3,0,1,1,A,-,08,22107,NA,N,F,A,A,A,H,-,A,D,0,NA,NA,NA,NA,Y,NA,A,07,0,1,0,0,0,0,0,0,0,-,-,32.62425,-116.22093,SAN DIEGO,UNINCORPORATED,-116.21859548,32.62246682
90065114,2015,2015-12-03,9680,2015-11-20,0800,017330,NA,5,1,5,3708,0,1,1,NA,2,081,I-8 W/B,70TH ST,1000,E,N,A,-,Y,NA,NA,8,NA,NA,NA,NA,NA,W,Y,4,0,1,3,A,-,03,22350,NA,N,C,C,A,A,H,-,A,D,0,NA,NA,NA,NA,Y,NA,A,01,0,0,1,0,0,0,0,0,0,-,-,32.77383,-117.03589,SAN DIEGO,LA MESA,-117.03586325,32.77372463
90065727,2015,2015-12-04,9645,2015-11-17,0855,014909,NA,2,1,7,3711,0,1,1,NA,2,007,I-5 N/B TO DEL MAR HEIGHTS ROAD,DEL MAR HEIGHTS ROAD,620,S,N,A,-,Y,NA,NA,5,NA,NA,NA,R,NA,N,Y,3,0,1,2,A,-,08,22107,NA,N,B,C,A,A,H,-,A,D,0,NA,NA,NA,NA,Y,NA,A,01,0,1,0,0,0,0,0,0,0,-,-,32.94882,-117.24288,SAN DIEGO,SAN DIEGO,-117.24288,32.94882
90066353,2015,2015-12-07,9645,2015-10-16,1910,017667,NA,5,2,7,3711,0,1,3,NA,2,023,SR-163 S/B,WASHINGTON ST.,100,N,N,B,-,Y,NA,NA,163,NA,NA,NA,NA,NA,S,Y,4,0,2,3,A,-,03,22350,NA,N,C,C,A,A,H,-,C,D,0,NA,NA,NA,NA,Y,NA,D,22,0,0,2,0,0,0,0,0,0,-,-,32.75571,-117.15903,SAN DIEGO,SAN DIEGO,-117.15905507,32.75570011
90066892,2015,2015-12-07,9645,2015-11-16,1520,019344,NA,1,2,7,3711,0,1,1,NA,2,011,I-805 N/B,ADAMS AVENUE O/C,1400,N,N,A,-,Y,NA,NA,805,NA,NA,NA,NA,NA,N,Y,4,0,2,2,A,-,03,22350,NA,N,C,C,A,A,H,-,A,D,0,NA,NA,NA,NA,Y,NA,I,12,0,0,2,0,0,0,0,0,0,-,-,32.7658,-117.1281,SAN DIEGO,SAN DIEGO,-117.12819731,32.76575421
90066911,2015,2015-12-07,9645,2015-10-16,1450,019344,NA,5,2,7,3711,0,1,1,NA,2,019,I-15 N/B,BERNARDO CENTER DRIVE U/C,1600,S,N,A,-,Y,NA,NA,15,NA,NA,NA,NA,NA,N,Y,4,0,1,5,A,-,03,22350,NA,F,C,C,A,A,H,-,A,D,0,NA,NA,NA,NA,Y,NA,A,07,0,0,1,0,0,0,0,0,0,-,-,33.0083,-117.0798,SAN DIEGO,SAN DIEGO,-117.08017265,33.00834193
90067215,2015,2015-12-07,9680,2015-11-22,1720,016822,NA,7,2,9,3700,0,2,4,NA,1,095,SAN VICENTE ROAD,WARNOCK DRIVE,4752,S,N,A,-,N,NA,NA,NA,NA,NA,NA,NA,NA,NA,Y,4,0,1,2,A,-,09,21804,A,N,D,C,A,A,H,-,D,D,0,NA,NA,NA,NA,Y,NA,A,01,0,0,1,0,0,0,0,0,0,-,-,33.00119,-116.86357,SAN DIEGO,UNINCORPORATED,-116.8638826,33.00243994
90069365,2015,2015-12-10,9650,2015-11-28,1835,015276,NA,6,2,6,3706,0,1,3,NA,2,019,SR-78 W/B,I-15 SOUTHBOUND,2112,W,N,A,-,Y,NA,NA,78,NA,NA,NA,NA,NA,W,N,2,0,1,2,A,-,11,21956,NA,N,G,B,E,A,H,-,D,D,0,Y,NA,NA,NA,Y,Y,N,60,1,0,0,0,1,0,0,0,0,-,-,33.12877,-117.11352,SAN DIEGO,ESCONDIDO,-117.11350522,33.1288017
90069588,2015,2015-12-10,9650,2015-12-02,2103,015788,NA,3,2,3,3783,0,1,1,NA,2,007,I-5 S/B,MANCHESTER AVE,1056,S,N,A,-,Y,NA,NA,NA,NA,NA,NA,NA,NA,NA,Y,3,0,1,1,A,-,01,23152,A,N,E,I,A,A,H,-,C,D,0,NA,NA,NA,NA,Y,Y,A,01,0,1,0,0,0,0,0,0,0,-,-,33.00937,-117.26377,SAN DIEGO,SOLANA BEACH,NA,NA
90069957,2015,2015-12-10,9680,2015-11-27,0743,018152,NA,5,1,9,3700,0,2,4,NA,1,026,JAMACHA BLVD.,GILLESPIE DR.,67,W,N,B,C,N,NA,NA,NA,NA,NA,NA,NA,NA,NA,Y,4,0,2,3,A,-,03,22350,NA,N,A,C,A,B,H,-,A,A,0,NA,NA,NA,NA,Y,NA,A,01,0,0,2,0,0,0,0,0,0,-,-,32.70747,-117.00768,SAN DIEGO,UNINCORPORATED,-117.00751604,32.70752231
90072432,2015,2015-12-14,9645,2015-12-04,1914,018428,645,5,2,7,3711,0,1,1,NA,2,011,I-805 S/B,EL CAJON BLVD. O/C,400,N,N,A,-,Y,NA,NA,805,NA,NA,NA,NA,NA,S,Y,4,0,1,3,A,-,03,22350,NA,N,C,C,A,A,H,-,C,D,0,NA,NA,NA,NA,Y,NA,A,01,0,0,1,0,0,0,0,0,0,-,-,32.75883,-117.12646,SAN DIEGO,SAN DIEGO,-117.12633629,32.75887955
90072589,2015,2015-12-14,9645,2015-12-04,1810,019257,NA,5,2,7,3711,0,1,1,NA,2,010,INTERSTATE 8 EASTBOUND,PRESIDIO PARK O/C,528,W,N,A,-,Y,NA,NA,8,NA,NA,NA,NA,NA,E,N,4,0,1,2,A,-,03,22350,NA,N,C,C,A,A,H,-,A,D,0,NA,NA,NA,NA,Y,NA,D,22,0,0,1,0,0,0,0,0,0,-,-,32.76,-117.1987,SAN DIEGO,SAN DIEGO,-117.19869803,32.75998745
90072771,2015,2015-12-14,9645,2015-12-01,0900,013393,NA,2,1,7,3711,0,1,1,NA,2,007,I-5 N/B TO DEL MAR HEIGHTS RD,DEL MAR HEIGHTS RD E/B,60,S,N,A,-,Y,NA,NA,NA,NA,NA,NA,NA,NA,NA,Y,4,0,1,2,A,-,08,22107,NA,N,B,C,A,A,H,-,A,D,0,NA,NA,Y,NA,Y,NA,C,02,0,0,1,0,0,0,0,0,1,-,-,32.57,-117.1433,SAN DIEGO,SAN DIEGO,NA,NA
90075552,2015,2015-12-16,9680,2015-11-24,1050,015962,NA,2,1,5,3705,0,1,1,NA,2,082,I-8 E/B FROM MAGNOLIA AVE S/B,MAGNOLIA AVE,230,W,N,A,-,Y,NA,NA,8,NA,NA,NA,R,NA,E,N,3,0,1,1,A,-,03,22350,NA,N,F,A,A,A,H,-,A,A,0,NA,NA,Y,NA,Y,NA,C,02,0,1,0,0,0,0,0,0,1,-,-,32.80212,-116.96346,SAN DIEGO,EL CAJON,-116.96346,32.80212
90075739,2015,2015-12-16,9645,2015-12-09,0750,013111,NA,3,1,7,3711,0,1,3,NA,2,014,SR-52 WB TO KEARNY VILLA ROAD,KEARNY VILLA ROAD O/C,1143,E,N,A,-,Y,NA,NA,52,NA,NA,NA,R,NA,W,Y,4,0,1,3,A,-,03,22350,NA,N,C,C,A,A,H,-,A,D,0,NA,NA,NA,NA,Y,NA,A,01,0,0,1,0,0,0,0,0,0,-,-,32.8421,-117.125,SAN DIEGO,SAN DIEGO,-117.125,32.8421
90075755,2015,2015-12-16,9645,2015-12-06,0110,020401,NA,7,3,7,3711,0,1,3,NA,2,025,SR-163 N/B TO SR-52 W/B,SR-52,1000,N,N,A,-,Y,NA,NA,163,NA,NA,NA,R,NA,N,Y,3,0,2,1,A,-,01,23152,A,N,E,I,A,A,H,-,C,D,0,NA,NA,NA,NA,Y,Y,A,07,0,1,1,0,0,0,0,0,0,-,-,32.84373,-117.13033,SAN DIEGO,SAN DIEGO,-117.13033,32.84373
90075810,2015,2015-12-17,9650,2015-12-09,0920,012818,NA,3,1,9,3700,0,1,1,NA,2,001,I-5 SOUTHBOUND,AGRA OH,3900,N,N,A,-,Y,NA,NA,5,NA,NA,NA,NA,NA,S,Y,3,0,1,1,A,-,08,22107,NA,N,E,I,A,A,D,-,A,D,0,NA,NA,NA,NA,Y,NA,A,01,0,1,0,0,0,0,0,0,0,-,-,33.32542,-117.48798,SAN DIEGO,UNINCORPORATED,-117.48796952,33.32543415
90076113,2015,2017-05-19,9645,2015-12-10,1715,019344,NA,4,2,7,3711,0,1,1,NA,2,003,I-5 S/B,LAUREL ST. U/C,200,S,N,A,-,Y,NA,NA,5,NA,NA,NA,NA,NA,S,N,4,0,1,2,A,-,03,22350,NA,F,C,C,A,A,H,-,C,D,0,NA,NA,NA,NA,Y,NA,-,99,0,0,1,0,0,0,0,0,0,-,-,32.7279,-117.1684,SAN DIEGO,SAN DIEGO,-117.16843563,32.72786838
90076141,2015,2015-12-17,9650,2015-12-10,0755,015727,NA,4,1,9,3700,0,3,5,NA,1,160,GOPHER CANYON RD.,I-15 S/B OFF AND ON RAMP,0,NA,Y,A,-,Y,NA,NA,NA,NA,NA,NA,NA,NA,NA,Y,4,0,1,2,A,-,09,21802,A,N,D,C,A,A,H,-,A,A,0,NA,NA,NA,NA,Y,NA,A,08,0,0,1,0,0,0,0,0,0,-,-,33.25276,-117.1549,SAN DIEGO,UNINCORPORATED,NA,NA
90076740,2015,2015-12-17,9645,2015-12-10,0635,014922,NA,4,1,5,3709,0,1,1,NA,2,009,I-805 NORTHBOUND,16TH ST. O/C,360,S,N,A,-,Y,NA,NA,805,NA,NA,NA,NA,NA,N,Y,3,0,1,3,A,-,07,21658,A,F,B,C,A,A,H,-,A,D,0,NA,NA,Y,NA,Y,NA,-,99,0,1,0,0,0,0,0,0,1,-,-,32.6719,-117.08214,SAN DIEGO,NATIONAL CITY,-117.08202667,32.67194296
90078148,2015,2015-12-18,9680,2015-12-06,0045,019555,NA,7,3,9,3700,0,3,5,NA,2,002,JAMACHA BLVD,PARAISO AVE,30,E,N,A,-,N,NA,NA,NA,NA,NA,NA,NA,NA,NA,N,4,0,1,2,A,-,03,22350,NA,N,C,C,A,A,H,-,C,D,0,NA,NA,NA,NA,Y,NA,A,01,0,0,1,0,0,0,0,0,0,-,-,32.70795,-116.99633,SAN DIEGO,UNINCORPORATED,-116.99613283,32.70781841
90078198,2015,2015-12-18,9650,2015-12-10,2305,019191,NA,4,3,9,3700,0,2,4,NA,2,061,E. MISSION ROAD,I-15,1584,W,N,C,-,N,NA,NA,NA,NA,NA,NA,NA,NA,NA,N,3,0,1,1,A,-,08,22107,NA,N,E,I,A,B,H,-,C,D,0,NA,NA,NA,NA,Y,NA,D,22,0,1,0,0,0,0,0,0,0,-,-,33.38964,-117.1814,SAN DIEGO,UNINCORPORATED,-117.18142,33.389692
90081578,2015,2015-12-23,9650,2015-12-17,0948,017012,NA,4,1,5,3782,0,1,1,NA,2,007,I-5 N/B,SANTA FE AVE,2640,N,N,A,-,Y,NA,NA,5,NA,NA,NA,NA,NA,N,N,4,0,1,2,A,-,03,22350,NA,N,C,C,A,A,H,-,A,D,0,NA,NA,NA,NA,Y,NA,A,07,0,0,1,0,0,0,0,0,0,-,-,33.04013,-117.2838,SAN DIEGO,ENCINITAS,-117.28389167,33.04006909
90082411,2015,2015-12-28,9645,2015-11-10,1140,016156,NA,2,1,6,3702,0,1,1,NA,2,009,I-805 S/B TO PALM AVENUE,PALM AVENUE,40,N,N,B,-,Y,NA,NA,NA,NA,NA,NA,NA,NA,NA,N,4,0,1,2,D,-,00,NA,NA,N,H,A,A,A,H,-,A,A,0,NA,NA,NA,NA,Y,NA,-,-,0,0,1,0,0,0,0,0,0,-,-,32.58472,-117.03798,SAN DIEGO,CHULA VISTA,-117.03802139,32.58388624
90082430,2015,2015-12-28,9645,2015-12-22,1138,012733,Diego,2,1,7,3711,0,1,3,NA,2,023,SR-163 N/B,FRIARS ROAD,265,N,N,C,-,Y,NA,NA,NA,NA,NA,NA,NA,NA,NA,Y,4,0,1,3,A,-,08,22107,NA,N,B,C,A,B,H,-,A,D,0,NA,NA,NA,NA,Y,NA,A,07,0,0,1,0,0,0,0,0,0,-,-,32.77278,-117.15992,SAN DIEGO,SAN DIEGO,-117.16102843,32.77234455
90082495,2015,2015-12-28,9645,2015-12-22,1255,018678,NA,2,1,7,3711,0,1,1,NA,2,021,SR-15 (S/B),UNIVERISTY AVENUE O/C,528,N,N,B,C,Y,NA,NA,NA,NA,NA,NA,NA,NA,NA,Y,4,0,1,2,A,-,03,22350,NA,N,C,C,A,B,H,-,A,D,0,NA,NA,NA,NA,Y,NA,A,01,0,0,1,0,0,0,0,0,0,-,-,NA,NA,SAN DIEGO,SAN DIEGO,-117.10898342,32.75112584
90083340,2015,2015-12-28,9645,2015-12-22,1500,017953,NA,2,2,7,3711,0,1,1,NA,2,010,I-8 W/B,MISSION CENTER ROAD,125,E,N,C,-,Y,NA,NA,8,NA,NA,NA,NA,NA,W,Y,4,0,2,3,A,-,03,22350,NA,N,D,C,A,B,H,-,A,D,0,NA,NA,NA,NA,Y,NA,D,22,0,0,2,0,0,0,0,0,0,-,-,32.76579,-117.15313,SAN DIEGO,SAN DIEGO,-117.15309283,32.76564002
90084322,2015,2015-12-29,9650,2015-11-23,1715,017994,NA,1,2,9,3700,0,3,5,NA,1,212,OLD HIGHWAY 395,CAMINO DEL REY,0,NA,Y,A,-,N,NA,NA,NA,NA,NA,NA,NA,NA,NA,Y,4,0,2,2,A,-,09,21802,A,N,D,C,A,A,H,-,C,A,0,NA,NA,NA,NA,Y,NA,A,01,0,0,2,0,0,0,0,0,0,-,-,33.2665,-117.1571,SAN DIEGO,UNINCORPORATED,-117.15693012,33.26663004
90084814,2015,2015-12-30,9650,2015-12-22,1452,015788,NA,2,2,6,3706,0,1,3,NA,2,019,SR-78 E/B TO I-15 N/B,I-15 N/B,350,E,N,B,C,Y,NA,NA,78,NA,NA,NA,R,NA,E,Y,3,0,1,1,A,-,08,22107,NA,N,E,I,A,B,H,-,A,D,0,NA,NA,NA,NA,Y,NA,A,01,0,1,0,0,0,0,0,0,0,-,-,33.12664,-117.10357,SAN DIEGO,ESCONDIDO,-117.10357,33.12664
90085233,2015,2015-12-30,9650,2015-12-23,1515,015788,NA,3,2,6,3706,0,1,1,NA,2,023,I-15 N/B,VALLEY PKY,350,S,N,B,-,Y,NA,NA,15,NA,NA,NA,NA,NA,N,Y,4,0,1,4,A,-,03,22350,NA,N,C,C,A,A,H,-,A,D,0,NA,NA,NA,NA,Y,NA,A,01,0,0,1,0,0,0,0,0,0,-,-,33.11415,-117.09791,SAN DIEGO,ESCONDIDO,-117.09805502,33.11406299
90085610,2015,2015-12-30,9650,2015-12-26,1225,020422,NA,6,1,9,3700,0,3,5,NA,2,213,PALA TEMECULA RD.,SAN DIEGO COUNTY LINE,2640,S,N,A,-,N,NA,NA,NA,NA,NA,NA,NA,NA,NA,Y,2,0,1,2,A,-,05,21650,NA,N,C,C,A,A,H,-,A,D,0,NA,NA,Y,NA,Y,NA,C,02,1,0,0,0,0,0,0,0,1,-,-,33.42297,-117.08814,SAN DIEGO,UNINCORPORATED,-117.088416,33.422977
90085854,2015,2015-12-31,9645,2015-12-17,1540,018446,NA,4,2,7,3711,0,1,3,NA,2,023,SR-163 S/B,FRIARS ROAD,1000,N,N,A,-,Y,NA,NA,163,NA,NA,NA,NA,NA,S,Y,4,0,1,2,A,-,07,21658,A,N,C,C,A,A,H,-,A,D,0,NA,NA,NA,NA,Y,NA,A,01,0,0,1,0,0,0,0,0,0,-,-,32.77589,-117.16197,SAN DIEGO,SAN DIEGO,-117.16196947,32.77589024
90086618,2015,2015-12-31,9645,2015-12-19,2045,014625,NA,6,2,7,3711,0,1,1,NA,2,010,I-8 WESTBOUND,COLLEGE AVENUE,20,W,N,B,C,Y,NA,NA,8,NA,NA,NA,NA,NA,W,Y,4,0,2,1,A,-,03,22350,NA,N,E,I,A,B,H,-,D,D,0,NA,NA,NA,NA,Y,NA,A,07,0,0,2,0,0,0,0,0,0,-,-,32.77947,-117.06685,SAN DIEGO,SAN DIEGO,-117.06684964,32.77945579
90086737,2015,2016-01-01,9680,2015-12-21,1545,018356,NA,1,2,5,3708,0,1,3,NA,2,028,SR-125 S/B,MARIPOSA ST,300,S,N,A,-,Y,NA,NA,125,NA,NA,NA,NA,NA,S,N,4,0,1,1,C,-,18,NA,NA,N,H,A,A,A,H,-,A,D,0,NA,NA,NA,NA,Y,NA,-,-,0,0,1,0,0,0,0,0,0,-,-,32.75937,-117.00442,SAN DIEGO,LA MESA,-117.00449598,32.75947165