CASE_ID,ACCIDENT_YEAR,PROC_DATE,JURIS,COLLISION_DATE,COLLISION_TIME,OFFICER_ID,REPORTING_DISTRICT,DAY_OF_WEEK,CHP_SHIFT,POPULATION,CNTY_CITY_LOC,SPECIAL_COND,BEAT_TYPE,CHP_BEAT_TYPE,CITY_DIVISION_LAPD,CHP_BEAT_CLASS,BEAT_NUMBER,PRIMARY_RD,SECONDARY_RD,DISTANCE,DIRECTION,INTERSECTION,WEATHER_1,WEATHER_2,STATE_HWY_IND,CALTRANS_COUNTY,CALTRANS_DISTRICT,STATE_ROUTE,ROUTE_SUFFIX,POSTMILE_PREFIX,POSTMILE,LOCATION_TYPE,RAMP_INTERSECTION,SIDE_OF_HWY,TOW_AWAY,COLLISION_SEVERITY,NUMBER_KILLED,NUMBER_INJURED,PARTY_COUNT,PRIMARY_COLL_FACTOR,PCF_CODE_OF_VIOL,PCF_VIOL_CATEGORY,PCF_VIOLATION,PCF_VIOL_SUBSECTION,HIT_AND_RUN,TYPE_OF_COLLISION,MVIW,PED_ACTION,ROAD_SURFACE,ROAD_COND_1,ROAD_COND_2,LIGHTING,CONTROL_DEVICE,CHP_ROAD_TYPE,PEDESTRIAN_ACCIDENT,BICYCLE_ACCIDENT,MOTORCYCLE_ACCIDENT,TRUCK_ACCIDENT,NOT_PRIVATE_PROPERTY,ALCOHOL_INVOLVED,STWD_VEHTYPE_AT_FAULT,CHP_VEHTYPE_AT_FAULT,COUNT_SEVERE_INJ,COUNT_VISIBLE_INJ,COUNT_COMPLAINT_PAIN,COUNT_PED_KILLED,COUNT_PED_INJURED,COUNT_BICYCLIST_KILLED,COUNT_BICYCLIST_INJURED,COUNT_MC_KILLED,COUNT_MC_INJURED,PRIMARY_RAMP,SECONDARY_RAMP,LATITUDE,LONGITUDE,COUNTY,CITY,POINT_X,POINT_Y
90204457,2016,2016-06-20,9650,2016-06-11,1615,016026,NA,6,2,9,3700,0,3,5,NA,2,170,BUENA CREEK ROAD,LAKESIDE DRIVE,317,S,N,A,-,N,NA,NA,NA,NA,NA,NA,NA,NA,NA,Y,3,0,1,1,A,-,08,22107,NA,N,E,I,A,A,H,-,A,D,0,NA,NA,NA,NA,Y,NA,A,07,0,1,0,0,0,0,0,0,0,-,-,33.17914,-117.20403,SAN DIEGO,UNINCORPORATED,-117.20407,33.17926077
90204472,2016,2016-06-20,9645,2016-06-15,1620,017499,NA,3,2,7,3711,0,1,1,NA,2,001,I-5 SOUTHBOUND,I-805 O/C,600,S,N,A,-,Y,NA,NA,5,NA,NA,NA,NA,NA,S,N,4,0,1,1,C,-,18,NA,NA,N,H,A,A,A,H,-,A,D,0,NA,NA,NA,NA,Y,NA,-,-,0,0,1,0,0,0,0,0,0,-,-,32.54854,-117.03811,SAN DIEGO,SAN DIEGO,-117.03840776,32.54808053
90204668,2016,2016-06-20,9650,2016-06-13,0550,015276,NA,1,3,6,3710,0,1,1,NA,2,005,I-5 N/B,CASSIDY ST,147,S,N,A,-,Y,NA,NA,5,NA,NA,NA,NA,NA,N,Y,4,0,1,1,A,-,08,22107,NA,N,E,I,A,A,H,-,A,D,0,NA,NA,NA,NA,Y,NA,A,01,0,0,1,0,0,0,0,0,0,-,-,33.17978,-117.35355,SAN DIEGO,OCEANSIDE,-117.35346291,33.17985217
90204675,2016,2016-06-20,9650,2016-06-18,1710,016516,NA,6,2,9,3700,0,1,1,NA,2,001,I-5 N/B,BASILONE RD,300,S,N,B,-,Y,NA,NA,5,NA,NA,NA,NA,NA,N,Y,4,0,1,3,A,-,03,22350,NA,N,C,C,A,A,H,-,A,D,0,NA,NA,NA,NA,Y,NA,A,01,0,0,1,0,0,0,0,0,0,-,-,33.38526,-117.58188,SAN DIEGO,UNINCORPORATED,-117.58191736,33.38516414
90209107,2016,2016-06-24,9645,2016-06-23,1445,019344,NA,4,2,7,3711,0,1,3,NA,2,023,SR-163 N/B,GENESEE AVENUE O/C,20,S,N,A,-,Y,NA,NA,163,NA,NA,NA,NA,NA,N,Y,4,0,2,3,A,-,03,22350,NA,N,C,C,A,A,H,-,A,D,0,NA,NA,NA,NA,Y,NA,A,08,0,0,2,0,0,0,0,0,0,-,-,32.7915,-117.1588,SAN DIEGO,SAN DIEGO,-117.15892343,32.79154346
90209421,2016,2016-06-27,9645,2016-06-24,1353,020066,NA,5,1,7,3711,0,1,1,NA,2,027,I-15 S/B,FRIARS ROAD O/C,600,N,N,A,-,Y,NA,NA,15,NA,NA,NA,NA,NA,S,N,3,0,3,4,A,-,03,22350,NA,F,C,C,A,A,H,-,A,D,0,NA,NA,NA,NA,Y,NA,A,07,0,2,1,0,0,0,0,0,0,-,-,32.79133,-117.11292,SAN DIEGO,SAN DIEGO,-117.11294474,32.79134019
90211587,2016,2016-06-29,9650,2016-06-22,0822,015727,NA,3,1,5,3701,0,1,1,NA,2,005,I-5 S/B,CANNON RD,2640,N,N,A,-,Y,NA,NA,5,NA,NA,NA,NA,NA,S,Y,3,0,3,1,A,-,08,22107,NA,N,E,I,A,A,H,-,A,D,0,NA,NA,NA,NA,Y,NA,A,01,0,2,1,0,0,0,0,0,0,-,-,33.14147,-117.33328,SAN DIEGO,CARLSBAD,-117.33311053,33.14154663
90212934,2016,2016-06-30,9680,2016-06-10,2215,019998,NA,5,3,5,3705,0,1,1,NA,2,081,I-8 W/B,W. MAIN ST.,2112,W,N,A,-,Y,NA,NA,8,NA,NA,NA,NA,NA,W,Y,4,0,1,2,D,-,00,NA,NA,N,C,C,A,A,H,-,C,D,0,NA,NA,NA,NA,Y,NA,-,-,0,0,1,0,0,0,0,0,0,-,-,32.78904,-116.97799,SAN DIEGO,EL CAJON,-116.97793034,32.78903823
90213340,2016,2016-06-30,9680,2016-06-24,0312,013686,NA,5,3,5,3708,0,1,1,NA,2,081,I-8 W/B,JACKSON DR.,528,W,N,B,-,Y,NA,NA,8,NA,NA,NA,NA,NA,W,Y,2,0,1,2,A,-,03,22350,NA,F,C,C,A,A,H,-,C,D,0,NA,NA,Y,NA,Y,NA,D,22,1,0,0,0,0,0,0,0,1,-,-,32.77297,-117.0162,SAN DIEGO,LA MESA,-117.01626084,32.77309805
90215260,2016,2016-07-04,9645,2016-06-24,2115,020500,NA,5,2,7,3711,0,3,5,NA,2,111,I-5 N/B,CAMINO DE LA PLAZA,500,S,N,A,-,Y,NA,NA,NA,NA,NA,NA,NA,NA,NA,Y,4,0,1,2,A,-,01,23152,A,N,C,C,A,A,H,-,C,A,0,NA,NA,NA,NA,Y,Y,D,22,0,0,1,0,0,0,0,0,0,-,-,32.54298,-117.03073,SAN DIEGO,SAN DIEGO,-117.03120228,32.5435996
90215315,2016,2016-07-04,9645,2016-06-23,1335,016864,NA,4,1,7,3711,0,1,1,NA,2,007,I-5 N/B,VIA DE LA VALLE,4752,S,N,A,-,Y,NA,NA,5,NA,NA,NA,NA,NA,N,Y,3,0,1,5,A,-,07,21658,A,N,B,C,A,A,H,-,A,D,0,NA,NA,NA,Y,Y,NA,A,08,0,1,0,0,0,0,0,0,0,-,-,32.9661,-117.24759,SAN DIEGO,SAN DIEGO,-117.24772349,32.9660494
90215319,2016,2016-08-16,9645,2016-06-24,1514,018678,NA,5,2,7,3711,0,1,1,NA,2,007,I-5 (N/B),DEL MAR HEIGHTS ROAD O/C,1500,N,N,A,-,Y,NA,NA,NA,NA,NA,NA,NA,NA,NA,N,4,0,1,3,A,-,03,22350,NA,F,C,C,A,A,H,-,A,D,0,NA,NA,NA,NA,Y,NA,D,22,0,0,1,0,0,0,0,0,0,-,-,32.55597,-117.24456,SAN DIEGO,SAN DIEGO,-117.24463087,32.9540475
90215690,2016,2016-07-05,9680,2016-06-22,1425,018801,NA,3,2,9,3700,0,3,5,NA,2,002,HILLSDALE RD,WIND RIVER RD,0,NA,Y,A,-,N,NA,NA,NA,NA,NA,NA,NA,NA,NA,Y,3,0,1,2,A,-,06,21755,NA,N,B,C,A,A,H,-,A,A,0,NA,NA,Y,NA,Y,NA,C,02,0,1,0,0,0,0,0,0,1,-,-,32.76205,-116.91774,SAN DIEGO,UNINCORPORATED,-116.91765006,32.76212003
90218543,2016,2016-07-07,9645,2016-07-05,1349,016864,NA,2,1,7,3711,0,1,1,NA,2,007,I-5 N/B,DEL MAR HEIGHTS ROAD,600,S,N,A,-,Y,NA,NA,5,NA,NA,NA,NA,NA,N,Y,3,0,2,2,A,-,03,22350,NA,N,C,C,A,A,H,-,A,D,0,NA,NA,NA,NA,Y,NA,A,01,0,2,0,0,0,0,0,0,0,-,-,32.94576,-117.24283,SAN DIEGO,SAN DIEGO,-117.24277207,32.94577059
90218549,2016,2016-07-08,9650,2016-06-29,1300,013696,NA,3,1,9,3700,0,3,5,NA,2,211,CHAMPAGNE BLVD,LAWRENCE WELK DR,485,N,N,A,-,N,NA,NA,NA,NA,NA,NA,NA,NA,NA,Y,3,0,2,1,A,-,08,22107,NA,N,E,I,A,A,H,-,A,D,0,NA,NA,NA,NA,Y,NA,A,01,0,1,1,0,0,0,0,0,0,-,-,33.23399,-117.14559,SAN DIEGO,UNINCORPORATED,-117.14563718,33.23380386
90218853,2016,2016-07-08,9645,2016-07-06,0230,013784,NA,3,3,7,3711,0,1,1,NA,2,007,I-5 N/B,SAN DIEGUITO RIVER BRIDGE,100,S,N,A,-,Y,NA,NA,5,NA,NA,NA,NA,NA,N,Y,3,0,1,2,A,-,03,22350,NA,N,C,C,A,A,H,-,D,D,0,NA,NA,NA,NA,Y,NA,A,01,0,1,0,0,0,0,0,0,0,-,-,32.97572,-117.25134,SAN DIEGO,SAN DIEGO,-117.25136902,32.97570894
90219024,2016,2016-07-08,9645,2016-07-07,1420,018393,NA,4,2,7,3711,0,1,1,NA,2,009,I-805 S/B,GREENWOOD RAIL RAOD O/C,10,S,N,A,-,Y,NA,NA,NA,NA,NA,NA,NA,NA,NA,Y,4,0,2,2,A,-,03,22350,NA,N,C,C,A,A,H,-,A,D,0,NA,NA,NA,NA,Y,NA,A,01,0,0,2,0,0,0,0,0,0,-,-,32.7046,-117.098,SAN DIEGO,SAN DIEGO,NA,NA
90219537,2016,2016-07-11,9645,2016-06-19,1935,020165,NA,7,2,7,3711,0,1,3,NA,2,002,STATE ROUTE 905 EASTBOUND,BRITANNIA BOULEVARD,1316,E,N,A,-,Y,NA,NA,905,NA,NA,NA,NA,NA,E,Y,2,0,1,1,A,-,08,22107,NA,N,E,I,A,A,H,-,A,D,0,NA,NA,NA,NA,Y,NA,A,01,1,0,0,0,0,0,0,0,0,-,-,32.56407,-116.97578,SAN DIEGO,SAN DIEGO,-116.97577982,32.56410983
9021970,2019,2020-01-24,3700,2019-09-06,0716,SH6068,NA,5,5,4,3707,0,0,0,NA,0,709,CONNECTICUT ST,IMPERIAL BEACH BL,0,NA,Y,A,-,N,NA,NA,NA,NA,NA,NA,NA,NA,NA,N,4,0,1,2,A,-,09,21802,A,N,A,G,A,A,D,-,A,A,0,NA,Y,NA,NA,Y,NA,I,11,0,0,1,0,0,0,1,0,0,-,-,NA,NA,SAN DIEGO,IMPERIAL BEACH,-117.11871337890624,32.576568603515625
90219902,2016,2016-07-11,9680,2016-06-27,1636,016981,NA,1,2,9,3700,0,2,4,NA,1,010,GRAVES AVE,GRAVES LN,132,W,N,A,-,N,NA,NA,NA,NA,NA,NA,NA,NA,NA,Y,4,0,1,3,A,-,08,22107,NA,N,C,E,A,A,H,-,A,D,0,NA,NA,NA,NA,Y,NA,A,01,0,0,1,0,0,0,0,0,0,-,-,32.81673,-116.95956,SAN DIEGO,UNINCORPORATED,-116.95917672,32.81674
90219912,2016,2016-07-11,9680,2016-06-27,0120,020105,NA,1,3,9,3700,0,1,3,NA,1,040,SR-94,FREEZER RD,440,W,N,A,-,Y,NA,NA,94,NA,NA,NA,NA,NA,NA,Y,3,0,1,1,A,-,01,23152,A,N,F,A,A,A,H,-,D,A,0,NA,NA,Y,NA,Y,Y,C,02,0,1,0,0,0,0,0,0,1,-,-,32.63402,-116.76518,SAN DIEGO,UNINCORPORATED,-116.76518461,32.63401621
90221020,2016,2016-07-12,9645,2016-07-02,0345,020720,NA,6,3,7,3711,0,1,1,NA,2,009,I-805 N/B,DIVISION ST.,1320,S,N,A,-,Y,NA,NA,805,NA,NA,NA,NA,NA,N,Y,4,0,2,1,A,-,01,23152,A,N,E,I,A,A,H,-,D,D,0,NA,NA,NA,NA,Y,Y,A,01,0,0,2,0,0,0,0,0,0,-,-,32.687,-117.092,SAN DIEGO,SAN DIEGO,-117.09203475,32.68695981
90221191,2016,2016-07-12,9680,2016-06-30,0830,015983,NA,4,1,5,3708,0,1,3,NA,2,028,SR-125 S/B,MURRAY DRIVE,335,N,N,A,-,Y,NA,NA,125,NA,NA,NA,NA,NA,S,Y,4,0,2,4,A,-,03,22350,NA,N,C,C,A,A,H,-,A,A,0,NA,NA,NA,Y,Y,NA,F,26,0,0,2,0,0,0,0,0,0,-,-,32.77953,-117.00431,SAN DIEGO,LA MESA,-117.0044547,32.77948525
90221516,2016,2016-07-13,9645,2016-06-28,1245,014909,NA,2,1,7,3711,0,1,1,NA,2,010,I-8 W/B,PRESIDIO PARK O/C,4224,E,N,A,-,Y,NA,NA,8,NA,NA,NA,NA,NA,W,N,4,0,1,2,A,-,08,22107,NA,N,B,C,A,A,H,-,A,D,0,NA,NA,NA,NA,Y,NA,D,22,0,0,1,0,0,0,0,0,0,-,-,32.75941,-117.17806,SAN DIEGO,SAN DIEGO,-117.17806024,32.75939215
90222201,2016,2016-07-13,9645,2016-06-19,1720,017529,NA,7,2,7,3711,0,3,5,NA,2,024,PASEO DE LINDA,GLEN ASPEN DR,0,NA,Y,A,-,N,NA,NA,NA,NA,NA,NA,NA,NA,NA,N,4,0,1,2,A,-,03,22350,NA,N,C,C,A,A,H,-,A,D,0,NA,NA,NA,NA,Y,NA,D,22,0,0,1,0,0,0,0,0,0,-,-,33.02655,-117.1119,SAN DIEGO,SAN DIEGO,-117.11169006,33.02654002
90222971,2016,2016-07-14,9645,2016-07-06,1620,018950,NA,3,2,7,3711,0,1,3,NA,2,014,SR-52 E/B,KEARNY VILLA ROAD,1132,E,N,A,-,Y,NA,NA,NA,NA,NA,NA,NA,NA,NA,Y,2,0,1,2,A,-,03,22350,NA,N,B,C,A,A,H,-,A,D,0,NA,NA,NA,NA,Y,NA,A,01,1,0,0,0,0,0,0,0,0,-,-,32.94171,-117.12428,SAN DIEGO,SAN DIEGO,-117.12427934,32.84163183
9022299,2019,2020-02-07,3711,2019-12-12,1731,SD7698,NA,4,5,7,3711,0,0,0,NA,0,521,15TH ST,MARKET ST,40,N,N,A,-,N,NA,NA,NA,NA,NA,NA,NA,NA,NA,Y,3,0,1,2,A,-,08,38314,NA,N,D,C,A,A,H,-,C,A,0,NA,NA,NA,NA,Y,NA,A,01,0,1,0,0,0,0,0,0,0,-,-,NA,NA,SAN DIEGO,SAN DIEGO,-117.15038299560548,32.711639404296875
90224620,2016,2016-07-18,9645,2016-07-04,1455,020541,NA,1,2,7,3711,0,1,1,NA,2,003,I-5 N/B,WASHINGTON ST U/C,783,N,N,A,-,Y,NA,NA,5,NA,NA,NA,NA,NA,N,Y,4,0,1,1,A,-,08,22107,NA,N,E,I,A,A,H,-,A,D,0,NA,NA,NA,NA,Y,NA,A,01,0,0,1,0,0,0,0,0,0,-,-,32.74389,-117.18469,SAN DIEGO,SAN DIEGO,-117.18478238,32.74368555
90224689,2016,2016-07-18,9650,2016-07-09,1415,016516,NA,6,2,9,3700,0,1,1,NA,2,022,I-15 N/B,RAINBOW VALLEY BLVD,500,S,N,A,-,Y,NA,NA,NA,NA,NA,NA,NA,NA,NA,N,4,0,1,2,A,-,03,22350,NA,N,C,C,A,A,H,-,A,D,0,NA,NA,NA,NA,Y,NA,A,01,0,0,1,0,0,0,0,0,0,-,-,33.12987,-117.14606,SAN DIEGO,UNINCORPORATED,-117.14655592,33.42949941
90224780,2016,2016-07-18,9680,2016-07-06,1430,017621,NA,3,2,9,3700,0,1,3,NA,1,090,SR-67,DYE RD,300,S,N,A,-,Y,NA,NA,67,NA,NA,NA,NA,NA,NA,N,4,0,1,2,A,-,03,22350,NA,N,C,C,A,A,H,-,A,A,0,NA,NA,NA,NA,Y,NA,A,01,0,0,1,0,0,0,0,0,0,-,-,33.01251,-116.90936,SAN DIEGO,UNINCORPORATED,-116.90937602,33.01253037
90226655,2016,2016-07-20,9645,2016-07-09,2128,020500,NA,6,2,7,3711,0,1,1,NA,2,010,I-8 E/B,I-5,3038,W,N,A,-,Y,NA,NA,8,NA,NA,NA,NA,NA,E,Y,3,0,3,1,A,-,01,23152,A,N,E,I,A,A,H,-,D,D,0,NA,NA,NA,NA,Y,Y,A,01,0,3,0,0,0,0,0,0,0,-,-,32.75835,-117.21196,SAN DIEGO,SAN DIEGO,-117.21199172,32.7586162
90226759,2016,2016-07-20,9650,2016-07-17,0910,017994,NA,7,1,9,3700,0,3,5,NA,2,213,SOUTH GRADE RD,SR-76,3168,N,N,A,-,N,NA,NA,NA,NA,NA,NA,NA,NA,NA,N,3,0,1,1,A,-,03,22350,NA,N,F,A,A,A,H,-,A,D,0,NA,NA,Y,NA,Y,NA,C,02,0,1,0,0,0,0,0,0,1,-,-,33.29391,-116.90106,SAN DIEGO,UNINCORPORATED,-116.89114134,33.2939927
90227279,2016,2016-07-21,9680,2016-07-11,1735,017621,NA,1,2,9,3700,0,1,3,NA,1,090,SR-67,ARCHIE MOORE RD,1400,N,N,A,-,Y,NA,NA,67,NA,NA,NA,NA,NA,NA,N,4,0,1,2,A,-,03,22350,NA,N,C,C,A,A,H,-,A,D,0,NA,NA,NA,NA,Y,NA,A,01,0,0,1,0,0,0,0,0,0,-,-,33.01163,-116.94836,SAN DIEGO,UNINCORPORATED,-116.94837582,33.01158206
90228008,2016,2016-07-22,9650,2016-07-11,1715,014772,NA,1,2,6,3710,0,1,1,NA,2,005,I-5 S/B,OCEANSIDE BLVD,500,N,N,A,-,Y,NA,NA,5,NA,NA,NA,NA,NA,S,Y,4,0,3,2,A,-,03,22350,NA,N,C,C,A,A,H,-,A,D,0,NA,NA,NA,NA,Y,NA,D,22,0,0,3,0,0,0,0,0,0,-,-,33.19157,-117.3636,SAN DIEGO,OCEANSIDE,-117.36355804,33.19160474
90228509,2016,2016-07-22,9650,2016-07-15,1529,017743,NA,5,2,6,3706,0,1,1,NA,2,023,I-15 N/B,VALLEY PARKWAY,945,N,N,A,-,Y,NA,NA,15,NA,NA,NA,NA,NA,N,Y,4,0,1,3,A,-,03,22350,NA,N,C,C,A,A,H,-,A,D,0,NA,NA,NA,NA,Y,NA,A,01,0,0,1,0,0,0,0,0,0,-,-,33.11814,-117.10013,SAN DIEGO,ESCONDIDO,-117.10037065,33.11800102
90228757,2016,2016-07-25,9650,2016-07-06,1445,015830,NA,3,2,5,3713,0,1,3,NA,2,017,SR-78 W/B,EMERALD DR,1056,E,N,A,-,Y,NA,NA,78,NA,NA,NA,NA,NA,W,Y,4,0,1,2,A,-,02,22400,A,N,C,C,A,A,H,-,A,D,0,NA,NA,Y,NA,Y,NA,C,02,0,0,1,0,0,0,0,0,1,-,-,33.19049,-117.27441,SAN DIEGO,VISTA,-117.27444425,33.19056044
90232138,2016,2016-07-28,9645,2016-07-05,0920,016047,NA,2,1,7,3711,0,1,1,NA,2,003,I-5 NORTHBOUND,B STREET,528,S,N,A,-,Y,NA,NA,5,NA,NA,NA,NA,NA,N,Y,4,0,1,2,A,-,03,22350,NA,N,C,C,A,A,H,-,A,D,0,NA,NA,NA,NA,Y,NA,A,01,0,0,1,0,0,0,0,0,0,-,-,32.71729,-117.1476,SAN DIEGO,SAN DIEGO,-117.1475816,32.71729016
90233649,2016,2016-07-29,9645,2016-07-19,0816,017025,NA,2,1,7,3711,0,1,3,NA,2,006,SR-94 W/B,SR-15 U/C,400,W,N,A,-,Y,NA,NA,94,NA,NA,NA,NA,NA,W,Y,3,0,1,3,A,-,07,21658,A,F,B,C,A,A,H,-,A,D,0,NA,NA,Y,NA,Y,NA,A,01,0,1,0,0,0,0,0,0,1,-,-,32.71622,-117.12173,SAN DIEGO,SAN DIEGO,-117.12170889,32.71615108
90233709,2016,2016-07-29,9680,2016-06-23,1455,015081,NA,4,2,9,3700,0,3,5,NA,2,005,MESA GRANDE ROAD,CENTER LOOP ROAD,528,S,N,A,-,N,NA,NA,NA,NA,NA,NA,NA,NA,NA,N,2,0,1,2,A,-,08,22107,NA,N,F,A,A,A,H,-,A,A,0,NA,NA,Y,Y,Y,NA,C,02,1,0,0,0,0,0,0,0,1,-,-,33.21027,-116.73953,SAN DIEGO,UNINCORPORATED,-116.73953,33.21027
90237032,2016,2016-08-03,9650,2016-07-22,0415,016103,NA,5,3,9,3700,0,1,1,NA,2,001,I-5 S/B,SAN ONOFRE INSPECTION FACILITY,3168,S,N,A,-,Y,NA,NA,5,NA,NA,NA,NA,NA,S,Y,4,0,1,2,A,-,03,22350,NA,N,D,C,A,A,H,-,C,D,0,NA,NA,NA,NA,Y,NA,A,01,0,0,1,0,0,0,0,0,0,-,-,33.34708,-117.51765,SAN DIEGO,UNINCORPORATED,-117.51769309,33.34702042
90237894,2016,2016-08-04,9650,2016-07-26,0815,015600,NA,2,1,9,3700,0,1,1,NA,2,021,I-15 S/B,DEER SPRINGS RD,2640,N,N,A,-,Y,NA,NA,15,NA,NA,NA,NA,NA,S,N,4,0,3,2,A,-,03,22350,NA,N,C,C,A,A,H,-,A,D,0,NA,NA,NA,NA,Y,NA,A,01,0,0,3,0,0,0,0,0,0,-,-,33.20144,-117.12848,SAN DIEGO,UNINCORPORATED,-117.12838234,33.20149662
90237967,2016,2016-08-04,9680,2016-07-26,1400,019270,NA,2,2,9,3700,0,2,4,NA,1,029,CAMPO RD,CONRAD DRIVE,0,NA,Y,A,-,N,NA,NA,NA,NA,NA,NA,NA,NA,NA,N,4,0,2,2,A,-,12,21453,A,N,D,C,A,A,H,-,A,A,0,NA,NA,NA,NA,Y,NA,-,-,0,0,2,0,0,0,0,0,0,-,-,32.74796,-116.98775,SAN DIEGO,UNINCORPORATED,-116.98733006,32.74799001
9023846,2019,2020-02-04,3711,2019-12-21,1930,SD7233,NA,6,5,7,3711,0,0,0,NA,0,114,CLAIREMONT MESA BL,CLAIREMONT DR,55,S,N,B,-,N,NA,NA,NA,NA,NA,NA,NA,NA,NA,N,4,0,1,2,A,-,03,22350,NA,N,C,C,A,A,H,-,C,A,0,NA,NA,NA,NA,Y,NA,-,99,0,0,1,0,0,0,0,0,0,-,-,NA,NA,SAN DIEGO,SAN DIEGO,-117.20614624023438,32.82770919799805
9023858,2019,2020-02-04,3711,2019-12-22,1100,SD8192,NA,7,5,7,3711,0,0,0,NA,0,832,MARLBOROUGH AV,ORANGE AV,100,S,N,B,-,N,NA,NA,NA,NA,NA,NA,NA,NA,NA,N,4,0,1,2,A,-,21,22106,NA,M,C,C,A,A,H,-,A,A,0,NA,NA,NA,NA,Y,NA,-,NA,0,0,1,0,0,0,0,0,0,-,-,NA,NA,SAN DIEGO,SAN DIEGO,-117.10617065429688,32.75320053100586
90238928,2016,2016-08-08,9650,2016-07-27,0825,012168,NA,3,1,6,3706,0,1,1,NA,2,023,I-15 S/B,9TH AVE,800,S,N,A,-,Y,NA,NA,15,NA,NA,NA,NA,NA,S,Y,4,0,2,3,A,-,03,22350,NA,N,C,C,A,A,H,-,A,D,0,NA,NA,NA,NA,Y,NA,A,01,0,0,2,0,0,0,0,0,0,-,-,33.10667,-117.09432,SAN DIEGO,ESCONDIDO,-117.09410578,33.10679484
90242338,2016,2016-08-10,9645,2016-07-29,1515,020066,NA,5,2,7,3711,0,1,3,NA,2,016,SR-52 E/B,MAST BLVD.,300,W,N,A,-,Y,NA,NA,52,NA,NA,NA,NA,NA,E,Y,4,0,1,2,A,-,03,22350,NA,N,C,C,A,A,H,-,A,D,0,NA,NA,NA,NA,Y,NA,A,01,0,0,1,0,0,0,0,0,0,-,-,32.84683,-117.02806,SAN DIEGO,SAN DIEGO,-117.02799109,32.84689109
90242531,2016,2016-08-11,9650,2016-07-31,0405,020254,NA,7,3,5,3713,0,1,3,NA,2,017,SR-78 E/B,EMERALD DR,3720,E,N,A,-,Y,NA,NA,78,NA,NA,NA,NA,NA,E,Y,3,0,2,1,A,-,01,23152,A,N,E,I,A,A,H,-,D,D,0,NA,NA,NA,NA,Y,Y,A,01,0,2,0,0,0,0,0,0,0,-,-,33.1928,-117.26868,SAN DIEGO,VISTA,-117.2687051,33.19286282
90242817,2016,2016-08-11,9680,2016-08-03,0515,017996,NA,3,3,9,3700,0,3,5,NA,2,002,TROY STREET,SWEETWATER ROAD,25,E,N,A,-,N,NA,NA,NA,NA,NA,NA,NA,NA,NA,N,4,0,1,2,A,-,03,22350,NA,N,C,C,A,A,H,-,C,A,0,NA,NA,NA,NA,Y,NA,D,22,0,0,1,0,0,0,0,0,0,-,-,32.7367,-117.01422,SAN DIEGO,UNINCORPORATED,-117.01438898,32.73668
90243131,2016,2016-08-11,9650,2016-07-30,1715,015788,NA,6,2,5,3701,0,1,1,NA,2,005,I-5 S/B,CARLSBAD VILLAGE DR,1056,N,N,A,-,Y,NA,NA,5,NA,NA,NA,NA,NA,S,Y,4,0,1,4,C,-,18,NA,NA,F,C,C,A,A,H,-,A,D,0,NA,NA,NA,NA,Y,NA,-,-,0,0,1,0,0,0,0,0,0,-,-,33.16691,-117.34429,SAN DIEGO,CARLSBAD,-117.34428055,33.16691477
90243296,2016,2016-08-26,9680,2016-08-03,2006,016519,NA,3,2,9,3700,0,3,5,NA,2,002,JAMACHA RD,SR-125,90,W,N,A,-,N,NA,NA,NA,NA,NA,NA,NA,NA,NA,N,4,0,1,2,A,-,03,22350,NA,N,C,C,A,A,H,-,C,A,0,NA,NA,NA,NA,Y,NA,A,01,0,0,1,0,0,0,0,0,0,-,-,32.71466,-117.01541,SAN DIEGO,UNINCORPORATED,-117.01479152,32.71474489
90244253,2016,2016-08-15,9650,2016-08-11,1300,013636,NA,4,1,9,3700,0,3,5,NA,2,070,RANCHO DIEGUENO RD,SAN DIEGUITO DR,1584,S,N,A,-,N,NA,NA,NA,NA,NA,NA,NA,NA,NA,Y,4,0,1,2,A,-,05,21460,A,N,A,C,A,A,H,-,A,D,0,NA,NA,NA,NA,Y,NA,A,01,0,0,1,0,0,0,0,0,0,-,-,NA,NA,SAN DIEGO,UNINCORPORATED,-117.19658,32.98959
90246157,2016,2016-08-16,9650,2016-06-24,2140,016487,NA,5,2,5,3701,0,1,1,NA,2,005,INTERSTATE 5 NORTHBOUND,PALOMAR AIRPORT ROAD,1452,S,N,B,-,Y,NA,NA,NA,NA,NA,NA,NA,NA,NA,N,2,0,1,3,A,-,06,21755,NA,F,G,B,E,A,H,-,C,D,0,Y,NA,NA,NA,Y,NA,D,22,1,0,0,0,1,0,0,0,0,-,-,33.11824,-117.24948,SAN DIEGO,CARLSBAD,-117.3198007,33.1186271
90246196,2016,2016-12-02,9645,2016-08-05,2100,020020,NA,5,2,7,3711,0,1,1,NA,2,005,I-5 S/B,GILLMAN DR,995,S,N,A,-,Y,NA,NA,5,NA,NA,NA,NA,NA,S,Y,3,0,1,1,A,-,08,22107,NA,N,E,I,A,A,H,-,A,D,0,NA,NA,NA,NA,Y,NA,A,01,0,1,0,0,0,0,0,0,0,-,-,32.84702,-117.23631,SAN DIEGO,SAN DIEGO,-117.23615524,32.84699032
90246205,2016,2016-08-16,9650,2016-08-02,2318,015868,NA,2,3,9,3700,0,3,5,NA,2,190,W. EL NORTE PARKWAY,RACHEL CIR,0,NA,N,A,-,N,NA,NA,NA,NA,NA,NA,NA,NA,NA,Y,3,0,1,1,A,-,01,23152,A,N,E,I,A,A,H,-,C,D,0,NA,NA,NA,NA,Y,Y,A,01,0,1,0,0,0,0,0,0,0,-,-,33.14753,-117.11168,SAN DIEGO,UNINCORPORATED,-117.11288005,33.14760004