CASE_ID,ACCIDENT_YEAR,PROC_DATE,JURIS,COLLISION_DATE,COLLISION_TIME,OFFICER_ID,REPORTING_DISTRICT,DAY_OF_WEEK,CHP_SHIFT,POPULATION,CNTY_CITY_LOC,SPECIAL_COND,BEAT_TYPE,CHP_BEAT_TYPE,CITY_DIVISION_LAPD,CHP_BEAT_CLASS,BEAT_NUMBER,PRIMARY_RD,SECONDARY_RD,DISTANCE,DIRECTION,INTERSECTION,WEATHER_1,WEATHER_2,STATE_HWY_IND,CALTRANS_COUNTY,CALTRANS_DISTRICT,STATE_ROUTE,ROUTE_SUFFIX,POSTMILE_PREFIX,POSTMILE,LOCATION_TYPE,RAMP_INTERSECTION,SIDE_OF_HWY,TOW_AWAY,COLLISION_SEVERITY,NUMBER_KILLED,NUMBER_INJURED,PARTY_COUNT,PRIMARY_COLL_FACTOR,PCF_CODE_OF_VIOL,PCF_VIOL_CATEGORY,PCF_VIOLATION,PCF_VIOL_SUBSECTION,HIT_AND_RUN,TYPE_OF_COLLISION,MVIW,PED_ACTION,ROAD_SURFACE,ROAD_COND_1,ROAD_COND_2,LIGHTING,CONTROL_DEVICE,CHP_ROAD_TYPE,PEDESTRIAN_ACCIDENT,BICYCLE_ACCIDENT,MOTORCYCLE_ACCIDENT,TRUCK_ACCIDENT,NOT_PRIVATE_PROPERTY,ALCOHOL_INVOLVED,STWD_VEHTYPE_AT_FAULT,CHP_VEHTYPE_AT_FAULT,COUNT_SEVERE_INJ,COUNT_VISIBLE_INJ,COUNT_COMPLAINT_PAIN,COUNT_PED_KILLED,COUNT_PED_INJURED,COUNT_BICYCLIST_KILLED,COUNT_BICYCLIST_INJURED,COUNT_MC_KILLED,COUNT_MC_INJURED,PRIMARY_RAMP,SECONDARY_RAMP,LATITUDE,LONGITUDE,COUNTY,CITY,POINT_X,POINT_Y
9029026,2019,2020-02-05,3711,2019-12-28,0355,SD4576,NA,6,5,7,3711,0,0,0,NA,0,3211,FRIARS RD,RIVERDALE ST,18,E,N,A,-,N,NA,NA,NA,NA,NA,NA,NA,NA,NA,Y,4,0,1,2,A,-,08,22100,A,N,B,C,A,A,H,-,C,A,0,NA,NA,NA,NA,Y,NA,A,08,0,0,1,0,0,0,0,0,0,-,-,NA,NA,SAN DIEGO,SAN DIEGO,-117.09955596923828,32.790611267089844
90291902,2016,2016-10-14,9680,2016-10-11,1425,016102,NA,2,2,9,3700,0,1,1,NA,2,086,INTERSTATE 8 WESTBOUND (I-8 W/B),CRESTWOOD ROAD,13200,W,N,A,-,Y,NA,NA,8,NA,NA,NA,NA,NA,W,Y,4,0,1,1,A,-,08,22107,NA,N,E,I,A,A,H,-,A,D,0,NA,NA,NA,NA,Y,NA,A,01,0,0,1,0,0,0,0,0,0,-,-,32.72417,-116.40017,SAN DIEGO,UNINCORPORATED,-116.40019293,32.72411781
90292133,2016,2016-10-14,9680,2016-10-10,2010,019946,NA,1,2,9,3700,0,3,5,NA,2,002,CHASE AVENUE,CHASE LN,60,W,N,A,-,N,NA,NA,NA,NA,NA,NA,NA,NA,NA,Y,4,0,4,3,A,-,05,21460,A,N,B,C,A,A,H,-,D,D,0,NA,NA,NA,NA,Y,NA,A,01,0,0,4,0,0,0,0,0,0,-,-,32.77166,-116.93899,SAN DIEGO,UNINCORPORATED,-116.93897926,32.77162785
90293908,2016,2016-10-17,9680,2016-10-14,1305,017330,NA,5,1,9,3700,0,3,5,NA,2,001,RIVERFORD RD,N. WOODSIDE AV.,0,NA,Y,A,-,N,NA,NA,NA,NA,NA,NA,NA,NA,NA,N,4,0,1,2,A,-,05,21460,A,N,D,G,A,A,H,-,A,A,0,NA,Y,NA,NA,Y,NA,L,04,0,0,1,0,0,0,1,0,0,-,-,32.85564,-116.94807,SAN DIEGO,UNINCORPORATED,-116.94668007,32.85423008
90296917,2016,2016-10-20,9680,2016-10-13,1200,016598,NA,4,1,9,3700,0,3,5,NA,2,001,WATERHILL ROAD,RIVERVIEW AVE,0,NA,Y,A,-,N,NA,NA,NA,NA,NA,NA,NA,NA,NA,Y,4,0,3,2,A,-,09,21802,A,N,D,C,A,A,H,-,A,A,0,NA,NA,NA,NA,Y,NA,A,07,0,0,3,0,0,0,0,0,0,-,-,32.85277,-116.93609,SAN DIEGO,UNINCORPORATED,-116.93603009,32.85277002
90297422,2016,2016-10-20,9645,2016-10-13,1230,013383,NA,4,1,9,3700,0,3,5,NA,2,024,E/B RANCHO BERNARDO ROAD,DOVE CANYON ROAD,150,E,N,A,-,N,NA,NA,NA,NA,NA,NA,NA,NA,NA,Y,4,0,1,2,A,-,03,22350,NA,N,C,C,A,A,H,-,A,D,0,NA,NA,NA,NA,Y,NA,A,01,0,0,1,0,0,0,0,0,0,-,-,33.01985,-117.10903,SAN DIEGO,UNINCORPORATED,-117.109036,33.019881
90298745,2016,2016-10-24,9650,2016-10-14,2030,015830,NA,5,2,5,3701,0,1,1,NA,2,005,I-5 S/B,CANNON RD,750,N,N,A,-,Y,NA,NA,NA,NA,NA,NA,NA,NA,NA,Y,4,0,2,3,A,-,03,22350,NA,N,C,C,A,A,H,-,D,D,0,NA,NA,NA,NA,Y,NA,A,07,0,0,2,0,0,0,0,0,0,-,-,33.08157,-117.1952,SAN DIEGO,CARLSBAD,-117.33047153,33.13642222
90301295,2016,2016-10-26,9645,2016-10-12,0420,015698,NA,3,3,7,3711,0,1,1,NA,2,003,I-5 S/B,PARK BLVD. O/C,150,N,N,B,-,Y,NA,NA,5,NA,NA,NA,NA,NA,S,Y,4,0,1,1,A,-,08,22107,NA,N,E,I,A,A,H,-,D,D,0,NA,NA,NA,NA,Y,NA,A,01,0,0,1,0,0,0,0,0,0,-,-,32.72407,-117.15235,SAN DIEGO,SAN DIEGO,-117.15232878,32.72420667
9030160,2019,2020-02-04,3711,2019-12-24,1207,6403,NA,2,5,7,3711,0,0,0,NA,0,234,BERNARDO CENTER DR,BERNARDO CENTER DR 16700,0,NA,-,A,-,N,NA,NA,NA,NA,NA,NA,NA,NA,NA,Y,3,0,2,2,D,-,00,NA,NA,N,C,E,A,A,H,-,A,A,0,NA,NA,NA,NA,Y,NA,-,-,0,1,1,0,0,0,0,0,0,-,-,NA,NA,SAN DIEGO,SAN DIEGO,NA,NA
90303009,2016,2016-10-27,9645,2016-10-15,1525,020541,NA,6,2,7,3711,0,1,1,NA,2,010,I-8 W/B,PRESIDO PARK O/C,750,W,N,A,-,Y,NA,NA,8,NA,NA,NA,NA,NA,W,N,4,0,1,2,D,-,00,NA,NA,N,C,C,A,A,H,-,A,D,0,NA,NA,NA,NA,Y,NA,-,-,0,0,1,0,0,0,0,0,0,-,-,32.76037,-117.19154,SAN DIEGO,SAN DIEGO,-117.19154108,32.76036341
90306382,2016,2016-10-31,9645,2016-10-27,0608,014804,NA,4,1,7,3711,0,1,1,NA,2,010,I-8 (E/B) TO SR-163 (N/B),I-8 (E/B) O/C,20,N,N,B,-,Y,NA,NA,8,NA,NA,NA,R,NA,NA,Y,4,0,1,1,A,-,03,22350,NA,N,E,I,A,A,H,-,D,A,0,NA,NA,NA,NA,Y,NA,A,01,0,0,1,0,0,0,0,0,0,-,-,32.76341,-117.16135,SAN DIEGO,SAN DIEGO,-117.16135,32.76341
90307130,2016,2016-10-31,9645,2016-10-29,1720,020180,NA,6,2,7,3711,0,1,1,NA,2,010,I-8 W/B,TEXAS ST,937,W,N,A,-,Y,NA,NA,NA,NA,NA,NA,NA,NA,NA,Y,4,0,1,2,A,-,03,22350,NA,N,C,C,A,A,H,-,B,D,0,NA,NA,NA,NA,Y,NA,A,07,0,0,1,0,0,0,0,0,0,-,-,32.7594,-117.14264,SAN DIEGO,SAN DIEGO,NA,NA
90308115,2016,2016-11-01,9645,2016-10-19,1200,015270,NA,3,1,9,3700,0,1,3,NA,2,008,SR-54 WESTBOUND,WOODMAN ST.,1388,E,N,A,B,Y,NA,NA,54,NA,NA,NA,NA,NA,W,Y,3,0,1,2,A,-,08,22107,NA,N,F,C,A,A,H,-,A,D,0,NA,NA,NA,NA,Y,NA,A,01,0,1,0,0,0,0,0,0,0,-,-,32.67663,-117.03672,SAN DIEGO,UNINCORPORATED,-117.03667593,32.67658825
90309584,2016,2016-11-02,9680,2016-10-23,0430,020343,NA,7,3,9,3700,0,1,3,NA,1,017,SR-67,GOLD BAR LN,1160,N,N,A,-,Y,NA,NA,67,NA,NA,NA,NA,NA,NA,Y,2,0,2,1,A,-,01,23152,A,N,F,A,A,A,H,-,D,D,0,NA,NA,NA,NA,Y,Y,A,07,1,1,0,0,0,0,0,0,0,-,-,32.88246,-116.92894,SAN DIEGO,UNINCORPORATED,-116.92889082,32.88250703
90309676,2016,2016-11-02,9645,2016-08-05,2224,019410,NA,5,3,9,3700,0,3,5,NA,2,024,CAMINO DEL NORTE E/B,BERNARDO CENTER DR.,40,W,N,A,-,Y,NA,NA,NA,NA,NA,NA,NA,NA,NA,Y,4,0,1,2,A,-,03,22350,NA,N,C,C,A,A,H,-,C,A,0,NA,NA,NA,NA,Y,NA,A,07,0,0,1,0,0,0,0,0,0,-,-,33.00534,-117.09266,SAN DIEGO,UNINCORPORATED,-117.09254586,33.00525899
90311364,2016,2016-11-04,9645,2016-10-24,1525,018950,NA,1,2,9,3700,0,3,5,NA,2,024,DOVE CANYON ROAD E/B (16800 BLK),CAMINO DEL NORTE,5,W,N,B,-,N,NA,NA,NA,NA,NA,NA,NA,NA,NA,N,4,0,1,2,A,-,21,22106,NA,N,D,G,A,A,H,-,A,D,0,NA,Y,NA,NA,Y,NA,A,01,0,0,1,0,0,0,1,0,0,-,-,33.01664,-117.11181,SAN DIEGO,UNINCORPORATED,-117.11152631,33.01656738
90312032,2016,2016-11-07,9645,2016-11-02,0740,013393,NA,3,1,7,3711,0,1,1,NA,2,007,I-5 N/B,GILMAN DR U/C,528,N,N,A,-,Y,NA,NA,NA,NA,NA,NA,NA,NA,NA,Y,4,0,1,4,A,-,03,22350,NA,N,C,C,A,A,H,-,A,D,0,NA,NA,NA,NA,Y,NA,A,01,0,0,1,0,0,0,0,0,0,-,-,32.5112,-117.1357,SAN DIEGO,SAN DIEGO,-117.23418555,32.85078745
90312200,2016,2016-11-07,9650,2016-10-31,2310,019308,NA,1,3,5,3782,0,1,1,NA,2,005,I-5 S/B,POINSETTIA LN,3168,S,N,A,-,Y,NA,NA,NA,NA,NA,NA,NA,NA,NA,Y,3,0,1,1,A,-,01,23152,A,N,E,I,A,A,H,-,D,D,0,NA,NA,NA,NA,Y,Y,A,01,0,1,0,0,0,0,0,0,0,-,-,33.09482,-117.30525,SAN DIEGO,ENCINITAS,NA,NA
90313039,2016,2016-11-07,9645,2016-11-06,1305,017678,NA,7,1,7,3711,0,1,1,NA,2,010,I-8 W/B TO SR-163 N/B TRANSITION ROAD,FRIARS RD. O/C,800,S,N,A,-,Y,NA,NA,NA,NA,NA,NA,NA,NA,NA,N,4,0,2,2,A,-,03,22350,NA,N,C,C,A,A,H,-,A,D,0,NA,NA,NA,NA,Y,NA,A,01,0,0,2,0,0,0,0,0,0,-,-,32.76812,-117.1618,SAN DIEGO,SAN DIEGO,NA,NA
90313582,2016,2016-11-08,9645,2016-10-26,0745,015270,NA,3,1,6,3702,0,1,1,NA,2,001,I-5 NORTHBOUND,SR-54,1584,S,N,A,-,Y,NA,NA,5,NA,NA,NA,NA,NA,N,Y,4,0,1,2,A,-,03,22350,NA,N,C,C,A,A,H,-,A,D,0,NA,NA,NA,NA,Y,NA,A,01,0,0,1,0,0,0,0,0,0,-,-,32.64696,-117.10231,SAN DIEGO,CHULA VISTA,-117.10242435,32.64692012
90315357,2016,2016-11-09,9645,2016-10-22,1300,017498,NA,6,1,7,3711,0,1,1,NA,2,010,I-8 WESTBOUND,TEXAS ST O/C,1056,W,N,A,-,Y,NA,NA,8,NA,NA,NA,NA,NA,W,N,4,0,2,2,A,-,03,22350,NA,N,C,C,A,A,H,-,A,D,0,NA,NA,NA,NA,Y,NA,A,01,0,0,2,0,0,0,0,0,0,-,-,32.7681,-117.1453,SAN DIEGO,SAN DIEGO,-117.14522409,32.76794646
90316089,2016,2016-11-18,9680,2016-11-05,1625,020771,NA,6,2,9,3700,0,3,5,NA,2,001,BLOSSOM VALLEY RD,LAKE JENNINGS PARK RD,15,E,N,A,-,N,NA,NA,NA,NA,NA,NA,NA,NA,NA,Y,4,0,1,2,A,-,01,23152,A,N,C,C,A,A,H,-,A,A,0,NA,NA,NA,NA,Y,Y,A,01,0,0,1,0,0,0,0,0,0,-,-,32.84635,-116.88232000000001,SAN DIEGO,UNINCORPORATED,-116.88252627,32.84629801
90318042,2016,2016-11-14,9645,2016-08-08,1718,015001,NA,1,2,7,3711,0,1,1,NA,2,017,I-15 N/B,CARROLL CYN,50,N,N,A,-,Y,NA,NA,15,NA,NA,NA,NA,NA,N,Y,4,0,1,2,A,-,03,22350,NA,N,C,C,A,A,H,-,A,D,0,NA,NA,NA,NA,Y,NA,A,01,0,0,1,0,0,0,0,0,0,-,-,32.84472,-117.11958,SAN DIEGO,SAN DIEGO,-117.11912003,32.84439701
90318563,2016,2016-11-14,9680,2016-11-03,2240,015688,NA,4,3,9,3700,0,2,4,NA,1,014,WINTER GARDENS BLVD,WOODSIDE AVE,28,S,N,A,-,N,NA,NA,NA,NA,NA,NA,NA,NA,NA,Y,3,0,1,1,A,-,01,23152,A,N,E,I,A,A,H,-,C,A,0,NA,NA,NA,NA,Y,Y,A,01,0,1,0,0,0,0,0,0,0,-,-,32.85597,-116.93124,SAN DIEGO,UNINCORPORATED,-116.93112912,32.85598387
90318906,2016,2016-11-14,9680,2016-11-04,1312,018672,NA,5,1,9,3700,0,1,3,NA,1,052,SR-78,SUTHERLAND DAM RD,5280,W,N,A,-,Y,NA,NA,78,NA,NA,NA,NA,NA,NA,Y,4,0,1,1,A,-,01,23152,E,N,E,I,A,A,H,-,A,D,0,NA,NA,NA,NA,Y,NA,A,08,0,0,1,0,0,0,0,0,0,-,-,33.07409,-116.80305,SAN DIEGO,UNINCORPORATED,-116.80311942,33.07412924
90318982,2016,2016-11-14,9680,2016-11-04,1605,017621,NA,5,2,9,3700,0,2,4,NA,1,095,SAN VICENTE RD,WARNOCK DR,0,NA,Y,A,-,N,NA,NA,NA,NA,NA,NA,NA,NA,NA,N,4,0,1,2,A,-,06,21755,NA,N,B,C,A,A,H,-,A,A,0,NA,NA,Y,NA,Y,NA,C,02,0,0,1,0,0,0,0,0,1,-,-,33.01481,-116.86649,SAN DIEGO,UNINCORPORATED,-116.86653007,33.0148201
9031930,2020,2020-03-05,3711,2020-01-11,1902,SD7708,NA,6,5,7,3711,0,0,0,NA,0,243,CAMINO RUIZ,ACTIVITY RD,0,NA,Y,A,-,N,NA,NA,NA,NA,NA,NA,NA,NA,NA,N,4,0,1,2,A,-,09,21453,C,N,B,C,A,A,H,-,C,A,0,NA,NA,NA,NA,Y,NA,D,22,0,0,1,0,0,0,0,0,0,-,-,NA,NA,SAN DIEGO,SAN DIEGO,-117.13501739501952,32.895748138427734
90320587,2016,2016-11-16,9680,2016-11-08,1810,016694,NA,2,2,5,3705,0,1,1,NA,2,082,I-8 W/B,MOLLISON AVE,0,NA,N,A,-,Y,NA,NA,8,NA,NA,NA,NA,NA,W,Y,4,0,1,3,A,-,08,22107,NA,F,B,C,A,A,H,-,D,D,0,NA,NA,Y,NA,Y,NA,-,99,0,0,1,0,0,0,0,0,1,-,-,32.80331,-116.95386,SAN DIEGO,EL CAJON,-116.9538597,32.80315017
90321435,2016,2016-11-17,9650,2016-11-08,2225,017743,NA,2,3,9,3700,0,3,5,NA,1,160,CAMINO DEL REY,OLD RIVER RD.,0,NA,Y,A,-,N,NA,NA,NA,NA,NA,NA,NA,NA,NA,Y,4,0,1,2,A,-,09,21801,A,N,D,C,A,A,H,-,C,D,0,NA,NA,NA,NA,Y,NA,A,01,0,0,1,0,0,0,0,0,0,-,-,33.28749,-117.2211,SAN DIEGO,UNINCORPORATED,-117.22126001,33.28756011
9032355,2019,2020-02-06,3711,2019-12-25,1046,SD5508,NA,3,5,7,3711,0,0,0,NA,0,234,BERNARDO CENTER DR,LOMICA DR,0,NA,Y,B,-,N,NA,NA,NA,NA,NA,NA,NA,NA,NA,Y,3,0,1,2,A,-,12,21453,A,N,D,C,A,B,H,-,-,A,0,NA,NA,NA,NA,Y,NA,A,01,0,1,0,0,0,0,0,0,0,-,-,NA,NA,SAN DIEGO,SAN DIEGO,-117.07610321044922,33.01704025268555
9032449,2019,2020-02-04,3701,2019-12-30,1541,CB5492,053,1,5,5,3701,0,0,0,NA,0,005,WHIPTAIL LOOP,GAZELLE  CT,894,E,N,B,-,N,NA,NA,NA,NA,NA,NA,NA,NA,NA,Y,4,0,1,1,A,-,03,22350,NA,N,E,I,A,A,H,-,A,D,0,NA,NA,NA,NA,Y,NA,A,01,0,0,1,0,0,0,0,0,0,-,-,NA,NA,SAN DIEGO,CARLSBAD,-117.25161743164063,33.14392852783203
90325393,2016,2016-11-21,9645,2016-10-15,1705,014625,NA,6,2,7,3711,0,1,1,NA,2,010,I-8 W/B,QUALCOMM WAY,2640,W,N,A,-,Y,NA,NA,8,NA,NA,NA,NA,NA,W,Y,4,0,1,3,A,-,03,22350,NA,N,C,C,A,A,H,-,A,D,0,NA,NA,NA,NA,Y,NA,A,01,0,0,1,0,0,0,0,0,0,-,-,32.76921,-117.14248,SAN DIEGO,SAN DIEGO,-117.1424607,32.76915928
90326921,2016,2016-11-22,9650,2016-11-04,0412,015868,NA,5,3,3,3783,0,1,1,NA,2,007,INTERSTATE 5 (S/B),LOMAS SANTA FE DR,1742,S,N,A,-,Y,NA,NA,5,NA,NA,NA,NA,NA,NA,Y,3,0,1,1,A,-,08,22107,NA,N,E,I,A,A,H,-,D,D,0,NA,NA,NA,NA,Y,NA,A,07,0,1,0,0,0,0,0,0,0,-,-,32.99102,-117.25615,SAN DIEGO,SOLANA BEACH,-117.25600307,32.99104382
90327978,2016,2016-11-22,9645,2016-11-11,2235,020479,NA,5,3,7,3711,0,1,1,NA,2,021,SR-15 S/B,I-805 N/B FROM SR-15 N/B,100,N,N,A,-,Y,NA,NA,15,NA,NA,NA,NA,NA,S,Y,4,0,1,2,C,-,18,NA,NA,N,B,C,A,A,H,-,D,D,0,NA,NA,NA,NA,Y,NA,-,-,0,0,1,0,0,0,0,0,0,-,-,32.73909,-117.11371,SAN DIEGO,SAN DIEGO,-117.11377113,32.7390971
90329515,2016,2016-11-25,9650,2016-11-14,1110,015273,NA,1,1,9,3700,0,3,5,NA,2,006,OLIVE HILL ROAD (3800 BLOCK),BURMA RD,0,NA,Y,A,-,N,NA,NA,NA,NA,NA,NA,NA,NA,NA,Y,3,0,1,2,A,-,09,21801,A,N,A,C,A,A,H,-,A,D,0,NA,NA,NA,NA,Y,NA,A,08,0,1,0,0,0,0,0,0,0,-,-,33.32184,-117.24921,SAN DIEGO,UNINCORPORATED,-117.2491901,33.32183008
90329728,2016,2016-11-28,9650,2016-11-22,0725,013636,NA,2,1,5,3701,0,1,1,NA,2,005,I-5 S/B,LA COSTA AVE,2640,N,N,A,-,Y,NA,NA,NA,NA,NA,NA,NA,NA,NA,Y,4,0,2,2,A,-,03,22350,NA,N,C,C,A,A,H,-,A,D,0,NA,NA,NA,NA,Y,NA,A,07,0,0,2,0,0,0,0,0,0,-,-,NA,NA,SAN DIEGO,CARLSBAD,-117.30235638,33.0905733
90329745,2016,2016-11-28,9650,2016-11-22,1320,013696,NA,2,1,9,3700,0,1,1,NA,2,001,I-5 N/B,BASILONE RD,11616,S,N,A,-,Y,NA,NA,5,NA,NA,NA,NA,NA,N,N,4,0,2,2,A,-,03,22350,NA,N,C,C,A,A,H,-,A,D,0,NA,NA,NA,NA,Y,NA,A,07,0,0,2,0,0,0,0,0,0,-,-,33.36985,-117.55113,SAN DIEGO,UNINCORPORATED,-117.55117972,33.36975889
9033255,2019,2020-02-04,3702,2019-11-02,1553,CV0777,NA,6,5,6,3702,0,0,0,NA,0,041,SANTA VICTORIA RD,SANTA ALEXIA,572,E,N,A,-,N,NA,NA,NA,NA,NA,NA,NA,NA,NA,Y,3,0,3,4,A,-,11,21954,A,N,G,B,D,A,H,-,A,D,0,Y,NA,NA,NA,Y,NA,N,60,0,3,0,0,3,0,0,0,0,-,-,NA,NA,SAN DIEGO,CHULA VISTA,-116.98931121826172,32.614768981933594
90332558,2016,2016-11-29,9680,2016-11-29,1235,015733,NA,2,1,9,3700,0,2,4,NA,1,096,RAMONA ST,ROYAL VISTA DR,10,N,N,A,-,N,NA,NA,NA,NA,NA,NA,NA,NA,NA,N,4,0,1,2,A,-,03,22350,NA,N,C,C,A,A,H,-,A,D,0,NA,NA,NA,NA,Y,NA,A,07,0,0,1,0,0,0,0,0,0,-,-,33.01419,-116.87959,SAN DIEGO,UNINCORPORATED,-116.87953064,33.01403738
9033263,2019,2020-02-04,3702,2019-11-30,1750,CV1114,NA,6,5,6,3702,0,0,0,NA,0,013,J ST,COLORADO AV,0,NA,Y,A,-,N,NA,NA,NA,NA,NA,NA,NA,NA,NA,N,3,0,1,2,A,-,05,21650,1,N,D,G,A,A,H,-,C,D,0,NA,Y,NA,NA,Y,NA,L,04,0,1,0,0,0,0,1,0,0,-,-,NA,NA,SAN DIEGO,CHULA VISTA,-117.0920181274414,32.62261962890625
90333611,2016,2016-11-30,9645,2016-11-15,1745,015790,NA,2,2,7,3711,0,1,1,NA,2,030,I-15 N/B (HOV LANES),POWAY ROAD O/C,1491,S,N,A,-,Y,NA,NA,NA,NA,NA,NA,NA,NA,NA,Y,4,0,3,5,A,-,03,22350,NA,N,C,C,A,A,H,-,D,D,0,NA,NA,NA,NA,Y,NA,A,07,0,0,3,0,0,0,0,0,0,-,-,32.76648,-117.14984,SAN DIEGO,SAN DIEGO,-117.10821877,32.94442431
90333633,2016,2016-11-30,9645,2016-11-18,1830,019445,NA,5,2,7,3711,0,1,1,NA,2,007,I-5 N/B,VIA DE LA VALLE U/C,4000,S,N,A,-,Y,NA,NA,5,NA,NA,NA,NA,NA,N,Y,4,0,1,3,A,-,03,22350,NA,N,C,C,A,A,H,-,D,D,0,NA,NA,NA,NA,Y,NA,A,07,0,0,1,0,0,0,0,0,0,-,-,32.96987,-117.24903,SAN DIEGO,SAN DIEGO,-117.24915691,32.96982173
90334119,2016,2016-12-01,9645,2016-10-27,0403,018149,NA,4,3,7,3711,0,1,3,NA,2,006,SR-94 W/B,SR-15 S/B,65,W,N,A,-,Y,NA,NA,94,NA,NA,NA,NA,NA,W,Y,3,0,1,1,A,-,08,22107,NA,N,F,A,A,A,H,-,C,D,0,NA,NA,NA,NA,Y,NA,A,01,0,1,0,0,0,0,0,0,0,-,-,32.71688,-117.1192,SAN DIEGO,SAN DIEGO,-117.11919961,32.71687818
90334522,2016,2016-12-01,9680,2016-11-21,0835,016181,NA,1,1,9,3700,0,2,4,NA,1,094,WILDCAT CANYON RD,FEATHERSTONE CANYON RD,5280,N,N,B,-,N,NA,NA,NA,NA,NA,NA,NA,NA,NA,Y,4,0,1,1,A,-,03,22350,NA,N,E,I,A,B,H,-,A,A,0,NA,NA,NA,NA,Y,NA,A,07,0,0,1,0,0,0,0,0,0,-,-,32.96719,-116.83353,SAN DIEGO,UNINCORPORATED,-116.833591,32.967198
90336068,2016,2016-12-05,9650,2016-11-27,1020,015295,NA,7,1,9,3700,0,3,5,NA,2,211,OLD CASTLE ROAD,PAMOOSA LANE,3696,E,N,B,C,N,NA,NA,NA,NA,NA,NA,NA,NA,NA,Y,4,0,1,1,A,-,03,22350,NA,N,E,I,A,B,H,-,A,D,0,NA,NA,NA,NA,Y,NA,D,22,0,0,1,0,0,0,0,0,0,-,-,33.25242,-117.10903,SAN DIEGO,UNINCORPORATED,-117.10949134,33.25265657
90336081,2016,2016-12-05,9650,2016-11-27,0715,019398,NA,7,1,9,3700,0,1,1,NA,2,003,I-5 S/B,COCKLEBURR ROAD,2000,S,N,B,C,Y,NA,NA,5,NA,NA,NA,NA,NA,S,Y,4,0,1,1,A,-,08,22107,NA,N,F,A,A,B,H,-,A,D,0,NA,NA,NA,NA,Y,NA,A,01,0,0,1,0,0,0,0,0,0,-,-,33.2414,-117.4145,SAN DIEGO,UNINCORPORATED,-117.41473839,33.24113441
90336149,2016,2016-12-05,9645,2016-12-02,0735,013393,NA,5,1,7,3711,0,1,3,NA,2,014,I-805 N/B FROM SR-52 W/B,I-805 O/C,528,E,N,A,-,Y,NA,NA,NA,NA,NA,NA,NA,NA,NA,Y,3,0,1,1,A,-,08,22107,NA,N,F,A,A,A,H,-,A,D,0,NA,NA,Y,NA,Y,NA,C,02,0,1,0,0,0,0,0,0,1,-,-,32.5053,-117.1033,SAN DIEGO,SAN DIEGO,-117.22690511,32.90921391
9033711,2020,2020-10-20,3700,2020-01-18,0942,SH7085,NA,6,5,5,3713,0,0,0,NA,0,312,SOUTH EMERALD DR,RT 78,0,NA,Y,A,-,Y,SD,11,78,-,-,4.217,R,4,E,Y,4,0,1,2,D,-,00,NA,NA,N,D,C,A,A,H,-,A,A,0,NA,NA,NA,NA,Y,NA,-,-,0,0,1,0,0,0,0,0,0,-,SF,NA,NA,SAN DIEGO,VISTA,-117.28205871582033,33.18662643432617
90337353,2016,2016-12-06,9650,2016-11-28,2130,019308,NA,1,2,6,3710,0,1,1,NA,2,005,I-5 N/B,HARBOR DR,100,N,N,A,-,Y,NA,NA,5,NA,NA,NA,NA,NA,N,Y,4,0,2,3,A,-,03,22350,NA,N,A,C,A,B,H,-,D,D,0,NA,NA,NA,Y,Y,NA,A,07,0,0,2,0,0,0,0,0,0,-,-,33.21055,-117.38758,SAN DIEGO,OCEANSIDE,-117.3872962,33.21072302
9033773,2020,2020-03-13,3701,2020-01-11,1806,CB5530,41,6,5,5,3701,0,0,0,NA,0,003,EL CAMINIO REAL,KELLY DR,20,N,N,A,-,N,NA,NA,NA,NA,NA,NA,NA,NA,NA,Y,3,0,2,2,A,-,08,22107,NA,N,B,C,A,A,H,-,C,A,0,NA,NA,NA,NA,Y,NA,D,82,0,1,1,0,0,0,0,0,0,-,-,NA,NA,SAN DIEGO,CARLSBAD,-117.31017303466795,33.15244674682617
90338168,2016,2016-12-06,9650,2016-12-04,1055,019398,NA,7,1,6,3706,0,1,1,NA,2,023,I-15 N/B,VALLEY PARKWAY,100,N,N,A,-,Y,NA,NA,15,NA,NA,NA,NA,NA,N,N,4,0,1,2,A,-,03,22350,NA,N,C,C,A,A,H,-,A,D,0,NA,NA,NA,NA,Y,NA,D,22,0,0,1,0,0,0,0,0,0,-,-,33.125,-117.104,SAN DIEGO,ESCONDIDO,-117.10405014,33.1249796
90339358,2016,2016-12-07,9645,2016-11-23,1620,013648,NA,3,2,7,3711,0,1,3,NA,2,006,S.R. 94 EASTBOUND,FEDERAL BLVD U/C,1320,E,N,A,-,Y,NA,NA,NA,NA,NA,NA,NA,NA,NA,Y,3,0,1,2,A,-,03,22350,NA,N,F,A,A,A,H,-,A,D,0,NA,NA,Y,NA,Y,NA,C,02,0,1,0,0,0,0,0,0,1,-,-,32.69538,-117.14733,SAN DIEGO,SAN DIEGO,NA,NA
90341655,2016,2016-12-12,9645,2016-11-27,0020,016439,NA,7,3,7,3711,0,1,1,NA,2,015,I-805 NORTHBOUND,GOVERNOR DR.,1584,N,N,C,-,Y,NA,NA,805,NA,NA,NA,NA,NA,N,Y,4,0,1,1,A,-,03,22350,NA,N,E,I,A,B,H,-,D,D,0,NA,NA,NA,NA,Y,NA,A,07,0,0,1,0,0,0,0,0,0,-,-,32.86145,-117.18658,SAN DIEGO,SAN DIEGO,-117.18673186,32.86130634
90341757,2016,2016-12-12,9645,2016-11-24,1318,014461,NA,4,1,7,3711,0,1,1,NA,2,019,I-15 SOUTHBOUND,CARMEL MOUNTAIN ROAD,2112,S,N,A,-,Y,NA,NA,15,NA,NA,NA,NA,NA,S,Y,2,0,1,3,A,-,07,21658,A,N,B,C,A,A,H,-,A,D,0,NA,NA,Y,NA,Y,NA,A,01,1,0,0,0,0,0,0,0,1,-,-,32.97361,-117.09003,SAN DIEGO,SAN DIEGO,-117.08999354,32.97358743