CASE_ID,ACCIDENT_YEAR,PROC_DATE,JURIS,COLLISION_DATE,COLLISION_TIME,OFFICER_ID,REPORTING_DISTRICT,DAY_OF_WEEK,CHP_SHIFT,POPULATION,CNTY_CITY_LOC,SPECIAL_COND,BEAT_TYPE,CHP_BEAT_TYPE,CITY_DIVISION_LAPD,CHP_BEAT_CLASS,BEAT_NUMBER,PRIMARY_RD,SECONDARY_RD,DISTANCE,DIRECTION,INTERSECTION,WEATHER_1,WEATHER_2,STATE_HWY_IND,CALTRANS_COUNTY,CALTRANS_DISTRICT,STATE_ROUTE,ROUTE_SUFFIX,POSTMILE_PREFIX,POSTMILE,LOCATION_TYPE,RAMP_INTERSECTION,SIDE_OF_HWY,TOW_AWAY,COLLISION_SEVERITY,NUMBER_KILLED,NUMBER_INJURED,PARTY_COUNT,PRIMARY_COLL_FACTOR,PCF_CODE_OF_VIOL,PCF_VIOL_CATEGORY,PCF_VIOLATION,PCF_VIOL_SUBSECTION,HIT_AND_RUN,TYPE_OF_COLLISION,MVIW,PED_ACTION,ROAD_SURFACE,ROAD_COND_1,ROAD_COND_2,LIGHTING,CONTROL_DEVICE,CHP_ROAD_TYPE,PEDESTRIAN_ACCIDENT,BICYCLE_ACCIDENT,MOTORCYCLE_ACCIDENT,TRUCK_ACCIDENT,NOT_PRIVATE_PROPERTY,ALCOHOL_INVOLVED,STWD_VEHTYPE_AT_FAULT,CHP_VEHTYPE_AT_FAULT,COUNT_SEVERE_INJ,COUNT_VISIBLE_INJ,COUNT_COMPLAINT_PAIN,COUNT_PED_KILLED,COUNT_PED_INJURED,COUNT_BICYCLIST_KILLED,COUNT_BICYCLIST_INJURED,COUNT_MC_KILLED,COUNT_MC_INJURED,PRIMARY_RAMP,SECONDARY_RAMP,LATITUDE,LONGITUDE,COUNTY,CITY,POINT_X,POINT_Y
90475967,2017,2017-06-12,9650,2017-06-04,1225,015276,NA,7,1,9,3700,0,3,5,NA,2,170,S. SANTA FE AVE.,PALMYRA DR,65,W,N,A,-,N,NA,NA,NA,NA,NA,NA,NA,NA,NA,Y,4,0,1,3,A,-,03,22350,NA,N,C,C,A,A,H,-,A,A,0,NA,NA,NA,NA,Y,NA,A,01,0,0,1,0,0,0,0,0,0,-,-,33.17085,-117.20708,SAN DIEGO,UNINCORPORATED,-117.20708478,33.17100953
9047708,2020,2020-06-09,3711,2020-02-15,1730,7029,NA,6,5,7,3711,0,0,0,NA,0,627,MYRTLE WY,VERMONT ST,0,NA,-,A,-,NA,NA,NA,NA,NA,NA,NA,NA,NA,NA,N,3,0,1,2,B,-,22,NA,NA,N,C,E,A,A,H,-,B,D,0,NA,NA,NA,NA,Y,Y,A,01,0,1,0,0,0,0,0,0,0,-,-,NA,NA,SAN DIEGO,SAN DIEGO,-117.15337371826172,32.74224853515625
9047724,2020,2020-06-11,3711,2020-02-03,2143,7401,NA,1,5,7,3711,0,0,0,NA,0,531,PERSHING DR,FLORIDA DR,0,NA,-,A,-,N,NA,NA,NA,NA,NA,NA,NA,NA,NA,Y,4,0,1,1,A,-,03,22350,NA,N,-,A,A,A,H,-,D,D,0,NA,NA,Y,NA,Y,NA,C,03,0,0,1,0,0,0,0,0,1,-,-,NA,NA,SAN DIEGO,SAN DIEGO,-117.14261627197266,32.722721099853516
9047777,2020,2020-06-08,3711,2020-02-02,0754,7748,NA,7,5,7,3711,0,0,0,NA,0,621,LINDA VISTA RD,LINDA VISTA FRONTAGE RD,0,NA,-,A,-,N,NA,NA,NA,NA,NA,NA,NA,NA,NA,Y,4,0,1,1,A,-,08,22107,NA,N,E,I,A,A,H,-,A,D,0,NA,NA,NA,NA,Y,NA,A,01,0,0,1,0,0,0,0,0,0,-,-,NA,NA,SAN DIEGO,SAN DIEGO,-117.19783782958984,32.764488220214844
90478110,2017,2017-06-14,9650,2017-06-11,0210,018675,NA,7,3,5,3712,0,1,3,NA,2,019,SR-78 E/B,LAS POSAS RD,2640,E,N,B,-,Y,NA,NA,78,NA,NA,NA,NA,NA,E,Y,4,0,1,2,A,-,03,22350,NA,N,C,C,A,A,H,-,D,D,0,NA,NA,NA,NA,Y,NA,A,01,0,0,1,0,0,0,0,0,0,-,-,33.14017,-117.18312,SAN DIEGO,SAN MARCOS,-117.18312019,33.14016947
90478139,2017,2017-06-14,9650,2017-06-13,0925,013636,NA,2,1,5,3782,0,1,1,NA,2,007,I-5 S/B,LEUCADIA BLVD,2640,N,N,A,-,Y,NA,NA,NA,NA,NA,NA,NA,NA,NA,Y,4,0,2,5,A,-,03,22350,NA,N,C,C,A,A,H,-,A,D,0,NA,NA,NA,NA,Y,NA,A,01,0,0,2,0,0,0,0,0,0,-,-,NA,NA,SAN DIEGO,ENCINITAS,-117.29449871,33.07212161
90478755,2017,2017-06-15,9645,2017-06-09,0625,021600,NA,5,1,7,3711,0,1,1,NA,2,003,I-5 N/B,NATIONAL AVE O/C,100,N,N,A,-,Y,NA,NA,5,NA,NA,NA,NA,NA,N,Y,4,0,1,2,A,-,03,22350,NA,N,C,C,A,A,H,-,A,D,0,NA,NA,NA,NA,Y,NA,A,01,0,0,1,0,0,0,0,0,0,-,-,32.69628,-117.13583,SAN DIEGO,SAN DIEGO,-117.13572069,32.69643541
90478909,2017,2017-06-15,9680,2017-06-07,1710,018583,NA,3,2,9,3700,0,1,3,NA,2,028,SR-125 N/B,SPRING ST,1584,S,N,A,-,Y,NA,NA,125,NA,NA,NA,NA,NA,N,Y,4,0,1,2,A,-,03,22350,NA,N,C,C,A,A,H,-,A,D,0,NA,NA,Y,NA,Y,NA,C,02,0,0,1,0,0,0,0,0,1,-,-,32.7504,-117.0153,SAN DIEGO,UNINCORPORATED,-117.01516738,32.75022949
90479773,2017,2017-06-16,9650,2017-06-09,1613,015081,NA,5,2,9,3700,0,3,5,NA,2,230,DEL DIOS HWY,VIA RANCHO PKWY,2112,S,N,A,-,N,NA,NA,NA,NA,NA,NA,NA,NA,NA,N,4,0,1,3,A,-,04,21703,NA,N,C,C,A,A,H,-,A,D,0,NA,NA,NA,NA,Y,NA,D,22,0,0,1,0,0,0,0,0,0,-,-,33.07629,-117.1209,SAN DIEGO,UNINCORPORATED,-117.11787605,33.08473126
90481842,2017,2017-06-20,9680,2017-06-09,0800,021584,NA,5,1,9,3700,0,2,4,NA,1,095,SAN VICENTE ROAD,HANSON LANE,76,S,N,A,-,N,NA,NA,NA,NA,NA,NA,NA,NA,NA,Y,3,0,3,3,A,-,03,22350,NA,N,C,C,A,A,H,-,A,A,0,NA,NA,NA,NA,Y,NA,D,22,0,1,2,0,0,0,0,0,0,-,-,33.02534,-116.86645,SAN DIEGO,UNINCORPORATED,-116.86651925,33.02553189
90483227,2017,2017-06-21,9680,2017-06-12,1805,018672,NA,1,2,9,3700,0,3,5,NA,2,007,GREAT SOUTHERN OVERLAND STAGE RTE,IMPERIAL COUNTY LINE,32736,N,N,A,-,N,NA,NA,NA,NA,NA,NA,NA,NA,NA,Y,3,0,1,1,A,-,08,22107,NA,N,E,I,A,A,H,-,A,D,0,NA,NA,NA,NA,Y,NA,A,01,0,1,0,0,0,0,0,0,0,-,-,32.83366,-116.18437,SAN DIEGO,UNINCORPORATED,NA,NA
90484050,2017,2017-06-22,9645,2017-06-14,0806,014909,NA,3,1,7,3711,0,1,1,NA,2,007,I-5 N/B,LA JOLLA VILLAGE DRIVE,500,S,N,A,-,Y,NA,NA,5,NA,NA,NA,NA,NA,N,Y,4,0,1,2,A,-,07,21658,A,N,C,C,A,A,H,-,A,D,0,NA,NA,NA,NA,Y,NA,A,01,0,0,1,0,0,0,0,0,0,-,-,32.8708,-117.229,SAN DIEGO,SAN DIEGO,-117.22919615,32.87082004
9048444,2020,2020-03-17,3711,2020-01-03,1540,SD7286,NA,5,5,7,3711,0,0,0,NA,0,624,MADISON ST,FLORIDA ST,0,NA,Y,A,-,N,NA,NA,NA,NA,NA,NA,NA,NA,NA,N,4,0,1,2,C,-,18,NA,NA,N,G,B,B,A,H,-,A,D,0,Y,NA,NA,NA,Y,NA,-,-,0,0,1,0,1,0,0,0,0,-,-,NA,NA,SAN DIEGO,SAN DIEGO,-117.143798828125,32.76097106933594
90486497,2017,2017-06-23,9650,2017-06-20,0540,015273,NA,2,3,9,3700,0,1,3,NA,2,065,SR-76,CAMINO DEL REY,0,NA,Y,E,-,Y,NA,NA,76,NA,NA,NA,NA,NA,NA,Y,4,0,2,2,A,-,12,21453,A,N,D,C,A,A,H,-,B,A,0,NA,NA,NA,NA,Y,NA,A,01,0,0,2,0,0,0,0,0,0,-,-,33.2888,-117.22536,SAN DIEGO,UNINCORPORATED,-117.22554046,33.28871529
90486534,2017,2017-06-23,9645,2017-06-13,1240,017498,NA,2,1,7,3711,0,1,1,NA,2,003,I-5 NORTHBOUND,SR-15 OVER CROSS,2112,S,N,A,-,Y,NA,NA,5,NA,NA,NA,NA,NA,N,N,4,0,1,2,A,-,07,21658,A,N,B,C,A,A,H,-,A,D,0,NA,NA,NA,NA,Y,NA,A,01,0,0,1,0,0,0,0,0,0,-,-,32.68865,-117.11543,SAN DIEGO,SAN DIEGO,-117.11544836,32.68862359
90486916,2017,2017-06-26,9650,2017-06-18,1220,015503,NA,7,1,5,3782,0,1,1,NA,2,007,I-5 N/B,ENCINITAS BLVD.,3168,S,N,A,-,Y,NA,NA,NA,NA,NA,NA,NA,NA,NA,N,3,0,3,2,A,-,03,22350,NA,N,C,C,A,A,H,-,A,D,0,NA,NA,NA,NA,Y,NA,A,01,0,1,2,0,0,0,0,0,0,-,-,33.22334,-117.17137,SAN DIEGO,ENCINITAS,-117.28562,33.04351
9048785,2020,2020-06-04,3710,2020-01-17,2030,OC0835,NA,5,5,6,3710,0,0,0,NA,0,026,THUNDER DR,COLLEGE BL,151,W,N,A,-,N,NA,NA,NA,NA,NA,NA,NA,NA,NA,Y,4,0,1,5,A,-,01,23152,A,N,B,E,A,A,H,-,C,D,0,NA,NA,NA,NA,Y,Y,D,22,0,0,1,0,0,0,0,0,0,-,-,NA,NA,SAN DIEGO,OCEANSIDE,-117.288818359375,33.19963455200195
9048786,2020,2020-06-04,3701,2020-01-08,0753,CB5518,117,3,5,5,3701,0,0,0,NA,0,008,EL CAMINIO REAL,LA COSTA AV,940,N,N,A,-,N,NA,NA,NA,NA,NA,NA,NA,NA,NA,N,4,0,2,2,A,-,03,22350,NA,N,C,C,A,A,H,-,A,D,0,NA,NA,NA,NA,Y,NA,A,07,0,0,2,0,0,0,0,0,0,-,-,NA,NA,SAN DIEGO,CARLSBAD,-117.26921844482422,33.08796691894531
90488974,2017,2017-06-27,9645,2017-06-21,1504,016864,NA,3,2,7,3711,0,1,1,NA,2,007,I-5 N/B,DEL MAR HEIGHTS ROAD,100,N,N,B,-,Y,NA,NA,5,NA,NA,NA,NA,NA,N,N,4,0,1,3,A,-,03,22350,NA,N,C,C,A,A,H,-,A,D,0,NA,NA,NA,NA,Y,NA,D,22,0,0,1,0,0,0,0,0,0,-,-,32.95105,-117.24365,SAN DIEGO,SAN DIEGO,-117.24375226,32.95103145
90489510,2017,2017-06-28,9645,2017-06-22,1620,017270,NA,4,2,7,3711,0,1,3,NA,2,014,SR-52 E/B,CONVOY STREET,3150,W,N,A,-,Y,NA,NA,52,NA,NA,NA,NA,NA,E,Y,4,0,2,5,A,-,03,22350,NA,N,C,C,A,A,H,-,A,D,0,NA,NA,NA,NA,Y,NA,D,22,0,0,2,0,0,0,0,0,0,-,-,32.8427,-117.1658,SAN DIEGO,SAN DIEGO,-117.16584225,32.84264468
90489629,2017,2017-09-13,9645,2017-06-03,2326,020515,NA,6,3,7,3711,0,1,1,NA,2,011,INTERSTATE 805 NORTHBOUND,ADAMS AVENUE,264,N,N,A,-,Y,NA,NA,805,NA,NA,NA,NA,NA,N,Y,1,1,0,2,A,-,11,21954,A,N,G,B,E,A,H,-,D,D,0,Y,NA,NA,NA,Y,Y,N,60,0,0,0,1,0,0,0,0,0,-,-,32.7639,-117.1274,SAN DIEGO,SAN DIEGO,-117.12747265,32.76387509
90490807,2017,2017-06-29,9650,2017-06-23,1546,020673,NA,5,2,9,3700,0,1,1,NA,2,022,I-15 SOUTHBOUND,MISSION RD.,1650,N,N,A,-,Y,NA,NA,15,NA,NA,NA,NA,NA,S,N,3,0,1,3,A,-,08,22107,NA,N,G,B,E,A,H,-,A,D,0,Y,NA,NA,Y,Y,NA,F,27,0,1,0,0,1,0,0,0,0,-,-,33.39199,-117.17431,SAN DIEGO,UNINCORPORATED,-117.17432371,33.39199448
90493149,2017,2017-07-03,9680,2017-05-25,1640,015619,NA,4,2,9,3700,0,3,5,NA,2,003,ARNOLD WAY,ALPINE VILLAGE DRIVE (PRIVATE ROAD),50,W,N,A,-,N,NA,NA,NA,NA,NA,NA,NA,NA,NA,N,1,1,1,3,A,-,08,22107,NA,N,G,B,E,A,H,-,A,A,0,Y,NA,NA,NA,Y,NA,D,22,0,0,1,1,1,0,0,0,0,-,-,32.83615,-116.77079,SAN DIEGO,UNINCORPORATED,-116.77056893,32.83611416
90495491,2017,2017-07-06,9680,2017-06-24,1855,021237,NA,6,2,9,3700,0,1,3,NA,1,024,RT 94,STEELE CANYON RD,150,E,N,A,-,Y,NA,NA,94,NA,NA,NA,NA,NA,NA,Y,3,0,2,2,A,-,01,23152,A,N,D,C,A,A,H,-,A,D,0,NA,NA,NA,NA,Y,Y,A,08,0,1,1,0,0,0,0,0,0,-,-,32.72793,-116.90887,SAN DIEGO,UNINCORPORATED,-116.90885409,32.72788638
90501366,2017,2017-07-17,9650,2017-07-09,0220,020673,NA,7,3,9,3700,0,1,3,NA,1,028,SR-76,BODIE BLVD.,290,E,N,A,-,Y,NA,NA,NA,NA,NA,NA,NA,NA,NA,Y,4,0,3,2,A,-,01,23152,A,N,B,C,A,A,H,-,D,D,0,NA,NA,NA,NA,Y,Y,A,01,0,0,3,0,0,0,0,0,0,-,-,33.20446,-117.01238,SAN DIEGO,UNINCORPORATED,-117.02326133,33.345689900000004
90503546,2017,2017-07-19,9680,2017-07-09,0915,017389,NA,7,1,9,3700,0,2,4,NA,1,021,WILLOW GLEN DR,HILLSDALE RD,270,E,N,B,-,N,NA,NA,NA,NA,NA,NA,NA,NA,NA,N,3,0,2,2,A,-,17,21208,B,N,B,G,A,A,H,-,A,D,0,NA,Y,Y,NA,Y,NA,L,04,0,2,0,0,0,0,1,0,1,-,-,32.75785,-116.9022,SAN DIEGO,UNINCORPORATED,-116.902209,32.75775465
9050384,2020,2020-05-27,3702,2020-02-04,1345,CV0652,NA,2,5,6,3702,0,0,0,NA,0,024,EAST ORANGE AV,MAX AV,0,NA,Y,A,-,N,NA,NA,NA,NA,NA,NA,NA,NA,NA,Y,4,0,2,3,A,-,12,21453,A,N,D,C,A,A,H,-,A,A,0,NA,NA,NA,NA,Y,NA,A,01,0,0,2,0,0,0,0,0,0,-,-,NA,NA,SAN DIEGO,CHULA VISTA,-117.0444564819336,32.60187911987305
90505626,2017,2017-07-21,9650,2017-07-17,0300,019191,NA,1,3,9,3700,0,1,1,NA,2,003,I-5 N/B,COCKLEBURR ST,2750,N,N,A,-,Y,NA,NA,5,NA,NA,NA,NA,NA,N,Y,3,0,1,1,A,-,01,23152,A,N,E,I,A,A,H,-,D,D,0,NA,NA,NA,NA,Y,Y,A,01,0,1,0,0,0,0,0,0,0,-,-,33.26001,-117.4281,SAN DIEGO,UNINCORPORATED,-117.42798549,33.26010155
90506801,2017,2017-08-07,9680,2017-07-12,1825,021772,NA,3,2,9,3700,0,1,1,NA,2,082,I-8 E/B,LOS COCHES RD,1056,W,N,A,-,Y,NA,NA,8,NA,NA,NA,NA,NA,E,Y,3,0,2,3,A,-,08,22107,NA,N,B,C,A,A,H,-,A,D,0,NA,NA,NA,NA,Y,NA,A,07,0,1,1,0,0,0,0,0,0,-,-,32.8242,-116.9064,SAN DIEGO,UNINCORPORATED,-116.90636419,32.82414954
90507700,2017,2017-07-25,9680,2017-07-14,1745,018979,NA,5,2,9,3700,0,3,5,NA,2,002,1389 MERRITT DR,MERRITT TER,223,W,N,A,-,N,NA,NA,NA,NA,NA,NA,NA,NA,NA,Y,3,0,1,1,A,-,01,23152,A,M,E,I,A,A,H,-,A,D,0,NA,NA,NA,NA,Y,Y,A,07,0,1,0,0,0,0,0,0,0,-,-,32.78025,-116.93539,SAN DIEGO,UNINCORPORATED,-116.93554691,32.78017601
90507831,2017,2017-07-25,9680,2017-07-17,1530,020249,NA,1,2,9,3700,0,1,3,NA,1,051,STATE ROUTE 79,FINK ROAD,18480,N,N,A,-,Y,NA,NA,79,NA,NA,NA,NA,NA,NA,Y,4,0,1,1,A,-,08,22107,NA,N,E,I,A,A,H,-,A,D,0,NA,NA,NA,NA,Y,NA,D,22,0,0,1,0,0,0,0,0,0,-,-,33.34873,-116.73372,SAN DIEGO,UNINCORPORATED,-116.73372954,33.34870135
90508684,2017,2017-07-26,9645,2017-07-18,1605,017270,NA,2,2,7,3711,0,1,1,NA,2,015,I-805 S/B,NOBEL DRIVE,50,N,N,A,-,Y,NA,NA,NA,NA,NA,NA,NA,NA,NA,Y,4,0,1,2,A,-,03,22350,NA,N,C,C,A,A,H,-,A,D,0,NA,NA,NA,NA,Y,NA,A,01,0,0,1,0,0,0,0,0,0,-,-,32.858,-117.1858,SAN DIEGO,SAN DIEGO,-117.19512468,32.86981468
90508967,2017,2017-07-27,9650,2017-07-18,1215,021698,NA,2,1,5,3782,0,1,1,NA,2,007,I-5 N/B,SANTA FE DR,1363,N,N,A,-,Y,NA,NA,5,NA,NA,NA,NA,NA,N,Y,4,0,1,5,A,-,03,22350,NA,N,C,C,A,A,H,-,A,D,0,NA,NA,NA,NA,Y,NA,M,47,0,0,1,0,0,0,0,0,0,-,-,33.03957,-117.28347,SAN DIEGO,ENCINITAS,-117.28353247,33.03952849
90509040,2017,2017-07-26,9650,2017-07-15,0950,015295,NA,6,1,9,3700,0,3,5,NA,2,231,IDAHO AVENUE,BEAR VALLEY PARKWAY,0,NA,Y,A,-,N,NA,NA,NA,NA,NA,NA,NA,NA,NA,Y,4,0,1,2,A,-,09,21801,A,N,D,C,A,A,H,-,A,A,0,NA,NA,NA,NA,Y,NA,A,01,0,0,1,0,0,0,0,0,0,-,-,33.11598,-117.05036,SAN DIEGO,UNINCORPORATED,-117.05033005,33.11596008
90509154,2017,2017-07-26,9650,2017-07-14,1625,015830,NA,5,2,6,3710,0,1,1,NA,2,005,I-5 S/B,HARBOR DR,950,S,N,A,-,Y,NA,NA,5,NA,NA,NA,NA,NA,S,Y,4,0,1,3,A,-,03,22350,NA,N,B,C,A,A,H,-,A,D,0,NA,NA,Y,Y,Y,NA,C,02,0,0,1,0,0,0,0,0,1,-,-,33.20923,-117.38658,SAN DIEGO,OCEANSIDE,-117.38665465,33.20918231
90509560,2017,2017-07-27,9650,2017-07-21,0435,019191,NA,5,3,9,3700,0,1,1,NA,2,021,I-15 S/B,MESA ROCK ROAD,1500,N,N,A,-,Y,NA,NA,15,NA,NA,NA,NA,NA,S,Y,3,0,2,2,D,-,00,NA,NA,F,B,C,A,A,H,-,D,D,0,NA,NA,NA,NA,Y,Y,-,-,0,1,1,0,0,0,0,0,0,-,-,33.17821,-117.11483,SAN DIEGO,UNINCORPORATED,-117.11491897,33.17815905
90509770,2017,2017-07-27,9645,2017-06-29,0402,019291,NA,4,3,5,3709,0,1,3,NA,2,008,SR-54 E/B,PLAZA BONITA CENTERWAY,2640,W,N,A,-,Y,NA,NA,54,NA,NA,NA,NA,NA,E,Y,3,0,1,1,A,-,01,23152,A,N,E,I,A,A,H,-,C,D,0,NA,NA,NA,NA,Y,Y,A,01,0,1,0,0,0,0,0,0,0,-,-,32.66221,-117.06485,SAN DIEGO,NATIONAL CITY,-117.06489675,32.66233022
90509791,2017,2017-07-27,9650,2017-07-21,1238,021698,NA,5,1,6,3710,0,1,1,NA,2,005,I-5 S/B,MISSION AVE,3168,N,N,A,-,Y,NA,NA,5,NA,NA,NA,NA,NA,S,Y,4,0,1,3,A,-,03,22350,NA,N,C,C,A,A,H,-,A,D,0,NA,NA,NA,NA,Y,NA,A,01,0,0,1,0,0,0,0,0,0,-,-,33.20182,-117.37708,SAN DIEGO,OCEANSIDE,-117.37706277,33.20187129
90512152,2017,2017-07-31,9645,2017-07-20,1550,016864,NA,4,2,7,3711,0,1,1,NA,2,007,I-5 S/B,GILMAN DRIVE,2112,N,N,A,-,Y,NA,NA,5,NA,NA,NA,NA,NA,S,N,4,0,1,3,A,-,07,21658,A,N,B,C,A,A,H,-,A,D,0,NA,NA,Y,NA,Y,NA,A,01,0,0,1,0,0,0,0,0,1,-,-,32.85685,-117.23096,SAN DIEGO,SAN DIEGO,-117.23087509,32.85682984
90513938,2017,2017-08-01,9680,2017-07-23,1635,019998,NA,7,2,9,3700,0,2,4,NA,1,021,WILLOW GLEN DR,SR-54 E/B (JAMACHA RD.),33,S,N,A,-,N,NA,NA,NA,NA,NA,NA,NA,NA,NA,Y,3,0,1,2,A,-,01,23152,A,N,D,C,A,A,H,-,A,A,0,NA,NA,Y,NA,Y,Y,C,02,0,1,0,0,0,0,0,0,1,-,-,33.74461,-116.92933,SAN DIEGO,UNINCORPORATED,-116.92928196,32.74473701
90513989,2017,2017-08-01,9680,2017-07-23,1755,014949,NA,7,2,9,3700,0,1,1,NA,2,086,I-8 W/B,CARRIZO GORGE RD,12144,E,N,A,-,Y,NA,NA,8,NA,NA,NA,NA,NA,W,Y,3,0,1,2,A,-,07,21658,A,N,B,C,A,A,H,-,A,D,0,NA,NA,NA,NA,Y,NA,A,07,0,1,0,0,0,0,0,0,0,-,-,32.63641,-116.1246,SAN DIEGO,UNINCORPORATED,-116.12459715,32.63637492
90516579,2017,2017-08-04,9645,2017-07-18,1555,017524,NA,2,2,7,3711,0,1,1,NA,2,011,I-805 S/B,UNIVERSITY AVE. O/C,528,S,N,A,-,Y,NA,NA,805,NA,NA,NA,NA,NA,S,N,4,0,1,2,A,-,03,22350,NA,N,C,C,A,A,H,-,A,D,0,NA,NA,NA,NA,Y,NA,A,01,0,0,1,0,0,0,0,0,0,-,-,32.73929,-117.11561,SAN DIEGO,SAN DIEGO,-117.11560227,32.73929416
90517040,2017,2017-08-04,9680,2017-07-26,1647,021574,NA,3,2,9,3700,0,3,5,NA,2,002,LAMPLIGHTER VILLAGE DR,JAMACHA BLVD,41,S,N,A,-,N,NA,NA,NA,NA,NA,NA,NA,NA,NA,N,3,0,1,2,A,-,01,23152,A,N,A,C,A,A,H,-,A,A,0,NA,NA,Y,NA,Y,Y,C,03,0,1,0,0,0,0,0,0,1,-,-,32.72955,-116.96166,SAN DIEGO,UNINCORPORATED,-116.96170546,32.72959705
90517326,2017,2017-08-07,9650,2017-08-05,1425,017328,NA,6,2,9,3700,0,3,5,NA,2,170,E. VISTA WAY,MASON RD.,300,S,N,A,-,N,NA,NA,NA,NA,NA,NA,NA,NA,NA,N,4,0,1,2,A,-,03,22350,NA,N,C,A,A,A,H,-,A,D,0,NA,NA,NA,NA,Y,NA,A,01,0,0,1,0,0,0,0,0,0,-,-,33.24016,-117.2262,SAN DIEGO,UNINCORPORATED,-117.22622315,33.24048822
90519345,2017,2017-08-09,9650,2017-08-07,1645,014886,NA,1,2,9,3700,0,1,1,NA,2,001,I-5 N/B,USBP CHECKPOINT,100,S,N,A,-,Y,NA,NA,5,NA,NA,NA,NA,NA,N,N,4,0,1,3,A,-,03,22350,NA,N,C,C,A,A,H,-,A,D,0,NA,NA,NA,NA,Y,NA,A,01,0,0,1,0,0,0,0,0,0,-,-,33.35333,-117.52635,SAN DIEGO,UNINCORPORATED,-117.52634791,33.35333316
90521725,2017,2017-08-11,9650,2017-08-03,1910,017743,NA,4,2,6,3710,0,1,3,NA,2,015,SR-78 E/B,I-5,175,E,N,A,-,Y,NA,NA,NA,NA,NA,NA,NA,NA,NA,Y,4,0,1,2,A,-,07,21658,A,N,D,C,A,A,H,-,A,D,0,NA,NA,NA,NA,Y,NA,A,07,0,0,1,0,0,0,0,0,0,-,-,33.12235,-117.35052,SAN DIEGO,OCEANSIDE,-117.3508964,33.177149
90522199,2017,2017-08-14,9650,2017-08-05,0855,019227,NA,6,1,9,3700,0,1,3,NA,1,028,SR-76,S. GRADE RD.,15312,E,N,A,-,Y,NA,NA,76,NA,NA,NA,NA,NA,NA,Y,2,0,1,2,A,-,09,21801,A,N,D,C,A,A,H,-,A,D,0,NA,NA,Y,NA,Y,NA,A,01,1,0,0,0,0,0,0,0,1,-,-,33.2775,-116.85473,SAN DIEGO,UNINCORPORATED,-116.8547339,33.27747888
90522345,2017,2017-08-14,9650,2017-08-05,1949,020747,NA,6,2,9,3700,0,3,5,NA,2,006,DE LUZ MURRIETA RD,DE LUZ RD,6600,E,N,A,-,N,NA,NA,NA,NA,NA,NA,NA,NA,NA,Y,2,0,1,2,A,-,08,22107,NA,N,B,C,A,A,H,-,D,D,0,NA,NA,Y,NA,Y,NA,C,02,1,0,0,0,0,0,0,0,1,-,-,33.45233,-117.30772,SAN DIEGO,UNINCORPORATED,-117.31086631,33.45234515
90522904,2017,2017-08-14,9645,2017-07-16,1220,014692,NA,7,1,9,3700,0,3,5,NA,2,024,RANCHO BERNARDO ROAD,TOWN SQUARE PARKWAY,0,NA,Y,A,-,N,NA,NA,NA,NA,NA,NA,NA,NA,NA,N,4,0,1,2,A,-,12,21453,A,N,D,C,A,A,H,-,A,A,0,NA,NA,NA,NA,Y,NA,A,01,0,0,1,0,0,0,0,0,0,-,-,33.0219,-117.11335,SAN DIEGO,UNINCORPORATED,-117.11167009,33.0207901
90525181,2017,2017-08-17,9645,2017-08-08,1825,017133,NA,2,2,7,3711,0,1,1,NA,2,001,I-5 S/B,CAMINO DE LA PLAZA O/C,300,N,N,A,-,Y,NA,NA,5,NA,NA,NA,NA,NA,S,Y,4,0,1,2,A,-,17,21658,NA,N,D,C,A,A,H,-,A,D,0,NA,NA,Y,NA,Y,NA,A,01,0,0,1,0,0,0,0,0,1,-,-,32.54535,-117.03438,SAN DIEGO,SAN DIEGO,-117.03432765,32.54542723
90527755,2017,2017-08-21,9650,2017-08-15,0922,015081,NA,2,1,5,3713,0,1,3,NA,2,017,SR-78 W/B FROM MAR VISTA DRIVE,MAR VISTA DRIVE O/C,528,E,N,B,-,Y,NA,NA,78,NA,NA,NA,R,NA,W,Y,4,0,1,2,A,-,03,22350,NA,N,C,C,A,A,H,-,A,A,0,NA,NA,NA,NA,Y,NA,A,01,0,0,1,0,0,0,0,0,0,-,-,33.18005,-117.23002,SAN DIEGO,VISTA,-117.23002,33.18005
90528186,2017,2017-08-22,9645,2017-08-08,1950,017524,NA,2,2,7,3711,0,1,1,NA,2,013,I-805 N/B,MURRAY RIDGE RD. O/C,528,N,N,A,-,Y,NA,NA,805,NA,NA,NA,NA,NA,N,N,3,0,1,2,A,-,11,21954,A,N,G,B,E,A,H,-,D,D,0,Y,NA,NA,NA,Y,NA,N,60,0,1,0,0,1,0,0,0,0,-,-,32.78813,-117.14763,SAN DIEGO,SAN DIEGO,-117.14773024,32.78805826
9052903,2020,2020-02-27,3711,2020-01-30,0820,SD7913,NA,4,5,7,3711,0,0,0,NA,0,628,WEST WASHINGTON ST,SAN DIEGO  AV,0,NA,Y,A,-,N,NA,NA,NA,NA,NA,NA,NA,NA,NA,N,4,0,1,2,A,-,12,21453,A,N,D,C,A,A,H,-,A,A,0,NA,NA,NA,NA,Y,Y,A,01,0,0,1,0,0,0,0,0,0,-,-,NA,NA,SAN DIEGO,SAN DIEGO,-117.18192291259766,32.74279022216797