CASE_ID,ACCIDENT_YEAR,PROC_DATE,JURIS,COLLISION_DATE,COLLISION_TIME,OFFICER_ID,REPORTING_DISTRICT,DAY_OF_WEEK,CHP_SHIFT,POPULATION,CNTY_CITY_LOC,SPECIAL_COND,BEAT_TYPE,CHP_BEAT_TYPE,CITY_DIVISION_LAPD,CHP_BEAT_CLASS,BEAT_NUMBER,PRIMARY_RD,SECONDARY_RD,DISTANCE,DIRECTION,INTERSECTION,WEATHER_1,WEATHER_2,STATE_HWY_IND,CALTRANS_COUNTY,CALTRANS_DISTRICT,STATE_ROUTE,ROUTE_SUFFIX,POSTMILE_PREFIX,POSTMILE,LOCATION_TYPE,RAMP_INTERSECTION,SIDE_OF_HWY,TOW_AWAY,COLLISION_SEVERITY,NUMBER_KILLED,NUMBER_INJURED,PARTY_COUNT,PRIMARY_COLL_FACTOR,PCF_CODE_OF_VIOL,PCF_VIOL_CATEGORY,PCF_VIOLATION,PCF_VIOL_SUBSECTION,HIT_AND_RUN,TYPE_OF_COLLISION,MVIW,PED_ACTION,ROAD_SURFACE,ROAD_COND_1,ROAD_COND_2,LIGHTING,CONTROL_DEVICE,CHP_ROAD_TYPE,PEDESTRIAN_ACCIDENT,BICYCLE_ACCIDENT,MOTORCYCLE_ACCIDENT,TRUCK_ACCIDENT,NOT_PRIVATE_PROPERTY,ALCOHOL_INVOLVED,STWD_VEHTYPE_AT_FAULT,CHP_VEHTYPE_AT_FAULT,COUNT_SEVERE_INJ,COUNT_VISIBLE_INJ,COUNT_COMPLAINT_PAIN,COUNT_PED_KILLED,COUNT_PED_INJURED,COUNT_BICYCLIST_KILLED,COUNT_BICYCLIST_INJURED,COUNT_MC_KILLED,COUNT_MC_INJURED,PRIMARY_RAMP,SECONDARY_RAMP,LATITUDE,LONGITUDE,COUNTY,CITY,POINT_X,POINT_Y
90572086,2017,2017-10-18,9680,2017-10-07,1830,021501,NA,6,2,9,3700,0,2,4,NA,2,073,BORREGO SPRINGS RD,WALKING H DR,340,N,N,A,-,N,NA,NA,NA,NA,NA,NA,NA,NA,NA,Y,3,0,1,1,A,-,01,23152,A,N,E,I,A,A,H,-,B,A,0,NA,NA,NA,NA,Y,Y,A,07,0,1,0,0,0,0,0,0,0,-,-,33.23846,-116.37417,SAN DIEGO,UNINCORPORATED,-116.37419,33.23819061
9057456,2019,2020-05-15,3705,2019-06-16,0104,EC0324,NA,7,5,5,3705,0,0,0,NA,0,002,BROADWAY,BALLANTYNE,999,W,N,A,-,N,NA,NA,NA,NA,NA,NA,NA,NA,NA,N,2,0,1,2,A,-,11,21955,NA,F,G,B,D,A,H,-,C,D,0,Y,NA,NA,NA,Y,NA,N,60,1,0,0,0,1,0,0,0,0,-,-,NA,NA,SAN DIEGO,EL CAJON,-116.96136474609376,32.8076057434082
90574739,2017,2017-11-06,9650,2017-10-12,1038,015503,NA,4,1,9,3700,0,3,5,NA,1,160,CAMINO DEL REY,W. LILAC ROAD,65,N,N,A,-,N,NA,NA,NA,NA,NA,NA,NA,NA,NA,N,4,0,4,2,A,-,03,22350,NA,N,C,C,A,A,H,-,A,D,0,NA,NA,NA,NA,Y,NA,A,08,0,0,4,0,0,0,0,0,0,-,-,33.17239,-117.13091,SAN DIEGO,UNINCORPORATED,-117.21627187,33.2902034
90575428,2017,2017-10-23,9645,2017-10-10,0940,015494,NA,2,1,7,3711,0,1,1,NA,2,013,I-805 N/B,MESA COLLEGE DR.,1000,S,N,A,-,Y,NA,NA,805,NA,NA,NA,NA,NA,N,N,4,0,2,2,A,-,03,22350,NA,N,C,C,A,A,H,-,A,D,0,NA,NA,NA,NA,Y,NA,A,01,0,0,2,0,0,0,0,0,0,-,-,32.79637,-117.14955,SAN DIEGO,SAN DIEGO,-117.14946589,32.79636476
9057666,2020,2020-07-31,3711,2020-04-20,1105,SD5365,NA,1,5,7,3711,0,0,0,NA,0,115,GOVERNOR DR,GULLSTRAND ST,0,NA,Y,B,-,N,NA,NA,NA,NA,NA,NA,NA,NA,NA,Y,4,0,2,2,A,-,12,21453,A,N,E,C,A,A,H,-,A,A,0,NA,NA,NA,NA,Y,NA,D,22,0,0,2,0,0,0,0,0,0,-,-,NA,NA,SAN DIEGO,SAN DIEGO,-117.19103240966795,32.8526496887207
90578643,2017,2017-10-25,9680,2017-10-15,2127,021501,NA,7,2,9,3700,0,2,4,NA,2,072,CHRISTMAS CIR,PALM CANYON DR,0,NA,Y,A,-,N,NA,NA,NA,NA,NA,NA,NA,NA,NA,Y,3,0,1,1,A,-,01,23152,A,M,E,I,A,A,H,-,C,A,0,NA,NA,NA,NA,Y,Y,A,01,0,1,0,0,0,0,0,0,0,-,-,33.25661,-116.37408,SAN DIEGO,UNINCORPORATED,-116.37573012,33.2565601
90581029,2017,2017-10-27,9680,2017-10-17,1415,018583,NA,2,2,9,3700,0,2,4,NA,1,025,SWEETWATER RD,ILDICA ST,15,S,N,A,-,N,NA,NA,NA,NA,NA,NA,NA,NA,NA,Y,4,0,1,3,A,-,03,22350,NA,N,C,C,A,A,H,-,A,A,0,NA,NA,NA,NA,Y,NA,A,07,0,0,1,0,0,0,0,0,0,-,-,32.72765,-117.01403,SAN DIEGO,UNINCORPORATED,-117.01414489,32.72756914
90581163,2017,2017-10-27,9650,2017-06-19,1601,015446,NA,1,2,9,3700,0,2,4,NA,2,061,S. MISSION ROAD,VIA ENCINOS DRIVE,204,S,N,A,-,N,NA,NA,NA,NA,NA,NA,NA,NA,NA,Y,1,1,1,2,A,-,05,21460,A,N,A,C,A,A,H,-,A,D,0,NA,NA,NA,NA,Y,Y,A,01,0,1,0,0,0,0,0,0,0,-,-,33.3279,-117.2361,SAN DIEGO,UNINCORPORATED,-117.23604607,33.32806119
90581243,2017,2017-10-27,9645,2017-08-28,1500,021680,NA,1,2,7,3711,0,1,1,NA,2,001,I-5 NORTHBOUND TO PALOMAR ST.,PALOMAR STREET O/C,528,S,N,A,-,Y,NA,NA,NA,NA,NA,NA,NA,NA,NA,N,4,0,1,2,A,-,03,22350,NA,N,C,C,A,A,H,-,A,D,0,NA,NA,NA,NA,Y,NA,A,01,0,0,1,0,0,0,0,0,0,-,-,32.6039,-117.08889,SAN DIEGO,SAN DIEGO,-117.08967311,32.60291239
90581259,2017,2017-10-27,9645,2017-10-18,1815,017529,NA,3,2,7,3711,0,1,1,NA,2,027,I-15 NORTHBOUND,CLAIREMONT MESA,2500,S,N,A,-,Y,NA,NA,15,NA,NA,NA,NA,NA,N,Y,3,0,1,2,A,-,03,22350,NA,N,C,C,A,A,H,-,C,D,0,NA,NA,NA,NA,Y,NA,A,01,0,1,0,0,0,0,0,0,0,-,-,32.8284,-117.11749,SAN DIEGO,SAN DIEGO,-117.11740712,32.8284221
90581658,2017,2017-10-30,9650,2017-10-22,0040,019490,NA,7,3,9,3700,0,2,4,NA,1,027,VALLEY CENTER RD,VESPER RD,1584,E,N,A,-,N,NA,NA,NA,NA,NA,NA,NA,NA,NA,Y,2,0,3,3,A,-,01,23152,A,N,B,C,A,A,H,-,D,D,0,NA,NA,NA,NA,Y,Y,A,07,1,1,1,0,0,0,0,0,0,-,-,33.22843,-117.01805,SAN DIEGO,UNINCORPORATED,-117.01731338,33.2281344
90581923,2017,2017-10-30,9645,2017-10-03,0900,017498,NA,2,1,7,3711,0,1,1,NA,2,005,I-5 NORTHBOUND,CLAIREMONT DR OVER CROSS,1584,N,N,B,-,Y,NA,NA,5,NA,NA,NA,NA,NA,N,Y,2,0,1,3,A,-,03,22350,NA,N,C,C,A,A,H,-,A,D,0,NA,NA,Y,NA,Y,NA,C,02,1,0,0,0,0,0,0,0,1,-,-,32.79532,-117.20851,SAN DIEGO,SAN DIEGO,-117.2084932,32.79533003
90582150,2017,2017-10-30,9645,2017-10-12,0725,018223,NA,4,1,7,3711,0,1,1,NA,2,005,I-5 NB,NOELL ST,400,N,N,B,-,Y,NA,NA,5,NA,NA,NA,NA,NA,N,Y,3,0,1,2,A,-,17,21658,NA,N,B,C,A,A,H,-,A,D,0,NA,NA,Y,NA,Y,NA,A,07,0,1,0,0,0,0,0,0,1,-,-,32.74476,-117.18731,SAN DIEGO,SAN DIEGO,-117.18727859,32.74482746
90584666,2017,2017-11-01,9680,2017-10-23,1415,012572,NA,1,2,9,3700,0,2,4,NA,1,014,WINTERGARDENS BLVD,ROYAL ROAD,0,NA,Y,A,-,Y,NA,NA,NA,NA,NA,NA,NA,NA,NA,Y,4,0,2,2,A,-,12,21453,A,N,D,C,A,A,H,-,A,A,0,NA,NA,NA,NA,Y,NA,A,01,0,0,2,0,0,0,0,0,0,-,-,32.82412,-116.93342,SAN DIEGO,UNINCORPORATED,-116.93349008,32.82409011
90584681,2017,2017-11-01,9680,2017-10-22,1005,021764,NA,7,1,9,3700,0,3,5,NA,2,002,JAMACHA RD,DARBY ST,261,E,N,A,-,N,NA,NA,NA,NA,NA,NA,NA,NA,NA,N,4,0,1,2,A,-,03,22350,NA,N,C,C,A,A,H,-,A,D,0,NA,NA,NA,NA,Y,NA,A,01,0,0,1,0,0,0,0,0,0,-,-,32.71603,-117.01925,SAN DIEGO,UNINCORPORATED,-117.01973182,32.71632175
90584848,2017,2017-11-01,9645,2017-09-24,1105,015494,NA,7,1,7,3711,0,1,1,NA,2,021,SR-15 S/B,I-805 N/B FROM SR-15 N/B,450,N,N,A,-,Y,NA,NA,15,NA,NA,NA,NA,NA,S,Y,4,0,1,2,A,-,07,21658,A,N,C,C,A,A,H,-,A,D,0,NA,NA,NA,NA,Y,NA,A,01,0,0,1,0,0,0,0,0,0,-,-,32.74083,-117.11335,SAN DIEGO,SAN DIEGO,-117.11327219,32.74079504
90585121,2017,2017-11-01,9680,2017-10-23,1940,017621,NA,1,2,9,3700,0,1,3,NA,1,091,SR-78 (MAIN ST.),10TH ST.,0,NA,Y,A,-,Y,NA,NA,78,NA,NA,NA,NA,NA,NA,Y,4,0,2,2,A,-,12,21453,A,N,D,C,A,A,H,-,C,A,0,NA,NA,NA,Y,Y,NA,A,07,0,0,2,0,0,0,0,0,0,-,-,33.04208,-116.86859,SAN DIEGO,UNINCORPORATED,-116.86858087,33.04206265
90585325,2017,2017-11-02,9650,2017-10-23,1925,015738,NA,1,2,5,3701,0,1,1,NA,2,005,I-5 S/B,LA COSTA AVE,1584,N,N,A,-,Y,NA,NA,5,NA,NA,NA,NA,NA,S,Y,3,0,1,1,A,-,08,22107,NA,N,E,I,A,A,H,-,D,D,0,NA,NA,NA,NA,Y,NA,A,01,0,1,0,0,0,0,0,0,0,-,-,33.08728,-117.3009,SAN DIEGO,CARLSBAD,-117.30043077,33.08758523
90586119,2017,2017-11-02,9645,2017-11-01,1450,016864,NA,3,2,7,3711,0,1,1,NA,2,007,I-5 S/B,GILMAN DRIVE,2640,N,N,B,-,Y,NA,NA,5,NA,NA,NA,NA,NA,S,Y,3,0,1,2,A,-,03,22350,NA,N,C,C,A,A,H,-,A,D,0,NA,NA,NA,NA,Y,NA,A,01,0,1,0,0,0,0,0,0,0,-,-,32.8557,-117.23138,SAN DIEGO,SAN DIEGO,-117.23127396,32.85565564
90586441,2017,2017-11-03,9645,2017-10-14,1350,020997,NA,6,1,7,3711,0,1,3,NA,2,006,SR-94 E/B,SR-15,500,W,N,A,-,Y,NA,NA,94,NA,NA,NA,NA,NA,E,Y,4,0,3,2,A,-,07,21658,A,N,B,C,A,A,H,-,A,D,0,NA,NA,NA,NA,Y,NA,A,07,0,0,3,0,0,0,0,0,0,-,-,32.7164,-117.11779,SAN DIEGO,SAN DIEGO,-117.11778044,32.71635421
90589191,2017,2017-11-07,9680,2017-10-28,2305,020771,NA,6,3,9,3700,0,1,3,NA,1,024,SR-94 (CAMPO ROAD),JAMACHA BLVD,80,W,N,A,-,Y,NA,NA,94,NA,NA,NA,NA,NA,NA,Y,4,0,2,3,A,-,01,23152,A,N,C,C,A,A,H,-,D,A,0,NA,NA,NA,NA,Y,Y,A,01,0,0,2,0,0,0,0,0,0,-,-,32.74006,-116.95203,SAN DIEGO,UNINCORPORATED,-116.95200541,32.74011179
90589465,2017,2017-11-07,9680,2017-10-27,1413,015877,NA,5,2,5,3705,0,1,1,NA,2,082,I-8 E/B,MOLLISON AVE.,167,E,N,A,-,Y,NA,NA,8,NA,NA,NA,NA,NA,E,Y,3,0,1,1,A,-,08,22107,NA,N,E,I,A,A,H,-,A,D,0,NA,NA,NA,NA,Y,Y,A,01,0,1,0,0,0,0,0,0,0,-,-,32.80288,-116.94836,SAN DIEGO,EL CAJON,-116.94835964,32.80294463
9058967,2020,2020-06-17,3708,2020-02-18,1727,LM1285,NA,2,5,5,3708,0,0,0,NA,0,001,MASSACHUSETTS AV,BLACKTON DR,158,S,N,A,-,N,NA,NA,NA,NA,NA,NA,NA,NA,NA,Y,4,0,1,2,A,-,03,22350,NA,N,C,C,A,A,H,-,B,D,0,NA,NA,NA,NA,Y,NA,A,01,0,0,1,0,0,0,0,0,0,-,-,NA,NA,SAN DIEGO,LA MESA,-117.0432357788086,32.75293731689453
9058998,2020,2020-05-22,3700,2020-02-25,1648,SH0113,NA,2,5,5,3713,0,0,0,NA,0,313,MAR VISTA DR,BUENA VISTA DR,1576,E,N,A,-,N,NA,NA,NA,NA,NA,NA,NA,NA,NA,N,3,0,1,2,A,-,03,22350,NA,F,A,B,E,A,H,-,A,D,0,Y,NA,NA,NA,Y,Y,A,01,0,1,0,0,1,0,0,0,0,-,-,NA,NA,SAN DIEGO,VISTA,-117.24327850341795,33.178306579589844
90592296,2017,2017-11-13,9650,2017-11-08,1715,015830,NA,3,2,5,3713,0,1,3,NA,2,017,SR-78 E/B,SYCAMORE AVE,634,W,N,A,-,Y,NA,NA,NA,NA,NA,NA,NA,NA,NA,Y,4,0,1,2,A,-,03,22350,NA,N,C,C,A,A,H,-,D,D,0,NA,NA,NA,NA,Y,NA,D,22,0,0,1,0,0,0,0,0,0,-,-,33.10125,-117.13158,SAN DIEGO,VISTA,-117.21626028,33.16824606
90594778,2017,2018-01-03,9680,2017-11-04,1900,021813,NA,6,2,9,3700,0,2,4,NA,1,095,HANSON LANE,SAN VICENTE ROAD,0,NA,Y,A,-,N,NA,NA,NA,NA,NA,NA,NA,NA,NA,Y,2,0,1,2,A,-,12,21453,A,N,D,C,A,A,H,-,C,A,0,NA,NA,Y,NA,Y,NA,A,01,1,0,0,0,0,0,0,0,1,-,-,33.02569,-116.86673,SAN DIEGO,UNINCORPORATED,-116.86652008,33.02574002
90595517,2017,2017-11-16,9680,2017-11-04,0620,021839,NA,6,1,9,3700,0,1,1,NA,2,086,I-8 W/B,CARRIZO GORGE RD,10032,E,N,A,-,Y,NA,NA,8,NA,NA,NA,NA,NA,W,Y,3,0,1,2,A,-,03,22350,NA,N,C,C,A,A,H,-,D,D,0,NA,NA,NA,Y,Y,NA,A,07,0,1,0,0,0,0,0,0,0,-,-,32.6356,-116.1319,SAN DIEGO,UNINCORPORATED,-116.13191074,32.63571269
9059571,2020,2020-03-30,3710,2020-02-25,1345,0159,NA,2,5,6,3710,0,0,0,NA,0,024,RANCHO DEL ORO DR,VIA RANCHO,0,NA,Y,A,-,N,NA,NA,NA,NA,NA,NA,NA,NA,NA,Y,4,0,1,2,A,-,12,21453,A,N,D,C,A,A,H,-,A,A,0,NA,NA,NA,NA,Y,NA,A,01,0,0,1,0,0,0,0,0,0,-,-,NA,NA,SAN DIEGO,OCEANSIDE,-117.31916809082033,33.21977996826172
90596316,2017,2017-11-16,9650,2017-11-03,1459,017743,NA,5,2,9,3700,0,1,1,NA,2,021,I-15 S/B,LAWRENCE WELK DR,2640,S,N,A,-,Y,NA,NA,15,NA,NA,NA,NA,NA,S,Y,4,0,1,1,A,-,03,22350,NA,N,E,J,A,A,H,-,A,D,0,NA,NA,NA,NA,Y,NA,A,01,0,0,1,0,0,0,0,0,0,-,-,33.22809,-117.14532,SAN DIEGO,UNINCORPORATED,-117.14547348,33.22802516
90597254,2017,2017-11-17,9650,2017-11-13,1630,020966,NA,1,2,6,3706,0,1,3,NA,2,019,SR-78 W/B,NORDAHL RD,25,W,N,A,-,Y,NA,NA,78,NA,NA,NA,NA,NA,W,Y,4,0,1,2,A,-,07,21658,A,N,D,C,A,A,H,-,D,D,0,NA,NA,Y,NA,Y,NA,A,07,0,0,1,0,0,0,0,0,1,-,-,33.13226,-117.12165,SAN DIEGO,ESCONDIDO,-117.12163167,33.13230107
90599713,2017,2017-11-21,9680,2017-11-11,0840,017996,NA,6,1,9,3700,0,3,5,NA,2,002,OTAY LAKES ROAD,MPM 10.5,175,N,N,A,-,N,NA,NA,NA,NA,NA,NA,NA,NA,NA,N,3,0,1,1,A,-,03,22350,NA,N,F,I,A,A,H,-,A,D,0,NA,Y,NA,NA,Y,NA,L,04,0,1,0,0,0,0,1,0,0,-,-,32.6567,-116.8473,SAN DIEGO,UNINCORPORATED,NA,NA
90601865,2017,2017-11-27,9650,2017-11-22,1430,015788,NA,3,2,9,3700,0,1,1,NA,2,003,I-5 S/B,HARBOR DR,2640,N,N,A,-,Y,NA,NA,5,NA,NA,NA,NA,NA,S,Y,4,0,1,2,A,-,03,22350,NA,N,C,C,A,A,H,-,A,D,0,NA,NA,NA,NA,Y,NA,A,01,0,0,1,0,0,0,0,0,0,-,-,33.21742,-117.39076,SAN DIEGO,UNINCORPORATED,-117.39081447,33.21740362
90602169,2017,2017-11-27,9650,2017-11-21,1720,019352,NA,2,2,6,3706,0,1,3,NA,2,019,SR-78 W/B,NORDAHL RD,2112,E,N,A,-,Y,NA,NA,78,NA,NA,NA,NA,NA,W,N,4,0,1,2,A,-,03,22350,NA,N,C,C,A,A,H,-,C,D,0,NA,NA,NA,NA,Y,NA,D,22,0,0,1,0,0,0,0,0,0,-,-,33.12825,-117.11234,SAN DIEGO,ESCONDIDO,-117.11232962,33.12827462
90602345,2017,2017-11-27,9680,2017-11-13,1740,021772,NA,1,2,9,3700,0,2,4,NA,1,025,SWEETWATER RD,SAMANTHA LN,157,S,N,A,-,N,NA,NA,NA,NA,NA,NA,NA,NA,NA,N,4,0,2,2,A,-,08,22107,NA,F,B,C,A,A,H,-,C,D,0,NA,NA,NA,NA,Y,NA,A,07,0,0,2,0,0,0,0,0,0,-,-,32.72938,-117.01438,SAN DIEGO,UNINCORPORATED,-117.01437284,32.72916273
90602830,2017,2017-11-27,9645,2017-11-13,1805,017667,NA,1,2,7,3711,0,1,1,NA,2,021,SR-15 S/B,OCEAN VIEW BLVD.,200,N,N,B,-,Y,NA,NA,15,NA,NA,NA,NA,NA,S,Y,4,0,4,3,A,-,03,22350,NA,N,C,C,A,A,H,-,C,D,0,NA,NA,NA,NA,Y,NA,A,07,0,0,4,0,0,0,0,0,0,-,-,32.70577,-117.12053,SAN DIEGO,SAN DIEGO,-117.12064106,32.70578957
9060437,2020,2020-10-21,3701,2020-02-15,0551,CB5508,OC,6,5,5,3701,0,0,0,NA,0,004,EL CAMINO REAL,RT 78,0,NA,Y,A,-,Y,SD,11,78,-,-,1.586,R,4,E,N,3,0,1,2,A,-,12,21453,A,N,D,C,A,A,H,-,B,A,0,NA,NA,NA,NA,Y,NA,-,-,0,1,0,0,0,0,0,0,0,-,EO,NA,NA,SAN DIEGO,CARLSBAD,-117.32544708251952,33.18192672729492
90607933,2017,2017-12-01,9680,2017-11-21,1716,021813,NA,2,2,5,3705,0,1,1,NA,2,082,I-8 W/B,2ND ST,1056,E,N,A,-,Y,NA,NA,8,NA,NA,NA,NA,NA,W,Y,3,0,1,1,A,-,08,22107,NA,N,E,I,A,A,D,-,C,D,0,NA,NA,NA,NA,Y,NA,D,22,0,1,0,0,0,0,0,0,0,-,-,32.80328,-116.93059,SAN DIEGO,EL CAJON,-116.93058814,32.8031853
9060815,2020,2020-03-10,3700,2020-01-19,0950,SH7710,NA,7,5,5,3782,0,0,0,NA,0,224,MANCHESTER AV,COLONY TER,168,S,N,A,-,N,NA,NA,NA,NA,NA,NA,NA,NA,NA,Y,2,0,2,2,A,-,01,23152,A,N,A,C,A,A,H,-,A,D,0,NA,NA,NA,NA,Y,Y,D,22,1,1,0,0,0,0,0,0,0,-,-,NA,NA,SAN DIEGO,ENCINITAS,-117.24050903320313,33.031864166259766
9060823,2020,2020-03-06,3700,2020-01-16,1825,SH0289,NA,4,5,5,3782,0,0,0,NA,0,212,ENCINITAS BL,SAXONY RD,96,E,N,B,-,N,NA,NA,NA,NA,NA,NA,NA,NA,NA,Y,4,0,1,2,A,-,01,23152,A,N,C,C,A,A,H,-,C,A,0,NA,NA,NA,NA,Y,Y,A,01,0,0,1,0,0,0,0,0,0,-,-,NA,NA,SAN DIEGO,ENCINITAS,-117.28523254394533,33.04822540283203
90609077,2017,2017-12-04,9650,2017-11-26,1110,016936,NA,7,1,9,3700,0,1,1,NA,2,001,I-5 N/B,BASILONE RD,1056,S,N,A,-,Y,NA,NA,5,NA,NA,NA,NA,NA,N,N,3,0,2,3,A,-,03,22350,NA,N,C,C,A,A,H,-,A,D,0,NA,NA,NA,NA,Y,NA,A,01,0,2,0,0,0,0,0,0,0,-,-,33.38401,-117.57916,SAN DIEGO,UNINCORPORATED,-117.57913313,33.38407894
90610434,2017,2017-12-05,9680,2017-11-23,1205,020500,NA,4,1,9,3700,0,1,3,NA,1,051,SR-79,LOOKOUT RD,300,S,N,A,-,Y,NA,NA,79,NA,NA,NA,NA,NA,NA,Y,3,0,1,1,A,-,03,22350,NA,N,F,A,A,A,H,-,A,A,0,NA,NA,Y,NA,Y,NA,C,02,0,1,0,0,0,0,0,0,1,-,-,32.95771,-116.57914,SAN DIEGO,UNINCORPORATED,-116.57911362,32.95772164
90612313,2017,2017-12-07,9680,2017-11-27,0750,016598,NA,1,1,9,3700,0,1,3,NA,1,024,STATE ROUTE 94,VISTA SAGE LANE,1584,W,N,B,-,Y,NA,NA,NA,NA,NA,NA,NA,NA,NA,Y,3,0,1,2,A,-,09,21801,A,N,D,C,A,A,H,-,A,D,0,NA,NA,NA,NA,Y,NA,A,01,0,1,0,0,0,0,0,0,0,-,-,32.77277,-117.04499,SAN DIEGO,UNINCORPORATED,-116.89403706,32.72710145
90612374,2017,2017-12-07,9680,2017-11-27,1515,020116,NA,1,2,9,3700,0,2,4,NA,1,012,MAPLEVIEW ST,DUNCAN DR,50,W,N,A,-,N,NA,NA,NA,NA,NA,NA,NA,NA,NA,N,3,0,2,2,A,-,08,22107,NA,N,D,C,A,A,H,-,A,D,0,NA,NA,NA,NA,Y,NA,A,01,0,2,0,0,0,0,0,0,0,-,-,32.86408,-116.91324,SAN DIEGO,UNINCORPORATED,-116.91341997,32.86419715
90612530,2017,2017-12-07,9650,2017-11-25,0235,019867,NA,6,3,9,3700,0,1,1,NA,2,001,I-5 N/B,BASILONE RD,6864,S,N,A,-,Y,NA,NA,5,NA,NA,NA,NA,NA,N,Y,4,0,1,1,A,-,08,22107,NA,N,E,I,A,A,H,-,D,D,0,NA,NA,NA,NA,Y,NA,A,01,0,0,1,0,0,0,0,0,0,-,-,33.37609,-117.56239,SAN DIEGO,UNINCORPORATED,-117.56234347,33.37614285
90612830,2017,2017-12-08,9680,2017-11-23,1810,018979,NA,4,2,9,3700,0,1,3,NA,1,024,SR-94,SR-54 (JAMACHA RD),1056,E,N,A,-,Y,NA,NA,94,NA,NA,NA,NA,NA,NA,N,4,0,1,2,A,-,03,22350,NA,N,C,C,A,A,H,-,C,D,0,NA,NA,NA,NA,Y,NA,D,22,0,0,1,0,0,0,0,0,0,-,-,32.73686,-116.94117,SAN DIEGO,UNINCORPORATED,-116.9412173,32.73683629
90614151,2017,2017-12-11,9645,2017-11-26,2150,021601,NA,7,2,7,3711,0,1,1,NA,2,027,I-15 N/B,I-8,1056,N,N,A,-,Y,NA,NA,15,NA,NA,NA,NA,NA,N,Y,4,0,2,2,A,-,03,22350,NA,N,D,C,A,A,H,-,C,D,0,NA,NA,NA,NA,Y,NA,A,01,0,0,2,0,0,0,0,0,0,-,-,32.7811,-117.1131,SAN DIEGO,SAN DIEGO,-117.11307683,32.78110811
9061420,2020,2020-03-16,3700,2020-01-20,1327,SH0315,NA,1,5,5,3782,0,0,0,NA,0,206,GARDEN VIEW RD,LEUCADIA BL,457,S,N,A,-,N,NA,NA,NA,NA,NA,NA,NA,NA,NA,Y,3,0,1,1,A,-,07,21658,A,N,F,I,A,A,H,-,A,D,0,NA,NA,NA,NA,Y,NA,A,07,0,1,0,0,0,0,0,0,0,-,-,NA,NA,SAN DIEGO,ENCINITAS,-117.26765441894533,33.06727600097656
90614464,2017,2017-12-11,9645,2017-10-04,0740,016409,NA,3,1,7,3711,0,1,1,NA,2,003,I-5 S/B,F STREET,130,S,N,A,-,Y,NA,NA,5,NA,NA,NA,NA,NA,S,N,3,0,1,2,A,-,03,22350,NA,N,C,C,A,A,H,-,A,D,0,NA,NA,Y,NA,Y,NA,C,02,0,1,0,0,0,0,0,0,1,-,-,32.71327,-117.14785,SAN DIEGO,SAN DIEGO,-117.14776147,32.71327046
9061620,2020,2020-05-19,3705,2020-02-28,1805,EC0219,NA,5,5,5,3705,0,0,0,NA,0,002,ORO ST,MARLENE AV,180,N,N,A,-,N,NA,NA,NA,NA,NA,NA,NA,NA,NA,NA,3,0,1,3,A,-,07,21658,A,N,B,E,A,A,H,-,C,D,0,NA,NA,NA,NA,Y,NA,A,01,0,1,0,0,0,0,0,0,0,-,-,NA,NA,SAN DIEGO,EL CAJON,-116.94015502929688,32.805641174316406
90616496,2017,2017-12-13,9645,2017-12-01,1625,019496,NA,5,2,7,3711,0,1,1,NA,2,009,I-805 S/B,I-5,100,S,N,A,-,Y,NA,NA,805,NA,NA,NA,NA,NA,S,N,3,0,1,3,A,-,07,21658,A,N,B,C,A,A,H,-,A,D,0,NA,NA,Y,NA,Y,NA,A,01,0,1,0,0,0,0,0,0,1,-,-,32.54877,-117.04018,SAN DIEGO,SAN DIEGO,-117.04010044,32.54883482
90617041,2017,2017-12-14,9680,2017-12-03,1730,021772,NA,7,2,9,3700,0,2,4,NA,1,029,SWEETWATER SPRINGS BLVD,SR-94,445,S,N,B,-,N,NA,NA,NA,NA,NA,NA,NA,NA,NA,N,3,0,1,2,A,-,11,21954,A,N,G,B,D,A,H,-,B,D,0,Y,NA,NA,NA,Y,NA,N,60,0,1,0,0,1,0,0,0,0,-,-,32.74369,-116.97317,SAN DIEGO,UNINCORPORATED,-116.97349609,32.74387635
90617712,2017,2017-12-14,9650,2017-11-30,0440,020343,NA,4,3,9,3700,0,3,5,NA,2,210,DEER SPRINGS RD,MESA ROCK RD,6864,W,N,A,-,N,NA,NA,NA,NA,NA,NA,NA,NA,NA,Y,3,0,1,1,A,-,08,22107,NA,N,E,I,A,A,H,-,D,D,0,NA,NA,NA,NA,Y,NA,A,01,0,1,0,0,0,0,0,0,0,-,-,33.19442,-117.14866,SAN DIEGO,UNINCORPORATED,-117.14897733,33.19441637
9061881,2020,2020-10-21,3706,2020-03-02,1629,528,ESCON,1,5,6,3706,0,0,0,NA,0,043,EL NORTE PKWY,RT 15,0,NA,Y,A,-,Y,SD,11,15,-,R,33.11,R,4,S,N,4,0,2,2,A,-,12,21453,A,N,D,C,A,A,H,-,A,A,0,NA,NA,NA,NA,Y,NA,A,01,0,0,2,0,0,0,0,0,0,-,SF,33.14651107788086,-117.10388946533205,SAN DIEGO,ESCONDIDO,-117.10445404052734,33.150455474853516
90618906,2017,2017-12-18,9650,2017-12-12,1453,016984,NA,2,2,5,3712,0,1,3,NA,2,019,SR-78 W/B,WOODLAND PKY,300,E,N,A,-,Y,NA,NA,NA,NA,NA,NA,NA,NA,NA,Y,4,0,1,3,A,-,03,22350,NA,N,C,C,A,A,H,-,A,D,0,NA,NA,NA,NA,Y,NA,A,01,0,0,1,0,0,0,0,0,0,-,-,33.16422,-117.14317,SAN DIEGO,SAN MARCOS,-117.14018076,33.13833529