CASE_ID,ACCIDENT_YEAR,PROC_DATE,JURIS,COLLISION_DATE,COLLISION_TIME,OFFICER_ID,REPORTING_DISTRICT,DAY_OF_WEEK,CHP_SHIFT,POPULATION,CNTY_CITY_LOC,SPECIAL_COND,BEAT_TYPE,CHP_BEAT_TYPE,CITY_DIVISION_LAPD,CHP_BEAT_CLASS,BEAT_NUMBER,PRIMARY_RD,SECONDARY_RD,DISTANCE,DIRECTION,INTERSECTION,WEATHER_1,WEATHER_2,STATE_HWY_IND,CALTRANS_COUNTY,CALTRANS_DISTRICT,STATE_ROUTE,ROUTE_SUFFIX,POSTMILE_PREFIX,POSTMILE,LOCATION_TYPE,RAMP_INTERSECTION,SIDE_OF_HWY,TOW_AWAY,COLLISION_SEVERITY,NUMBER_KILLED,NUMBER_INJURED,PARTY_COUNT,PRIMARY_COLL_FACTOR,PCF_CODE_OF_VIOL,PCF_VIOL_CATEGORY,PCF_VIOLATION,PCF_VIOL_SUBSECTION,HIT_AND_RUN,TYPE_OF_COLLISION,MVIW,PED_ACTION,ROAD_SURFACE,ROAD_COND_1,ROAD_COND_2,LIGHTING,CONTROL_DEVICE,CHP_ROAD_TYPE,PEDESTRIAN_ACCIDENT,BICYCLE_ACCIDENT,MOTORCYCLE_ACCIDENT,TRUCK_ACCIDENT,NOT_PRIVATE_PROPERTY,ALCOHOL_INVOLVED,STWD_VEHTYPE_AT_FAULT,CHP_VEHTYPE_AT_FAULT,COUNT_SEVERE_INJ,COUNT_VISIBLE_INJ,COUNT_COMPLAINT_PAIN,COUNT_PED_KILLED,COUNT_PED_INJURED,COUNT_BICYCLIST_KILLED,COUNT_BICYCLIST_INJURED,COUNT_MC_KILLED,COUNT_MC_INJURED,PRIMARY_RAMP,SECONDARY_RAMP,LATITUDE,LONGITUDE,COUNTY,CITY,POINT_X,POINT_Y
90668993,2018,2018-02-26,9645,2018-02-13,0713,015270,NA,2,1,7,3711,0,1,1,NA,2,011,I-805 NORTHBOUND,ADAMS AVE,100,S,N,B,-,Y,NA,NA,805,NA,NA,NA,NA,NA,N,N,4,0,1,2,A,-,03,22350,NA,N,C,C,A,A,H,-,A,D,0,NA,NA,NA,NA,Y,NA,A,01,0,0,1,0,0,0,0,0,0,-,-,32.76300048828125,-117.12706756591795,SAN DIEGO,SAN DIEGO,-117.12720489501952,32.762962341308594
90670437,2017,2018-02-27,9645,2017-12-10,0330,021107,NA,7,3,7,3711,0,1,1,NA,2,015,INTERSTATE 805 SOUTHBOUND,BALBOA AVENUE OVERCROSSING,1622,S,N,A,-,Y,NA,NA,805,NA,NA,NA,NA,NA,S,Y,2,0,1,1,A,-,01,23152,A,N,E,I,A,A,H,-,C,D,0,NA,NA,NA,NA,Y,Y,A,01,1,0,0,0,0,0,0,0,0,-,-,32.81627,-117.15942,SAN DIEGO,SAN DIEGO,-117.15947325,32.81623676
90671264,2018,2018-02-27,9650,2018-02-19,0535,021933,NA,1,3,9,3700,0,1,3,NA,2,065,SR-76 W/B,OLD HIGHWAY 395,0,NA,Y,B,-,Y,NA,NA,76,NA,NA,NA,NA,NA,W,Y,4,0,1,2,A,-,12,21453,A,N,D,C,A,B,H,-,C,A,0,NA,NA,NA,NA,Y,NA,-,-,0,0,1,0,0,0,0,0,0,-,-,33.32807159423828,-117.16268920898438,SAN DIEGO,UNINCORPORATED,-117.16268157958984,33.328060150146484
9067277,2020,2020-05-19,3711,2020-02-20,1538,SD7821,NA,4,5,7,3711,0,0,0,NA,0,813,30TH ST,EL CAJON BL,0,NA,Y,A,-,N,NA,NA,NA,NA,NA,NA,NA,NA,NA,N,4,0,1,2,A,-,22,23123,A,N,C,C,A,-,-,-,A,A,0,NA,NA,NA,NA,Y,NA,A,01,0,0,1,0,0,0,0,0,0,-,-,NA,NA,SAN DIEGO,SAN DIEGO,-117.1301727294922,32.755401611328125
9067457,2020,2020-11-02,3711,2020-02-19,0118,SD7577,NA,3,5,7,3711,0,0,0,NA,0,822,COLLEGE AV,COLLEGE AV 4326,34,W,N,A,-,N,NA,NA,NA,NA,NA,NA,NA,NA,NA,N,3,0,1,2,A,-,10,21950,A,N,G,B,E,A,H,-,C,A,0,Y,NA,NA,NA,Y,Y,N,60,0,1,0,0,1,0,0,0,0,-,-,NA,NA,SAN DIEGO,SAN DIEGO,NA,NA
90676971,2018,2018-03-09,9680,2018-02-25,2132,019384,NA,7,2,9,3700,0,2,4,NA,1,032,LA CRESEA ROAD,GREENFIELD DRIVE,3168,E,N,A,-,N,NA,NA,NA,NA,NA,NA,NA,NA,NA,Y,3,0,2,3,A,-,03,22350,NA,N,C,C,E,A,H,-,D,D,0,Y,NA,NA,NA,Y,Y,A,01,0,2,0,0,1,0,0,0,0,-,-,32.81052017211914,-116.89998626708984,SAN DIEGO,UNINCORPORATED,-116.90238189697266,32.811553955078125
9067768,2020,2020-05-20,3711,2020-02-28,1547,SD7029,NA,5,5,7,3711,0,0,0,NA,0,627,ROBINSON AV,VERMONT ST,0,NA,Y,A,-,N,NA,NA,NA,NA,NA,NA,NA,NA,NA,N,3,0,1,2,A,-,09,21802,A,N,D,C,A,A,H,-,A,D,0,NA,NA,NA,NA,Y,NA,D,22,0,1,0,0,0,0,0,0,0,-,-,NA,NA,SAN DIEGO,SAN DIEGO,-117.15342712402344,32.74641036987305
9067835,2020,2020-05-20,3711,2020-02-29,2242,SD6000,NA,6,5,7,3711,0,0,0,NA,0,123,WEST MISSION BAY DR,RT 8,1400,N,N,B,-,N,NA,NA,NA,NA,NA,NA,NA,NA,NA,N,4,0,1,2,A,-,03,22350,NA,N,C,C,A,A,H,-,C,D,0,NA,NA,NA,NA,Y,NA,D,22,0,0,1,0,0,0,0,0,0,-,WF,NA,NA,SAN DIEGO,SAN DIEGO,-117.22708129882813,32.75944519042969
90679327,2018,2018-03-12,9650,2018-03-09,1918,020966,NA,5,2,9,3700,0,3,5,NA,2,191,SUERTE DEL ESTE,CANYON DE ORO,2880,S,N,A,-,N,NA,NA,NA,NA,NA,NA,NA,NA,NA,Y,2,0,2,1,A,-,08,22107,NA,N,E,A,A,A,H,-,D,D,0,NA,NA,NA,NA,Y,NA,D,22,1,1,0,0,0,0,0,0,0,-,-,33.0640983581543,-117.18102264404295,SAN DIEGO,UNINCORPORATED,-117.18156433105467,33.066158294677734
90679727,2018,2018-03-12,9645,2018-02-25,0332,021097,NA,7,3,7,3711,0,1,1,NA,2,007,I-5 N/B,VIA DE LA VALLE,4100,S,N,A,-,Y,NA,NA,5,NA,NA,NA,NA,NA,N,Y,3,0,1,2,A,-,01,23152,A,N,C,C,A,A,H,-,C,D,0,NA,NA,NA,NA,Y,Y,A,01,0,1,0,0,0,0,0,0,0,-,-,32.96818161010742,-117.24851989746094,SAN DIEGO,SAN DIEGO,-117.24852752685548,32.96817398071289
9067980,2020,2020-05-29,3706,2020-02-13,0049,504,ESCON,4,5,6,3706,0,0,0,NA,0,051,VERMONT AV,OLIVIA GLEN,45,W,N,A,-,N,NA,NA,NA,NA,NA,NA,NA,NA,NA,Y,4,0,1,4,A,-,01,23152,A,N,B,E,A,A,H,-,C,D,0,NA,NA,NA,NA,Y,Y,A,01,0,0,1,0,0,0,0,0,0,-,-,33.10231018066406,-117.06923675537108,SAN DIEGO,ESCONDIDO,-117.06934356689452,33.102256774902344
90680315,2018,2018-03-12,9645,2018-01-02,0550,019054,NA,2,3,7,3711,0,1,1,NA,2,010,I-8 W/B,SUNSET CLIFFS BLVD.,2000,E,N,A,-,Y,NA,NA,8,NA,NA,NA,NA,NA,W,Y,4,0,1,3,A,-,03,22350,NA,N,C,C,A,A,H,-,D,D,0,NA,NA,NA,NA,Y,NA,A,01,0,0,1,0,0,0,0,0,0,-,-,32.75611114501953,-117.234130859375,SAN DIEGO,SAN DIEGO,-117.23412322998048,32.75606155395508
9068075,2020,2020-03-12,3700,2020-01-15,1707,SH3095,NA,3,5,4,3780,0,0,0,NA,0,NA,COMMUNITY RD,OLIVE GROVE DR,470,N,N,A,-,N,NA,NA,NA,NA,NA,NA,NA,NA,NA,Y,3,0,2,3,A,-,03,22350,NA,N,C,C,A,A,H,-,B,D,0,NA,NA,NA,NA,Y,NA,A,01,0,1,1,0,0,0,0,0,0,-,-,NA,NA,SAN DIEGO,POWAY,-117.04055786132813,32.96561813354492
90680967,2018,2018-03-13,9645,2018-03-01,1700,017953,NA,4,2,7,3711,0,1,1,NA,2,017,I-15 N/B,MIRAMAR WAY O/C,120,N,N,A,-,Y,NA,NA,15,NA,NA,NA,NA,NA,N,Y,3,0,3,4,A,-,03,22350,NA,N,C,C,A,A,H,-,A,D,0,NA,NA,NA,NA,Y,NA,D,22,0,1,2,0,0,0,0,0,0,-,-,32.880950927734375,-117.10830688476563,SAN DIEGO,SAN DIEGO,-117.10831451416016,32.88094711303711
90681462,2018,2018-03-13,9680,2018-03-03,0955,017996,NA,6,1,9,3700,0,2,4,NA,1,026,JAMACHA BOULEVARD,SWEETWATER ROAD,555,E,N,B,C,N,NA,NA,NA,NA,NA,NA,NA,NA,NA,Y,4,0,2,2,A,-,09,21801,A,N,A,C,A,B,H,-,A,D,0,NA,NA,NA,NA,Y,NA,A,07,0,0,2,0,0,0,0,0,0,-,-,32.70640182495117,-117.00890350341795,SAN DIEGO,UNINCORPORATED,-117.00907135009766,32.7063102722168
90681819,2018,2018-03-14,9680,2018-03-03,1652,018672,NA,6,2,9,3700,0,1,3,NA,1,052,SR-78,RAMONA TRAILS DRIVE,1056,E,N,B,C,Y,NA,NA,78,NA,NA,NA,NA,NA,NA,Y,4,0,1,1,A,-,08,22107,NA,N,F,A,A,B,H,-,B,D,0,NA,NA,NA,NA,Y,NA,A,01,0,0,1,0,0,0,0,0,0,-,-,33.06707000732422,-116.80931091308594,SAN DIEGO,UNINCORPORATED,-116.80925750732422,33.06708908081055
90682447,2018,2018-03-15,9650,2018-03-09,1710,019270,NA,5,2,9,3700,0,3,5,NA,1,212,CHAMPAGNE BLVD,DEER SPRINGS RD,8976,N,N,A,-,N,NA,NA,NA,NA,NA,NA,NA,NA,NA,Y,2,0,1,1,A,-,01,23152,A,N,E,I,A,A,H,-,A,D,0,NA,NA,NA,NA,Y,Y,A,07,1,0,0,0,0,0,0,0,0,-,-,33.221858978271484,-117.14112091064452,SAN DIEGO,UNINCORPORATED,-117.13922119140624,33.218788146972656
90682689,2018,2018-03-15,9645,2018-03-05,1603,021268,NA,1,2,7,3711,0,1,1,NA,2,009,I-805 N/B,PLAZA BLVD,1584,S,N,A,-,Y,NA,NA,NA,NA,NA,NA,NA,NA,NA,Y,4,0,1,2,A,-,08,22107,NA,N,B,C,A,A,H,-,A,D,0,NA,NA,NA,NA,Y,NA,A,01,0,0,1,0,0,0,0,0,0,-,-,32.62670135498047,-117.0822982788086,SAN DIEGO,SAN DIEGO,-117.08451080322266,32.67716979980469
90682776,2018,2018-03-15,9645,2018-03-05,1550,019445,NA,1,2,7,3711,0,1,1,NA,2,005,I-5 N/B,I-8 O/C,2000,S,N,A,-,Y,NA,NA,5,NA,NA,NA,NA,NA,N,Y,4,0,2,2,A,-,03,22350,NA,N,C,C,A,A,H,-,A,D,0,NA,NA,NA,NA,Y,Y,A,01,0,0,2,0,0,0,0,0,0,-,-,32.7535400390625,-117.19949340820313,SAN DIEGO,SAN DIEGO,-117.19955444335938,32.753456115722656
90682809,2018,2018-03-15,9645,2018-01-13,1530,021601,NA,6,2,7,3711,0,1,1,NA,2,010,I-8 W/B,MISSION CENTER ROAD,528,E,N,A,-,Y,NA,NA,8,NA,NA,NA,NA,NA,W,Y,3,0,1,3,A,-,03,22350,NA,N,C,C,A,A,H,-,A,D,0,NA,NA,NA,NA,Y,NA,A,07,0,1,0,0,0,0,0,0,0,-,-,32.76612854003906,-117.15142059326172,SAN DIEGO,SAN DIEGO,-117.15140533447266,32.76605987548828
90682913,2018,2018-03-15,9645,2018-03-06,1155,016156,NA,2,1,7,3711,0,1,1,NA,2,017,I-15 S/B,MIRAMAR ROAD,1000,S,N,A,-,Y,NA,NA,15,NA,NA,NA,NA,NA,S,Y,3,0,2,3,A,-,08,22107,NA,N,B,C,A,A,H,-,A,D,0,NA,NA,NA,NA,Y,NA,A,07,0,2,0,0,0,0,0,0,0,-,-,32.88787078857422,-117.11321258544922,SAN DIEGO,SAN DIEGO,-117.1130142211914,32.88798904418945
9068298,2020,2020-07-21,3705,2020-04-17,0928,E0219,NA,5,5,5,3705,0,0,0,NA,0,002,BALLANTYNE ST,WELLS AV,60,N,N,B,-,N,NA,NA,NA,NA,NA,NA,NA,NA,NA,Y,3,0,1,2,A,-,00,23162,G,N,C,C,A,A,H,-,A,D,0,NA,NA,NA,NA,Y,NA,A,01,0,1,0,0,0,0,0,0,0,-,-,NA,NA,SAN DIEGO,EL CAJON,-116.95809936523438,32.79927444458008
90683120,2018,2018-03-15,9650,2018-03-03,0410,019227,NA,6,3,9,3700,0,1,1,NA,2,021,I-15 S/B,MESA ROCK RD.,1584,S,N,B,C,Y,NA,NA,15,NA,NA,NA,NA,NA,S,Y,4,0,2,2,A,-,08,22107,NA,N,C,C,A,A,H,-,C,D,0,NA,NA,NA,Y,Y,Y,A,01,0,0,2,0,0,0,0,0,0,-,-,33.16994094848633,-117.11018371582033,SAN DIEGO,UNINCORPORATED,-117.1101531982422,33.16995620727539
90688897,2018,2018-03-23,9680,2018-03-17,1235,017996,NA,6,1,9,3700,0,2,4,NA,1,020,AVOCADO BOULEVARD,PUEBLA DRIVE,65,N,N,B,-,N,NA,NA,NA,NA,NA,NA,NA,NA,NA,Y,4,0,2,2,A,-,09,21804,A,N,D,C,A,A,H,-,A,A,0,NA,NA,NA,NA,Y,NA,A,01,0,0,2,0,0,0,0,0,0,-,-,32.762901306152344,-116.96119689941406,SAN DIEGO,UNINCORPORATED,-116.96117401123048,32.762996673583984
90689079,2018,2018-03-26,9680,2018-03-18,1210,017996,NA,7,1,9,3700,0,3,5,NA,2,002,SKYLINE TRUCK TRAIL,RAZUKI LANE,528,N,N,A,-,N,NA,NA,NA,NA,NA,NA,NA,NA,NA,N,3,0,1,1,A,-,03,22350,NA,N,F,A,A,A,H,-,A,D,0,NA,Y,NA,NA,Y,NA,L,04,0,1,0,0,0,0,1,0,0,-,-,32.73540115356445,-116.8477020263672,SAN DIEGO,UNINCORPORATED,-116.84857940673828,32.735225677490234
90690622,2018,2018-03-27,9645,2018-03-17,2220,020265,NA,6,3,7,3711,0,1,1,NA,2,019,I-15 S/B,TED WILLIAMS PKWY.,200,N,N,A,-,Y,NA,NA,15,NA,NA,NA,NA,NA,S,Y,3,0,1,1,A,-,01,23152,A,F,F,A,A,B,H,-,C,D,0,NA,NA,Y,NA,Y,Y,C,02,0,1,0,0,0,0,0,0,1,-,-,32.969600677490234,-117.09259796142578,SAN DIEGO,SAN DIEGO,-117.0925064086914,32.96954345703125
90692117,2018,2018-03-28,9645,2018-01-28,1833,021601,NA,7,2,7,3711,0,1,1,NA,2,001,I-5 S/B FROM CAMINO DE LA PLAZA,I-5,400,W,N,A,-,Y,NA,NA,5,NA,NA,NA,R,NA,S,N,3,0,2,3,A,-,17,21451,A,N,G,B,B,A,H,-,C,A,0,Y,NA,NA,NA,Y,NA,A,01,0,2,0,0,2,0,0,0,0,-,-,32.54383850097656,-117.0342025756836,SAN DIEGO,SAN DIEGO,-117.0342025756836,32.54383850097656
90697248,2018,2018-04-03,9680,2018-03-24,1130,015733,NA,6,1,9,3700,0,1,3,NA,1,090,SR-67 (MAIN ST.),14TH ST.,53,S,N,B,-,Y,NA,NA,67,NA,NA,NA,NA,NA,NA,N,4,0,1,3,A,-,03,22350,NA,N,C,C,A,A,H,-,A,A,0,NA,NA,NA,NA,Y,NA,D,22,0,0,1,0,0,0,0,0,0,-,-,33.038448333740234,-116.87577056884766,SAN DIEGO,UNINCORPORATED,-116.87560272216795,33.038150787353516
90697361,2018,2018-04-03,9645,2018-03-22,0729,015847,NA,4,1,7,3711,0,1,1,NA,2,010,I-8 W/B,PRESIDIO PARK,250,W,N,B,-,Y,NA,NA,8,NA,NA,NA,NA,NA,W,Y,4,0,1,3,A,-,03,22350,NA,F,C,C,A,B,H,-,A,D,0,NA,NA,NA,NA,Y,NA,A,07,0,0,1,0,0,0,0,0,0,-,-,32.759910583496094,-117.18901824951172,SAN DIEGO,SAN DIEGO,-117.1890106201172,32.75996398925781
90698369,2018,2018-04-04,9680,2018-03-25,1025,021588,NA,7,1,9,3700,0,1,1,NA,2,082,I-8 W/B,LOS COCHES RD,4224,E,N,A,-,Y,NA,NA,8,NA,NA,NA,NA,NA,W,N,4,0,1,1,A,-,08,22107,NA,N,E,I,A,A,H,-,A,D,0,NA,NA,NA,NA,Y,NA,A,01,0,0,1,0,0,0,0,0,0,-,-,32.8360710144043,-116.89214324951172,SAN DIEGO,UNINCORPORATED,-116.89217376708984,32.83610534667969
90698651,2018,2018-04-04,9680,2018-03-24,1640,021772,NA,6,2,9,3700,0,2,4,NA,1,010,WOODSIDE AVE,CHANNEL RD,500,E,N,B,-,N,NA,NA,NA,NA,NA,NA,NA,NA,NA,Y,3,0,1,2,A,-,08,22107,NA,N,D,C,A,A,H,-,A,D,0,NA,NA,Y,NA,Y,NA,C,02,0,1,0,0,0,0,0,0,1,-,-,32.85702133178711,-116.92371368408205,SAN DIEGO,UNINCORPORATED,-116.92382049560548,32.85704040527344
90698742,2018,2018-04-20,9680,2018-03-26,1505,015983,NA,1,2,5,3705,0,1,3,NA,2,016,MAGNOLIA AVENUE,I-8 W/B,528,N,N,A,-,N,NA,NA,NA,NA,NA,NA,NA,NA,NA,N,4,0,1,2,A,-,03,22350,NA,N,C,C,A,A,H,-,A,D,0,NA,NA,NA,NA,Y,NA,D,22,0,0,1,0,0,0,0,0,0,-,-,32.804500579833984,-116.96250152587892,SAN DIEGO,EL CAJON,-116.96246803,32.80450328
90700356,2018,2018-04-06,9645,2018-03-27,1143,014804,NA,2,1,7,3711,0,1,3,NA,2,023,SR-163 (S/B),GENESEE AVENUE U/C,528,N,N,B,-,Y,NA,NA,163,NA,NA,NA,NA,NA,NA,N,4,0,2,3,A,-,17,23114,A,F,E,C,A,A,B,-,A,D,0,NA,NA,NA,NA,Y,NA,D,22,0,0,2,0,0,0,0,0,0,-,-,32.789520263671875,-117.16008758544922,SAN DIEGO,SAN DIEGO,-117.15994262695313,32.78946304321289
90700531,2018,2018-04-06,9680,2018-03-30,0845,018356,NA,5,1,9,3700,0,3,5,NA,2,001,BALLANTYNE ST,HART DR,0,NA,Y,A,-,N,NA,NA,NA,NA,NA,NA,NA,NA,NA,N,4,0,1,2,A,-,09,21802,A,N,D,C,A,A,H,-,A,A,0,NA,NA,NA,NA,Y,NA,A,01,0,0,1,0,0,0,0,0,0,-,-,32.81150817871094,-116.95815277099608,SAN DIEGO,UNINCORPORATED,-116.95812225341795,32.81150817871094
9070066,2020,2020-07-23,3709,2020-04-22,1116,NC0490,NA,3,5,5,3709,0,0,0,NA,0,023,SWEETWATER RD,ORANGE ST,57,E,N,A,-,N,NA,NA,NA,NA,NA,NA,NA,NA,NA,N,4,0,2,2,A,-,09,21804,A,N,D,C,A,A,H,-,A,D,0,NA,NA,NA,NA,Y,NA,A,07,0,0,2,0,0,0,0,0,0,-,-,NA,NA,SAN DIEGO,NATIONAL CITY,-117.07333374023438,32.660057067871094
9070084,2020,2020-08-24,3711,2020-05-09,2007,SD6980,NA,6,5,7,3711,0,0,0,NA,0,527,PACIFIC HIGHWAY,WEST GRAPE ST,0,NA,Y,A,-,N,NA,NA,NA,NA,NA,NA,NA,NA,NA,N,4,0,1,2,A,-,12,21453,A,N,D,C,A,A,H,-,C,A,0,NA,NA,NA,NA,Y,NA,A,01,0,0,1,0,0,0,0,0,0,-,-,NA,NA,SAN DIEGO,SAN DIEGO,-117.17156982421876,32.72460174560547
90703448,2018,2018-04-11,9645,2018-04-02,0705,015270,NA,1,1,7,3711,0,1,1,NA,2,007,I-5 SOUTHBOUND,GENESEE AVE.,1056,N,N,B,-,Y,NA,NA,5,NA,NA,NA,NA,NA,S,N,4,0,1,2,A,-,08,22107,NA,N,B,C,A,A,H,-,A,D,0,NA,NA,NA,NA,Y,NA,A,01,0,0,1,0,0,0,0,0,0,-,-,32.89073181152344,-117.22759246826172,SAN DIEGO,SAN DIEGO,-117.22752380371094,32.890724182128906
90703714,2018,2018-04-11,9680,2018-04-03,2300,016694,NA,2,3,9,3700,0,2,4,NA,1,013,WILDCAT CANYON ROAD,WILLOW ROAD,5280,N,N,A,-,N,NA,NA,NA,NA,NA,NA,NA,NA,NA,N,3,0,1,2,A,-,11,21956,NA,F,G,B,E,A,H,-,D,D,0,Y,NA,NA,NA,Y,NA,N,60,0,1,0,0,1,0,0,0,0,-,-,32.88093185424805,-116.90374755859376,SAN DIEGO,UNINCORPORATED,-116.897216796875,32.88347625732422
90703878,2018,2018-04-12,9680,2018-04-03,1835,018979,NA,2,2,9,3700,0,2,4,NA,1,025,SWEETWATER RD,JAMACHA RD,15,S,N,A,-,N,NA,NA,NA,NA,NA,NA,NA,NA,NA,N,4,0,1,2,A,-,03,22350,NA,M,C,C,A,A,H,-,A,D,0,NA,NA,NA,NA,Y,NA,A,01,0,0,1,0,0,0,0,0,0,-,-,32.714561462402344,-117.01251983642578,SAN DIEGO,UNINCORPORATED,-117.0127182006836,32.714717864990234
90703980,2017,2018-04-12,9645,2017-05-22,0625,014692,NA,1,1,7,3711,0,1,1,NA,2,015,INTERSTATE 805 N/B,GOVERNOR DRIVE U/C,1056,S,N,B,-,Y,NA,NA,805,NA,NA,NA,NA,NA,N,N,4,0,1,2,A,-,03,22350,NA,F,C,C,A,A,H,-,A,D,0,NA,NA,NA,NA,Y,NA,A,01,0,0,1,0,0,0,0,0,0,-,-,32.855,-117.1823,SAN DIEGO,SAN DIEGO,-117.18251413,32.85487319
90706033,2018,2018-04-16,9645,2018-04-01,1225,015494,NA,7,1,7,3711,0,1,1,NA,2,011,I-805 N/B,EL CAJON BLVD,1000,N,N,A,-,Y,NA,NA,805,NA,NA,NA,NA,NA,N,N,4,0,2,2,A,-,03,22350,NA,M,C,C,A,A,H,-,A,D,0,NA,NA,NA,NA,Y,Y,D,22,0,0,2,0,0,0,0,0,0,-,-,32.76068115234375,-117.12655639648438,SAN DIEGO,SAN DIEGO,-117.12657928466795,32.76067352294922
90706092,2018,2018-04-16,9645,2018-02-20,1530,020541,NA,2,2,7,3711,0,1,1,NA,2,010,I-8 E/B TO WARING RD,WARING RD,7,W,N,A,-,Y,NA,NA,8,NA,NA,NA,R,NA,E,Y,3,0,1,2,A,-,03,22350,NA,F,C,C,A,A,H,-,A,D,0,NA,NA,Y,NA,Y,NA,A,01,0,1,0,0,0,0,0,0,1,-,-,32.78036117553711,-117.0882568359375,SAN DIEGO,SAN DIEGO,-117.0882568359375,32.78036117553711
90707120,2018,2018-04-17,9650,2018-04-11,0930,018321,NA,3,1,9,3700,0,3,5,NA,2,006,RECHE RD.,OLD HIGHWAY 395,0,NA,Y,A,-,N,NA,NA,NA,NA,NA,NA,NA,NA,NA,Y,3,0,2,2,A,-,09,21802,A,N,D,C,A,A,H,-,A,A,0,NA,NA,NA,NA,Y,NA,A,01,0,2,0,0,0,0,0,0,0,-,-,33.37342071533203,-117.17032623291016,SAN DIEGO,UNINCORPORATED,-117.17034149169922,33.37342071533203
90708145,2018,2018-04-18,9645,2018-04-11,0802,018987,NA,3,1,5,3709,0,1,1,NA,2,009,I-805 NORTHBOUND,DIVISION ST U/C,495,S,N,A,-,Y,NA,NA,805,NA,NA,NA,NA,NA,N,Y,4,0,2,2,A,-,03,22350,NA,N,C,C,A,A,H,-,A,D,0,NA,NA,NA,NA,Y,NA,A,01,0,0,2,0,0,0,0,0,0,-,-,32.68608856201172,-117.0910415649414,SAN DIEGO,NATIONAL CITY,-117.09103393554688,32.68609619140625
90708338,2018,2018-04-18,9680,2018-04-08,0925,017996,NA,7,1,9,3700,0,2,4,NA,1,026,BANCROFT DRIVE,OLIVE DR,50,N,N,A,-,N,NA,NA,NA,NA,NA,NA,NA,NA,NA,N,4,0,1,2,A,-,05,21650,NA,N,A,C,A,A,H,-,A,A,0,NA,NA,NA,NA,Y,NA,D,22,0,0,1,0,0,0,0,0,0,-,-,32.7421989440918,-117.00489807128906,SAN DIEGO,UNINCORPORATED,-117.0048828125,32.74208068847656
90708385,2018,2018-04-18,9645,2018-03-04,1614,020474,NA,7,2,7,3711,0,1,1,NA,2,011,I-805 S/B,FRIARS ROAD UNDERCROSSING,1320,N,N,A,-,Y,NA,NA,805,NA,NA,NA,NA,NA,S,Y,3,0,1,2,A,-,01,23152,A,N,B,C,A,A,H,-,A,D,0,NA,NA,Y,NA,Y,Y,C,02,0,1,0,0,0,0,0,0,1,-,-,32.78110885620117,-117.13905334472656,SAN DIEGO,SAN DIEGO,-117.1390380859375,32.78112030029297
90709288,2018,2018-04-19,9645,2018-04-13,1415,020541,NA,5,2,7,3711,0,1,1,NA,2,027,I-15 N/B TO AERO DR,AERO DR,45,S,N,A,-,Y,NA,NA,15,NA,NA,NA,R,NA,N,Y,3,0,1,2,A,-,03,22350,NA,N,C,C,A,A,H,-,A,A,0,NA,NA,NA,NA,Y,NA,A,08,0,1,0,0,0,0,0,0,0,-,-,32.810550689697266,-117.11238098144533,SAN DIEGO,SAN DIEGO,-117.11238098144533,32.810550689697266
90711122,2018,2018-04-23,9680,2018-04-15,1540,021584,NA,7,2,9,3700,0,1,3,NA,1,052,STATE ROUTE 78,WYNOLA RD,14256,E,N,A,-,Y,NA,NA,78,NA,NA,NA,NA,NA,NA,Y,4,0,1,1,A,-,08,22107,NA,N,F,A,A,A,H,-,A,D,0,NA,NA,NA,NA,Y,NA,A,01,0,0,1,0,0,0,0,0,0,-,-,33.07733917236328,-116.56468200683594,SAN DIEGO,UNINCORPORATED,-116.5647201538086,33.07733917236328
90711359,2018,2018-04-23,9680,2018-04-15,1210,017996,NA,7,1,9,3700,0,3,5,NA,2,002,OTAY LAKES ROAD,MPM 9,528,W,N,A,-,N,NA,NA,NA,NA,NA,NA,NA,NA,NA,Y,2,0,1,1,A,-,08,22107,NA,N,E,I,A,A,H,-,A,A,0,NA,NA,Y,NA,Y,NA,C,02,1,0,0,0,0,0,0,0,1,-,-,32.64910125732422,-116.86910247802734,SAN DIEGO,UNINCORPORATED,NA,NA
9071160,2020,2020-08-03,3709,2020-05-08,1302,NC0487,NA,5,5,5,3709,0,0,0,NA,0,021,HIGHLAND AV,EAST 8TH ST,0,NA,N,A,-,N,NA,NA,NA,NA,NA,NA,NA,NA,NA,N,3,0,1,2,A,-,10,21952,NA,M,G,B,C,A,H,-,A,D,0,Y,NA,NA,NA,Y,NA,A,07,0,1,0,0,1,0,0,0,0,-,-,NA,NA,SAN DIEGO,NATIONAL CITY,-117.09874725341795,32.678131103515625