CASE_ID,ACCIDENT_YEAR,PROC_DATE,JURIS,COLLISION_DATE,COLLISION_TIME,OFFICER_ID,REPORTING_DISTRICT,DAY_OF_WEEK,CHP_SHIFT,POPULATION,CNTY_CITY_LOC,SPECIAL_COND,BEAT_TYPE,CHP_BEAT_TYPE,CITY_DIVISION_LAPD,CHP_BEAT_CLASS,BEAT_NUMBER,PRIMARY_RD,SECONDARY_RD,DISTANCE,DIRECTION,INTERSECTION,WEATHER_1,WEATHER_2,STATE_HWY_IND,CALTRANS_COUNTY,CALTRANS_DISTRICT,STATE_ROUTE,ROUTE_SUFFIX,POSTMILE_PREFIX,POSTMILE,LOCATION_TYPE,RAMP_INTERSECTION,SIDE_OF_HWY,TOW_AWAY,COLLISION_SEVERITY,NUMBER_KILLED,NUMBER_INJURED,PARTY_COUNT,PRIMARY_COLL_FACTOR,PCF_CODE_OF_VIOL,PCF_VIOL_CATEGORY,PCF_VIOLATION,PCF_VIOL_SUBSECTION,HIT_AND_RUN,TYPE_OF_COLLISION,MVIW,PED_ACTION,ROAD_SURFACE,ROAD_COND_1,ROAD_COND_2,LIGHTING,CONTROL_DEVICE,CHP_ROAD_TYPE,PEDESTRIAN_ACCIDENT,BICYCLE_ACCIDENT,MOTORCYCLE_ACCIDENT,TRUCK_ACCIDENT,NOT_PRIVATE_PROPERTY,ALCOHOL_INVOLVED,STWD_VEHTYPE_AT_FAULT,CHP_VEHTYPE_AT_FAULT,COUNT_SEVERE_INJ,COUNT_VISIBLE_INJ,COUNT_COMPLAINT_PAIN,COUNT_PED_KILLED,COUNT_PED_INJURED,COUNT_BICYCLIST_KILLED,COUNT_BICYCLIST_INJURED,COUNT_MC_KILLED,COUNT_MC_INJURED,PRIMARY_RAMP,SECONDARY_RAMP,LATITUDE,LONGITUDE,COUNTY,CITY,POINT_X,POINT_Y
90712040,2018,2018-04-24,9680,2018-04-17,1510,018356,NA,2,2,4,3720,0,1,3,NA,2,028,SR-125 N/B,SR-125 N/B TO SR-94 W/B,70,N,N,A,-,Y,NA,NA,NA,NA,NA,NA,NA,NA,NA,Y,3,0,1,2,A,-,03,22350,NA,F,C,C,A,A,H,-,A,D,0,NA,NA,NA,NA,Y,NA,D,22,0,1,0,0,0,0,0,0,0,-,-,32.7471809387207,-117.01976776123048,SAN DIEGO,LEMON GROVE,NA,NA
90712362,2018,2018-04-24,9650,2018-04-19,2210,018675,NA,4,3,5,3713,0,1,3,NA,2,017,SR-78 W/B,MELROSE DR,1750,W,N,A,B,Y,NA,NA,78,NA,NA,NA,NA,NA,W,N,4,0,1,2,A,-,03,22350,NA,N,C,C,A,A,D,-,C,D,0,NA,NA,NA,NA,Y,NA,A,01,0,0,1,0,0,0,0,0,0,-,-,33.19424819946289,-117.2602310180664,SAN DIEGO,VISTA,-117.2602310180664,33.194297790527344
9071382,2020,2020-03-19,3706,2020-02-23,0114,322,NA,7,5,6,3706,0,0,0,NA,0,051,BEAR VALLEY PKWY,CANYON RD,0,NA,Y,C,-,N,NA,NA,NA,NA,NA,NA,NA,NA,NA,N,2,0,1,1,A,-,08,22107,NA,N,E,I,A,B,H,-,C,A,0,NA,NA,NA,NA,Y,NA,A,01,1,0,0,0,0,0,0,0,0,-,-,33.08356857299805,-117.05632781982422,SAN DIEGO,ESCONDIDO,-117.05621337890624,33.0837516784668
90713954,2018,2018-04-26,9645,2018-04-19,2200,017671,NA,4,3,7,3711,0,1,1,NA,2,010,I-8 E/B,I-15,500,E,N,A,-,Y,NA,NA,8,NA,NA,NA,NA,NA,E,Y,4,0,1,1,A,-,08,22107,NA,N,E,I,A,A,H,-,C,D,0,NA,NA,NA,NA,Y,NA,D,22,0,0,1,0,0,0,0,0,0,-,-,32.778411865234375,-117.10942840576172,SAN DIEGO,SAN DIEGO,-117.10943603515624,32.778560638427734
90715893,2018,2018-04-30,9650,2018-04-23,1415,021500,NA,1,2,5,3712,0,1,3,NA,2,019,SR-78 E/B,NORDAHL RD,1150,W,N,A,-,Y,NA,NA,78,NA,NA,NA,NA,NA,E,Y,3,0,1,2,A,-,07,21658,A,N,B,C,A,A,H,-,A,D,0,NA,NA,Y,NA,Y,NA,A,07,0,1,0,0,0,0,0,0,1,-,-,33.133548736572266,-117.1251220703125,SAN DIEGO,SAN MARCOS,-117.12509155273438,33.13362121582031
90716313,2018,2018-04-30,9645,2018-04-16,0800,018393,NA,1,1,5,3709,0,1,1,NA,2,009,I-805 NB TO SR-54 WB,SR-54 E/B  U/C,10,S,N,B,-,Y,NA,NA,805,NA,NA,NA,R,NA,N,Y,3,0,1,2,A,-,03,22350,NA,N,C,C,A,A,H,-,A,D,0,NA,NA,NA,NA,Y,NA,A,01,0,1,0,0,0,0,0,0,0,-,-,32.65813064575195,-117.07367706298828,SAN DIEGO,NATIONAL CITY,-117.07367706298828,32.65813064575195
90716317,2018,2018-04-30,9645,2018-04-16,0026,016138,NA,1,3,7,3711,0,1,1,NA,2,013,I-805 SOUTHBOUND,MURRAY RIDGE RD. O/C,30,N,N,A,-,Y,NA,NA,805,NA,NA,NA,NA,NA,S,Y,3,0,3,2,A,-,03,22350,NA,N,C,C,A,A,H,-,D,D,0,NA,NA,NA,NA,Y,NA,A,01,0,3,0,0,0,0,0,0,0,-,-,32.785438537597656,-117.14531707763672,SAN DIEGO,SAN DIEGO,-117.1453857421875,32.78535461425781
90716573,2018,2018-04-30,9645,2018-04-20,1635,021601,NA,5,2,7,3711,0,1,3,NA,2,006,SR-94 E/B,WINNETT ST PROLONGATION,59,W,N,A,-,Y,NA,NA,94,NA,NA,NA,NA,NA,E,Y,3,0,2,2,A,-,08,22107,NA,N,C,E,A,A,H,-,A,D,0,NA,NA,NA,NA,Y,NA,D,22,0,1,1,0,0,0,0,0,0,-,-,32.729759216308594,-117.06426239013672,SAN DIEGO,SAN DIEGO,-117.0642547607422,32.7297477722168
90717343,2018,2018-05-01,9680,2018-04-26,2047,018672,NA,4,2,9,3700,0,3,5,NA,2,007,PALM CANYON DR,BORREGO VALLEY ROAD,5280,W,N,A,-,N,NA,NA,NA,NA,NA,NA,NA,NA,NA,Y,4,0,2,1,A,-,08,22107,NA,N,E,I,A,A,H,-,D,D,0,NA,NA,NA,NA,Y,NA,A,01,0,0,2,0,0,0,0,0,0,-,-,33.25672149658203,-116.35069274902344,SAN DIEGO,UNINCORPORATED,-116.3652801513672,33.25666046142578
90717469,2018,2018-05-01,9645,2018-04-23,1515,018950,NA,1,2,7,3711,0,1,3,NA,2,020,SR-56 E/B,CARMEL COUNTRY RD,1584,W,N,A,-,Y,NA,NA,56,NA,NA,NA,NA,NA,E,Y,3,0,1,2,A,-,03,22350,NA,N,C,C,A,A,H,-,A,D,0,NA,NA,NA,NA,Y,NA,D,22,0,1,0,0,0,0,0,0,0,-,-,32.93907165527344,-117.22337341308594,SAN DIEGO,SAN DIEGO,-117.22332000732422,32.93896484375
90718597,2018,2018-05-02,9645,2018-04-25,0750,018146,NA,3,1,5,3709,0,1,1,NA,2,009,I-805 S/B,43RD ST. O/C,500,N,N,A,-,Y,NA,NA,805,NA,NA,NA,NA,NA,S,N,3,0,1,1,A,-,08,22107,NA,N,F,A,A,A,H,-,A,D,0,NA,NA,Y,NA,Y,NA,C,03,0,1,0,0,0,0,0,0,1,-,-,32.68367004394531,-117.087890625,SAN DIEGO,NATIONAL CITY,-117.08837127685548,32.6832275390625
90718613,2018,2018-05-02,9645,2018-04-26,1325,015331,NA,4,1,9,3700,0,3,5,NA,2,024,DEER RIDGE LANE,FOX VALLEY WAY,0,NA,Y,A,-,N,NA,NA,NA,NA,NA,NA,NA,NA,NA,Y,4,0,1,2,A,-,09,21802,A,N,D,C,A,A,H,-,A,A,0,NA,NA,NA,NA,Y,NA,A,01,0,0,1,0,0,0,0,0,0,-,-,33.012451171875,-117.11963653564452,SAN DIEGO,UNINCORPORATED,-117.11968231201172,33.012420654296875
90719119,2018,2018-05-03,9680,2018-04-29,1250,021501,NA,7,1,9,3700,0,3,5,NA,2,005,MESA GRANDE RD,CENTER LOOP ROAD,3696,S,N,A,-,N,NA,NA,NA,NA,NA,NA,NA,NA,NA,Y,4,0,2,1,A,-,03,22350,NA,N,E,I,A,A,H,-,A,D,0,NA,NA,Y,NA,Y,NA,C,02,0,0,2,0,0,0,0,0,2,-,-,33.2069206237793,-116.73934173583984,SAN DIEGO,UNINCORPORATED,-116.73688507080078,33.208961486816406
90719308,2018,2018-05-03,9650,2018-04-28,1750,021406,NA,6,2,6,3710,0,1,1,NA,2,005,I-5 N/B,JEFFERSON ST,100,N,N,A,-,Y,NA,NA,5,NA,NA,NA,NA,NA,N,Y,4,0,1,3,A,-,03,22350,NA,N,C,C,A,A,H,-,A,D,0,NA,NA,NA,NA,Y,NA,A,07,0,0,1,0,0,0,0,0,0,-,-,33.17306137084961,-117.34824371337892,SAN DIEGO,OCEANSIDE,-117.34818267822266,33.17310333251953
90719322,2018,2018-05-03,9645,2018-04-26,2212,015698,NA,4,3,7,3711,0,1,1,NA,2,001,I-5 SB TO SR-905 EB,SR-905,200,N,N,B,-,Y,NA,NA,5,NA,NA,NA,R,NA,S,Y,4,0,2,1,A,-,03,22350,NA,N,E,I,A,A,H,-,E,D,0,NA,NA,NA,NA,Y,NA,A,01,0,0,2,0,0,0,0,0,0,-,-,32.566009521484375,-117.07489776611328,SAN DIEGO,SAN DIEGO,-117.07489776611328,32.566009521484375
90719909,2018,2018-05-04,9645,2018-04-27,1115,015847,NA,5,1,7,3711,0,1,1,NA,2,015,I-805 S/B,LINDA VISTA RD.,1675,N,N,A,-,Y,NA,NA,805,NA,NA,NA,NA,NA,S,Y,4,0,1,2,A,-,08,22107,NA,N,D,C,A,A,H,-,A,D,0,NA,NA,NA,NA,Y,NA,A,01,0,0,1,0,0,0,0,0,0,-,-,32.8130989074707,-117.15705108642578,SAN DIEGO,SAN DIEGO,-117.15705871582033,32.813087463378906
9072086,2020,2020-08-04,3711,2020-02-28,1302,SD5985,NA,5,5,7,3711,0,0,0,NA,0,441,IMPERIAL AV,S WEST ST,66,E,N,A,-,N,NA,NA,NA,NA,NA,NA,NA,NA,NA,Y,4,0,2,3,A,-,03,22350,NA,N,C,C,A,A,H,-,A,D,0,NA,NA,NA,NA,Y,NA,A,01,0,0,2,0,0,0,0,0,0,-,-,NA,NA,SAN DIEGO,SAN DIEGO,-117.09668731689452,32.70414352416992
90722222,2018,2018-05-08,9645,2018-04-27,1840,018250,NA,5,2,7,3711,0,1,1,NA,2,011,I-805 S/B,ADAMS AVENUE,1000,S,N,A,-,Y,NA,NA,805,NA,NA,NA,NA,NA,S,Y,3,0,1,2,A,-,03,22350,NA,N,C,C,A,A,H,-,A,D,0,NA,NA,NA,NA,Y,NA,A,01,0,1,0,0,0,0,0,0,0,-,-,32.760379791259766,-117.12687683105467,SAN DIEGO,SAN DIEGO,-117.12681579589844,32.76039505004883
90724490,2018,2018-05-11,9680,2018-05-04,2238,020401,NA,5,3,9,3700,0,2,4,NA,1,013,WILDCAT CANYON RD,MUTH VALLEY RD,700,S,N,A,-,N,NA,NA,NA,NA,NA,NA,NA,NA,NA,Y,4,0,1,3,A,-,03,22350,NA,N,C,C,A,A,H,-,D,D,0,NA,NA,NA,NA,Y,NA,A,01,0,0,1,0,0,0,0,0,0,-,-,32.89535903930664,-116.89002227783205,SAN DIEGO,UNINCORPORATED,-116.88931274414063,32.89753723144531
90725071,2018,2018-05-14,9650,2018-05-06,1425,021933,NA,7,2,5,3782,0,1,1,NA,2,007,I-5 S/B,BIRMINGHAM DR,710,N,N,A,-,Y,NA,NA,NA,NA,NA,NA,NA,NA,NA,Y,3,0,1,2,A,-,03,22350,NA,N,C,C,A,A,H,-,A,D,0,NA,NA,Y,NA,Y,NA,C,02,0,1,0,0,0,0,0,0,1,-,-,33.02811813354492,-117.26718139648438,SAN DIEGO,ENCINITAS,-117.27608489990234,33.028018951416016
90725154,2018,2018-05-14,9650,2018-05-05,2030,020771,NA,6,2,9,3700,0,2,4,NA,2,061,S. MISSION RD.,ASH ST,30,N,N,A,-,N,NA,NA,NA,NA,NA,NA,NA,NA,NA,Y,3,0,1,1,A,-,01,23152,A,N,E,I,A,A,H,-,C,D,0,NA,NA,NA,NA,Y,Y,D,22,0,1,0,0,0,0,0,0,0,-,-,33.37797927856445,-117.25364685058594,SAN DIEGO,UNINCORPORATED,-117.25364685058594,33.37763214111328
90725582,2018,2018-05-14,9645,2018-04-11,0319,020997,NA,3,3,7,3711,0,1,1,NA,2,009,I-805 N/B,SR-94,1000,S,N,A,-,Y,NA,NA,NA,NA,NA,NA,NA,NA,NA,N,3,0,1,2,A,-,03,22350,NA,F,C,C,A,A,H,-,D,D,0,NA,NA,NA,NA,Y,NA,A,01,0,1,0,0,0,0,0,0,0,-,-,32.773380279541016,-117.11248779296876,SAN DIEGO,SAN DIEGO,-117.10226440429688,32.716278076171875
90729214,2018,2018-05-18,9680,2018-05-11,1200,016822,NA,5,1,9,3700,0,1,3,NA,1,090,SR-67,KAY DEE LANE,0,NA,Y,A,-,Y,NA,NA,67,NA,NA,NA,NA,NA,NA,Y,4,0,1,2,A,-,09,21801,A,N,D,C,A,A,H,-,A,D,0,NA,NA,NA,NA,Y,NA,D,22,0,0,1,0,0,0,0,0,0,-,-,33.0106315612793,-116.94007110595705,SAN DIEGO,UNINCORPORATED,-116.94007110595705,33.01067352294922
90729735,2018,2018-05-21,9650,2018-05-12,1315,016885,NA,6,1,9,3700,0,1,1,NA,2,003,I-5 N/B,HARBOR DR,8682,N,N,A,-,Y,NA,NA,5,NA,NA,NA,NA,NA,N,Y,4,0,2,2,A,-,08,22107,NA,N,C,E,A,A,H,-,A,D,0,NA,NA,NA,NA,Y,NA,A,07,0,0,2,0,0,0,0,0,0,-,-,33.231441497802734,-117.40116119384766,SAN DIEGO,UNINCORPORATED,-117.40111541748048,33.231483459472656
90729892,2018,2018-05-21,9650,2018-05-19,0550,015446,NA,6,3,6,3706,0,1,1,NA,2,023,I-15 FWY SOUTHBOUND,DEL LAGO BLVD O/C,300,N,N,A,-,Y,NA,NA,15,NA,NA,NA,NA,NA,S,Y,3,0,1,3,A,-,07,21658,A,F,B,C,A,A,D,-,B,D,0,NA,NA,NA,NA,Y,NA,A,01,0,1,0,0,0,0,0,0,0,-,-,33.073951721191406,-117.07010650634766,SAN DIEGO,ESCONDIDO,-117.0703582763672,33.07390594482422
90732654,2018,2018-05-23,9645,2018-05-14,1055,019054,NA,1,1,7,3711,0,1,3,NA,2,006,SR-94 W/B,EUCLID AVE. O/C,300,W,N,A,-,Y,NA,NA,94,NA,NA,NA,NA,NA,W,Y,4,0,2,2,A,-,03,22350,NA,N,C,C,A,A,H,-,A,D,0,NA,NA,NA,NA,Y,NA,A,01,0,0,2,0,0,0,0,0,0,-,-,32.71809005737305,-117.08821105957033,SAN DIEGO,SAN DIEGO,-117.08821105957033,32.717899322509766
90733400,2018,2018-05-24,9680,2018-05-18,1210,021945,NA,5,1,9,3700,0,2,4,NA,1,029,SWEETWATER SPRINGS BLVD,AGUA DULCE BLVD,50,S,N,A,-,N,NA,NA,NA,NA,NA,NA,NA,NA,NA,N,4,0,1,4,A,-,03,22350,NA,N,C,C,A,A,H,-,A,A,0,NA,NA,NA,NA,Y,NA,D,22,0,0,1,0,0,0,0,0,0,-,-,32.74494934082031,-116.97509002685548,SAN DIEGO,UNINCORPORATED,-116.97524261474608,32.74505615234375
9073671,2020,2020-11-12,3706,2020-04-26,2300,469,ESCON,7,5,6,3706,0,0,0,NA,0,042,WASHINGTON AV,JUNIPER ST,246,E,N,A,-,Y,SD,11,78,-,T,18.24,H,-,E,Y,4,0,1,2,A,-,01,23152,A,N,C,C,A,A,H,-,C,D,0,NA,NA,NA,NA,Y,Y,A,01,0,0,1,0,0,0,0,0,0,-,-,33.12736892700195,-117.0821533203125,SAN DIEGO,ESCONDIDO,-117.08111572265624,33.12781524658203
90736951,2018,2018-05-30,9680,2018-05-22,1700,018801,NA,2,2,5,3708,0,1,1,NA,2,081,I-8 E/B,JACKSON DRIVE U/C,1056,W,N,A,-,Y,NA,NA,8,NA,NA,NA,NA,NA,E,Y,4,0,1,3,A,-,03,22350,NA,N,C,C,A,A,H,-,A,D,0,NA,NA,NA,NA,Y,NA,A,01,0,0,1,0,0,0,0,0,0,-,-,32.7735481262207,-117.01439666748048,SAN DIEGO,LA MESA,-117.0144271850586,32.77362823486328
90737082,2018,2018-05-30,9645,2018-05-17,1250,016061,NA,4,1,7,3711,0,1,1,NA,2,010,I-8 W/B,COLLEGE AVE.,3430,E,N,A,-,Y,NA,NA,8,NA,NA,NA,NA,NA,W,Y,4,0,2,2,A,-,08,22107,NA,N,E,I,A,A,H,-,A,D,0,NA,NA,NA,NA,Y,NA,A,01,0,0,2,0,0,0,0,0,0,-,-,32.777000427246094,-117.05333709716795,SAN DIEGO,SAN DIEGO,-117.05331420898438,32.777130126953125
90740838,2018,2018-06-04,9645,2018-05-26,2146,021617,NA,6,2,7,3711,0,1,3,NA,2,006,SR-94 W/B,KELTON RD O/C,1162,E,N,A,-,Y,NA,NA,94,NA,NA,NA,NA,NA,W,Y,4,0,2,2,A,-,08,22107,NA,N,D,C,A,A,H,-,C,D,0,NA,NA,NA,NA,Y,NA,A,07,0,0,2,0,0,0,0,0,0,-,-,32.72591018676758,-117.07333374023438,SAN DIEGO,SAN DIEGO,-117.07334136962892,32.72592544555664
90743079,2018,2018-06-07,9645,2018-06-01,1052,017473,NA,5,1,7,3711,0,1,1,NA,2,011,I-805 N/B,EL CAJON BLVD.,200,N,N,A,-,Y,NA,NA,805,NA,NA,NA,NA,NA,N,Y,3,0,2,3,A,-,03,22350,NA,N,C,C,A,A,H,-,A,D,0,NA,NA,NA,NA,Y,NA,A,07,0,1,1,0,0,0,0,0,0,-,-,32.756591796875,-117.12513732910156,SAN DIEGO,SAN DIEGO,-117.12519073486328,32.75657272338867
90743639,2018,2018-06-07,9680,2018-05-31,0915,021944,NA,4,1,9,3700,0,3,5,NA,2,002,TROY ST,SWEETWATER RD,77,E,N,A,-,N,NA,NA,NA,NA,NA,NA,NA,NA,NA,Y,4,0,2,4,A,-,09,21804,A,F,D,C,A,A,H,-,A,D,0,NA,NA,NA,NA,Y,NA,A,01,0,0,2,0,0,0,0,0,0,-,-,32.73664093017578,-117.01415252685548,SAN DIEGO,UNINCORPORATED,-117.01422119140624,32.73667907714844
9074421,2020,2020-11-10,3701,2020-05-06,0654,CB5492,096,3,5,5,3701,0,0,0,NA,0,007,POINSETTIA LN,AVIARA PKWY,0,NA,Y,A,-,N,NA,NA,NA,NA,NA,NA,NA,NA,NA,Y,4,0,1,2,A,-,12,21453,A,N,D,C,A,A,H,-,A,A,0,NA,NA,NA,NA,Y,NA,A,01,0,0,1,0,0,0,0,0,0,-,-,NA,NA,SAN DIEGO,CARLSBAD,-117.2956314086914,33.10995864868164
90745442,2018,2018-06-11,9645,2018-06-05,1325,018950,NA,2,1,7,3711,0,1,1,NA,2,003,I-5 S/B,NATIONAL AVENUE O/C,1056,N,N,A,-,Y,NA,NA,5,NA,NA,NA,NA,NA,S,N,4,0,1,2,A,-,03,22350,NA,N,C,C,A,A,H,-,A,D,0,NA,NA,NA,NA,Y,NA,D,22,0,0,1,0,0,0,0,0,0,-,-,32.697669982910156,-117.13777160644533,SAN DIEGO,SAN DIEGO,-117.13777160644533,32.69766616821289
90746739,2018,2018-06-12,9650,2018-06-07,1116,015503,NA,4,1,9,3700,0,1,1,NA,2,003,I-5 N/B,LAS PULGAS ROAD,600,S,N,A,-,Y,NA,NA,5,NA,NA,NA,NA,NA,N,N,4,0,1,3,A,-,03,22350,NA,N,C,C,A,A,H,-,A,D,0,NA,NA,NA,NA,Y,NA,A,01,0,0,1,0,0,0,0,0,0,-,-,33.29772186279297,-117.46314239501952,SAN DIEGO,UNINCORPORATED,-117.4631118774414,33.29775619506836
90748962,2018,2018-06-15,9645,2018-06-14,0830,016047,NA,4,1,6,3702,0,1,1,NA,2,009,I-805 N/B FROM BONITA RD.,BONITA ROAD,380,N,N,A,-,Y,NA,NA,805,NA,NA,NA,R,NA,N,Y,4,0,1,2,A,-,03,22350,NA,N,C,C,A,A,H,-,A,A,0,NA,NA,NA,NA,Y,NA,A,07,0,0,1,0,0,0,0,0,0,-,-,32.648719787597656,-117.0614776611328,SAN DIEGO,CHULA VISTA,-117.0614776611328,32.648719787597656
90749514,2018,2018-06-18,9650,2018-06-15,1700,021200,NA,5,2,5,3701,0,1,1,NA,2,005,I-5 S/B,LA COSTA AVE,600,N,N,B,-,Y,NA,NA,5,NA,NA,NA,NA,NA,S,N,3,0,2,2,A,-,03,22350,NA,N,C,C,A,A,H,-,A,D,0,NA,NA,NA,NA,Y,NA,A,07,0,1,1,0,0,0,0,0,0,-,-,33.08903121948242,-117.30126190185548,SAN DIEGO,CARLSBAD,-117.30133819580078,33.0889778137207
9075206,2020,2020-07-06,3711,2020-03-06,2340,SD7935,NA,5,5,7,3711,0,0,0,NA,0,122,LA JOLLA BL,PALOMAR AV,180,S,N,B,-,N,NA,NA,NA,NA,NA,NA,NA,NA,NA,Y,4,0,1,2,B,-,22,NA,NA,N,E,E,A,A,H,-,C,-,0,NA,NA,NA,NA,Y,Y,A,01,0,0,1,0,0,0,0,0,0,-,-,NA,NA,SAN DIEGO,SAN DIEGO,-117.27679443359376,32.82634353637695
9075226,2020,2020-06-18,3711,2020-03-06,1037,SD7617,NA,5,5,7,3711,0,0,0,NA,0,511,HARBOR DR,32ND ST,1085,S,N,A,-,N,NA,NA,NA,NA,NA,NA,NA,NA,NA,Y,3,0,2,3,A,-,04,21703,NA,N,C,C,A,A,H,-,A,D,0,NA,NA,NA,NA,Y,NA,A,01,0,1,1,0,0,0,0,0,0,-,-,NA,NA,SAN DIEGO,SAN DIEGO,-117.12270355224608,32.683963775634766
9075250,2020,2020-06-18,3711,2020-03-08,1950,NA,NA,7,5,7,3711,0,0,0,NA,0,836,FAIRMOUNT AV,LAUREL ST,150,N,N,A,-,N,NA,NA,NA,NA,NA,NA,NA,NA,NA,N,4,0,1,4,A,-,08,22107,NA,N,B,E,A,A,H,-,C,A,0,NA,NA,NA,NA,Y,NA,A,01,0,0,1,0,0,0,0,0,0,-,-,NA,NA,SAN DIEGO,SAN DIEGO,-117.10108184814452,32.731849670410156
9075266,2020,2020-06-19,3711,2020-03-05,1530,SD7945,NA,4,5,7,3711,0,0,0,NA,0,821,EL CAJON BL,71ST ST,35,E,N,A,-,N,NA,NA,NA,NA,NA,NA,NA,NA,NA,Y,3,0,1,4,A,-,08,22107,NA,M,H,C,A,A,H,-,A,A,0,NA,NA,NA,NA,Y,NA,-,NA,0,1,0,0,0,0,0,0,0,-,-,NA,NA,SAN DIEGO,SAN DIEGO,-117.0447235107422,32.768741607666016
9075270,2020,2020-06-19,3711,2020-03-05,1445,SD8861,NA,4,5,7,3711,0,0,0,NA,0,511,BOSTON AV,28TH ST,167,W,N,A,-,N,NA,NA,NA,NA,NA,NA,NA,NA,NA,N,4,0,1,2,A,-,09,21804,A,N,D,G,A,A,H,-,A,D,0,NA,Y,NA,NA,Y,NA,A,01,0,0,1,0,0,0,1,0,0,-,-,NA,NA,SAN DIEGO,SAN DIEGO,-117.13430786132813,32.69384002685547
9075284,2020,2020-07-16,3705,2020-03-04,1400,EC0234,NA,3,5,5,3705,0,0,0,NA,0,002,MOLLISON,PARK,0,NA,Y,A,-,N,NA,NA,NA,NA,NA,NA,NA,NA,NA,NA,3,0,1,2,A,-,08,22107,NA,N,D,G,A,A,H,-,A,A,0,NA,Y,NA,NA,Y,NA,D,22,0,1,0,0,0,0,1,0,0,-,-,NA,NA,SAN DIEGO,EL CAJON,-116.95098114013672,32.79819869995117
90754049,2018,2018-06-22,9680,2018-06-14,2200,020884,NA,4,3,5,3708,0,1,1,NA,2,081,I-8 E/B,SEVERIN DR,369,E,N,A,-,Y,NA,NA,8,NA,NA,NA,NA,NA,E,N,4,0,1,3,A,-,03,22350,NA,N,C,C,A,A,D,-,D,D,0,NA,NA,NA,NA,Y,NA,A,08,0,0,1,0,0,0,0,0,0,-,-,32.77915954589844,-116.9958724975586,SAN DIEGO,LA MESA,-116.9958724975586,32.77914047241211
90755182,2018,2018-06-25,9680,2018-06-15,1835,021588,NA,5,2,9,3700,0,3,5,NA,2,002,KENWOOD DR`,BANCROFT DR,560,E,N,A,-,N,NA,NA,NA,NA,NA,NA,NA,NA,NA,N,3,0,1,2,A,-,11,21954,A,N,G,B,D,A,H,-,A,D,0,Y,NA,NA,NA,Y,NA,N,60,0,1,0,0,1,0,0,0,0,-,-,32.74448013305664,-117.00160217285156,SAN DIEGO,UNINCORPORATED,-117.00160217285156,32.74448013305664
90755413,2018,2018-06-25,9650,2018-06-21,1650,014886,NA,4,2,9,3700,0,1,1,NA,2,003,I-5 S/B,CAMP DEL MAR O/C,100,N,N,B,-,Y,NA,NA,5,NA,NA,NA,NA,NA,S,N,4,0,1,2,A,-,03,22350,NA,N,C,C,A,A,H,-,A,D,0,NA,NA,NA,Y,Y,NA,F,26,0,0,1,0,0,0,0,0,0,-,-,33.21712112426758,-117.3908233642578,SAN DIEGO,UNINCORPORATED,-117.39073944091795,33.21714401245117
90755644,2018,2018-06-26,9680,2018-06-17,1025,017996,NA,7,1,9,3700,0,3,5,NA,2,002,JAMACHA LANE,JAMACHA ROAD,35,N,N,B,-,N,NA,NA,NA,NA,NA,NA,NA,NA,NA,N,4,0,1,2,A,-,09,21804,A,N,D,C,A,A,H,-,A,D,0,NA,NA,NA,NA,Y,NA,A,01,0,0,1,0,0,0,0,0,0,-,-,32.71500015258789,-117.0081024169922,SAN DIEGO,UNINCORPORATED,-117.00806427001952,32.71490478515625
90755747,2018,2018-06-26,9680,2018-06-15,1620,021944,NA,5,2,9,3700,0,3,5,NA,2,002,SAN VICENTE BLVD,RAMONA DR,45,S,N,A,-,N,NA,NA,NA,NA,NA,NA,NA,NA,NA,Y,4,0,1,1,A,-,01,23152,A,M,E,I,A,A,H,-,A,D,0,NA,NA,NA,NA,Y,Y,A,01,0,0,1,0,0,0,0,0,0,-,-,32.747840881347656,-116.9700927734375,SAN DIEGO,UNINCORPORATED,-116.97010803222656,32.74772644042969
90756316,2018,2018-06-26,9645,2018-06-25,0655,014804,NA,1,1,7,3711,0,1,1,NA,2,015,I-805 (N/B),BALBOA AVENUE O/C,1584,S,N,B,-,Y,NA,NA,805,NA,NA,NA,NA,NA,NA,N,4,0,1,3,A,-,04,21703,NA,N,C,C,A,A,H,-,A,D,0,NA,NA,NA,NA,Y,NA,A,01,0,0,1,0,0,0,0,0,0,-,-,32.81624984741211,-117.15939331054688,SAN DIEGO,SAN DIEGO,-117.15945434570313,32.81620788574219