CASE_ID,ACCIDENT_YEAR,PROC_DATE,JURIS,COLLISION_DATE,COLLISION_TIME,OFFICER_ID,REPORTING_DISTRICT,DAY_OF_WEEK,CHP_SHIFT,POPULATION,CNTY_CITY_LOC,SPECIAL_COND,BEAT_TYPE,CHP_BEAT_TYPE,CITY_DIVISION_LAPD,CHP_BEAT_CLASS,BEAT_NUMBER,PRIMARY_RD,SECONDARY_RD,DISTANCE,DIRECTION,INTERSECTION,WEATHER_1,WEATHER_2,STATE_HWY_IND,CALTRANS_COUNTY,CALTRANS_DISTRICT,STATE_ROUTE,ROUTE_SUFFIX,POSTMILE_PREFIX,POSTMILE,LOCATION_TYPE,RAMP_INTERSECTION,SIDE_OF_HWY,TOW_AWAY,COLLISION_SEVERITY,NUMBER_KILLED,NUMBER_INJURED,PARTY_COUNT,PRIMARY_COLL_FACTOR,PCF_CODE_OF_VIOL,PCF_VIOL_CATEGORY,PCF_VIOLATION,PCF_VIOL_SUBSECTION,HIT_AND_RUN,TYPE_OF_COLLISION,MVIW,PED_ACTION,ROAD_SURFACE,ROAD_COND_1,ROAD_COND_2,LIGHTING,CONTROL_DEVICE,CHP_ROAD_TYPE,PEDESTRIAN_ACCIDENT,BICYCLE_ACCIDENT,MOTORCYCLE_ACCIDENT,TRUCK_ACCIDENT,NOT_PRIVATE_PROPERTY,ALCOHOL_INVOLVED,STWD_VEHTYPE_AT_FAULT,CHP_VEHTYPE_AT_FAULT,COUNT_SEVERE_INJ,COUNT_VISIBLE_INJ,COUNT_COMPLAINT_PAIN,COUNT_PED_KILLED,COUNT_PED_INJURED,COUNT_BICYCLIST_KILLED,COUNT_BICYCLIST_INJURED,COUNT_MC_KILLED,COUNT_MC_INJURED,PRIMARY_RAMP,SECONDARY_RAMP,LATITUDE,LONGITUDE,COUNTY,CITY,POINT_X,POINT_Y
90835081,2018,2018-10-12,9680,2018-10-02,1830,021584,NA,2,2,9,3700,0,3,5,NA,2,005,PINE HILLS ROAD,DEER LAKE PARK ROAD,0,NA,Y,A,-,N,NA,NA,NA,NA,NA,NA,NA,NA,NA,Y,3,0,2,2,A,-,09,21801,A,N,A,C,A,A,H,-,A,D,0,NA,NA,NA,NA,Y,NA,D,22,0,1,1,0,0,0,0,0,0,-,-,33.063499450683594,-116.61810302734376,SAN DIEGO,UNINCORPORATED,-116.61811065673828,33.06346893310547
90835211,2018,2018-10-15,9650,2018-09-29,2350,021500,NA,6,3,9,3700,0,3,5,NA,2,211,WOODS VALLEY RD,VALLEY VISTA DR,450,W,N,A,-,N,NA,NA,NA,NA,NA,NA,NA,NA,NA,Y,3,0,1,2,A,-,01,23152,A,N,E,I,A,A,H,-,D,D,0,NA,NA,NA,NA,Y,Y,D,22,0,1,0,0,0,0,0,0,0,-,-,33.20494842529297,-117.00074768066406,SAN DIEGO,UNINCORPORATED,-117.00076293945313,33.20494842529297
90836018,2018,2018-10-15,9645,2018-10-08,1052,017717,NA,1,1,5,3709,0,1,1,NA,2,009,I-805 N/B,E 4TH ST O/C,650,N,N,A,-,Y,NA,NA,805,NA,NA,NA,NA,NA,N,Y,4,0,1,2,A,-,08,22107,NA,N,C,E,A,A,H,-,A,D,0,NA,NA,NA,NA,Y,NA,A,01,0,0,1,0,0,0,0,0,0,-,-,32.686100006103516,-117.09075164794922,SAN DIEGO,NATIONAL CITY,-117.09087371826172,32.68595504760742
90836309,2018,2018-10-15,9645,2018-10-11,0715,016061,NA,4,1,6,3702,0,1,3,NA,2,031,SR-125 N/B,SR-54,528,S,N,A,-,Y,NA,NA,NA,NA,NA,NA,NA,NA,NA,Y,4,0,1,3,A,-,03,22350,NA,N,C,C,A,A,H,-,A,D,0,NA,NA,NA,NA,Y,NA,D,22,0,0,1,0,0,0,0,0,0,-,-,32.68669891357422,-117.01097106933594,SAN DIEGO,CHULA VISTA,-117.01403045654295,32.69449234008789
90837017,2018,2018-10-16,9680,2018-10-06,1140,015733,NA,6,1,9,3700,0,1,3,NA,1,090,SR-67 (MAIN ST.),16TH ST,0,NA,Y,A,-,Y,NA,NA,67,NA,NA,NA,NA,NA,NA,N,3,0,1,2,A,-,09,21801,A,N,F,A,A,A,H,-,A,D,0,NA,NA,Y,NA,Y,NA,A,01,0,1,0,0,0,0,0,0,1,-,-,33.036678314208984,-116.87777709960938,SAN DIEGO,UNINCORPORATED,-116.8779067993164,33.03691482543945
90838012,2018,2018-10-17,9680,2018-10-06,0614,015070,NA,6,1,9,3700,0,3,5,NA,2,003,VIA DIEGUENOS,CAMINO DEL VECINO,360,E,N,B,-,N,NA,NA,NA,NA,NA,NA,NA,NA,NA,N,4,0,1,1,A,-,08,22107,NA,N,E,I,A,A,H,-,D,D,0,NA,NA,NA,NA,Y,NA,A,07,0,0,1,0,0,0,0,0,0,-,-,32.81547927856445,-116.73915863037108,SAN DIEGO,UNINCORPORATED,-116.73918151855467,32.81544876098633
90839484,2018,2018-10-18,9650,2018-10-13,0125,016103,NA,6,3,5,3713,0,1,3,NA,2,017,SR-78 E/B,SYCAMORE AVE,2640,W,N,B,C,Y,NA,NA,78,NA,NA,NA,NA,NA,E,Y,4,0,2,1,A,-,03,22350,NA,N,E,I,A,B,H,-,C,A,0,NA,NA,NA,NA,Y,NA,A,01,0,0,2,0,0,0,0,0,0,-,-,33.171058654785156,-117.2230987548828,SAN DIEGO,VISTA,-117.22307586669922,33.17109680175781
90842636,2018,2018-10-23,9650,2018-10-19,1920,021154,NA,5,2,5,3782,0,1,1,NA,2,007,I-5 N/B,MANCHESTER AVE,272,N,N,A,-,Y,NA,NA,5,NA,NA,NA,NA,NA,N,Y,3,0,1,3,A,-,03,22350,NA,N,C,C,A,A,H,-,D,D,0,NA,NA,NA,NA,Y,NA,A,01,0,1,0,0,0,0,0,0,0,-,-,33.01102828979492,-117.26529693603516,SAN DIEGO,ENCINITAS,-117.26527404785156,33.01106262207031
9084282,2020,2020-06-30,3711,2020-03-17,1445,SD5918,NA,2,5,7,3711,0,0,0,NA,0,451,EUCLID AV,BEECH ST,65,S,N,A,-,N,NA,NA,NA,NA,NA,NA,NA,NA,NA,N,4,0,2,2,B,-,22,NA,NA,N,D,C,A,A,H,-,A,A,0,NA,NA,NA,NA,Y,NA,A,01,0,0,2,0,0,0,0,0,0,-,-,NA,NA,SAN DIEGO,SAN DIEGO,-117.08495330810548,32.71933364868164
90843872,2018,2018-10-29,9650,2018-10-20,2350,019766,NA,6,3,9,3700,0,3,5,NA,2,070,LINEA DEL CIELO,RAMBLA DE LAS FLORES,12,N,N,A,-,N,NA,NA,NA,NA,NA,NA,NA,NA,NA,Y,3,0,1,1,A,-,01,23152,A,N,E,I,A,A,H,-,D,D,0,NA,NA,NA,NA,Y,Y,A,01,0,1,0,0,0,0,0,0,0,-,-,33.006710052490234,-117.21907043457033,SAN DIEGO,UNINCORPORATED,-117.21895599365234,33.00667953491211
90844440,2018,2018-10-25,9645,2018-10-21,0420,021768,NA,7,3,7,3711,0,1,1,NA,2,013,I-805 S/B,SR-163 O/C,500,S,N,A,-,Y,NA,NA,805,NA,NA,NA,NA,NA,S,Y,4,0,1,2,A,-,08,22107,NA,N,C,C,A,A,H,-,D,D,0,NA,NA,NA,Y,Y,NA,A,01,0,0,1,0,0,0,0,0,0,-,-,32.806819915771484,-117.15177154541016,SAN DIEGO,SAN DIEGO,-117.15187072753906,32.80677795410156
90846185,2018,2018-10-26,9680,2018-10-16,1700,021441,NA,2,2,9,3700,0,2,4,NA,1,026,BANCROFT DR,GOLF DR,0,NA,Y,A,-,N,NA,NA,NA,NA,NA,NA,NA,NA,NA,Y,3,0,1,2,A,-,06,21750,A,N,D,C,A,A,H,-,A,A,0,NA,NA,Y,NA,Y,NA,C,02,0,1,0,0,0,0,0,0,1,-,-,32.74660110473633,-117.0031967163086,SAN DIEGO,UNINCORPORATED,-117.00318908691406,32.746559143066406
90846645,2018,2018-10-26,9650,2018-10-20,1205,017328,NA,6,1,5,3701,0,1,1,NA,2,005,I-5 N/B,LA COSTA AVE.,1500,N,N,A,-,Y,NA,NA,5,NA,NA,NA,NA,NA,N,N,4,0,1,2,A,-,03,22350,NA,N,C,C,A,A,H,-,A,D,0,NA,NA,NA,NA,Y,NA,D,22,0,0,1,0,0,0,0,0,0,-,-,33.08808898925781,-117.3004913330078,SAN DIEGO,CARLSBAD,-117.30046081542967,33.08810806274414
90846695,2018,2018-10-26,9680,2018-10-16,1635,018427,NA,2,2,9,3700,0,3,5,NA,2,001,MAGNOLIA AVE.,DENNY WAY,0,NA,Y,A,-,N,NA,NA,NA,NA,NA,NA,NA,NA,NA,N,4,0,1,2,A,-,17,21451,A,N,D,G,A,A,H,-,A,A,0,NA,Y,NA,NA,Y,NA,A,01,0,0,1,0,0,0,1,0,0,-,-,32.82044982910156,-116.96240997314452,SAN DIEGO,UNINCORPORATED,-116.96231079101563,32.82054138183594
90847710,2018,2018-10-29,9645,2018-10-21,1407,019678,NA,7,2,3,3703,0,1,3,NA,1,004,SR-75 N/B,SAN DIEGO CITY LIMITS,960,S,N,A,-,Y,NA,NA,75,NA,NA,NA,NA,NA,N,Y,4,0,2,2,A,-,03,22350,NA,N,C,C,A,A,C,-,A,D,0,NA,NA,NA,NA,Y,NA,A,01,0,0,2,0,0,0,0,0,0,-,-,32.686588287353516,-117.15894317626952,SAN DIEGO,CORONADO,-117.15894317626952,32.68658447265625
90849887,2018,2018-10-31,9650,2018-08-04,0256,021463,NA,6,3,9,3700,0,1,1,NA,2,001,I-5 N/B,BASILONE RD,129,N,N,A,-,Y,NA,NA,5,NA,NA,NA,NA,NA,N,Y,3,0,1,1,A,-,01,23152,A,N,E,I,A,A,H,-,D,D,0,NA,NA,NA,NA,Y,Y,A,07,0,1,0,0,0,0,0,0,0,-,-,33.38576889038086,-117.58328247070313,SAN DIEGO,UNINCORPORATED,-117.58330535888672,33.385711669921875
90850170,2018,2018-10-31,9680,2018-10-21,1300,017996,NA,7,1,9,3700,0,1,3,NA,2,027,SR-94 WESTBOUND,MASSACHUSETTS AVENUE,150,E,N,A,-,Y,NA,NA,NA,NA,NA,NA,NA,NA,NA,Y,3,0,1,1,C,-,18,NA,NA,N,E,J,A,A,H,-,A,D,0,NA,NA,Y,NA,Y,NA,-,-,0,1,0,0,0,0,0,0,1,-,-,32.74489974975586,-117.04209899902344,SAN DIEGO,UNINCORPORATED,-117.04232025146484,32.744937896728516
90850900,2018,2018-11-01,9650,2018-10-25,1230,018840,NA,4,1,6,3706,0,1,1,NA,2,023,I-15 N/B,VALLEY PARKWAY,750,N,N,A,-,Y,NA,NA,15,NA,NA,NA,NA,NA,N,N,4,0,1,2,A,-,08,22107,NA,N,B,C,A,A,H,-,A,D,0,NA,NA,NA,NA,Y,NA,D,22,0,0,1,0,0,0,0,0,0,-,-,33.11054992675781,-117.0959014892578,SAN DIEGO,ESCONDIDO,-117.09593963623048,33.11052703857422
90851214,2018,2018-11-01,9680,2018-10-24,1214,017011,NA,3,1,5,3705,0,1,1,NA,2,081,I-8 E/B,N. 2ND ST.,2640,W,N,A,-,Y,NA,NA,8,NA,NA,NA,NA,NA,E,Y,4,0,1,3,A,-,03,22350,NA,N,C,C,A,A,H,-,A,D,0,NA,NA,NA,NA,Y,NA,A,01,0,0,1,0,0,0,0,0,0,-,-,32.80292892456055,-116.94400024414063,SAN DIEGO,EL CAJON,-116.94400024414063,32.80295944213867
90852211,2018,2018-11-02,9650,2018-10-31,1455,019822,NA,3,2,6,3706,0,1,1,NA,2,023,I-15 N/B FROM VALLEY PKY,VALLEY PKY,270,N,N,A,-,Y,NA,NA,15,NA,NA,NA,R,NA,N,N,4,0,1,3,A,-,03,22350,NA,N,C,C,A,A,H,-,A,A,0,NA,NA,NA,NA,Y,NA,A,01,0,0,1,0,0,0,0,0,0,-,-,33.11703872680664,-117.09921264648438,SAN DIEGO,ESCONDIDO,-117.09921264648438,33.11703872680664
90852402,2018,2018-11-05,9650,2018-10-31,0910,015446,NA,3,1,9,3700,0,3,5,NA,2,230,DEL DIOS HIGHWAY,ELM LANE,800,W,N,A,-,N,NA,NA,NA,NA,NA,NA,NA,NA,NA,Y,3,0,1,3,A,-,03,22350,NA,N,C,C,A,A,H,-,A,D,0,NA,NA,NA,NA,Y,NA,D,22,0,1,0,0,0,0,0,0,0,-,-,33.07904052734375,-117.1204833984375,SAN DIEGO,UNINCORPORATED,-117.1205825805664,33.078636169433594
90854601,2018,2018-11-06,9650,2018-10-31,0617,019191,NA,3,1,5,3712,0,1,3,NA,2,019,SR-78 E/B,TWIN OAKS VALLEY RD,3960,E,N,B,-,Y,NA,NA,78,NA,NA,NA,NA,NA,E,N,4,0,1,2,A,-,03,22350,NA,N,C,C,A,A,H,-,C,D,0,NA,NA,NA,NA,Y,NA,A,01,0,0,1,0,0,0,0,0,0,-,-,33.13936996459961,-117.15213012695313,SAN DIEGO,SAN MARCOS,-117.15213012695313,33.13938522338867
90856562,2018,2018-11-08,9645,2018-11-01,1708,020992,NA,4,2,7,3711,0,1,1,NA,2,001,I-5 SOUTHBOUND,FIRST AVE,250,N,N,A,-,Y,NA,NA,NA,NA,NA,NA,NA,NA,NA,Y,4,0,1,2,A,-,03,22350,NA,N,C,C,A,A,H,-,A,D,0,NA,NA,NA,NA,Y,NA,A,01,0,0,1,0,0,0,0,0,0,-,-,32.7812385559082,-117.27931213378906,SAN DIEGO,SAN DIEGO,-117.16449737548828,32.723670959472656
9085707,2020,2020-10-19,3711,2020-04-20,1836,SD7219,NA,1,5,7,3711,0,0,0,NA,0,616,TALBOT ST,EVERGREEN ST,0,NA,Y,B,-,N,NA,NA,NA,NA,NA,NA,NA,NA,NA,N,3,0,1,2,A,-,09,21801,A,M,D,C,A,A,H,-,B,D,0,NA,NA,NA,NA,Y,NA,A,01,0,1,0,0,0,0,0,0,0,-,-,NA,NA,SAN DIEGO,SAN DIEGO,-117.23448181152344,32.72052001953125
9085764,2020,2020-08-05,3702,2020-04-05,1700,CV1289,NA,7,5,6,3702,0,0,0,NA,0,021,BROADWAY,MOSS ST,150,S,N,A,-,N,NA,NA,NA,NA,NA,NA,NA,NA,NA,Y,3,0,1,3,D,-,00,NA,NA,F,C,C,A,A,H,-,A,A,0,NA,NA,NA,NA,Y,NA,-,-,0,1,0,0,0,0,0,0,0,-,-,NA,NA,SAN DIEGO,CHULA VISTA,-117.08262634277344,32.61328887939453
90859715,2018,2018-11-14,9645,2018-11-02,0442,021359,NA,5,3,7,3711,0,1,3,NA,2,008,SR-54 W/B TO I-805 N/B,I-805,950,E,N,A,-,Y,NA,NA,NA,NA,NA,NA,NA,NA,NA,Y,3,0,2,1,C,-,18,NA,NA,N,E,J,A,A,C,-,D,D,0,NA,NA,NA,NA,Y,NA,-,-,0,1,1,0,0,0,0,0,0,-,-,32.65964126586914,-117.07142639160156,SAN DIEGO,SAN DIEGO,NA,NA
90860827,2018,2018-11-15,9645,2018-11-09,1800,021731,NA,5,2,7,3711,0,1,1,NA,2,021,SR-15 S/B,SR-94,1584,N,N,A,-,Y,NA,NA,15,NA,NA,NA,NA,NA,S,N,4,0,1,2,A,-,07,21658,A,N,C,C,A,A,H,-,D,D,0,NA,NA,NA,NA,Y,NA,A,01,0,0,1,0,0,0,0,0,0,-,-,32.7211799621582,-117.11707305908205,SAN DIEGO,SAN DIEGO,-117.1169891357422,32.72112274169922
90861186,2018,2018-11-15,9680,2018-11-02,1522,018672,NA,5,2,9,3700,0,3,5,NA,2,005,FOURTH ST,B ST,0,NA,Y,A,-,N,NA,NA,NA,NA,NA,NA,NA,NA,NA,Y,3,0,3,2,D,-,00,NA,NA,N,D,C,A,A,H,-,A,D,0,NA,NA,NA,NA,Y,NA,-,-,0,1,2,0,0,0,0,0,0,-,-,33.077388763427734,-116.60205078125,SAN DIEGO,UNINCORPORATED,-117.4800262451172,33.37543869018555
90861216,2018,2018-11-15,9680,2018-11-04,1440,021476,NA,7,2,9,3700,0,2,4,NA,1,010,WOODSIDE AVE,WINTER GARDENS BLVD,350,W,N,A,-,N,NA,NA,NA,NA,NA,NA,NA,NA,NA,Y,3,0,1,2,A,-,09,21804,A,F,D,C,A,A,H,-,A,D,0,NA,NA,NA,NA,Y,NA,A,01,0,1,0,0,0,0,0,0,0,-,-,32.85585021972656,-116.93235778808594,SAN DIEGO,UNINCORPORATED,-116.9322509765625,32.855873107910156
90862316,2018,2018-11-19,9650,2018-11-10,1723,020747,NA,6,2,6,3706,0,1,1,NA,2,023,I-15 S/B,WASHINGTON AVE,350,S,N,A,-,Y,NA,NA,15,NA,NA,NA,NA,NA,S,Y,4,0,1,5,A,-,03,22350,NA,N,C,C,A,A,H,-,D,D,0,NA,NA,NA,NA,Y,NA,A,01,0,0,1,0,0,0,0,0,0,-,-,33.121150970458984,-117.1028289794922,SAN DIEGO,ESCONDIDO,-117.10259246826172,33.12128829956055
90862943,2018,2018-11-19,9680,2018-11-06,1743,019384,NA,2,2,5,3705,0,1,3,NA,2,016,SR-67 S/B,FLETCHER PARKWAY,800,N,N,A,-,Y,NA,NA,67,NA,NA,NA,NA,NA,S,Y,4,0,1,2,A,-,03,22350,NA,N,C,C,A,A,H,-,D,D,0,NA,NA,NA,NA,Y,NA,A,01,0,0,1,0,0,0,0,0,0,-,-,32.81003952026367,-116.96214294433594,SAN DIEGO,EL CAJON,-116.9620361328125,32.81003189086914
90865348,2018,2018-11-21,9645,2018-11-14,1825,016864,NA,3,2,7,3711,0,1,1,NA,2,015,I-805 N/B,MIRA MESA BLVD.,1584,N,N,A,-,Y,NA,NA,805,NA,NA,NA,NA,NA,N,Y,3,0,1,1,A,-,08,22107,NA,N,F,A,A,A,H,-,A,D,0,NA,NA,Y,NA,Y,NA,C,02,0,1,0,0,0,0,0,0,1,-,-,32.89318084716797,-117.21109771728516,SAN DIEGO,SAN DIEGO,-117.2111358642578,32.89310073852539
90866059,2018,2018-11-26,9650,2018-11-17,1124,018840,NA,6,1,9,3700,0,3,5,NA,2,170,S. SANTA FE AVE,YORK DR,50,E,N,B,-,N,NA,NA,NA,NA,NA,NA,NA,NA,NA,N,4,0,1,3,A,-,03,22350,NA,F,C,C,A,A,H,-,A,D,0,NA,NA,NA,NA,Y,NA,D,22,0,0,1,0,0,0,0,0,0,-,-,33.17584991455078,-117.2126922607422,SAN DIEGO,UNINCORPORATED,-117.21272277832033,33.17594909667969
90866172,2018,2018-11-26,9650,2018-11-17,0925,019270,NA,6,1,9,3700,0,3,5,NA,2,070,SAN DIEGUITO RD,VIA DE SANTA FE,0,NA,Y,A,-,N,NA,NA,NA,NA,NA,NA,NA,NA,NA,N,3,0,3,4,A,-,09,21801,A,N,D,G,A,A,H,-,A,D,0,NA,Y,NA,NA,Y,NA,A,01,0,2,1,0,0,0,3,0,0,-,-,32.991180419921875,-117.19734191894533,SAN DIEGO,UNINCORPORATED,-117.197471,32.991153
90866718,2018,2018-11-26,9680,2018-11-10,0005,017460,NA,6,3,9,3700,0,3,5,NA,2,006,BUCKMAN SPRINGS RD,MORENA STOKES VALLEY RD,3,S,N,A,-,N,NA,NA,NA,NA,NA,NA,NA,NA,NA,Y,2,0,1,1,A,-,01,23152,A,N,E,I,A,A,H,-,D,D,0,NA,NA,NA,NA,Y,Y,A,01,1,0,0,0,0,0,0,0,0,-,-,32.7165412902832,-116.50019073486328,SAN DIEGO,UNINCORPORATED,-116.50010681152344,32.7165412902832
90868243,2018,2018-11-27,9645,2018-09-22,0245,021600,NA,6,3,7,3711,0,1,1,NA,2,030,INTERSTATE-15 SOUTHBOUND HOV,HILLERY DRIVE,138,N,N,A,-,Y,NA,NA,15,NA,NA,NA,NA,NA,S,Y,1,1,0,1,A,-,08,22107,NA,N,E,I,A,A,H,-,C,D,0,NA,NA,Y,NA,Y,NA,C,02,0,0,0,0,0,0,0,1,0,-,-,32.91498947143555,-117.11637878417967,SAN DIEGO,SAN DIEGO,-117.11646270751952,32.91499710083008
9086833,2020,2020-07-28,3700,2020-04-08,0006,SH3183,NA,3,5,5,3713,0,0,0,NA,0,315,LIVE OAK RD,OAK GLEN DR,9,E,N,B,-,N,NA,NA,NA,NA,NA,NA,NA,NA,NA,Y,3,0,1,1,A,-,01,23152,A,N,E,I,A,B,H,-,C,D,0,NA,NA,NA,NA,Y,Y,A,01,0,1,0,0,0,0,0,0,0,-,-,NA,NA,SAN DIEGO,VISTA,-117.24349212646484,33.16923141479492
90868527,2018,2018-11-27,9680,2018-11-14,1200,017996,NA,3,1,9,3700,0,1,3,NA,2,028,SR-125 N/B TO JAMACHA BLVD.,JAMACHA BLVD,10,S,N,A,-,Y,NA,NA,125,NA,NA,NA,R,NA,N,Y,4,0,1,2,A,-,21,22106,NA,N,C,C,A,A,H,-,A,D,0,NA,NA,NA,NA,Y,NA,A,08,0,0,1,0,0,0,0,0,0,-,-,32.70500183105469,-117.01010131835938,SAN DIEGO,UNINCORPORATED,-117.01010131835938,32.70500183105469
90869293,2018,2018-11-28,9680,2018-11-15,1900,021945,NA,4,2,9,3700,0,2,4,NA,1,029,CAMPO RD,AGUA DULCE BLVD,20,N,N,A,-,N,NA,NA,NA,NA,NA,NA,NA,NA,NA,N,4,0,1,2,A,-,03,22350,NA,F,C,C,A,A,H,-,C,A,0,NA,NA,NA,NA,Y,NA,-,99,0,0,1,0,0,0,0,0,0,-,-,32.74522018432617,-116.97559356689452,SAN DIEGO,UNINCORPORATED,-116.97542572021484,32.74517059326172
90869296,2018,2018-11-28,9650,2018-11-14,2000,020747,NA,3,2,5,3713,0,1,3,NA,2,017,SR-78 W/B TO EMERALD DR. OFF RAMP,EMERALD DR,145,E,N,A,-,Y,NA,NA,78,NA,NA,NA,R,NA,W,Y,4,0,1,3,A,-,01,23152,A,F,C,C,A,A,H,-,D,D,0,NA,NA,NA,Y,Y,Y,A,01,0,0,1,0,0,0,0,0,0,-,-,33.188880920410156,-117.27892303466795,SAN DIEGO,VISTA,-117.27892303466795,33.188880920410156
90872656,2018,2018-11-30,9680,2018-11-16,1315,018672,NA,5,1,9,3700,0,1,3,NA,1,052,SR-78,FARLEY RD,528,W,N,A,-,Y,NA,NA,78,NA,NA,NA,NA,NA,NA,N,4,0,2,2,A,-,03,22350,NA,N,C,C,A,A,H,-,A,D,0,NA,NA,NA,NA,Y,NA,A,01,0,0,2,0,0,0,0,0,0,-,-,33.082191467285156,-116.64552307128906,SAN DIEGO,UNINCORPORATED,-116.6457290649414,33.08208465576172
90872768,2018,2018-11-30,9650,2018-11-23,1705,020771,NA,5,2,9,3700,0,2,4,NA,1,027,VALLEY CENTER RD,S. RESORT DR.,130,S,N,A,-,N,NA,NA,NA,NA,NA,NA,NA,NA,NA,N,3,0,1,2,A,-,11,21954,A,N,G,B,D,A,H,-,D,D,0,Y,NA,NA,NA,Y,NA,N,60,0,1,0,0,1,0,0,0,0,-,-,33.26823043823242,-116.95368957519533,SAN DIEGO,UNINCORPORATED,-116.95372009277344,33.268375396728516
9087300,2020,2020-07-08,3700,2020-03-16,0840,SH0189,NA,1,5,4,3780,0,0,0,NA,0,414,POMERADO RD,OAK KNOLL RD,44,N,N,B,-,N,NA,NA,NA,NA,NA,NA,NA,NA,NA,Y,3,0,1,2,A,-,09,21453,B,N,C,C,A,A,H,-,A,A,0,NA,NA,NA,NA,Y,NA,A,01,0,1,0,0,0,0,0,0,0,-,-,NA,NA,SAN DIEGO,POWAY,-117.06256103515624,32.95016098022461
90873433,2018,2018-12-03,9650,2018-11-24,1520,020673,NA,6,2,9,3700,0,2,4,NA,2,061,E. MISSION RD,N. STAGE COACH LN,0,NA,Y,B,-,Y,NA,NA,NA,NA,NA,NA,NA,NA,NA,Y,4,0,1,2,A,-,09,21453,C,N,A,C,A,A,H,-,A,A,0,NA,NA,NA,NA,Y,NA,D,22,0,0,1,0,0,0,0,0,0,-,-,33.2209587097168,-117.13401794433594,SAN DIEGO,UNINCORPORATED,-117.22783660888672,33.388511657714844
9087436,2020,2020-07-31,3711,2020-04-02,1715,SD7642,NA,4,5,7,3711,0,0,0,NA,0,122,FANUEL ST,GRAND AV,0,NA,Y,A,-,N,NA,NA,NA,NA,NA,NA,NA,NA,NA,N,2,0,1,2,A,-,11,21456,B,N,G,B,B,A,H,-,A,A,0,Y,NA,NA,NA,Y,NA,N,60,1,0,0,0,1,0,0,0,0,-,-,NA,NA,SAN DIEGO,SAN DIEGO,-117.2458038330078,32.79671859741211
90874655,2018,2018-12-04,9645,2018-11-23,2150,021231,NA,5,2,7,3711,0,1,3,NA,2,016,SR-52 W/B,MAST BLVD.,2500,W,N,A,-,Y,NA,NA,52,NA,NA,NA,NA,NA,W,Y,2,0,1,1,A,-,08,22107,NA,N,F,I,A,A,H,-,D,D,0,NA,NA,Y,NA,Y,NA,C,02,1,0,0,0,0,0,0,0,1,-,-,32.84849166870117,-117.02945709228516,SAN DIEGO,SAN DIEGO,-117.02944946289063,32.84850311279297
90877196,2018,2018-12-06,9645,2018-11-26,1230,014804,NA,1,1,7,3711,0,1,1,NA,2,007,I-5 (S/B),I-5 BYPASS O/C,2112,N,N,A,-,Y,NA,NA,5,NA,NA,NA,NA,NA,NA,Y,3,0,1,1,A,-,08,22107,NA,N,E,I,A,A,H,-,A,D,0,NA,NA,NA,NA,Y,NA,A,07,0,1,0,0,0,0,0,0,0,-,-,32.91019058227539,-117.22763824462892,SAN DIEGO,SAN DIEGO,-117.22785186767578,32.910057067871094
90879735,2018,2018-12-10,9650,2018-12-07,0720,018840,NA,5,1,5,3712,0,1,3,NA,2,019,SR-78 W/B,WOODLAND PKY,2260,W,N,A,-,Y,NA,NA,78,NA,NA,NA,NA,NA,W,N,4,0,1,2,A,-,03,22350,NA,N,C,C,A,B,H,-,A,D,0,NA,NA,NA,NA,Y,NA,D,22,0,0,1,0,0,0,0,0,0,-,-,33.136131286621094,-117.13507080078124,SAN DIEGO,SAN MARCOS,-117.13504028320313,33.13619613647461
90879766,2018,2018-12-11,9650,2018-12-03,0734,018840,NA,1,1,6,3706,0,1,1,NA,2,023,I-15 TO SR-78 W/B,NORDAHL RD,3300,E,N,A,-,Y,NA,NA,NA,NA,NA,NA,NA,NA,NA,Y,4,0,1,2,A,-,07,21658,A,N,B,C,A,A,H,-,A,D,0,NA,NA,Y,NA,Y,NA,A,01,0,0,1,0,0,0,0,0,1,-,-,33.1278190612793,-117.11119842529295,SAN DIEGO,ESCONDIDO,-117.11122513,33.12777915