CASE_ID,ACCIDENT_YEAR,PROC_DATE,JURIS,COLLISION_DATE,COLLISION_TIME,OFFICER_ID,REPORTING_DISTRICT,DAY_OF_WEEK,CHP_SHIFT,POPULATION,CNTY_CITY_LOC,SPECIAL_COND,BEAT_TYPE,CHP_BEAT_TYPE,CITY_DIVISION_LAPD,CHP_BEAT_CLASS,BEAT_NUMBER,PRIMARY_RD,SECONDARY_RD,DISTANCE,DIRECTION,INTERSECTION,WEATHER_1,WEATHER_2,STATE_HWY_IND,CALTRANS_COUNTY,CALTRANS_DISTRICT,STATE_ROUTE,ROUTE_SUFFIX,POSTMILE_PREFIX,POSTMILE,LOCATION_TYPE,RAMP_INTERSECTION,SIDE_OF_HWY,TOW_AWAY,COLLISION_SEVERITY,NUMBER_KILLED,NUMBER_INJURED,PARTY_COUNT,PRIMARY_COLL_FACTOR,PCF_CODE_OF_VIOL,PCF_VIOL_CATEGORY,PCF_VIOLATION,PCF_VIOL_SUBSECTION,HIT_AND_RUN,TYPE_OF_COLLISION,MVIW,PED_ACTION,ROAD_SURFACE,ROAD_COND_1,ROAD_COND_2,LIGHTING,CONTROL_DEVICE,CHP_ROAD_TYPE,PEDESTRIAN_ACCIDENT,BICYCLE_ACCIDENT,MOTORCYCLE_ACCIDENT,TRUCK_ACCIDENT,NOT_PRIVATE_PROPERTY,ALCOHOL_INVOLVED,STWD_VEHTYPE_AT_FAULT,CHP_VEHTYPE_AT_FAULT,COUNT_SEVERE_INJ,COUNT_VISIBLE_INJ,COUNT_COMPLAINT_PAIN,COUNT_PED_KILLED,COUNT_PED_INJURED,COUNT_BICYCLIST_KILLED,COUNT_BICYCLIST_INJURED,COUNT_MC_KILLED,COUNT_MC_INJURED,PRIMARY_RAMP,SECONDARY_RAMP,LATITUDE,LONGITUDE,COUNTY,CITY,POINT_X,POINT_Y
90985669,2019,2019-05-09,9680,2019-04-29,1845,022224,NA,1,2,9,3700,0,3,5,NA,2,001,PERSIMMON AVE,PERSIMMON CT,0,NA,Y,B,C,N,NA,NA,NA,NA,NA,NA,NA,NA,NA,Y,4,0,2,3,A,-,09,21801,A,N,A,C,A,B,H,-,B,D,0,NA,NA,NA,NA,Y,NA,A,01,0,0,2,0,0,0,0,0,0,-,-,32.81153869628906,-116.93920135498048,SAN DIEGO,UNINCORPORATED,-116.93914031982422,32.811519622802734
90987438,2019,2019-05-13,9645,2019-05-06,1805,021601,NA,1,2,7,3711,0,1,1,NA,2,003,I-5 S/B TO CESAR E. CHAVEZ PKWY,CESAR E. CHAVEZ PKWY,272,S,N,A,-,Y,NA,NA,5,NA,NA,NA,R,NA,S,Y,4,0,1,2,A,-,03,22350,NA,N,C,C,A,A,H,-,A,D,0,NA,NA,NA,NA,Y,NA,A,01,0,0,1,0,0,0,0,0,0,-,-,32.701698303222656,-117.14272308349608,SAN DIEGO,SAN DIEGO,-117.14272308349608,32.701698303222656
90988153,2019,2019-05-14,9680,2019-05-03,1340,021441,NA,5,1,5,3705,0,1,1,NA,2,082,I-8 W/B,MOLLISON AVE,1552,E,N,A,-,Y,NA,NA,8,NA,NA,NA,NA,NA,W,Y,4,0,1,2,A,-,07,21658,A,N,B,C,A,A,H,-,A,D,0,NA,NA,NA,NA,Y,NA,A,01,0,0,1,0,0,0,0,0,0,-,-,32.8031005859375,-116.94580078125,SAN DIEGO,EL CAJON,-116.94580078125,32.80315017700195
90991966,2019,2019-05-20,9645,2019-05-13,0600,019054,NA,1,1,7,3711,0,1,1,NA,2,009,I-805 N/B,IMPERIAL AVENUE,915,S,N,B,-,Y,NA,NA,805,NA,NA,NA,NA,NA,N,Y,4,0,3,2,A,-,03,22350,NA,N,C,C,A,A,H,-,A,D,0,NA,NA,NA,NA,Y,NA,A,01,0,0,3,0,0,0,0,0,0,-,-,32.70153045654297,-117.09451293945313,SAN DIEGO,SAN DIEGO,-117.09473419189452,32.701534271240234
9099223,2020,2020-09-23,3701,2020-02-26,2205,CB5544,NA,3,5,5,3701,0,0,0,NA,0,NA,CARLSBAD VILLAGE DR,RT 5,50,W,N,A,-,Y,SD,11,5,-,R,50.242,R,4,N,Y,4,0,1,3,A,-,01,23153,A,N,C,C,A,A,H,-,C,A,0,NA,NA,NA,NA,Y,Y,A,01,0,0,1,0,0,0,0,0,0,-,NO,NA,NA,SAN DIEGO,CARLSBAD,-117.34302520751952,33.165016174316406
90994858,2019,2019-05-23,9650,2019-05-20,2010,014886,NA,1,2,9,3700,0,1,1,NA,2,001,I-5 N/B,CRISTIANITOS RD,250,S,N,A,-,Y,NA,NA,5,NA,NA,NA,NA,NA,N,Y,4,0,1,2,A,-,01,23152,A,N,C,C,A,A,H,-,D,D,0,NA,NA,NA,NA,Y,Y,A,07,0,0,1,0,0,0,0,0,0,-,-,33.39398956298828,-117.59194946289063,SAN DIEGO,UNINCORPORATED,-117.59194946289063,33.39399337768555
90995457,2019,2019-05-24,9645,2019-03-07,1548,017133,NA,4,2,5,3709,0,1,1,NA,2,001,I-5 N/B,DIVISION ST,400,S,N,A,-,Y,NA,NA,5,NA,NA,NA,NA,NA,N,Y,3,0,1,2,A,-,03,22350,NA,N,C,C,A,A,H,-,A,D,0,NA,NA,NA,NA,Y,NA,A,01,0,1,0,0,0,0,0,0,0,-,-,32.68095016479492,-117.11038970947266,SAN DIEGO,NATIONAL CITY,-117.11044311523438,32.680931091308594
90995602,2019,2019-05-24,9645,2019-05-14,0535,016047,NA,2,3,5,3709,0,1,1,NA,2,001,I-5 NORTHBOUND,MILE OF CARS WAY,1160,N,N,A,-,Y,NA,NA,5,NA,NA,NA,NA,NA,N,Y,3,0,1,2,A,-,03,22350,NA,N,C,C,A,A,H,-,A,D,0,NA,NA,Y,NA,Y,NA,C,02,0,1,0,0,0,0,0,0,1,-,-,32.66352081298828,-117.10932159423828,SAN DIEGO,NATIONAL CITY,-117.1092529296875,32.66354751586914
9099588,2020,2020-10-30,3706,2020-05-07,1050,374,ESCON,4,5,6,3706,0,0,0,NA,0,045,CENTRE CITY PKWY,WASHINGTON AV,0,NA,Y,A,-,N,NA,NA,NA,NA,NA,NA,NA,NA,NA,Y,4,0,2,3,A,-,12,21453,A,N,D,C,A,A,H,-,A,A,0,NA,NA,NA,NA,Y,NA,-,NA,0,0,2,0,0,0,0,0,0,-,-,33.12514877319336,-117.08982849121094,SAN DIEGO,ESCONDIDO,-117.08998107910156,33.12506866455078
90995933,2019,2019-05-24,9680,2019-05-12,1845,021353,NA,7,2,9,3700,0,2,4,NA,1,026,JAMACHA BLVD S/B (10800 BLOCK),TRACE RD,271,N,N,A,-,N,NA,NA,NA,NA,NA,NA,NA,NA,NA,Y,4,0,2,2,A,-,08,22107,NA,N,D,C,A,A,H,-,B,D,0,NA,NA,NA,NA,Y,NA,A,07,0,0,2,0,0,0,0,0,0,-,-,32.73337173461914,-116.95839691162108,SAN DIEGO,UNINCORPORATED,-116.95794677734376,32.73373031616211
90996334,2019,2019-05-27,9650,2019-05-19,1536,021327,NA,7,2,9,3700,0,1,3,NA,1,028,SR-76,BODIE BLVD,470,W,N,B,-,Y,NA,NA,NA,NA,NA,NA,NA,NA,NA,Y,4,0,1,1,A,-,08,22107,NA,N,E,I,A,B,H,-,A,D,0,NA,NA,NA,NA,Y,NA,A,01,0,0,1,0,0,0,0,0,0,-,-,33.205078125,-117.12921142578124,SAN DIEGO,UNINCORPORATED,NA,NA
90997373,2019,2019-05-28,9680,2019-05-15,1725,019496,NA,3,2,5,3708,0,1,1,NA,2,081,I-8 E/B TO LAKE MURRAY BLVD.,LAKE MURRAY BLVD.,50,W,N,A,-,Y,NA,NA,8,NA,NA,NA,R,NA,E,Y,4,0,1,2,A,-,03,22350,NA,N,C,C,A,A,H,-,A,D,0,NA,NA,NA,NA,Y,NA,A,01,0,0,1,0,0,0,0,0,0,-,-,32.77471923828125,-117.04756927490234,SAN DIEGO,LA MESA,-117.04756927490234,32.77471923828125
90999123,2019,2019-05-30,9680,2019-05-18,1442,021441,NA,6,2,5,3705,0,1,1,NA,2,081,I-8 E/B TO MOLLISON AVE,MOLLISON AVE,510,W,N,A,-,Y,NA,NA,8,NA,NA,NA,R,NA,E,Y,4,0,2,3,A,-,03,22350,NA,N,C,C,A,A,H,-,A,A,0,NA,NA,NA,NA,Y,NA,A,01,0,0,2,0,0,0,0,0,0,-,-,32.802791595458984,-116.95220184326172,SAN DIEGO,EL CAJON,-116.95220184326172,32.802791595458984
91000915,2019,2019-05-31,9645,2019-05-22,1616,018428,NA,3,2,7,3711,0,1,1,NA,2,021,SR-15 S/B,ADAMS AVE. O/C,1500,S,N,B,-,Y,NA,NA,15,NA,NA,NA,NA,NA,S,Y,4,0,1,3,A,-,03,22350,NA,F,C,C,A,B,H,-,A,D,0,NA,NA,NA,NA,Y,NA,D,22,0,0,1,0,0,0,0,0,0,-,-,32.768531799316406,-117.11221313476563,SAN DIEGO,SAN DIEGO,-117.11212158203124,32.76856994628906
91000972,2019,2019-05-31,9645,2019-05-19,1158,021651,NA,7,1,7,3711,0,1,1,NA,2,010,I-8 W/B,WARING RD U/C,500,W,N,B,C,Y,NA,NA,8,NA,NA,NA,NA,NA,W,Y,4,0,2,4,A,-,03,22350,NA,F,B,C,A,B,H,-,A,D,0,NA,NA,NA,NA,Y,NA,-,99,0,0,2,0,0,0,0,0,0,-,-,32.78092956542969,-117.08952331542967,SAN DIEGO,SAN DIEGO,-117.08952331542967,32.78092956542969
91001711,2019,2019-06-03,9650,2019-05-23,1515,018950,NA,4,2,6,3706,1,1,1,NA,2,023,I-15 N/B,VALLEY PARKWAY,1056,S,N,A,-,Y,NA,NA,15,NA,NA,NA,NA,NA,N,N,4,0,1,2,A,-,08,22107,NA,N,B,C,A,A,H,-,A,D,0,NA,NA,NA,NA,Y,NA,A,01,0,0,1,0,0,0,0,0,0,-,-,33.11178970336914,-117.09674072265624,SAN DIEGO,ESCONDIDO,-117.0967025756836,33.11181640625
91002122,2019,2019-06-03,9645,2019-05-24,1345,021263,NA,5,1,7,3711,0,1,1,NA,2,010,INTERSTATE 8 EASTBOUND,TAYLOR STREET,500,W,N,A,-,Y,NA,NA,8,NA,NA,NA,NA,NA,E,Y,4,0,2,2,A,-,07,21658,A,N,C,C,A,A,H,-,A,D,0,NA,NA,NA,NA,Y,NA,A,01,0,0,2,0,0,0,0,0,0,-,-,32.760318756103516,-117.19257354736328,SAN DIEGO,SAN DIEGO,-117.19256591796876,32.76033020019531
91004089,2019,2019-06-05,9680,2019-05-24,1640,021441,NA,5,2,5,3705,0,1,1,NA,2,081,I-8 W/B,MOLLISON AVE,132,W,N,A,-,Y,NA,NA,8,NA,NA,NA,NA,NA,W,Y,3,0,1,2,A,-,03,22350,NA,N,C,C,A,A,H,-,A,D,0,NA,NA,NA,NA,Y,NA,D,22,0,1,0,0,0,0,0,0,0,-,-,32.803260803222656,-116.95253753662108,SAN DIEGO,EL CAJON,-116.95253753662108,32.803157806396484
91004339,2019,2019-06-05,9680,2019-05-26,1158,015877,NA,7,1,5,3705,0,1,1,NA,2,081,I-8 W/B,EL CAJON BLVD,975,W,N,B,-,Y,NA,NA,8,NA,NA,NA,NA,NA,W,Y,3,0,2,2,A,-,08,22107,NA,N,C,E,A,A,H,-,A,D,0,NA,NA,NA,NA,Y,NA,A,01,0,1,1,0,0,0,0,0,0,-,-,32.77976989746094,-116.98403930664063,SAN DIEGO,EL CAJON,-116.98397064208984,32.779640197753906
91004856,2019,2019-06-06,9650,2019-06-01,0615,016487,NA,6,1,9,3700,0,2,4,NA,2,061,SOUTH MISSION RD,HELLERS BEND,815,S,N,B,-,N,NA,NA,NA,NA,NA,NA,NA,NA,NA,Y,3,0,2,2,A,-,01,23152,A,F,B,C,A,A,H,-,A,D,0,NA,NA,NA,NA,Y,Y,A,01,0,1,1,0,0,0,0,0,0,-,-,33.321189880371094,-117.23533630371094,SAN DIEGO,UNINCORPORATED,-117.23538208007813,33.32139587402344
91005248,2019,2019-06-06,9680,2019-05-26,2205,018979,NA,7,3,9,3700,0,1,1,NA,2,083,I-8 W/B,DUNBAR LN,3168,W,N,B,C,Y,NA,NA,8,NA,NA,NA,NA,NA,W,Y,3,0,2,1,A,-,03,22350,NA,N,E,I,A,B,H,-,D,D,0,NA,NA,NA,NA,Y,NA,A,01,0,1,1,0,0,0,0,0,0,-,-,32.85655975341797,-116.83035278320313,SAN DIEGO,UNINCORPORATED,-116.83036041259766,32.85664749145508
91005527,2019,2019-06-07,9680,2019-05-28,1430,021322,NA,2,2,5,3708,0,1,3,NA,2,028,SR-125 S/B,LEMON AVE,1584,S,N,A,-,Y,NA,NA,125,NA,NA,NA,NA,NA,S,Y,3,0,1,2,A,-,03,22350,NA,N,C,C,A,A,H,-,A,D,0,NA,NA,NA,NA,Y,NA,A,01,0,1,0,0,0,0,0,0,0,-,-,32.76390838623047,-117.00212097167967,SAN DIEGO,LA MESA,-117.00218963623048,32.76390838623047
91009289,2019,2019-09-04,9645,2019-06-03,2055,021263,NA,1,2,7,3711,0,1,1,NA,2,001,INTERSTATE 5 NORTHBOUND,MAIN STREET,500,S,N,B,-,Y,NA,NA,5,NA,NA,NA,NA,NA,N,Y,4,0,1,2,A,-,03,22350,NA,N,C,C,A,A,H,-,D,D,0,NA,NA,NA,NA,Y,NA,A,01,0,0,1,0,0,0,0,0,0,-,-,32.681549072265625,-117.11062622070313,SAN DIEGO,SAN DIEGO,-117.11067962646484,32.68153381347656
91009832,2019,2019-06-13,9680,2019-06-04,1524,020249,NA,2,2,9,3700,0,1,3,NA,1,090,STATE ROUTE 67,ROCKHOUSE ROAD,450,N,N,A,-,Y,NA,NA,67,NA,NA,NA,NA,NA,NA,Y,4,0,1,2,A,-,03,22350,NA,N,C,C,A,A,H,-,A,D,0,NA,NA,NA,NA,Y,NA,A,01,0,0,1,0,0,0,0,0,0,-,-,33.002750396728516,-116.95767974853516,SAN DIEGO,UNINCORPORATED,-116.95783233642578,33.00277328491211
91009989,2019,2019-06-14,9680,2019-06-04,1535,021588,NA,2,2,9,3700,0,3,5,NA,2,001,GREENFIELD ACCESS,GRAVES AVE,0,NA,Y,A,-,N,NA,NA,NA,NA,NA,NA,NA,NA,NA,Y,3,0,1,2,A,-,09,21802,A,N,D,C,A,A,H,-,A,A,0,NA,NA,NA,NA,Y,NA,A,08,0,1,0,0,0,0,0,0,0,-,-,32.81351852416992,-116.96109771728516,SAN DIEGO,UNINCORPORATED,-116.96131896972656,32.81367874145508
91012013,2019,2019-06-18,9645,2019-06-05,2310,015001,NA,3,3,7,3711,0,1,1,NA,2,019,I-15 N/B,BERNARDO CENTER DR,1584,S,N,B,-,Y,NA,NA,15,NA,NA,NA,NA,NA,N,Y,3,0,1,1,A,-,08,22107,NA,N,E,I,A,A,H,-,D,D,0,NA,NA,NA,NA,Y,NA,A,01,0,1,0,0,0,0,0,0,0,-,-,33.0087890625,-117.0800323486328,SAN DIEGO,SAN DIEGO,-117.0801239013672,33.0088005065918
91012268,2019,2019-06-18,9645,2019-05-31,2103,021601,NA,5,2,7,3711,0,1,1,NA,2,013,I-805 S/B,MISSION CENTER RD U/C,1267,N,N,A,-,Y,NA,NA,805,NA,NA,NA,NA,NA,S,Y,3,0,4,5,A,-,03,22350,NA,N,C,C,A,A,H,-,C,D,0,NA,NA,Y,NA,Y,NA,C,02,0,1,3,0,0,0,0,0,1,-,-,32.792598724365234,-117.14983367919922,SAN DIEGO,SAN DIEGO,-117.14979553222656,32.792606353759766
9101260,2020,2020-08-20,3706,2020-06-07,0900,501,ESCON,7,5,6,3706,0,0,0,NA,0,045,VALLEY PKWY,TULIP ST,0,NA,Y,A,-,N,NA,NA,NA,NA,NA,NA,NA,NA,NA,NA,3,0,1,2,A,-,12,21453,A,N,D,C,A,A,H,-,A,A,0,NA,NA,NA,NA,Y,NA,A,01,0,1,0,0,0,0,0,0,0,-,-,33.11756134033203,-117.0949935913086,SAN DIEGO,ESCONDIDO,-117.09491729736328,33.117591857910156
91013403,2019,2019-06-19,9650,2019-06-04,1535,015788,NA,2,2,5,3701,0,1,1,NA,2,005,I-5 N/B,LAS FLORES DR,100,S,N,B,-,Y,NA,NA,5,NA,NA,NA,NA,NA,N,Y,4,0,1,2,A,-,03,22350,NA,F,C,C,A,A,H,-,A,D,0,NA,NA,NA,NA,Y,NA,D,22,0,0,1,0,0,0,0,0,0,-,-,33.170509338378906,-117.34618377685548,SAN DIEGO,CARLSBAD,-117.34622192382813,33.17047882080078
91013417,2019,2019-06-19,9650,2019-06-15,1148,020422,NA,6,1,9,3700,0,2,4,NA,1,027,VALLEY CENTER RD,SR-76,10032,S,N,A,-,Y,NA,NA,NA,NA,NA,NA,NA,NA,NA,Y,3,0,1,2,A,-,06,21750,NA,N,B,C,A,A,H,-,A,D,0,NA,NA,NA,NA,Y,NA,A,08,0,1,0,0,0,0,0,0,0,-,-,33.26205062866211,-116.95451354980467,SAN DIEGO,UNINCORPORATED,-116.96230316162108,33.28493118286133
91015305,2019,2019-06-21,9645,2019-06-12,2024,018146,NA,3,2,7,3711,0,1,1,NA,2,005,I-5 S/B,MISSION BAY DR,200,N,N,A,-,Y,NA,NA,5,NA,NA,NA,NA,NA,S,Y,4,0,1,2,A,-,03,22350,NA,N,C,C,A,A,H,-,C,D,0,NA,NA,NA,NA,Y,NA,A,01,0,0,1,0,0,0,0,0,0,-,-,32.810890197753906,-117.2201919555664,SAN DIEGO,SAN DIEGO,-117.21967315673828,32.8112907409668
91016083,2019,2019-06-24,9645,2019-06-14,1325,015847,NA,5,1,7,3711,0,1,1,NA,2,007,I-5 NB,VIA DE LA VALLE,4224,S,N,A,-,Y,NA,NA,5,NA,NA,NA,NA,NA,N,N,4,0,1,4,A,-,03,22350,NA,N,C,C,A,A,H,-,A,D,0,NA,NA,NA,Y,Y,NA,G,25,0,0,1,0,0,0,0,0,0,-,-,32.96929168701172,-117.24889373779295,SAN DIEGO,SAN DIEGO,-117.24894714355467,32.969268798828125
91017516,2019,2019-06-25,9680,2019-06-13,1430,021944,NA,4,2,5,3705,1,4,S,NA,2,901,E. MAIN ST.,LINCOLN AVE,27,E,N,A,-,N,NA,NA,NA,NA,NA,NA,NA,NA,NA,N,4,0,2,1,A,-,08,22107,NA,N,H,A,A,A,H,-,A,A,0,NA,NA,NA,NA,Y,NA,H,14,0,0,2,0,0,0,0,0,0,-,-,32.794960021972656,-116.95355987548828,SAN DIEGO,EL CAJON,-116.95358276367188,32.794960021972656
91018457,2019,2019-06-26,9680,2019-06-16,1730,021322,NA,7,2,5,3708,0,1,3,NA,2,028,SR-125 S/B,LEMON AVE,0,NA,N,B,-,Y,NA,NA,125,NA,NA,NA,NA,NA,S,Y,3,0,2,3,A,-,07,21658,A,N,B,C,A,A,H,-,A,D,0,NA,NA,NA,NA,Y,NA,D,22,0,1,1,0,0,0,0,0,0,-,-,32.766380310058594,-117.00258636474608,SAN DIEGO,LA MESA,-117.00233459472656,32.76640319824219
91018483,2019,2019-06-26,9680,2019-06-15,1619,022021,NA,6,2,9,3700,0,3,5,NA,2,001,MARILLA DR,SUNSET KNOLLS RD,245,N,N,A,-,N,NA,NA,NA,NA,NA,NA,NA,NA,NA,Y,2,0,1,2,A,-,08,22103,NA,N,D,C,A,A,H,-,A,D,0,NA,NA,Y,NA,Y,NA,A,01,1,0,0,0,0,0,0,0,1,-,-,32.85258102416992,-116.94078063964844,SAN DIEGO,UNINCORPORATED,-116.94071197509766,32.85245132446289
91022944,2019,2019-07-02,9645,2019-06-09,0119,021338,NA,7,3,7,3711,0,1,1,NA,2,017,I-15 S/B,SR-52,1320,S,N,A,-,Y,NA,NA,15,NA,NA,NA,NA,NA,S,Y,4,0,1,1,A,-,08,22107,NA,M,E,I,A,A,H,-,C,D,0,NA,NA,NA,NA,Y,NA,A,01,0,0,1,0,0,0,0,0,0,-,-,32.848968505859375,-117.116943359375,SAN DIEGO,SAN DIEGO,-117.1168975830078,32.84895324707031
9102471,2020,2020-11-12,3711,2020-05-20,1620,SD7475,NA,3,5,7,3711,0,0,0,NA,0,445,47TH ST,HARTLEY ST,0,NA,Y,A,-,N,NA,NA,NA,NA,NA,NA,NA,NA,NA,N,3,0,2,2,A,-,-,NA,NA,N,C,C,A,A,H,-,A,A,0,NA,NA,NA,NA,Y,NA,-,NA,0,1,1,0,0,0,0,0,0,-,-,NA,NA,SAN DIEGO,SAN DIEGO,-117.09364318847656,32.71009063720703
91024954,2019,2019-07-05,9645,2019-06-27,0715,017139,NA,4,1,7,3711,0,1,3,NA,2,002,SR-11 E/B TO SR-125 N/B,ENRICO FERMI DR,528,W,N,A,B,Y,NA,NA,NA,NA,NA,NA,NA,NA,NA,Y,4,0,1,1,A,-,08,22107,NA,N,E,I,A,A,H,-,A,D,0,NA,NA,NA,NA,Y,NA,A,08,0,0,1,0,0,0,0,0,0,-,-,32.563411712646484,-116.94512176513672,SAN DIEGO,SAN DIEGO,-116.92943572998048,32.56425476074219
91025335,2019,2019-07-05,9650,2019-06-27,1620,021154,NA,4,2,6,3710,0,1,3,NA,2,015,SR-78 W/B FROM COLLEGE BLVD.,COLLEGE BLVD,678,W,N,A,-,Y,NA,NA,78,NA,NA,NA,R,NA,W,Y,3,0,1,2,A,-,03,22350,NA,N,C,C,A,A,H,-,A,A,0,NA,NA,NA,NA,Y,NA,A,01,0,1,0,0,0,0,0,0,0,-,-,33.183170318603516,-117.2988510131836,SAN DIEGO,OCEANSIDE,-117.2988510131836,33.183170318603516
91027319,2019,2019-07-09,9650,2019-07-01,2330,012712,NA,1,3,6,3706,0,1,3,NA,2,019,SR-78 W/B,ROCK SPRINGS RD,460,E,N,A,-,Y,NA,NA,78,NA,NA,NA,NA,NA,W,Y,4,0,2,2,A,-,03,22350,NA,N,C,C,A,A,H,-,C,D,0,NA,NA,NA,NA,Y,NA,A,01,0,0,2,0,0,0,0,0,0,-,-,33.129520416259766,-117.09709167480467,SAN DIEGO,ESCONDIDO,-117.09709167480467,33.12952423095703
91027707,2019,2019-07-09,9680,2019-06-28,0713,019594,NA,5,1,9,3700,0,2,4,NA,1,096,DYE RD,SERENA HILLS DR,352,E,N,A,-,N,NA,NA,NA,NA,NA,NA,NA,NA,NA,Y,3,0,1,1,A,-,08,22107,NA,N,E,I,A,A,H,-,A,D,0,NA,NA,NA,NA,Y,NA,A,07,0,1,0,0,0,0,0,0,0,-,-,33.00852966308594,-116.89795684814452,SAN DIEGO,UNINCORPORATED,-116.89795684814452,33.008480072021484
91029248,2019,2019-07-11,9680,2019-06-23,0900,022183,NA,7,1,9,3700,0,3,5,NA,2,001,LAUREL ST,ASHWOOD ST,194,E,N,A,-,N,NA,NA,NA,NA,NA,NA,NA,NA,NA,N,2,0,1,2,A,-,03,22350,NA,F,G,B,E,A,H,-,A,D,0,Y,NA,NA,NA,Y,Y,A,01,1,0,0,0,1,0,0,0,0,-,-,32.862098693847656,-116.91681671142578,SAN DIEGO,UNINCORPORATED,-116.9168701171875,32.862091064453125
91029573,2019,2019-07-12,9645,2019-07-02,1037,016838,NA,2,1,7,3711,0,1,1,NA,2,007,I-5 N/B,VIA DE LA VALLE,1600,S,N,A,-,Y,NA,NA,5,NA,NA,NA,NA,NA,N,Y,3,0,6,3,A,-,03,22350,NA,N,C,C,A,A,H,-,A,D,0,NA,NA,NA,NA,Y,NA,A,01,0,3,3,0,0,0,0,0,0,-,-,32.97523880004883,-117.25128173828124,SAN DIEGO,SAN DIEGO,-117.25120544433594,32.97526931762695
91029762,2019,2019-07-12,9650,2019-07-06,0240,021528,NA,6,3,9,3700,0,3,5,NA,2,170,S. SANTA FE AVE. (2200 BLOCK),PALMYRA DR,140,S,N,A,-,N,NA,NA,NA,NA,NA,NA,NA,NA,NA,Y,3,0,1,1,A,-,01,23152,A,N,E,I,A,A,H,-,D,D,0,NA,NA,NA,NA,Y,Y,A,07,0,1,0,0,0,0,0,0,0,-,-,33.1705207824707,-117.20691680908205,SAN DIEGO,UNINCORPORATED,-117.20687866210938,33.170475006103516
91030535,2019,2019-07-15,9645,2019-07-03,0650,014461,NA,3,1,7,3711,0,1,1,NA,2,007,I-15 NORTHBOUND,WEST BERNARDO DR.,200,N,N,A,-,Y,NA,NA,15,NA,NA,NA,NA,NA,N,Y,4,0,1,2,A,-,08,22107,NA,N,D,C,A,A,H,-,A,D,0,NA,NA,NA,NA,Y,NA,A,07,0,0,1,0,0,0,0,0,0,-,-,33.05638885498047,-117.07090759277344,SAN DIEGO,SAN DIEGO,-117.07099151611328,33.056434631347656
91032456,2019,2019-09-27,9680,2019-07-06,2115,021588,NA,6,2,9,3700,0,3,5,NA,2,002,CHASE AVE,MONUMENT HILL RD,10,W,N,A,-,N,NA,NA,NA,NA,NA,NA,NA,NA,NA,N,4,0,1,2,A,-,05,21460,A,N,B,C,A,A,H,-,D,A,0,NA,NA,NA,NA,Y,NA,A,01,0,0,1,0,0,0,0,0,0,-,-,32.769779205322266,-116.93347930908205,SAN DIEGO,UNINCORPORATED,-116.93349456787108,32.769775390625
91032847,2019,2019-07-17,9680,2019-07-07,1345,019594,NA,7,1,9,3700,0,3,5,NA,2,005,OLD JULIAN HWY,LAFFERTY LANE,528,W,N,A,-,N,NA,NA,NA,NA,NA,NA,NA,NA,NA,Y,3,0,1,1,A,-,08,22107,NA,N,E,J,A,A,H,-,A,D,0,NA,NA,Y,NA,Y,NA,C,02,0,1,0,0,0,0,0,0,1,-,-,33.057701110839844,-116.77134704589844,SAN DIEGO,UNINCORPORATED,-116.77130889892578,33.05767059326172
91035051,2019,2019-07-22,9680,2019-07-10,2305,022233,NA,3,3,9,3700,0,3,5,NA,2,004,PROCTOR VALLEY RD,SHADOW VALLEY,528,E,N,A,-,N,NA,NA,NA,NA,NA,NA,NA,NA,NA,Y,3,0,1,1,A,-,03,22350,NA,N,E,I,A,A,H,-,D,D,0,NA,NA,NA,NA,Y,Y,A,01,0,1,0,0,0,0,0,0,0,-,-,32.702919006347656,-116.89855194091795,SAN DIEGO,UNINCORPORATED,-116.89858245849608,32.703067779541016
91036165,2019,2019-07-23,9650,2019-07-15,0855,013388,NA,1,1,5,3713,0,1,3,NA,2,017,W/B SR-78 FROM VISTA VILLAGE DRIVE,VISTA VILLAGE DRIVE,300,W,N,A,-,Y,NA,NA,NA,NA,NA,NA,NA,NA,NA,Y,4,0,1,2,A,-,03,22350,NA,N,C,C,A,A,H,-,A,A,0,NA,NA,NA,NA,Y,NA,A,07,0,0,1,0,0,0,0,0,0,-,-,33.19520950317383,-117.28179931640624,SAN DIEGO,VISTA,NA,NA