CASE_ID,ACCIDENT_YEAR,PROC_DATE,JURIS,COLLISION_DATE,COLLISION_TIME,OFFICER_ID,REPORTING_DISTRICT,DAY_OF_WEEK,CHP_SHIFT,POPULATION,CNTY_CITY_LOC,SPECIAL_COND,BEAT_TYPE,CHP_BEAT_TYPE,CITY_DIVISION_LAPD,CHP_BEAT_CLASS,BEAT_NUMBER,PRIMARY_RD,SECONDARY_RD,DISTANCE,DIRECTION,INTERSECTION,WEATHER_1,WEATHER_2,STATE_HWY_IND,CALTRANS_COUNTY,CALTRANS_DISTRICT,STATE_ROUTE,ROUTE_SUFFIX,POSTMILE_PREFIX,POSTMILE,LOCATION_TYPE,RAMP_INTERSECTION,SIDE_OF_HWY,TOW_AWAY,COLLISION_SEVERITY,NUMBER_KILLED,NUMBER_INJURED,PARTY_COUNT,PRIMARY_COLL_FACTOR,PCF_CODE_OF_VIOL,PCF_VIOL_CATEGORY,PCF_VIOLATION,PCF_VIOL_SUBSECTION,HIT_AND_RUN,TYPE_OF_COLLISION,MVIW,PED_ACTION,ROAD_SURFACE,ROAD_COND_1,ROAD_COND_2,LIGHTING,CONTROL_DEVICE,CHP_ROAD_TYPE,PEDESTRIAN_ACCIDENT,BICYCLE_ACCIDENT,MOTORCYCLE_ACCIDENT,TRUCK_ACCIDENT,NOT_PRIVATE_PROPERTY,ALCOHOL_INVOLVED,STWD_VEHTYPE_AT_FAULT,CHP_VEHTYPE_AT_FAULT,COUNT_SEVERE_INJ,COUNT_VISIBLE_INJ,COUNT_COMPLAINT_PAIN,COUNT_PED_KILLED,COUNT_PED_INJURED,COUNT_BICYCLIST_KILLED,COUNT_BICYCLIST_INJURED,COUNT_MC_KILLED,COUNT_MC_INJURED,PRIMARY_RAMP,SECONDARY_RAMP,LATITUDE,LONGITUDE,COUNTY,CITY,POINT_X,POINT_Y
91036211,2019,2019-07-23,9680,2019-07-12,0925,019255,NA,5,1,9,3700,0,1,1,NA,2,085,I-8 W/B,SUNRISE HIGHWAY,8448,E,N,A,-,Y,NA,NA,8,NA,NA,NA,NA,NA,W,Y,4,0,4,3,A,-,03,22350,NA,N,C,C,A,A,H,-,A,A,0,NA,NA,NA,NA,Y,NA,A,01,0,0,4,0,0,0,0,0,0,-,-,32.791969299316406,-116.49501037597656,SAN DIEGO,UNINCORPORATED,-116.49497985839844,32.79197692871094
91036535,2019,2019-07-24,9680,2019-07-13,1455,020951,NA,6,2,9,3700,0,2,4,NA,1,025,SWEETWATER RD.,JAMACHA BLVD.,925,N,N,A,-,N,NA,NA,NA,NA,NA,NA,NA,NA,NA,Y,4,0,2,2,A,-,09,21804,A,N,D,C,A,A,H,-,A,A,0,NA,NA,NA,NA,Y,NA,A,07,0,0,2,0,0,0,0,0,0,-,-,32.707820892333984,-117.01109313964844,SAN DIEGO,UNINCORPORATED,-117.01108551025392,32.70756912231445
91036803,2019,2019-07-24,9680,2019-07-14,1300,014949,NA,7,1,9,3700,0,2,4,NA,1,061,OLD HIGHWAY 80,CHURCH RD,3696,E,N,A,-,N,NA,NA,NA,NA,NA,NA,NA,NA,NA,Y,4,0,1,2,A,-,08,22107,NA,N,D,C,A,A,H,-,A,D,0,NA,NA,NA,NA,Y,NA,A,01,0,0,1,0,0,0,0,0,0,-,-,32.69572067260742,-116.34638214111328,SAN DIEGO,UNINCORPORATED,-116.34639739990234,32.69569778442383
91037845,2019,2019-07-25,9645,2019-07-16,1550,020939,NA,2,2,7,3711,0,1,1,NA,2,017,I-15 S/B,SR-52 O/C,450,N,N,A,-,Y,NA,NA,15,NA,NA,NA,NA,NA,S,Y,4,0,1,3,A,-,03,22350,NA,N,C,C,A,A,H,-,A,D,0,NA,NA,NA,NA,Y,NA,D,22,0,0,1,0,0,0,0,0,0,-,-,32.84349822998047,-117.12030029296876,SAN DIEGO,SAN DIEGO,-117.12022399902344,32.84345626831055
91039321,2019,2019-07-26,9645,2019-07-16,1819,016061,NA,2,2,7,3711,0,2,S,NA,2,901,PHYLLIS PLACE (8400 BLOCK),I-805,100,W,N,A,-,N,NA,NA,NA,NA,NA,NA,NA,NA,NA,N,4,0,1,2,A,-,03,22350,NA,N,C,C,A,A,H,-,A,D,0,NA,NA,Y,NA,Y,NA,C,02,0,0,1,0,0,0,0,0,1,-,-,32.78477096557617,-117.14586639404295,SAN DIEGO,SAN DIEGO,NA,NA
91040673,2019,2019-07-29,9650,2019-07-26,1430,020747,NA,5,2,9,3700,0,1,1,NA,2,003,I-5 S/B,HARBOR DR,3696,N,N,A,-,Y,NA,NA,5,NA,NA,NA,NA,NA,S,Y,3,0,3,2,A,-,03,22350,NA,N,C,C,A,A,H,-,A,D,0,NA,NA,NA,NA,Y,NA,A,01,0,3,0,0,0,0,0,0,0,-,-,33.219608306884766,-117.39141082763672,SAN DIEGO,UNINCORPORATED,-117.39147186279295,33.2195930480957
91041086,2019,2019-07-29,9650,2019-07-23,1030,013388,NA,2,1,5,3782,0,1,1,NA,2,007,I-5 S/B,ENCINITAS BLVD.,100,S,N,A,-,Y,NA,NA,5,NA,NA,NA,NA,NA,S,Y,4,0,1,3,A,-,03,22350,NA,F,C,C,A,A,D,-,A,D,0,NA,NA,NA,NA,Y,NA,A,01,0,0,1,0,0,0,0,0,0,-,-,33.04833984375,-117.28730010986328,SAN DIEGO,ENCINITAS,-117.287353515625,33.04832458496094
91042072,2019,2019-07-31,9645,2019-07-18,1720,016137,NA,4,2,7,3711,0,1,1,NA,2,007,I-5 NORTHBOUND,CARMEL VALLEY RD U/C,300,S,N,A,-,Y,NA,NA,NA,NA,NA,NA,NA,NA,NA,Y,4,0,1,2,A,-,07,21658,A,N,B,C,A,A,H,-,A,D,0,NA,NA,Y,NA,Y,NA,D,22,0,0,1,0,0,0,0,0,1,-,-,32.924800872802734,-117.2375030517578,SAN DIEGO,SAN DIEGO,-117.2409896850586,32.931644439697266
91042644,2019,2019-07-31,9650,2019-07-19,2031,021200,NA,5,2,9,3700,0,1,1,NA,2,021,I-15 NB FROM SR-76 EB,SR-76,100,S,N,A,-,Y,NA,NA,15,NA,NA,NA,R,NA,N,Y,4,0,1,1,A,-,03,22350,NA,N,F,A,A,A,H,-,D,D,0,NA,NA,NA,NA,Y,NA,A,07,0,0,1,0,0,0,0,0,0,-,-,33.33066177368164,-117.16123962402344,SAN DIEGO,UNINCORPORATED,-117.16123962402344,33.33066177368164
91043058,2019,2019-07-31,9680,2019-07-20,1915,021944,NA,6,2,9,3700,0,2,4,NA,1,025,SWEETWATER RD,TYLER ST,0,NA,Y,A,-,N,NA,NA,NA,NA,NA,NA,NA,NA,NA,Y,4,0,1,2,A,-,12,21453,A,N,D,C,A,A,H,-,A,A,0,NA,NA,NA,NA,Y,NA,A,01,0,0,1,0,0,0,0,0,0,-,-,32.7303581237793,-117.01448059082033,SAN DIEGO,UNINCORPORATED,-117.01450347900392,32.730369567871094
91044443,2019,2019-08-02,9645,2019-07-18,1550,021268,NA,4,2,7,3711,0,1,1,NA,2,015,I-805 S/B,SR-163,250,N,N,A,-,Y,NA,NA,805,NA,NA,NA,NA,NA,S,Y,4,0,1,4,A,-,03,22350,NA,N,C,C,A,A,H,-,A,D,0,NA,NA,NA,NA,Y,NA,A,07,0,0,1,0,0,0,0,0,0,-,-,32.81169891357422,-117.15570068359376,SAN DIEGO,SAN DIEGO,-117.15570831298828,32.81169509887695
91044523,2019,2019-09-18,9645,2019-07-23,1500,021263,NA,2,2,7,3711,0,1,1,NA,2,005,INTERSTATE 5 NORTHBOUND,STATE ROUTE 52,1900,S,N,A,-,Y,NA,NA,5,NA,NA,NA,NA,NA,N,Y,2,0,2,2,A,-,01,23152,F,N,B,C,A,A,H,-,A,D,0,NA,NA,NA,NA,Y,NA,A,01,1,0,1,0,0,0,0,0,0,-,-,32.832069396972656,-117.23259735107422,SAN DIEGO,SAN DIEGO,-117.23267364501952,32.832069396972656
91045333,2019,2019-08-05,9645,2019-06-15,1530,021639,NA,6,2,6,3702,0,1,1,NA,2,009,I-805 SOUTHBOUND,E. PALOMAR ST O/C,1500,N,N,A,-,Y,NA,NA,805,NA,NA,NA,NA,NA,S,Y,2,0,2,4,A,-,07,21658,A,F,B,C,A,A,H,-,A,D,0,NA,NA,Y,NA,Y,NA,A,01,1,1,0,0,0,0,0,0,2,-,-,32.619361877441406,-117.03986358642578,SAN DIEGO,CHULA VISTA,-117.03987884521484,32.61935043334961
91046172,2019,2019-08-06,9650,2019-07-30,2255,021404,NA,2,3,9,3700,0,3,5,NA,2,191,HARMONY GROVE RD,VIA AMBIENTE,2640,W,N,A,-,N,NA,NA,NA,NA,NA,NA,NA,NA,NA,Y,4,0,2,1,A,-,08,22107,NA,N,E,I,A,A,H,-,D,D,0,NA,NA,NA,NA,Y,NA,A,01,0,0,2,0,0,0,0,0,0,-,-,33.07598114013672,-117.16172790527344,SAN DIEGO,UNINCORPORATED,-117.16398620605467,33.07368087768555
91046342,2019,2019-08-06,9680,2019-07-26,1705,021322,NA,5,2,9,3700,0,2,4,NA,1,026,JAMACHA BLVD.,SAN DIEGO ST.,150,W,N,A,-,N,NA,NA,NA,NA,NA,NA,NA,NA,NA,Y,4,0,1,2,A,-,03,22350,NA,N,C,C,A,A,H,-,A,A,0,NA,NA,NA,NA,Y,NA,A,01,0,0,1,0,0,0,0,0,0,-,-,32.7081184387207,-116.98771667480467,SAN DIEGO,UNINCORPORATED,-116.9875946044922,32.7081184387207
91046524,2019,2019-08-06,9680,2019-07-26,1730,022021,NA,5,2,9,3700,0,2,4,NA,1,021,WILLOW GLEN DR,MEDINA DR,0,NA,Y,A,-,N,NA,NA,NA,NA,NA,NA,NA,NA,NA,Y,4,0,2,2,A,-,12,21453,A,N,D,C,A,A,H,-,A,A,0,NA,NA,NA,NA,Y,NA,-,-,0,0,2,0,0,0,0,0,0,-,-,32.745361328125,-116.91741943359376,SAN DIEGO,UNINCORPORATED,-116.91741,32.745353
91048020,2019,2019-08-08,9680,2019-07-21,1830,019555,NA,7,2,9,3700,0,3,5,NA,2,003,TAVERN RD,ALPINE BLVD,3,N,N,A,-,N,NA,NA,NA,NA,NA,NA,NA,NA,NA,Y,4,0,1,2,A,-,01,23152,A,N,D,C,A,A,H,-,A,A,0,NA,NA,NA,NA,Y,Y,A,01,0,0,1,0,0,0,0,0,0,-,-,32.83790969848633,-116.77826690673828,SAN DIEGO,UNINCORPORATED,-116.77828979492188,32.8377571105957
9104927,2020,2020-10-29,3700,2020-05-23,2112,SH0817,NA,6,5,5,3712,0,0,0,NA,0,356,WEST MISSION RD,N RANCHO SANTA FE RD,0,NA,Y,A,-,N,NA,NA,NA,NA,NA,NA,NA,NA,NA,Y,3,0,2,2,A,-,09,21453,C,N,D,C,A,A,H,-,C,A,0,NA,NA,NA,NA,Y,NA,A,07,0,1,1,0,0,0,0,0,0,-,-,NA,NA,SAN DIEGO,SAN MARCOS,-117.1955337524414,33.15312194824219
91049296,2019,2019-08-09,9680,2019-07-26,1335,021944,NA,5,1,9,3700,0,1,3,NA,2,028,SR-125 N/B TO JAMACHA RD,JAMACHA RD,0,NA,Y,A,-,Y,NA,NA,125,NA,NA,NA,R,NA,N,Y,4,0,2,2,A,-,12,21453,A,N,D,C,A,A,H,-,A,A,0,NA,NA,NA,NA,Y,NA,-,-,0,0,2,0,0,0,0,0,0,-,-,32.71466064453125,-117.01368713378906,SAN DIEGO,UNINCORPORATED,-117.01368713378906,32.71466064453125
91049543,2019,2019-08-12,9650,2019-08-10,0645,019352,NA,6,1,9,3700,0,1,3,NA,2,065,SR-76 W/B,THOROUGHBRED LN,17,E,N,A,-,Y,NA,NA,76,NA,NA,NA,NA,NA,W,Y,4,0,1,2,A,-,03,22350,NA,N,C,C,A,A,H,-,A,D,0,NA,NA,NA,NA,Y,NA,A,01,0,0,1,0,0,0,0,0,0,-,-,33.291168212890625,-117.22502899169922,SAN DIEGO,UNINCORPORATED,-117.22542572021484,33.29153060913086
91051995,2019,2019-08-14,9680,2019-08-03,1400,021322,NA,6,2,9,3700,0,3,5,NA,2,002,CONCEPCION AVE,SAN DIEGO ST.,200,N,N,A,-,N,NA,NA,NA,NA,NA,NA,NA,NA,NA,Y,3,0,1,2,A,-,08,22107,NA,N,A,C,A,A,H,-,A,D,0,NA,NA,NA,NA,Y,NA,-,-,0,1,0,0,0,0,0,0,0,-,-,32.70682144165039,-117.00003814697266,SAN DIEGO,UNINCORPORATED,-117.00003814697266,32.706626892089844
91052714,2019,2019-08-15,9645,2019-07-06,0540,021873,NA,6,3,5,3709,0,1,1,NA,2,001,I-5 N/B TO SR-54 E/B,E ST.,3168,N,N,B,-,Y,NA,NA,5,NA,NA,NA,R,NA,N,Y,3,0,1,1,A,-,01,23152,A,N,E,I,A,A,H,-,B,D,0,NA,NA,NA,NA,Y,Y,A,01,0,1,0,0,0,0,0,0,0,-,-,32.650169372558594,-117.1014404296875,SAN DIEGO,NATIONAL CITY,-117.1014404296875,32.650169372558594
91053503,2019,2019-08-16,9645,2019-08-06,1510,021772,NA,2,2,7,3711,0,1,3,NA,1,004,I-5 S/B,SEA WORLD DRIVE,3696,N,N,A,-,Y,NA,NA,5,NA,NA,NA,NA,NA,S,Y,4,0,1,3,A,-,03,22350,NA,N,C,C,A,A,H,-,A,D,0,NA,NA,NA,NA,Y,NA,A,01,0,0,1,0,0,0,0,0,0,-,-,32.77994155883789,-117.20861053466795,SAN DIEGO,SAN DIEGO,-117.20853424072266,32.77992630004883
91054932,2019,2019-08-19,9650,2019-08-13,0803,015446,NA,2,1,9,3700,0,1,3,NA,1,028,VALLEY CENTER ROAD,MORNINGSTAR ROAD,528,S,N,A,-,N,NA,NA,NA,NA,NA,NA,NA,NA,NA,Y,2,0,4,3,C,-,18,NA,NA,N,A,C,A,A,H,-,A,D,0,NA,NA,NA,NA,Y,NA,-,-,2,1,1,0,0,0,0,0,0,-,-,33.24604034423828,-117.96363067626952,SAN DIEGO,UNINCORPORATED,-116.96347808837892,33.247859954833984
91055105,2019,2019-11-13,9645,2019-03-12,2312,021735,NA,2,3,7,3711,0,1,1,NA,2,001,INTERSTATE 5 SOUTHBOUND,IRIS AVENUE,384,S,N,B,-,Y,NA,NA,NA,NA,NA,NA,NA,NA,NA,Y,1,1,0,1,A,-,01,23152,A,N,F,A,A,B,H,-,C,D,0,NA,NA,NA,NA,Y,Y,A,01,0,0,0,0,0,0,0,0,0,-,-,NA,NA,SAN DIEGO,SAN DIEGO,-117.07586669921876,32.56780242919922
91055319,2019,2019-08-20,9650,2019-08-16,1045,013636,NA,5,1,5,3782,0,1,1,NA,2,007,I-5 S/B,BIRMINGHAM DR,2640,S,N,A,-,Y,NA,NA,5,NA,NA,NA,NA,NA,S,Y,4,0,2,2,A,-,03,22350,NA,N,C,C,A,A,D,-,A,D,0,NA,NA,NA,NA,Y,NA,A,01,0,0,2,0,0,0,0,0,0,-,-,33.021209716796875,-117.27333068847656,SAN DIEGO,ENCINITAS,-117.27338409423828,33.02119827270508
91055502,2019,2019-08-20,9645,2019-08-08,1833,017473,NA,4,2,7,3711,0,1,3,NA,2,006,SR-94 E/B,25TH ST.,1000,E,N,A,-,Y,NA,NA,94,NA,NA,NA,NA,NA,E,Y,4,0,3,2,A,-,08,22107,NA,N,D,C,A,A,H,-,A,D,0,NA,NA,NA,NA,Y,NA,A,01,0,0,3,0,0,0,0,0,0,-,-,32.713111877441406,-117.13730621337892,SAN DIEGO,SAN DIEGO,-117.13730621337892,32.713050842285156
91055938,2019,2019-08-21,9650,2019-08-16,0845,016487,NA,5,1,9,3700,0,1,3,NA,2,065,SR-76 W/B,NORTH RIVER RD,1170,E,N,A,-,Y,NA,NA,76,NA,NA,NA,NA,NA,W,N,4,0,1,2,A,-,03,22350,NA,N,C,C,A,A,H,-,A,A,0,NA,NA,NA,NA,Y,NA,A,07,0,0,1,0,0,0,0,0,0,-,-,33.27069854736328,-117.23625946044922,SAN DIEGO,UNINCORPORATED,-117.23599243164063,33.2706413269043
91056262,2019,2019-08-21,9680,2019-08-10,0900,019998,NA,6,1,5,3705,0,1,1,NA,2,082,I-8 W/B,MOLLISON AVE,1056,W,N,A,-,Y,NA,NA,8,NA,NA,NA,NA,NA,W,Y,4,0,1,3,A,-,03,22350,NA,N,C,C,A,A,H,-,A,D,0,NA,NA,NA,NA,Y,NA,A,01,0,0,1,0,0,0,0,0,0,-,-,32.80329132080078,-116.95581817626952,SAN DIEGO,EL CAJON,-116.95581817626952,32.80314254760742
91056289,2019,2019-08-21,9650,2019-08-18,1206,018840,NA,7,1,6,3710,0,1,1,NA,2,005,I-5 S/B,BROOKS ST,420,N,N,A,-,Y,NA,NA,5,NA,NA,NA,NA,NA,S,N,4,0,1,2,A,-,03,22350,NA,N,C,C,A,A,H,-,A,D,0,NA,NA,NA,NA,Y,NA,A,01,0,0,1,0,0,0,0,0,0,-,-,33.19731903076172,-117.36827850341795,SAN DIEGO,OCEANSIDE,-117.36830139160156,33.19729995727539
91057263,2019,2019-08-22,9680,2019-08-12,2230,021859,NA,1,3,9,3700,0,1,3,NA,1,024,SR-94 (CAMPO RD.),JAMACHA RD.,792,E,N,A,-,Y,NA,NA,94,NA,NA,NA,NA,NA,NA,Y,4,0,4,4,A,-,03,22350,NA,N,C,C,A,A,H,-,C,A,0,NA,NA,Y,NA,Y,NA,A,07,0,0,4,0,0,0,0,0,1,-,-,32.73741912841797,-116.94158935546876,SAN DIEGO,UNINCORPORATED,-116.9415283203125,32.73745346069336
91059589,2019,2019-08-26,9645,2019-07-14,1345,020992,NA,7,1,7,3711,0,1,3,NA,1,004,SR-75 SOUTHBOUND,I-5,550,S,N,A,-,Y,NA,NA,NA,NA,NA,NA,NA,NA,NA,Y,3,0,2,3,A,-,03,22350,NA,N,C,C,A,A,H,-,A,D,0,NA,NA,NA,NA,Y,NA,A,01,0,1,1,0,0,0,0,0,0,-,-,32.891231536865234,-117.89124298095705,SAN DIEGO,SAN DIEGO,NA,NA
91060372,2019,2019-08-27,9645,2019-07-25,1547,015790,NA,4,2,7,3711,0,1,3,NA,2,023,SR-163 (SB),FRIARS ROAD (O/C),600,N,N,A,-,Y,NA,NA,NA,NA,NA,NA,NA,NA,NA,Y,3,0,1,3,A,-,03,22350,NA,N,C,C,A,A,H,-,A,D,0,NA,NA,NA,NA,Y,NA,A,07,0,1,0,0,0,0,0,0,0,-,-,32.74021911621094,-117.17926025390624,SAN DIEGO,SAN DIEGO,-117.16117095947266,32.77317428588867
91060484,2019,2019-08-27,9645,2019-08-20,1545,014625,NA,2,2,7,3711,0,1,3,NA,2,023,STATE ROUTE 163 SOUTHBOUND,FRIARS ROAD,1584,N,N,A,-,Y,NA,NA,163,NA,NA,NA,NA,NA,S,N,4,0,1,3,A,-,04,21703,NA,N,C,C,A,A,H,-,A,D,0,NA,NA,NA,NA,Y,NA,A,07,0,0,1,0,0,0,0,0,0,-,-,32.77602005004883,-117.16207885742188,SAN DIEGO,SAN DIEGO,-117.16204071044922,32.776039123535156
91060700,2019,2019-08-27,9645,2019-08-18,2208,017671,NA,7,3,7,3711,0,1,1,NA,2,013,I-805 S/B TO I-8 E/B,I-805 O/C,300,E,N,A,-,Y,NA,NA,NA,NA,NA,NA,NA,NA,NA,N,4,0,2,2,A,-,03,22350,NA,N,C,C,A,A,H,-,C,D,0,NA,NA,NA,NA,Y,NA,A,01,0,0,2,0,0,0,0,0,0,-,-,32.77312088012695,-117.12744903564452,SAN DIEGO,SAN DIEGO,-117.22608947753906,32.90742111206055
91061519,2019,2019-08-28,9645,2019-07-26,1820,018428,NA,5,2,7,3711,0,1,1,NA,2,019,I-15 S/B,DUENDA RD. O/C,800,N,N,A,-,Y,NA,NA,15,NA,NA,NA,NA,NA,S,Y,4,0,1,2,A,-,08,22107,NA,N,B,C,A,B,H,-,A,D,0,NA,NA,NA,NA,Y,NA,A,01,0,0,1,0,0,0,0,0,0,-,-,33.03413009643555,-117.07762908935548,SAN DIEGO,SAN DIEGO,-117.07769775390624,33.03416061401367
91061695,2019,2019-08-28,9645,2019-07-14,0220,021077,NA,7,3,7,3711,0,1,3,NA,2,006,SR-94 W/B,SR-15,438,W,N,A,-,Y,NA,NA,94,NA,NA,NA,NA,NA,W,Y,2,0,1,1,A,-,01,23152,A,N,E,I,A,A,H,-,C,D,0,NA,NA,NA,NA,Y,Y,A,01,1,0,0,0,0,0,0,0,0,-,-,32.716739654541016,-117.11962890625,SAN DIEGO,SAN DIEGO,-117.11964416503906,32.71678161621094
91061942,2019,2019-08-28,9680,2019-08-16,1810,021813,NA,5,2,9,3700,0,2,4,NA,1,026,JAMACHA BLVD,GRAND AVE,164,W,N,A,-,N,NA,NA,NA,NA,NA,NA,NA,NA,NA,Y,3,0,1,2,A,-,09,21801,A,N,D,C,A,A,H,-,A,D,0,NA,NA,Y,NA,Y,NA,A,01,0,1,0,0,0,0,0,0,1,-,-,32.70783996582031,-116.99817657470705,SAN DIEGO,UNINCORPORATED,-116.99803924560548,32.707862854003906
91064610,2019,2019-08-30,9680,2019-08-20,2310,021839,NA,2,3,9,3700,0,1,3,NA,1,023,SR-94 E/B,SWEETWATER SPRINGS BLVD,1056,W,N,A,-,Y,NA,NA,94,NA,NA,NA,NA,NA,E,Y,3,0,1,2,A,-,03,22350,NA,N,C,C,A,A,H,-,D,D,0,NA,NA,NA,NA,Y,NA,D,22,0,1,0,0,0,0,0,0,0,-,-,32.74440002441406,-116.97899627685548,SAN DIEGO,UNINCORPORATED,-116.97899627685548,32.7443962097168
91064621,2019,2019-08-30,9645,2019-08-03,1220,017717,NA,6,1,9,3700,0,3,5,NA,2,024,CAMINO SAN BERNARDO,DOVE CANYON RD,50,W,N,A,-,N,NA,NA,NA,NA,NA,NA,NA,NA,NA,Y,4,0,3,4,A,-,03,22350,NA,N,C,C,A,A,H,-,A,A,0,NA,NA,NA,NA,Y,NA,A,01,0,0,3,0,0,0,0,0,0,-,-,33.01007843017578,-117.11192321777344,SAN DIEGO,UNINCORPORATED,-117.11171722412108,33.01018142700195
91064943,2019,2019-09-02,9650,2019-08-23,2130,021528,NA,5,2,9,3700,0,2,4,NA,1,027,VALLEY CENTER RD,N. LAKE WOHLFORD RD,30,W,N,A,-,N,NA,NA,NA,NA,NA,NA,NA,NA,NA,Y,4,0,2,3,A,-,01,23152,A,N,C,C,A,A,H,-,C,A,0,NA,NA,NA,NA,Y,Y,D,22,0,0,2,0,0,0,0,0,0,-,-,33.2281494140625,-116.97606658935548,SAN DIEGO,UNINCORPORATED,-116.9757843017578,33.22816467285156
91065207,2019,2019-09-02,9650,2019-08-28,0801,018950,NA,3,1,6,3706,0,1,1,NA,2,023,I-15 S/B,VIA RANCHO PKWY O/C,250,S,N,A,-,Y,NA,NA,15,NA,NA,NA,NA,NA,S,Y,4,0,1,5,A,-,03,22350,NA,N,C,C,A,A,H,-,A,D,0,NA,NA,NA,NA,Y,NA,D,22,0,0,1,0,0,0,0,0,0,-,-,33.06795883178711,-117.06941223144533,SAN DIEGO,ESCONDIDO,-117.0693817138672,33.067962646484375
91066247,2019,2019-09-03,9680,2019-08-21,1550,019496,NA,3,2,5,3708,0,1,3,NA,2,028,SR-125 S/B,SPRING ST.,50,S,N,A,-,Y,NA,NA,125,NA,NA,NA,NA,NA,S,Y,3,0,1,3,A,-,07,21658,A,N,C,C,A,A,H,-,A,D,0,NA,NA,Y,NA,Y,NA,A,01,0,1,0,0,0,0,0,0,1,-,-,32.75387954711914,-117.0115966796875,SAN DIEGO,LA MESA,-117.0114288330078,32.75368881225586
91067560,2019,2019-09-04,9680,2019-06-02,0355,016102,Campo,7,3,9,3700,0,1,1,NA,2,086,INTERSTATE 8 WESTBOUND,CRESTWOOD ROAD,417,E,N,A,-,Y,NA,NA,8,NA,NA,NA,NA,NA,W,Y,1,1,0,1,A,-,01,23152,A,N,E,I,A,A,H,-,C,D,0,NA,NA,NA,NA,Y,Y,D,22,0,0,0,0,0,0,0,0,0,-,-,32.70560073852539,-116.36090087890624,SAN DIEGO,UNINCORPORATED,-116.3608856201172,32.705665588378906
91068130,2019,2019-09-05,9650,2019-08-30,0325,019227,NA,5,3,6,3710,0,1,1,NA,2,005,I-5 N/B,OCEANSIDE BLVD,500,N,N,A,-,Y,NA,NA,5,NA,NA,NA,NA,NA,N,Y,3,0,2,1,A,-,01,23152,A,N,E,I,A,A,H,-,C,D,0,NA,NA,NA,NA,Y,Y,A,01,0,2,0,0,0,0,0,0,0,-,-,33.19171905517578,-117.36313629150392,SAN DIEGO,OCEANSIDE,-117.36325073242188,33.19163131713867
91068804,2019,2019-09-06,9680,2019-08-24,1142,018672,NA,6,1,9,3700,0,1,3,NA,1,052,SR-78,SPRINGVIEW RD,2112,W,N,A,-,Y,NA,NA,78,NA,NA,NA,NA,NA,NA,Y,2,0,1,1,A,-,08,22107,NA,N,F,A,A,A,H,-,A,D,0,NA,NA,Y,NA,Y,NA,C,02,1,0,0,0,0,0,0,0,1,-,-,33.105831146240234,-116.65582275390624,SAN DIEGO,UNINCORPORATED,-116.65579986572266,33.10586166381836
91069316,2019,2019-09-06,9645,2019-09-03,1610,014625,NA,2,2,7,3711,0,1,1,NA,2,005,INTERSTATE 5 SOUTHBOUND,STATE ROUTE 52 O/C,686,N,N,A,-,Y,NA,NA,5,NA,NA,NA,NA,NA,S,N,4,0,1,2,A,-,04,21703,NA,N,C,C,A,A,H,-,A,D,0,NA,NA,NA,NA,Y,NA,D,22,0,0,1,0,0,0,0,0,0,-,-,32.83924102783203,-117.23542785644533,SAN DIEGO,SAN DIEGO,-117.2354736328125,32.8392219543457
91069699,2019,2019-09-09,9650,2019-09-05,1625,021698,NA,4,2,6,3710,0,1,3,NA,2,015,SR-78 E/B FROM EL CAMINO REAL,EL CAMINO REAL,322,E,N,A,-,Y,NA,NA,78,NA,NA,NA,R,NA,E,Y,4,0,1,2,A,-,03,22350,NA,N,C,C,A,A,H,-,A,A,0,NA,NA,NA,NA,Y,NA,A,01,0,0,1,0,0,0,0,0,0,-,-,33.18172836303711,-117.32565307617188,SAN DIEGO,OCEANSIDE,-117.32565307617188,33.18172836303711
91069731,2019,2019-10-04,9645,2019-08-28,2030,013648,NA,3,2,7,3711,0,1,3,NA,2,022,S.R. 56 WESTBOUND,SOLTERRA VISTA PARKWAY,3000,E,N,A,-,Y,NA,NA,NA,NA,NA,NA,NA,NA,NA,Y,4,0,3,2,A,-,03,22350,NA,N,C,C,A,A,H,-,D,D,0,NA,NA,NA,NA,Y,NA,A,01,0,0,3,0,0,0,0,0,0,-,-,32.96419906616211,-117.16300201416016,SAN DIEGO,SAN DIEGO,NA,NA