CASE_ID,ACCIDENT_YEAR,PROC_DATE,JURIS,COLLISION_DATE,COLLISION_TIME,OFFICER_ID,REPORTING_DISTRICT,DAY_OF_WEEK,CHP_SHIFT,POPULATION,CNTY_CITY_LOC,SPECIAL_COND,BEAT_TYPE,CHP_BEAT_TYPE,CITY_DIVISION_LAPD,CHP_BEAT_CLASS,BEAT_NUMBER,PRIMARY_RD,SECONDARY_RD,DISTANCE,DIRECTION,INTERSECTION,WEATHER_1,WEATHER_2,STATE_HWY_IND,CALTRANS_COUNTY,CALTRANS_DISTRICT,STATE_ROUTE,ROUTE_SUFFIX,POSTMILE_PREFIX,POSTMILE,LOCATION_TYPE,RAMP_INTERSECTION,SIDE_OF_HWY,TOW_AWAY,COLLISION_SEVERITY,NUMBER_KILLED,NUMBER_INJURED,PARTY_COUNT,PRIMARY_COLL_FACTOR,PCF_CODE_OF_VIOL,PCF_VIOL_CATEGORY,PCF_VIOLATION,PCF_VIOL_SUBSECTION,HIT_AND_RUN,TYPE_OF_COLLISION,MVIW,PED_ACTION,ROAD_SURFACE,ROAD_COND_1,ROAD_COND_2,LIGHTING,CONTROL_DEVICE,CHP_ROAD_TYPE,PEDESTRIAN_ACCIDENT,BICYCLE_ACCIDENT,MOTORCYCLE_ACCIDENT,TRUCK_ACCIDENT,NOT_PRIVATE_PROPERTY,ALCOHOL_INVOLVED,STWD_VEHTYPE_AT_FAULT,CHP_VEHTYPE_AT_FAULT,COUNT_SEVERE_INJ,COUNT_VISIBLE_INJ,COUNT_COMPLAINT_PAIN,COUNT_PED_KILLED,COUNT_PED_INJURED,COUNT_BICYCLIST_KILLED,COUNT_BICYCLIST_INJURED,COUNT_MC_KILLED,COUNT_MC_INJURED,PRIMARY_RAMP,SECONDARY_RAMP,LATITUDE,LONGITUDE,COUNTY,CITY,POINT_X,POINT_Y
91072335,2019,2019-09-11,9650,2019-08-24,0310,18386,NA,6,3,5,3782,0,1,1,NA,2,007,I-5 N/B,MANCHESTER AVE,1584,N,N,A,-,Y,NA,NA,NA,NA,NA,NA,NA,NA,NA,Y,3,0,1,3,A,-,03,22350,NA,N,C,C,E,A,D,-,C,D,0,Y,NA,NA,NA,Y,Y,D,22,0,1,0,0,1,0,0,0,0,-,-,33.0147705078125,-117.17414093017578,SAN DIEGO,ENCINITAS,-117.26810455322266,33.013553619384766
91073574,2019,2019-09-12,9680,2019-08-31,1449,018672,NA,6,2,9,3700,0,1,3,NA,1,051,SR-79,WOLAHI RD,19536,S,N,A,-,Y,NA,NA,79,NA,NA,NA,NA,NA,NA,Y,3,0,1,1,A,-,08,22107,NA,N,F,A,A,A,H,-,A,A,0,NA,NA,Y,NA,Y,NA,C,02,0,1,0,0,0,0,0,0,1,-,-,32.955379486083984,-116.57804107666016,SAN DIEGO,UNINCORPORATED,-116.57804870605467,32.955360412597656
91073697,2019,2019-09-12,9680,2019-09-02,0735,016535,NA,1,1,9,3700,0,1,1,NA,2,083,I-8 E/B,LAKE JENNINGS PARK RD,4752,E,N,A,-,Y,NA,NA,8,NA,NA,NA,NA,NA,E,Y,3,0,1,1,A,-,01,23152,F,N,E,I,A,A,H,-,A,D,0,NA,NA,NA,NA,Y,NA,A,07,0,1,0,0,0,0,0,0,0,-,-,32.851348876953125,-116.8691635131836,SAN DIEGO,UNINCORPORATED,-116.86919403076172,32.85141372680664
91073748,2019,2019-09-12,9680,2019-09-01,1910,021944,NA,7,2,9,3700,0,3,5,NA,2,002,HELIX ST,OLIVE DR,15,N,N,A,-,N,NA,NA,NA,NA,NA,NA,NA,NA,NA,N,3,0,1,2,A,-,06,21750,A,F,B,C,A,A,H,-,B,D,0,NA,NA,Y,NA,Y,NA,A,07,0,1,0,0,0,0,0,0,1,-,-,32.74216842651367,-116.9987335205078,SAN DIEGO,UNINCORPORATED,-116.99872589111328,32.74205017089844
91075203,2019,2019-09-16,9645,2019-09-04,0342,019678,NA,3,3,7,3711,0,1,1,NA,2,003,I-5 S/B,1ST AVE.,1970,N,N,A,-,Y,NA,NA,5,NA,NA,NA,NA,NA,S,Y,3,0,1,1,A,-,01,23152,A,N,E,I,A,A,H,-,C,D,0,NA,NA,NA,NA,Y,Y,A,01,0,1,0,0,0,0,0,0,0,-,-,32.7275505065918,-117.16803741455078,SAN DIEGO,SAN DIEGO,-117.16810607910156,32.72749328613281
91075656,2019,2019-09-16,9645,2019-09-05,1815,013648,NA,4,2,7,3711,0,1,3,NA,2,006,S.R. 94 WESTBOUND,EUCLID AVE O/C,528,E,N,A,-,Y,NA,NA,NA,NA,NA,NA,NA,NA,NA,Y,3,0,1,1,A,-,03,22350,NA,N,E,I,A,A,H,-,A,D,0,NA,NA,Y,NA,Y,NA,C,02,0,1,0,0,0,0,0,0,1,-,-,32.71501159667969,-117.10289001464844,SAN DIEGO,SAN DIEGO,NA,NA
91077704,2019,2019-09-18,9680,2019-09-07,2335,021353,NA,6,3,9,3700,0,2,4,NA,1,021,FUERTE DR,LEMON AVE,200,E,N,A,-,N,NA,NA,NA,NA,NA,NA,NA,NA,NA,Y,4,0,1,2,A,-,09,21804,A,N,D,C,A,A,H,-,C,D,0,NA,NA,NA,NA,Y,NA,A,01,0,0,1,0,0,0,0,0,0,-,-,32.77381134033203,-116.98040771484376,SAN DIEGO,UNINCORPORATED,-116.98007202148438,32.77363967895508
91077884,2019,2019-09-18,9680,2019-09-08,1945,021588,NA,7,2,9,3700,0,1,3,NA,2,028,SR-125 N/B,SPRING STREET,950,S,N,A,-,Y,NA,NA,125,NA,NA,NA,NA,NA,N,Y,4,0,2,2,A,-,01,23152,A,N,C,E,A,A,H,-,D,D,0,NA,NA,NA,NA,Y,Y,A,07,0,0,2,0,0,0,0,0,0,-,-,32.75136947631836,-117.01365661621094,SAN DIEGO,UNINCORPORATED,-117.0137176513672,32.751434326171875
91079759,2019,2019-09-20,9645,2019-09-19,1910,016061,NA,4,2,7,3711,0,1,1,NA,2,015,I-805 S/B,SR-52,500,S,N,A,-,Y,NA,NA,805,NA,NA,NA,NA,NA,S,Y,4,0,1,3,A,-,03,22350,NA,N,C,C,A,A,H,-,A,D,0,NA,NA,NA,NA,Y,NA,A,01,0,0,1,0,0,0,0,0,0,-,-,32.846981048583984,-117.17748260498048,SAN DIEGO,SAN DIEGO,-117.17781829833984,32.84676742553711
91080988,2019,2019-09-23,9650,2019-09-09,1220,013133,NA,1,1,9,3700,0,1,3,NA,1,028,SR-76,RED GATE RD,1056,E,N,A,-,N,NA,NA,76,NA,NA,NA,NA,NA,NA,Y,2,0,1,1,A,-,08,22107,NA,N,E,I,A,A,H,-,A,A,0,NA,NA,Y,NA,Y,NA,C,02,1,0,0,0,0,0,0,0,1,-,-,33.30213928222656,-116.9135971069336,SAN DIEGO,UNINCORPORATED,-116.91365051269533,33.30217361450195
91081777,2019,2019-09-24,9645,2019-09-14,0715,016766,NA,6,1,7,3711,0,1,1,NA,2,017,I-15 N/B,SR-52,528,S,N,A,-,Y,NA,NA,15,NA,NA,NA,NA,NA,N,Y,3,0,1,1,A,-,08,22107,NA,N,E,I,A,A,H,-,A,D,0,NA,NA,NA,NA,Y,NA,D,22,0,1,0,0,0,0,0,0,0,-,-,32.839229583740234,-117.12071228027344,SAN DIEGO,SAN DIEGO,-117.12084197998048,32.83922576904297
9108224,2020,2021-01-21,3711,2020-05-08,1746,SD6063,NA,5,5,7,3711,0,0,0,NA,0,113,MORAGA AV,FOX PL,0,NA,Y,A,-,N,NA,NA,NA,NA,NA,NA,NA,NA,NA,N,3,0,1,1,A,-,03,22350,NA,M,E,I,A,A,H,-,A,A,0,NA,NA,Y,NA,Y,NA,C,02,0,1,0,0,0,0,0,0,1,-,-,NA,NA,SAN DIEGO,SAN DIEGO,-117.21153259277344,32.81806945800781
91082767,2019,2019-09-25,9650,2019-09-25,0800,013636,NA,3,1,5,3782,0,1,1,NA,2,007,I-5 S/B,ENCINITAS BLVD,500,S,N,B,-,Y,NA,NA,5,NA,NA,NA,NA,NA,S,N,4,0,1,2,A,-,03,22350,NA,N,C,C,A,A,D,-,A,D,0,NA,NA,NA,NA,Y,NA,A,08,0,0,1,0,0,0,0,0,0,-,-,33.0442008972168,-117.28607177734376,SAN DIEGO,ENCINITAS,-117.2861099243164,33.044185638427734
91087911,2019,2019-10-01,9645,2019-09-24,0845,017717,NA,2,1,7,3711,0,1,1,NA,2,010,I-8 W/B TO QUALCOMM WAY,QUALCOMM WAY,250,E,N,A,-,Y,NA,NA,8,NA,NA,NA,R,NA,W,Y,4,0,1,2,A,-,03,22350,NA,N,C,C,A,A,H,-,A,D,0,NA,NA,NA,NA,Y,NA,A,01,0,0,1,0,0,0,0,0,0,-,-,32.771488189697266,-117.13896942138672,SAN DIEGO,SAN DIEGO,-117.13896942138672,32.771488189697266
91089176,2019,2019-10-02,9645,2019-10-01,1612,017104,NA,2,2,7,3711,0,1,1,NA,2,017,I-15 S/B (ESCONDIDO FREEWAY),CLAIREMONT MESA BOULEVARD,1800,N,N,A,-,Y,NA,NA,NA,NA,NA,NA,NA,NA,NA,N,4,0,1,2,A,-,07,21658,A,N,B,C,A,A,H,-,A,D,0,NA,NA,NA,NA,Y,NA,A,07,0,0,1,0,0,0,0,0,0,-,-,32.50189971923828,-117.07150268554688,SAN DIEGO,SAN DIEGO,-117.12103271484376,32.83837127685547
9108976,2020,2020-10-29,3710,2020-05-23,1601,OC1484,NA,6,5,6,3710,0,0,0,NA,0,007,MISSOURI AV,S CLEMENTINE ST,0,NA,Y,A,-,N,NA,NA,NA,NA,NA,NA,NA,NA,NA,N,3,0,1,2,A,-,12,22450,A,N,D,G,A,A,H,-,A,A,0,NA,Y,NA,NA,Y,NA,L,04,0,1,0,0,0,0,1,0,0,-,-,NA,NA,SAN DIEGO,OCEANSIDE,-117.3728485107422,33.19367980957031
91089927,2019,2019-10-03,9680,2019-09-23,2000,019555,NA,1,2,5,3705,0,1,3,NA,2,016,SR-67 N/B,BROADWAY,239,S,N,A,-,Y,NA,NA,67,NA,NA,NA,NA,NA,N,Y,4,0,1,1,A,-,08,22107,NA,N,A,I,A,A,H,-,C,D,0,NA,NA,NA,NA,Y,NA,A,01,0,0,1,0,0,0,0,0,0,-,-,32.80691146850586,-116.96166229248048,SAN DIEGO,EL CAJON,-116.96173858642578,32.806907653808594
91090259,2019,2019-10-03,9645,2019-09-28,1225,019054,NA,6,1,7,3711,0,1,1,NA,2,005,I-5 S/B,SEA WORLD DRIVE,1038,N,N,A,-,Y,NA,NA,NA,NA,NA,NA,NA,NA,NA,Y,4,0,3,3,A,-,03,22350,NA,N,C,C,A,A,H,-,A,D,0,NA,NA,NA,NA,Y,NA,A,01,0,0,3,0,0,0,0,0,0,-,-,32.7781982421875,-117.20762634277344,SAN DIEGO,SAN DIEGO,-117.20746612548828,32.772743225097656
91090780,2019,2019-10-04,9645,2019-09-26,0330,019712,NA,4,3,9,3700,0,3,5,NA,2,018,CENTRAL AVENUE.,CORRAL CANYON RD.,223,E,N,A,-,Y,NA,NA,NA,NA,NA,NA,NA,NA,NA,Y,4,0,1,2,A,-,01,23152,A,M,C,D,A,A,H,-,C,D,0,NA,NA,NA,NA,Y,Y,A,01,0,0,1,0,0,0,0,0,0,-,-,32.67203140258789,-117.01104736328124,SAN DIEGO,UNINCORPORATED,-117.01087188720705,32.67206954956055
91091339,2019,2019-10-07,9650,2019-10-05,1245,019594,NA,6,1,5,3701,0,1,1,NA,2,005,I-5 N/B,CANNON RD,1003,S,N,A,-,Y,NA,NA,5,NA,NA,NA,NA,NA,N,Y,4,0,1,2,A,-,03,22350,NA,N,C,A,A,A,H,-,A,D,0,NA,NA,NA,NA,Y,NA,A,07,0,0,1,0,0,0,0,0,0,-,-,33.13193130493164,-117.3278579711914,SAN DIEGO,CARLSBAD,-117.32780456542967,33.13196563720703
91091838,2019,2019-10-07,9645,2019-09-27,0510,020737,NA,5,3,6,3702,0,1,1,NA,2,009,I-805 S/B,TELEGRAPH CANYON RD.,600,S,N,B,C,Y,NA,NA,805,NA,NA,NA,NA,NA,S,Y,3,0,1,2,A,-,08,22107,NA,N,C,C,A,B,H,-,D,D,0,NA,NA,NA,Y,Y,NA,A,01,0,1,0,0,0,0,0,0,0,-,-,32.62730026245117,-117.043212890625,SAN DIEGO,CHULA VISTA,-117.04317474365234,32.627315521240234
91092724,2019,2019-10-08,9680,2019-09-29,1105,020116,NA,7,1,9,3700,0,1,3,NA,1,024,SR-94 W/B,COUGAR CANYON RD,200,E,N,A,-,Y,NA,NA,94,NA,NA,NA,NA,NA,W,N,4,0,2,2,A,-,21,22106,NA,N,C,C,A,A,H,-,A,A,0,NA,NA,NA,NA,Y,NA,A,01,0,0,2,0,0,0,0,0,0,-,-,32.727821350097656,-116.9246063232422,SAN DIEGO,UNINCORPORATED,-116.92464447021484,32.727699279785156
91093500,2019,2019-10-09,9650,2019-10-01,0730,016103,NA,2,1,9,3700,0,1,1,NA,2,021,I-15 S/B,CAMINO DEL REY,1584,S,N,A,-,Y,NA,NA,15,NA,NA,NA,NA,NA,S,Y,4,0,1,2,A,-,03,22350,NA,N,C,C,A,A,H,-,A,D,0,NA,NA,NA,NA,Y,NA,A,01,0,0,1,0,0,0,0,0,0,-,-,33.260860443115234,-117.15859222412108,SAN DIEGO,UNINCORPORATED,-117.15875244140624,33.26083755493164
91095767,2019,2019-10-11,9645,2019-10-02,1430,017953,NA,3,2,7,3711,0,1,1,NA,2,010,I-8 E/B,WARING ROAD U/C,90,E,N,A,-,Y,NA,NA,8,NA,NA,NA,NA,NA,E,Y,4,0,4,4,A,-,03,22350,NA,N,C,C,A,A,H,-,A,D,0,NA,NA,NA,NA,Y,NA,A,08,0,0,4,0,0,0,0,0,0,-,-,32.7806510925293,-117.08746337890624,SAN DIEGO,SAN DIEGO,-117.08746337890624,32.780643463134766
91095786,2019,2019-10-11,9645,2019-10-03,0740,019054,NA,4,1,7,3711,0,1,3,NA,2,006,SR-94 W/B,I-805 O/C,68,W,N,A,-,Y,NA,NA,94,NA,NA,NA,NA,NA,W,Y,4,0,2,2,A,-,03,22350,NA,N,C,C,A,A,H,-,A,D,0,NA,NA,NA,NA,Y,NA,D,22,0,0,2,0,0,0,0,0,0,-,-,32.71717071533203,-117.11714935302734,SAN DIEGO,SAN DIEGO,-117.11715698242188,32.71723175048828
91100602,2019,2019-10-18,9680,2019-10-05,1820,021944,NA,6,2,9,3700,0,2,4,NA,1,014,WINTER GARDENS BLVD,GARDENA WAY,30,S,N,A,-,N,NA,NA,NA,NA,NA,NA,NA,NA,NA,N,4,0,1,2,A,-,03,22350,NA,N,C,C,A,A,H,-,A,A,0,NA,NA,NA,NA,Y,NA,A,01,0,0,1,0,0,0,0,0,0,-,-,32.83824157714844,-116.93345642089844,SAN DIEGO,UNINCORPORATED,-116.93352508544922,32.8382568359375
91100913,2019,2019-10-18,9650,2019-10-10,1630,018041,NA,4,2,5,3712,0,1,3,NA,2,019,SR-78 W/B,NORDAHL RD,550,E,N,A,-,Y,NA,NA,78,NA,NA,NA,NA,NA,W,Y,4,0,1,3,A,-,03,22350,NA,N,C,C,A,A,H,-,A,D,0,NA,NA,NA,NA,Y,NA,A,07,0,0,1,0,0,0,0,0,0,-,-,33.13005065917969,-117.1160888671875,SAN DIEGO,SAN MARCOS,-117.11614227294922,33.12992477416992
91101624,2019,2019-10-21,9650,2019-10-19,1120,019594,NA,6,1,5,3701,0,1,1,NA,2,005,I-5 N/B,PALOMAR AIRPORT RD,1426,S,N,A,-,Y,NA,NA,5,NA,NA,NA,NA,NA,N,Y,4,0,1,3,A,-,03,22350,NA,N,C,C,A,A,D,-,A,D,0,NA,NA,NA,NA,Y,NA,A,01,0,0,1,0,0,0,0,0,0,-,-,33.118370056152344,-117.31970977783205,SAN DIEGO,CARLSBAD,-117.31967926025392,33.118385314941406
91104216,2019,2019-10-23,9645,2019-10-12,1223,017473,NA,6,1,7,3711,0,1,3,NA,2,022,TED WILLIAMS PKWY. W/B (11000 BLOCK),I-15,150,E,N,A,-,Y,NA,NA,NA,NA,NA,NA,NA,NA,NA,Y,4,0,2,2,A,-,03,22350,NA,N,C,C,A,A,H,-,A,A,0,NA,NA,NA,NA,Y,NA,A,01,0,0,2,0,0,0,0,0,0,-,-,32.964500427246094,-117.09336090087892,SAN DIEGO,SAN DIEGO,-117.09548950195313,32.964599609375
91104642,2019,2019-10-24,9650,2019-10-19,1150,019594,NA,6,1,9,3700,0,3,5,NA,2,070,VIA DE SANTA FE,LA GRANADA,120,W,N,A,-,N,NA,NA,NA,NA,NA,NA,NA,NA,NA,Y,2,0,1,1,A,-,08,22107,NA,N,E,I,A,A,H,-,A,D,0,NA,NA,NA,NA,Y,NA,A,01,1,0,0,0,0,0,0,0,0,-,-,33.01884841918945,-117.2021484375,SAN DIEGO,UNINCORPORATED,-117.20208740234376,33.01889419555664
91104808,2019,2019-10-24,9680,2019-10-14,1915,021476,Baron,1,2,9,3700,0,2,4,NA,1,013,WILDCAT CANYON ROAD,BARONA ROAD,115,S,N,A,-,N,NA,NA,NA,NA,NA,NA,NA,NA,NA,Y,4,0,1,2,B,-,22,NA,NA,N,B,C,A,A,H,-,C,D,0,NA,NA,NA,NA,Y,NA,D,22,0,0,1,0,0,0,0,0,0,-,-,32.93246841430664,-116.87001800537108,SAN DIEGO,UNINCORPORATED,-116.8761978149414,32.923431396484375
91104846,2019,2019-10-24,9650,2019-10-21,0220,020771,NA,1,3,9,3700,0,3,5,NA,2,070,LA FREMONTIA,PASEO DELICIAS,430,W,N,A,-,N,NA,NA,NA,NA,NA,NA,NA,NA,NA,Y,3,0,1,1,A,-,01,23152,A,N,E,I,A,A,H,-,D,D,0,NA,NA,NA,NA,Y,Y,D,22,0,1,0,0,0,0,0,0,0,-,-,33.102718353271484,-117.11592864990234,SAN DIEGO,UNINCORPORATED,-117.20018768310548,33.02391052246094
91105267,2019,2019-10-24,9680,2019-10-15,1900,021584,NA,2,2,9,3700,0,1,3,NA,1,051,STATE ROUTE 79,WOLAHI RD,528,N,N,A,-,Y,NA,NA,79,NA,NA,NA,NA,NA,NA,Y,3,0,1,1,A,-,08,22107,NA,N,F,A,A,A,H,-,D,D,0,NA,NA,NA,NA,Y,NA,A,01,0,1,0,0,0,0,0,0,0,-,-,32.99113845825195,-116.58828735351563,SAN DIEGO,UNINCORPORATED,-116.58830261230467,32.991146087646484
91105336,2019,2019-10-24,9680,2019-10-16,0755,015733,NA,3,1,9,3700,0,1,3,NA,1,090,SR-67 (MAIN ST.),13TH AVE,175,S,N,A,-,Y,NA,NA,67,NA,NA,NA,NA,NA,NA,N,4,0,1,2,A,-,03,22350,NA,N,C,C,A,A,H,-,A,D,0,NA,NA,NA,NA,Y,NA,A,07,0,0,1,0,0,0,0,0,0,-,-,33.03874969482422,-116.87413024902344,SAN DIEGO,UNINCORPORATED,-116.87421417236328,33.03890609741211
9110598,2020,2020-08-24,3711,2020-06-05,2007,SD7163,NA,5,5,7,3711,0,0,0,NA,0,813,30TH ST,POLK AV,0,NA,Y,A,-,N,NA,NA,NA,NA,NA,NA,NA,NA,NA,N,4,0,1,2,D,-,00,NA,NA,M,C,C,A,A,H,-,C,D,0,NA,NA,NA,NA,Y,NA,-,-,0,0,1,0,0,0,0,0,0,-,-,NA,NA,SAN DIEGO,SAN DIEGO,-117.13020324707033,32.75223159790039
9110619,2020,2020-08-21,3700,2020-06-03,1525,SH7085,NA,3,5,5,3713,0,0,0,NA,0,306,EAST VISTA WY,WILLIAMSTON ST,0,NA,Y,A,-,N,NA,NA,NA,NA,NA,NA,NA,NA,NA,Y,4,0,1,2,A,-,12,21453,A,N,D,C,A,A,H,-,A,A,0,NA,NA,NA,NA,Y,NA,A,01,0,0,1,0,0,0,0,0,0,-,-,NA,NA,SAN DIEGO,VISTA,-117.2300033569336,33.211570739746094
9110620,2020,2020-08-21,3700,2020-06-02,1150,SH2439,NA,2,5,5,3713,0,0,0,NA,0,308,NORTH MELROSE DR,ASCOT DR,180,N,N,B,-,N,NA,NA,NA,NA,NA,NA,NA,NA,NA,N,3,0,1,2,A,-,05,21650,1,N,D,G,A,A,H,-,A,D,0,NA,Y,NA,NA,Y,NA,L,04,0,1,0,0,0,0,1,0,0,-,-,NA,NA,SAN DIEGO,VISTA,-117.25551605224608,33.20075988769531
91107150,2019,2019-10-25,9650,2019-10-21,1555,022031,NA,1,2,9,3700,0,1,3,NA,1,028,SR-76,COUSER CANYON RD,185,W,N,A,-,Y,NA,NA,76,NA,NA,NA,NA,NA,NA,Y,3,0,4,2,A,-,08,22107,NA,N,A,C,A,A,H,-,A,D,0,NA,NA,NA,NA,Y,NA,A,07,0,1,3,0,0,0,0,0,0,-,-,33.34366989135742,-117.13057708740234,SAN DIEGO,UNINCORPORATED,-117.13057708740234,33.34368133544922
91107232,2019,2019-10-28,9650,2019-10-20,1730,021154,NA,7,2,5,3701,0,1,1,NA,2,005,I-5 S/B,CANNON RD,2000,N,N,A,-,Y,NA,NA,5,NA,NA,NA,NA,NA,S,N,3,0,1,2,A,-,03,22350,NA,N,C,C,A,A,H,-,B,D,0,NA,NA,NA,NA,Y,NA,A,01,0,1,0,0,0,0,0,0,0,-,-,33.140018463134766,-117.33219146728516,SAN DIEGO,CARLSBAD,-117.33230590820313,33.139957427978516
91109370,2019,2019-10-29,9680,2019-10-19,0954,013848,NA,6,1,5,3708,0,1,1,NA,2,081,I-8 W/B,GROSSMONT BLVD,365,E,N,A,-,Y,NA,NA,8,NA,NA,NA,NA,NA,W,Y,4,0,1,1,A,-,08,22107,NA,N,E,I,A,A,H,-,A,D,0,NA,NA,NA,NA,Y,NA,A,07,0,0,1,0,0,0,0,0,0,-,-,32.77907180786133,-116.98915863037108,SAN DIEGO,LA MESA,-116.98915863037108,32.779170989990234
91111076,2019,2019-10-31,9645,2019-10-23,1026,017473,NA,3,1,7,3711,0,1,1,NA,2,005,I-5 N/B,SR-52,1000,N,N,A,-,Y,NA,NA,5,NA,NA,NA,NA,NA,N,N,4,0,2,2,A,-,03,22350,NA,N,B,C,A,A,D,H,A,D,0,NA,NA,NA,NA,Y,NA,A,07,0,0,2,0,0,0,0,0,0,-,-,32.84352111816406,-117.23629760742188,SAN DIEGO,SAN DIEGO,-117.2363510131836,32.84352111816406
91111574,2019,2019-11-01,9645,2019-10-09,0540,017717,NA,3,3,7,3711,0,1,3,NA,2,016,SR-52 W/B,SPRING CANYON RD,1478,E,N,B,-,Y,NA,NA,NA,NA,NA,NA,NA,NA,NA,Y,2,0,2,3,A,-,03,22350,NA,N,C,C,A,A,H,-,D,D,0,NA,NA,NA,NA,Y,NA,D,22,1,0,1,0,0,0,0,0,0,-,-,32.94977951049805,-117.03170776367188,SAN DIEGO,SAN DIEGO,NA,NA
91113596,2019,2019-11-05,9650,2019-10-28,0825,013388,NA,1,1,5,3782,0,1,1,NA,2,007,I-5 S/B,MANCHESTER AVENUE,1584,N,N,A,-,Y,NA,NA,5,NA,NA,NA,NA,NA,S,Y,3,0,1,4,A,-,07,21658,A,F,B,C,A,A,D,-,A,D,0,NA,NA,Y,Y,Y,NA,A,07,0,1,0,0,0,0,0,0,1,-,-,33.0123291015625,-117.26714324951172,SAN DIEGO,ENCINITAS,-117.26710510253906,33.012367248535156
91115605,2019,2019-11-07,9650,2019-09-12,2018,017392,NA,4,2,6,3706,0,1,3,NA,2,019,SR-78 E/B TO I-15 S/B,I-15,815,W,N,A,-,Y,NA,NA,78,NA,NA,NA,R,NA,E,Y,2,0,1,2,A,-,07,21658,A,F,B,C,A,A,H,-,C,D,0,NA,NA,Y,Y,Y,NA,G,25,1,0,0,0,0,0,0,0,1,-,-,33.127498626708984,-117.11129760742188,SAN DIEGO,ESCONDIDO,-117.11129760742188,33.127498626708984
91115691,2019,2019-11-07,9650,2019-11-02,1420,021933,NA,6,2,9,3700,0,1,3,NA,1,028,SR-76,RINCON RANCH RD,1652,E,N,A,-,Y,NA,NA,76,NA,NA,NA,NA,NA,NA,Y,2,0,1,1,A,-,03,22350,NA,N,F,A,A,A,H,-,A,D,0,NA,NA,Y,NA,Y,NA,C,02,1,0,0,0,0,0,0,0,1,-,-,33.301971435546875,-116.93905639648438,SAN DIEGO,UNINCORPORATED,-116.93902587890624,33.301937103271484
91115725,2019,2019-11-07,9645,2019-10-28,0806,020561,NA,1,1,7,3711,0,1,1,NA,2,009,I-805 S/B,OCEAN VIEW BLVD. O/C,230,S,N,A,-,Y,NA,NA,805,NA,NA,NA,NA,NA,S,Y,3,0,1,3,A,-,07,21658,A,F,B,C,A,A,H,-,A,D,0,NA,NA,NA,NA,Y,NA,-,99,0,1,0,0,0,0,0,0,0,-,-,32.69969940185547,-117.09493255615234,SAN DIEGO,SAN DIEGO,-117.09504699707033,32.69969940185547
91115969,2019,2019-11-07,9680,2019-10-29,1645,020500,NA,2,2,9,3700,0,2,4,NA,1,095,SAN VICENTE RD,HANSON LN,50,N,N,A,-,N,NA,NA,NA,NA,NA,NA,NA,NA,NA,N,4,0,2,2,A,-,03,22350,NA,N,C,C,A,A,H,-,A,D,0,NA,NA,NA,NA,Y,NA,A,07,0,0,2,0,0,0,0,0,0,-,-,33.02593994140625,-116.86656951904295,SAN DIEGO,UNINCORPORATED,-116.86651611328124,33.025875091552734
91120579,2019,2019-11-14,9645,2019-11-04,1945,020997,NA,1,2,7,3711,0,1,3,NA,2,002,SR-905 W/B TO TOCAYO AVENUE,ORO VISTA ROAD,60,E,N,A,-,Y,NA,NA,905,NA,NA,NA,R,NA,W,Y,4,0,1,3,A,-,01,23152,A,F,C,C,A,A,H,-,C,A,0,NA,NA,NA,NA,Y,Y,D,22,0,0,1,0,0,0,0,0,0,-,-,32.564361572265625,-117.07865142822266,SAN DIEGO,SAN DIEGO,-117.07865142822266,32.564361572265625
91120646,2019,2019-11-14,9645,2019-11-01,1110,020561,NA,5,1,7,3711,0,1,3,NA,2,023,SR-163 S/B,KEARNY PED O/C,1637,S,N,A,-,Y,NA,NA,163,NA,NA,NA,NA,NA,S,Y,4,0,1,2,A,-,01,23152,A,N,B,C,A,A,H,-,A,D,0,NA,NA,NA,NA,Y,Y,A,01,0,0,1,0,0,0,0,0,0,-,-,32.78718948364258,-117.16081237792967,SAN DIEGO,SAN DIEGO,-117.16080474853516,32.78718948364258