CASE_ID,ACCIDENT_YEAR,PROC_DATE,JURIS,COLLISION_DATE,COLLISION_TIME,OFFICER_ID,REPORTING_DISTRICT,DAY_OF_WEEK,CHP_SHIFT,POPULATION,CNTY_CITY_LOC,SPECIAL_COND,BEAT_TYPE,CHP_BEAT_TYPE,CITY_DIVISION_LAPD,CHP_BEAT_CLASS,BEAT_NUMBER,PRIMARY_RD,SECONDARY_RD,DISTANCE,DIRECTION,INTERSECTION,WEATHER_1,WEATHER_2,STATE_HWY_IND,CALTRANS_COUNTY,CALTRANS_DISTRICT,STATE_ROUTE,ROUTE_SUFFIX,POSTMILE_PREFIX,POSTMILE,LOCATION_TYPE,RAMP_INTERSECTION,SIDE_OF_HWY,TOW_AWAY,COLLISION_SEVERITY,NUMBER_KILLED,NUMBER_INJURED,PARTY_COUNT,PRIMARY_COLL_FACTOR,PCF_CODE_OF_VIOL,PCF_VIOL_CATEGORY,PCF_VIOLATION,PCF_VIOL_SUBSECTION,HIT_AND_RUN,TYPE_OF_COLLISION,MVIW,PED_ACTION,ROAD_SURFACE,ROAD_COND_1,ROAD_COND_2,LIGHTING,CONTROL_DEVICE,CHP_ROAD_TYPE,PEDESTRIAN_ACCIDENT,BICYCLE_ACCIDENT,MOTORCYCLE_ACCIDENT,TRUCK_ACCIDENT,NOT_PRIVATE_PROPERTY,ALCOHOL_INVOLVED,STWD_VEHTYPE_AT_FAULT,CHP_VEHTYPE_AT_FAULT,COUNT_SEVERE_INJ,COUNT_VISIBLE_INJ,COUNT_COMPLAINT_PAIN,COUNT_PED_KILLED,COUNT_PED_INJURED,COUNT_BICYCLIST_KILLED,COUNT_BICYCLIST_INJURED,COUNT_MC_KILLED,COUNT_MC_INJURED,PRIMARY_RAMP,SECONDARY_RAMP,LATITUDE,LONGITUDE,COUNTY,CITY,POINT_X,POINT_Y
91415346,2021,2021-06-28,9645,2021-02-18,1725,020561,NA,4,2,5,3709,0,1,3,NA,2,008,SR-54 E/B,2ND AVE. U/C,770,W,N,A,-,Y,NA,NA,54,NA,NA,NA,NA,NA,E,Y,4,0,3,2,A,-,03,22350,NA,N,C,C,A,A,H,-,A,D,0,NA,NA,NA,NA,Y,NA,A,07,0,0,3,0,0,0,0,0,0,-,-,32.656768798828125,-117.08467864990234,SAN DIEGO,NATIONAL CITY,-117.08468627929688,32.656795501708984
91418026,2021,2021-03-01,9645,2021-02-25,1530,020180,NA,4,2,7,3711,0,1,1,NA,2,011,I-805 N/B,LANDIS ST,1267,S,N,A,-,Y,NA,NA,805,NA,NA,NA,NA,NA,N,Y,4,0,1,3,A,-,03,22350,NA,N,C,C,A,A,H,-,A,D,0,NA,NA,NA,NA,Y,NA,A,01,0,0,1,0,0,0,0,0,0,-,-,32.743160247802734,-117.1177215576172,SAN DIEGO,SAN DIEGO,-117.11777496337892,32.74311447143555
91420129,2021,2021-03-03,9645,2021-02-25,0744,016766,NA,4,1,7,3711,0,1,1,NA,2,017,I-15 S/B TO CLAIREMONT MESA BLVD,CLAIREMONT MESA BLVD,25,S,N,A,-,Y,NA,NA,15,NA,NA,NA,R,NA,S,N,4,0,1,2,A,-,03,22350,NA,N,C,C,A,A,H,-,A,D,0,NA,NA,NA,NA,Y,NA,A,01,0,0,1,0,0,0,0,0,0,-,-,32.829750061035156,-117.11820220947266,SAN DIEGO,SAN DIEGO,-117.11820220947266,32.829750061035156
91420631,2021,2021-03-04,9680,2021-02-22,1930,021501,NA,1,2,9,3700,0,3,5,NA,2,005,FARMER ROAD,A ST,6864,N,N,A,-,N,NA,NA,NA,NA,NA,NA,NA,NA,NA,Y,3,0,1,1,A,-,01,23152,F,N,F,A,A,A,H,-,D,D,0,NA,NA,NA,NA,Y,NA,A,07,0,1,0,0,0,0,0,0,0,-,-,33.09236145019531,-116.60375213623048,SAN DIEGO,UNINCORPORATED,-116.60369110107422,33.092376708984375
91423771,2021,2021-03-10,9680,2021-02-27,0615,021859,NA,6,1,9,3700,0,1,1,NA,2,081,I-8 EASTBOUND,SR-125 N/B,360,E,N,A,-,Y,NA,NA,8,NA,NA,NA,NA,NA,E,Y,4,0,1,1,A,-,08,22107,NA,N,D,I,A,A,H,-,A,D,0,NA,NA,NA,NA,Y,NA,A,01,0,0,1,0,0,0,0,0,0,-,-,32.77830123901367,-117.0024185180664,SAN DIEGO,UNINCORPORATED,-117.00234985351563,32.778160095214844
9142540,2020,2020-09-30,3700,2020-07-15,1814,SH0817,NA,3,5,5,3712,0,0,0,NA,0,360,GRAND AV,W SAN MARCOS BLVD,100,N,N,A,-,N,NA,NA,NA,NA,NA,NA,NA,NA,NA,N,4,0,1,2,D,-,00,NA,NA,F,H,C,A,A,H,-,A,A,0,NA,NA,NA,NA,Y,NA,-,-,0,0,1,0,0,0,0,0,0,-,-,NA,NA,SAN DIEGO,SAN MARCOS,-117.17920684814452,33.13748550415039
91425465,2021,2021-03-11,9650,2021-03-02,1340,18386,NA,2,1,5,3782,0,1,1,NA,2,007,I-5 N/B,BIRMINGHAM DR,792,S,N,A,-,Y,NA,NA,5,NA,NA,NA,NA,NA,N,Y,4,0,1,3,A,-,07,21658,A,N,B,C,A,A,D,-,A,D,0,NA,NA,NA,NA,Y,NA,A,01,0,0,1,0,0,0,0,0,0,-,-,33.02476119995117,-117.27391052246094,SAN DIEGO,ENCINITAS,-117.2739486694336,33.024742126464844
91426260,2021,2021-03-12,9645,2021-03-06,0725,017139,NA,6,1,5,3709,0,1,3,NA,2,008,SR-54 W/B,HIGHLAND AVE O/C,1320,E,N,A,-,Y,NA,NA,54,NA,NA,NA,NA,NA,W,Y,4,0,1,1,A,-,07,21658,A,N,F,A,A,A,H,-,A,D,0,NA,NA,NA,NA,Y,NA,A,01,0,0,1,0,0,0,0,0,0,-,-,32.65822982788086,-117.08641815185548,SAN DIEGO,NATIONAL CITY,-117.08637237548828,32.658138275146484
9142758,2020,2020-10-09,3711,2020-08-17,1614,SD7956,NA,1,5,7,3711,0,0,0,NA,0,721,SATURN BL,PALM AV,390,N,N,A,-,N,NA,NA,NA,NA,NA,NA,NA,NA,NA,N,4,0,4,3,A,-,07,21658,A,N,F,C,A,A,H,-,A,A,0,NA,NA,NA,NA,Y,NA,A,07,0,0,4,0,0,0,0,0,0,-,-,NA,NA,SAN DIEGO,SAN DIEGO,-117.09260559082033,32.58480453491211
9142926,2020,2020-09-15,3700,2020-06-26,1410,0138,NA,5,5,5,3781,0,0,0,NA,0,513,CARLTON HILLS BL,WILLOWGROVE AV,0,NA,Y,A,-,N,NA,NA,NA,NA,NA,NA,NA,NA,NA,Y,2,0,1,2,A,-,09,21801,A,N,D,C,A,-,H,-,A,A,0,NA,NA,Y,NA,Y,Y,A,01,1,0,0,0,0,0,0,0,1,-,-,NA,NA,SAN DIEGO,SANTEE,-116.99639892578124,32.840728759765625
91430279,2021,2021-03-18,9650,2021-03-16,1330,021435,NA,2,1,9,3700,0,3,5,NA,2,213,STATE PARK RD.,FERN MEADOW RD,425,W,N,B,-,N,NA,NA,NA,NA,NA,NA,NA,NA,NA,Y,3,0,3,1,A,-,03,22350,NA,N,F,A,A,A,G,-,A,D,0,NA,NA,NA,NA,Y,NA,A,01,0,1,2,0,0,0,0,0,0,-,-,33.318790435791016,-116.88683319091795,SAN DIEGO,UNINCORPORATED,-116.88660430908205,33.318824768066406
91432133,2021,2021-03-22,9680,2021-03-10,1558,021441,NA,3,2,9,3700,0,2,4,NA,1,026,JAMACHA RD,SWEETWATER RD,385,E,N,A,-,N,NA,NA,NA,NA,NA,NA,NA,NA,NA,N,4,0,1,3,A,-,09,21804,A,F,A,C,A,A,H,-,A,D,0,NA,NA,NA,NA,Y,NA,A,01,0,0,1,0,0,0,0,0,0,-,-,32.71480178833008,-117.01110076904295,SAN DIEGO,UNINCORPORATED,-117.011474609375,32.71477127075195
9143228,2020,2020-09-02,3700,2020-03-17,1226,SH1126,NA,2,5,4,3720,0,0,0,NA,0,602,WEST ST,BROADWAY,0,NA,Y,B,-,N,NA,NA,NA,NA,NA,NA,NA,NA,NA,N,4,0,1,2,A,-,11,21955,NA,F,G,B,D,B,H,-,A,A,0,Y,NA,NA,NA,Y,NA,N,60,0,0,1,0,1,0,0,0,0,-,-,NA,NA,SAN DIEGO,LEMON GROVE,-117.03851318359376,32.742671966552734
91432302,2021,2021-03-22,9645,2021-03-12,0140,019712,NA,5,3,7,3711,0,1,1,NA,2,009,I-805 N/B,EAST H ST.,1623,S,N,C,-,Y,NA,NA,NA,NA,NA,NA,NA,NA,NA,Y,2,0,1,2,A,-,01,23152,A,N,B,C,A,B,H,-,D,D,0,NA,NA,NA,Y,Y,Y,A,01,1,0,0,0,0,0,0,0,0,-,-,32.63908004760742,-117.05283355712892,SAN DIEGO,SAN DIEGO,-117.05127716064452,32.63791275024414
91432598,2021,2021-03-22,9680,2021-03-10,1350,021994,NA,3,1,9,3700,0,3,5,NA,2,002,KENWOOD DRIVE,BANCROFT DRIVE,420,E,N,A,-,N,NA,NA,NA,NA,NA,NA,NA,NA,NA,N,3,0,1,2,A,-,09,21804,A,N,D,G,A,A,H,-,A,D,0,NA,Y,NA,NA,Y,Y,L,04,0,1,0,0,0,0,1,0,0,-,-,32.74457931518555,-117.00205230712892,SAN DIEGO,UNINCORPORATED,-117.0021514892578,32.744529724121094
91433078,2021,2021-03-23,9650,2021-03-18,0050,018406,NA,4,3,5,3782,0,1,1,NA,2,007,I-5 N/B,BIRMINGHAM DR,1850,S,N,A,-,Y,NA,NA,5,NA,NA,NA,NA,NA,N,Y,2,0,1,1,A,-,08,22107,NA,N,E,I,A,A,D,-,D,D,0,NA,NA,NA,NA,Y,NA,A,01,1,0,0,0,0,0,0,0,0,-,-,33.02143859863281,-117.27304840087892,SAN DIEGO,ENCINITAS,-117.27313995361328,33.021419525146484
91434547,2021,2021-03-24,9680,2021-03-12,2350,017996,NA,5,3,9,3700,0,1,1,NA,2,085,I-8 EASTBOUND,PINE VALLEY CREEK,150,W,N,A,-,Y,NA,NA,8,NA,NA,NA,NA,NA,E,Y,3,0,2,4,A,-,01,23152,A,N,C,E,E,C,H,-,D,D,0,Y,NA,NA,NA,Y,Y,A,01,0,2,0,0,1,0,0,0,0,-,-,32.823020935058594,-116.5576400756836,SAN DIEGO,UNINCORPORATED,-116.5576400756836,32.82304763793945
9143659,2020,2020-10-13,3711,2020-08-24,1818,SD5652,NA,1,5,7,3711,0,0,0,NA,0,246,VILLAGE RIDGE RD,SCRIPPS POWAY PKWY,0,NA,Y,A,-,N,NA,NA,NA,NA,NA,NA,NA,NA,NA,N,4,0,1,1,A,-,08,22107,NA,N,A,I,A,A,H,-,A,D,0,NA,NA,NA,NA,Y,NA,A,01,0,0,1,0,0,0,0,0,0,-,-,NA,NA,SAN DIEGO,SAN DIEGO,-117.08896636962892,32.934959411621094
9143665,2020,2020-10-14,3711,2020-08-25,2245,SD8404,NA,2,5,7,3711,0,0,0,NA,0,623,HOTEL CIRCLE,FASHION VALLEY RD,0,NA,Y,A,-,N,NA,NA,NA,NA,NA,NA,NA,NA,NA,Y,4,0,2,1,A,-,08,22107,NA,N,E,I,A,A,H,-,C,B,0,NA,NA,NA,NA,Y,NA,A,07,0,0,2,0,0,0,0,0,0,-,-,NA,NA,SAN DIEGO,SAN DIEGO,-117.16918182373048,32.76108932495117
91436884,2021,2021-03-26,9645,2021-03-22,0340,021077,NA,1,3,7,3711,0,1,1,NA,2,007,I-5 S/B,CARMEL MOUNTAIN ROAD,1490,N,N,A,-,Y,NA,NA,5,NA,NA,NA,NA,NA,S,Y,3,0,2,1,A,-,08,22107,NA,N,E,I,A,A,H,-,C,D,0,NA,NA,NA,NA,Y,NA,A,08,0,1,1,0,0,0,0,0,0,-,-,32.92150115966797,-117.2377700805664,SAN DIEGO,SAN DIEGO,-117.23789978027344,32.921424865722656
91437284,2020,2021-03-26,9680,2020-12-24,2012,021510,NA,4,2,4,3720,0,1,3,NA,2,027,STATE ROUTE 94 EASTBOUND,COLLEGE AVENUE,3168,W,N,A,-,Y,NA,NA,94,NA,NA,NA,NA,NA,E,Y,1,1,1,2,A,-,01,23152,F,N,B,C,A,A,H,-,D,D,0,NA,NA,NA,NA,Y,NA,A,07,0,0,1,0,0,0,0,0,0,-,-,32.73561096191406,-117.0568389892578,SAN DIEGO,LEMON GROVE,-117.0568618774414,32.735633850097656
91438135,2021,2021-03-29,9645,2021-03-26,1445,016864,NA,5,2,7,3711,0,1,1,NA,2,015,I-805 S/B,GOVERNOR DRIVE,1320,N,N,A,-,Y,NA,NA,805,NA,NA,NA,NA,NA,S,Y,3,0,1,3,A,-,03,22350,NA,N,C,C,A,A,H,-,A,D,0,NA,NA,NA,NA,Y,NA,A,01,0,1,0,0,0,0,0,0,0,-,-,32.86098098754883,-117.18685913085938,SAN DIEGO,SAN DIEGO,-117.18682098388672,32.861019134521484
9144087,2020,2020-09-22,3702,2020-07-29,2110,CV1299,NA,3,5,6,3702,0,0,0,NA,0,042,HUNTE PKWY,EASTLAKE PKWY,15,E,N,A,-,N,NA,NA,NA,NA,NA,NA,NA,NA,NA,Y,4,0,1,1,A,-,08,22107,NA,N,E,I,A,-,H,-,C,A,0,NA,NA,NA,NA,Y,NA,A,01,0,0,1,0,0,0,0,0,0,-,-,NA,NA,SAN DIEGO,CHULA VISTA,-116.95932006835938,32.6133918762207
91441140,2021,2021-04-01,9680,2021-03-23,0810,015660,NA,2,1,9,3700,0,3,5,NA,2,003,JAPATUL VALLEY RD,BELL BLUFF TR TRL,498,N,N,C,E,N,NA,NA,NA,NA,NA,NA,NA,NA,NA,Y,4,0,3,2,A,-,03,22350,NA,N,A,C,A,B,H,-,A,A,0,NA,NA,NA,NA,Y,NA,A,01,0,0,3,0,0,0,0,0,0,-,-,32.806888580322266,-116.63662719726563,SAN DIEGO,UNINCORPORATED,-116.637334,32.806818
9144187,2020,2020-10-20,3705,2020-08-08,2121,EC0405,NA,6,5,5,3705,0,0,0,NA,0,001,CUYAMACA ST,FLETCHER PKWY,0,NA,Y,A,-,N,NA,NA,NA,NA,NA,NA,NA,NA,NA,NA,3,0,1,6,A,-,01,23152,A,N,F,E,A,A,H,-,C,D,0,NA,NA,NA,NA,Y,Y,-,NA,0,1,0,0,0,0,0,0,0,-,-,NA,NA,SAN DIEGO,EL CAJON,-116.97965240478516,32.80725860595703
91443983,2021,2021-04-06,9645,2021-04-02,1545,017104,NA,5,2,7,3711,0,1,1,NA,2,019,I-15 S/B FROM CARMEL MOUNTAIN ROAD,CARMEL MOUNTAIN ROAD,455,S,N,A,-,Y,NA,NA,NA,NA,NA,NA,NA,NA,NA,Y,4,0,1,2,A,-,03,22350,NA,N,C,C,A,A,H,-,A,A,0,NA,NA,NA,NA,Y,NA,A,01,0,0,1,0,0,0,0,0,0,-,-,32.58380126953125,-117.05159759521484,SAN DIEGO,SAN DIEGO,-117.08734130859376,32.977840423583984
91444457,2021,2021-04-06,9645,2021-04-04,0600,020066,NA,7,1,7,3711,0,1,1,NA,2,001,I-5 N/B,J STREET,200,N,N,E,-,Y,NA,NA,5,NA,NA,NA,NA,NA,N,Y,4,0,1,1,A,-,08,22107,NA,N,E,I,A,A,H,-,B,D,0,NA,NA,NA,NA,Y,NA,A,01,0,0,1,0,0,0,0,0,0,-,-,32.71046829223633,-117.14755249023438,SAN DIEGO,SAN DIEGO,-117.14753723144533,32.71046829223633
91447075,2021,2021-04-09,9645,2021-04-04,0232,021768,NA,7,3,7,3711,0,1,1,NA,2,019,I-15 N/B TO CARMEL MOUNTAIN RD,CARMEL MOUNTAIN RD.,60,S,N,A,-,Y,NA,NA,15,NA,NA,NA,R,NA,N,Y,4,0,2,2,A,-,01,23152,A,N,A,C,A,A,H,-,C,A,0,NA,NA,NA,NA,Y,Y,A,01,0,0,2,0,0,0,0,0,0,-,-,32.97829055786133,-117.085693359375,SAN DIEGO,SAN DIEGO,-117.085693359375,32.97829055786133
91447241,2021,2021-04-09,9645,2021-04-02,2134,021263,NA,5,2,7,3711,0,1,1,NA,2,017,INTERSTATE 15 SOUTHBOUND,MIRAMAR ROAD,20,S,N,A,-,Y,NA,NA,15,NA,NA,NA,NA,NA,S,Y,3,0,1,2,A,-,01,23152,A,N,C,C,A,A,H,-,C,D,0,NA,NA,NA,Y,Y,Y,A,01,0,1,0,0,0,0,0,0,0,-,-,32.89282989501953,-117.11537170410156,SAN DIEGO,SAN DIEGO,-117.11533355712892,32.89284133911133
91447316,2021,2021-04-09,9680,2021-03-29,1305,021859,NA,1,1,9,3700,0,3,5,NA,2,001,OLDE HIGHWAY 80,OAK CREEK RD,30,E,N,A,-,Y,NA,NA,NA,NA,NA,NA,NA,NA,NA,Y,4,0,1,1,A,-,08,22107,NA,N,F,A,A,A,H,-,A,D,0,NA,NA,Y,NA,Y,NA,C,02,0,0,1,0,0,0,0,0,1,-,-,32.85580062866211,-116.84262084960938,SAN DIEGO,UNINCORPORATED,NA,NA
91448756,2021,2021-04-12,9645,2021-03-30,1450,018146,NA,2,2,7,3711,0,1,1,NA,2,005,I-5 S/B,SEA WORLD DR.,350,N,N,A,-,Y,NA,NA,5,NA,NA,NA,NA,NA,S,Y,4,0,1,2,A,-,03,22350,NA,N,C,C,A,A,H,-,A,D,0,NA,NA,NA,NA,Y,NA,J,48,0,0,1,0,0,0,0,0,0,-,-,32.7805290222168,-117.20858001708984,SAN DIEGO,SAN DIEGO,-117.20843505859376,32.7805061340332
91448777,2021,2021-04-12,9645,2021-04-09,0905,018646,NA,5,1,7,3711,0,1,3,NA,2,006,SR-94 W/B,25TH ST. O/C,300,E,N,A,-,Y,NA,NA,94,NA,NA,NA,NA,NA,W,Y,4,0,1,2,A,-,03,22350,NA,N,C,C,A,A,H,-,A,D,0,NA,NA,NA,NA,Y,NA,A,01,0,0,1,0,0,0,0,0,0,-,-,32.7133903503418,-117.13941955566406,SAN DIEGO,SAN DIEGO,-117.13941955566406,32.713279724121094
91450104,2021,2021-04-14,9645,2021-03-11,0426,021617,NA,4,3,7,3711,0,1,3,NA,2,014,SR-52 EB,CONVOY STREET,4488,W,N,C,-,Y,NA,NA,52,NA,NA,NA,NA,NA,E,Y,2,0,1,2,A,-,01,23152,A,N,C,C,A,B,H,-,C,D,0,NA,NA,NA,Y,Y,Y,A,01,1,0,0,0,0,0,0,0,0,-,-,32.842201232910156,-117.16539764404295,SAN DIEGO,SAN DIEGO,-117.16535186767578,32.84226608276367
91450262,2021,2021-04-14,9680,2021-04-02,0030,021800,NA,5,3,9,3700,0,1,3,NA,2,028,SR-125 S/B,SPRING ST,490,N,N,A,-,Y,NA,NA,125,NA,NA,NA,NA,NA,S,Y,3,0,1,2,A,-,03,22350,NA,N,C,C,A,A,H,-,D,D,0,NA,NA,NA,NA,Y,NA,A,01,0,1,0,0,0,0,0,0,0,-,-,32.754539489746094,-117.01045989990234,SAN DIEGO,UNINCORPORATED,-117.01045989990234,32.75454330444336
91450366,2021,2021-04-14,9680,2021-04-03,2225,021764,NA,6,3,5,3708,0,1,1,NA,2,081,I-8 W/B,FLETCHER PKY,196,W,N,A,-,Y,NA,NA,8,NA,NA,NA,NA,NA,W,Y,4,0,1,1,C,-,18,NA,NA,N,E,I,A,A,H,-,C,D,0,NA,NA,NA,NA,Y,NA,-,-,0,0,1,0,0,0,0,0,0,-,-,32.77360153198242,-117.0306396484375,SAN DIEGO,LA MESA,-117.03060913085938,32.773685455322266
91450533,2021,2021-04-14,9680,2021-04-02,0635,016181,NA,5,1,9,3700,0,2,4,NA,1,014,N. 2ND ST.,CRESTHILL RD,165,N,N,A,-,N,NA,NA,NA,NA,NA,NA,NA,NA,NA,Y,3,0,1,1,A,-,08,22107,NA,N,E,I,A,A,H,-,A,D,0,NA,NA,NA,NA,Y,NA,A,07,0,1,0,0,0,0,0,0,0,-,-,32.81772994995117,-116.93563842773438,SAN DIEGO,UNINCORPORATED,-116.9357452392578,32.81779098510742
9145265,2020,2020-10-13,3701,2020-08-24,1900,CB5363,44,1,5,5,3701,0,0,0,NA,0,005,EL CAMINO REAL,CANNON RD,50,N,N,A,-,N,NA,NA,NA,NA,NA,NA,NA,NA,NA,Y,2,0,3,2,A,-,01,23153,A,N,C,C,A,A,H,-,A,A,0,NA,NA,NA,NA,Y,Y,A,01,1,1,1,0,0,0,0,0,0,-,-,NA,NA,SAN DIEGO,CARLSBAD,-117.29779815673828,33.14952087402344
91453069,2021,2021-04-19,9650,2021-04-09,1419,021154,NA,5,2,6,3710,0,1,3,NA,2,015,SR-78 W/B,JEFFERSON ST,156,W,N,A,-,Y,NA,NA,78,NA,NA,NA,NA,NA,W,Y,3,0,2,2,A,-,03,22350,NA,F,C,C,A,A,H,-,A,D,0,NA,NA,NA,NA,Y,NA,A,01,0,2,0,0,0,0,0,0,0,-,-,33.18122100830078,-117.34063720703124,SAN DIEGO,OCEANSIDE,-117.34063720703124,33.181236267089844
9145313,2020,2021-01-21,3711,2020-09-04,2201,SD7905,NA,5,5,7,3711,0,0,0,NA,0,441,IMPERIAL AV,45TH ST,0,NA,Y,A,-,N,NA,NA,NA,NA,NA,NA,NA,NA,NA,N,4,0,1,2,A,-,11,21950,B,N,G,B,D,A,H,-,D,A,0,Y,NA,NA,NA,Y,NA,N,60,0,0,1,0,1,0,0,0,0,-,-,NA,NA,SAN DIEGO,SAN DIEGO,-117.09796905517578,32.70415115356445
91453310,2021,2021-04-19,9645,2021-04-14,1405,020952,NA,3,2,7,3711,0,1,1,NA,2,003,INTERSTATE 5 (NORTHBOUND),HAWTHORN STREET,1320,S,N,A,-,Y,NA,NA,5,NA,NA,NA,NA,NA,NA,Y,4,0,1,2,A,-,07,21658,A,N,B,C,A,A,H,-,A,D,0,NA,NA,NA,NA,Y,NA,A,07,0,0,1,0,0,0,0,0,0,-,-,32.72275924682617,-117.1614227294922,SAN DIEGO,SAN DIEGO,-117.1614227294922,32.7227668762207
91456121,2021,2021-04-22,9650,2021-04-21,0500,020497,NA,3,3,9,3700,0,1,1,NA,2,031,ALISO CREEK N/B,DONALD COOK RD,5808,N,N,B,-,Y,NA,NA,NA,NA,NA,NA,NA,NA,NA,N,2,0,1,2,A,-,21,22106,NA,F,G,B,D,A,H,-,C,D,0,Y,NA,NA,NA,Y,NA,A,07,1,0,0,0,1,0,0,0,0,-,-,33.268768310546875,-117.43575286865234,SAN DIEGO,UNINCORPORATED,NA,NA
91456513,2021,2021-04-22,9680,2021-04-12,0155,021813,NA,1,3,9,3700,0,3,5,NA,2,004,HONEY SPRINGS RD,LYONS VALLEY RD,2112,S,N,E,-,N,NA,NA,NA,NA,NA,NA,NA,NA,NA,Y,3,0,1,1,A,-,03,22350,NA,N,E,I,A,A,H,-,D,D,0,NA,NA,NA,NA,Y,NA,D,22,0,1,0,0,0,0,0,0,0,-,-,32.70764923095703,-116.74868774414063,SAN DIEGO,UNINCORPORATED,-116.74818420410156,32.70721435546875
91457764,2021,2021-04-26,9650,2021-04-17,2347,019822,NA,6,3,9,3700,0,3,5,NA,2,213,PALA TEMECULA ROAD,AROUBA RD,2112,N,N,A,-,N,NA,NA,NA,NA,NA,NA,NA,NA,NA,Y,3,0,2,2,A,-,03,22350,NA,N,A,C,A,A,H,-,D,D,0,NA,NA,NA,NA,Y,NA,A,07,0,1,1,0,0,0,0,0,0,-,-,33.40592956542969,-117.08316040039063,SAN DIEGO,UNINCORPORATED,NA,NA
91458033,2021,2021-04-26,9645,2021-04-23,0650,017473,NA,5,1,7,3711,0,1,1,NA,2,013,I-805 N/B,MURRAY RIDGE RD.,1000,N,N,B,-,Y,NA,NA,805,NA,NA,NA,NA,NA,N,Y,4,0,1,2,A,-,03,22350,NA,N,C,C,A,A,H,-,A,A,0,NA,NA,NA,NA,Y,NA,A,07,0,0,1,0,0,0,0,0,0,-,-,32.788429260253906,-117.14785766601563,SAN DIEGO,SAN DIEGO,-117.14794158935548,32.78837585449219
91461060,2021,2021-04-29,9650,2021-04-25,0130,021698,NA,7,3,9,3700,0,1,1,NA,2,021,I-15 S/B,SR-76,2640,S,N,A,-,Y,NA,NA,15,NA,NA,NA,NA,NA,S,Y,4,0,1,3,A,-,01,23152,A,N,C,C,A,A,H,-,D,D,0,NA,NA,NA,NA,Y,Y,A,01,0,0,1,0,0,0,0,0,0,-,-,33.321258544921875,-117.15715026855467,SAN DIEGO,UNINCORPORATED,-117.1572723388672,33.32118606567383
9146134,2020,2020-10-09,3711,2020-08-22,2023,SD7918,NA,6,5,7,3711,0,0,0,NA,0,836,FAIRMOUNT AV,MAPLE ST,0,NA,Y,A,-,N,NA,NA,NA,NA,NA,NA,NA,NA,NA,N,4,0,1,2,A,-,12,22450,A,M,D,G,A,A,H,-,C,A,0,NA,Y,NA,NA,Y,NA,-,99,0,0,1,0,0,0,1,0,0,-,-,NA,NA,SAN DIEGO,SAN DIEGO,-117.10105895996094,32.733360290527344
91463348,2021,2021-04-30,9680,2021-04-20,1425,021501,NA,2,2,9,3700,0,1,3,NA,1,051,SR-79,HARRISON PARK RD,1056,S,N,A,-,Y,NA,NA,79,NA,NA,NA,NA,NA,NA,Y,4,0,1,1,A,-,08,22107,NA,N,E,I,A,A,H,-,A,A,0,NA,NA,NA,NA,Y,NA,D,22,0,0,1,0,0,0,0,0,0,-,-,33.027400970458984,-116.56295776367188,SAN DIEGO,UNINCORPORATED,-116.56289672851563,33.02740478515625
91463955,2021,2021-05-03,9650,2021-04-25,1420,021406,NA,7,2,9,3700,0,3,5,NA,2,213,EAST GRADE RD,SR-76,15840,N,N,A,-,N,NA,NA,NA,NA,NA,NA,NA,NA,NA,Y,2,0,3,2,A,-,03,22350,NA,N,A,C,A,A,H,-,A,D,0,NA,NA,Y,NA,Y,NA,C,02,1,0,2,0,0,0,0,0,1,-,-,33.26327133178711,-116.76956939697266,SAN DIEGO,UNINCORPORATED,-116.76953125,33.264041900634766
91464150,2021,2021-05-03,9680,2021-04-22,0750,020116,NA,4,1,9,3700,0,3,5,NA,2,002,VALENCIA STREET,CENTRAL AVENUE,256,E,N,B,-,N,NA,NA,NA,NA,NA,NA,NA,NA,NA,Y,3,0,1,2,A,-,08,22107,NA,N,B,C,A,A,H,-,A,D,0,NA,NA,Y,NA,Y,NA,C,02,0,1,0,0,0,0,0,0,1,-,-,32.734619140625,-117.00914764404295,SAN DIEGO,UNINCORPORATED,-117.00940704345705,32.73462677001953
91465465,2021,2021-05-04,9645,2021-04-27,1506,017104,NA,2,2,7,3711,0,1,3,NA,2,016,SR-52 E/B (SOLEDAD FREEWAY),MAST BOULEVARD,425,W,N,A,-,Y,NA,NA,NA,NA,NA,NA,NA,NA,NA,N,4,0,1,2,A,-,08,22107,NA,N,B,C,A,A,H,-,A,D,0,NA,NA,NA,NA,Y,NA,A,01,0,0,1,0,0,0,0,0,0,-,-,32.50450134277344,-117.01380157470705,SAN DIEGO,SAN DIEGO,-117.02661895751952,32.84504699707031