CASE_ID,ACCIDENT_YEAR,PROC_DATE,JURIS,COLLISION_DATE,COLLISION_TIME,OFFICER_ID,REPORTING_DISTRICT,DAY_OF_WEEK,CHP_SHIFT,POPULATION,CNTY_CITY_LOC,SPECIAL_COND,BEAT_TYPE,CHP_BEAT_TYPE,CITY_DIVISION_LAPD,CHP_BEAT_CLASS,BEAT_NUMBER,PRIMARY_RD,SECONDARY_RD,DISTANCE,DIRECTION,INTERSECTION,WEATHER_1,WEATHER_2,STATE_HWY_IND,CALTRANS_COUNTY,CALTRANS_DISTRICT,STATE_ROUTE,ROUTE_SUFFIX,POSTMILE_PREFIX,POSTMILE,LOCATION_TYPE,RAMP_INTERSECTION,SIDE_OF_HWY,TOW_AWAY,COLLISION_SEVERITY,NUMBER_KILLED,NUMBER_INJURED,PARTY_COUNT,PRIMARY_COLL_FACTOR,PCF_CODE_OF_VIOL,PCF_VIOL_CATEGORY,PCF_VIOLATION,PCF_VIOL_SUBSECTION,HIT_AND_RUN,TYPE_OF_COLLISION,MVIW,PED_ACTION,ROAD_SURFACE,ROAD_COND_1,ROAD_COND_2,LIGHTING,CONTROL_DEVICE,CHP_ROAD_TYPE,PEDESTRIAN_ACCIDENT,BICYCLE_ACCIDENT,MOTORCYCLE_ACCIDENT,TRUCK_ACCIDENT,NOT_PRIVATE_PROPERTY,ALCOHOL_INVOLVED,STWD_VEHTYPE_AT_FAULT,CHP_VEHTYPE_AT_FAULT,COUNT_SEVERE_INJ,COUNT_VISIBLE_INJ,COUNT_COMPLAINT_PAIN,COUNT_PED_KILLED,COUNT_PED_INJURED,COUNT_BICYCLIST_KILLED,COUNT_BICYCLIST_INJURED,COUNT_MC_KILLED,COUNT_MC_INJURED,PRIMARY_RAMP,SECONDARY_RAMP,LATITUDE,LONGITUDE,COUNTY,CITY,POINT_X,POINT_Y
92231941,2023,2023-11-09,9650,2023-10-19,1858,022480,NA,4,2,9,3700,0,1,3,NA,1,028,STATE ROUTE 76 EASTBOUND,MAGEE ROAD,5000,E,N,A,-,Y,SD,NA,76,NA,NA,25.236,H,NA,R,Y,3,0,3,3,B,-,22,NA,NA,N,D,C,A,A,H,-,D,D,0,NA,NA,NA,NA,Y,NA,-,-,0,1,2,0,0,0,0,0,0,-,-,33.36172866821289,-117.04753875732422,SAN DIEGO,UNINCORPORATED,-117.04753112792967,33.361751556396484
92236572,2023,2023-11-15,9645,2023-11-02,750,017139,NA,4,1,7,3711,0,1,1,NA,2,003,I-5 N/B,SR-15 S/B U/C,550,N,N,A,-,Y,SD,NA,5,NA,R,12.75,H,NA,R,Y,4,0,1,2,A,-,03,22350,NA,N,B,C,A,A,H,-,A,D,0,NA,NA,Y,NA,Y,NA,C,02,0,0,1,0,0,0,0,0,1,-,-,32.69377899169922,-117.12325286865234,SAN DIEGO,SAN DIEGO,-117.12321472167967,32.6938362121582
92237809,2023,2023-11-16,9680,2023-11-04,1155,019870,NA,6,1,9,3700,0,3,5,NA,2,001,GREENFIELD DRIVE,2ND STREET,575,W,N,A,-,N,NA,NA,NA,NA,NA,NA,NA,NA,NA,N,4,0,1,3,A,-,03,22350,NA,N,C,C,A,A,H,-,A,D,0,NA,NA,NA,NA,Y,NA,A,01,0,0,1,0,0,0,0,0,0,-,-,32.81338882446289,-116.9377670288086,SAN DIEGO,UNINCORPORATED,-116.93767547607422,32.81333923339844
92238347,2023,2023-11-16,9645,2023-11-06,1700,022021,NA,1,2,7,3711,0,1,1,NA,2,027,I-15 S/B,FRIARS RD,200,S,N,A,-,Y,SD,NA,15,NA,R,6.762,H,NA,L,N,4,0,1,2,A,-,07,21658,A,N,B,C,A,A,H,-,A,D,0,NA,NA,Y,NA,Y,NA,A,01,0,0,1,0,0,0,0,0,1,-,-,32.78759002685547,-117.1143798828125,SAN DIEGO,SAN DIEGO,-117.11428833007813,32.787574768066406
92240479,2023,2023-11-20,9680,2023-11-08,1745,021353,NA,3,2,5,3708,0,1,3,NA,2,028,SR-125 S/B,CHATHAM STREET,65,S,N,A,-,Y,SD,NA,125,NA,NA,19.396,H,NA,L,N,4,0,1,2,A,-,03,22350,NA,N,C,C,A,A,H,-,C,D,0,NA,NA,NA,NA,Y,NA,A,01,0,0,1,0,0,0,0,0,0,-,-,32.79743957519531,-117.0057373046875,SAN DIEGO,LA MESA,-117.00569152832033,32.79743957519531
92240524,2023,2023-11-20,9680,2023-11-08,955,015733,NA,3,1,9,3700,0,2,4,NA,1,092,GUNN STAGE RD,WATT RD.,50,S,N,A,-,N,NA,NA,NA,NA,NA,NA,NA,NA,NA,Y,4,0,1,2,A,-,09,21802,A,N,D,2,A,A,H,-,A,A,0,NA,NA,NA,NA,Y,NA,A,07,0,0,1,0,0,0,0,0,0,-,-,33.01082992553711,-116.80970764160156,SAN DIEGO,UNINCORPORATED,-116.80972290039063,33.01083755493164
92240689,2023,2023-11-20,9680,2023-11-08,1320,015733,NA,3,1,9,3700,0,1,3,NA,1,090,SR-67,AIR MAIL LN,445,S,N,A,-,Y,SD,NA,67,NA,NA,19.723,H,NA,R,Y,4,0,3,2,A,-,05,21651,A,N,A,C,A,A,H,-,A,D,0,NA,NA,NA,NA,Y,NA,A,01,0,0,3,0,0,0,0,0,0,-,-,33.011009216308594,-116.93299865722656,SAN DIEGO,UNINCORPORATED,-116.93299865722656,33.01102828979492
92241727,2023,2023-11-21,9645,2023-10-30,340,022932,NA,1,3,7,3711,0,1,1,NA,2,009,I-805 S/B FROM ORANGE AVE,ORANGE AVENUE PROLONGATION LINE,12,S,N,A,-,Y,NA,NA,NA,NA,NA,NA,NA,NA,NA,Y,4,0,1,1,A,-,01,23152,A,N,E,I,A,A,H,-,C,A,0,NA,NA,NA,NA,Y,Y,A,01,0,0,1,0,0,0,0,0,0,-,-,32.605220794677734,-117.0373992919922,SAN DIEGO,SAN DIEGO,-117.12461853027344,32.75376892089844
9224186,2021,2021-03-23,3711,2021-02-11,0746,SD7656,NA,4,5,7,3711,0,0,0,NA,0,721,THERMAL AV,DAHLIA AV,0,NA,Y,A,-,N,NA,NA,NA,NA,NA,NA,NA,NA,NA,Y,4,0,1,2,A,-,12,22450,A,N,D,C,A,A,H,-,A,D,0,NA,NA,NA,NA,Y,NA,D,22,0,0,1,0,0,0,0,0,0,-,-,NA,NA,SAN DIEGO,SAN DIEGO,-117.09698486328124,32.582908630371094
92241980,2023,2023-11-21,9680,2023-11-09,1010,018322,NA,4,1,9,3700,0,2,4,NA,1,010,WOODSIDE AVENUE,MAINE AVENUE,50,E,N,A,-,N,NA,NA,NA,NA,NA,NA,NA,NA,NA,N,4,0,2,2,A,-,09,21801,A,N,D,C,A,A,H,-,A,D,0,NA,NA,Y,NA,Y,NA,A,01,0,0,2,0,0,0,0,0,2,-,-,32.857391357421875,-116.9210968017578,SAN DIEGO,UNINCORPORATED,-116.92124938964844,32.85736846923828
92242679,2023,2023-11-22,9645,2023-11-09,1450,020180,NA,4,2,7,3711,0,1,1,NA,2,030,I-15 S/B EXPRESS LANES,CARMEL MOUNTAIN ROAD,3274,S,N,A,-,Y,SD,NA,15,NA,M,19.946,H,NA,L,N,3,0,1,2,A,-,03,22350,NA,N,B,C,A,A,H,-,A,D,0,NA,NA,Y,NA,Y,NA,C,02,0,1,0,0,0,0,0,0,1,-,-,32.970741271972656,-117.09171295166016,SAN DIEGO,SAN DIEGO,-117.09182739257813,32.970794677734375
92242703,2023,2023-11-22,9645,2023-11-14,900,023306,NA,2,1,6,3702,0,1,1,NA,2,009,I-805 NB,TELEGRAPH CANYON ROAD,1500,S,N,A,-,Y,SD,NA,805,NA,NA,5.768,H,NA,R,Y,3,0,1,2,A,-,03,22350,NA,N,C,C,A,A,H,-,A,D,0,NA,NA,NA,NA,Y,NA,A,01,0,1,0,0,0,0,0,0,0,-,-,32.624759674072266,-117.04164886474608,SAN DIEGO,CHULA VISTA,-117.04171752929688,32.62473678588867
92242967,2023,2024-01-18,9645,2023-11-16,748,018646,NA,4,1,7,3711,0,1,3,NA,2,006,SR-94 W/B,HOME AVE. O/C,800,E,N,B,-,Y,SD,NA,94,NA,NA,3.739,H,NA,L,N,4,0,1,3,A,-,07,21658,A,N,B,C,A,A,H,-,A,D,0,NA,NA,Y,NA,Y,NA,A,01,0,0,1,0,0,0,0,0,1,-,-,32.7182502746582,-117.1085968017578,SAN DIEGO,SAN DIEGO,-117.1085968017578,32.718299865722656
92244340,2023,2023-11-27,9650,2023-11-20,207,020343,NA,1,3,5,3713,0,1,3,NA,2,017,SR-78 E/B TO MELROSE DR.,MELROSE DR,26,W,N,A,-,Y,NA,NA,NA,NA,NA,NA,NA,NA,NA,Y,4,0,1,2,A,-,01,23152,A,F,C,C,A,A,H,-,C,A,0,NA,NA,NA,NA,Y,Y,A,07,0,0,1,0,0,0,0,0,0,-,-,33.194210052490234,-117.25421905517578,SAN DIEGO,VISTA,-117.25421905517578,33.194210052490234
92244358,2023,2023-11-27,9650,2023-11-13,310,021935,NA,1,3,5,3782,0,1,1,NA,2,007,I-5 S/B,BIRMINGHAM DR.,500,N,N,A,-,Y,SD,NA,5,NA,R,40.227,H,NA,L,Y,3,0,1,1,A,-,08,22107,NA,N,E,I,A,A,H,-,D,D,0,NA,NA,NA,NA,Y,NA,D,22,0,1,0,0,0,0,0,0,0,-,-,33.03116989135742,-117.27837371826172,SAN DIEGO,ENCINITAS,-117.27822113037108,33.03124237060547
92244599,2023,2023-11-27,9680,2023-11-11,2232,023218,NA,6,3,9,3700,0,3,5,NA,2,002,DELROSE AVENUE,ELKELTON BOULEVARD,500,W,N,A,-,N,NA,NA,NA,NA,NA,NA,NA,NA,NA,Y,3,0,1,2,A,-,03,22350,NA,N,C,A,A,A,H,-,C,D,0,NA,NA,NA,NA,Y,Y,A,01,0,1,0,0,0,0,0,0,0,-,-,32.71213912963867,-117.0181884765625,SAN DIEGO,UNINCORPORATED,-117.01801300048828,32.712074279785156
92245890,2023,2023-11-28,9680,2023-11-12,2215,017996,NA,7,3,5,3708,0,1,1,NA,2,081,I-8 EASTBOUND,LAKE MURRAY BOULEVARD,1584,E,N,A,-,Y,SD,NA,8,NA,NA,9.917,H,NA,R,Y,3,0,2,2,A,-,01,23152,A,F,C,C,A,A,H,-,C,D,0,NA,NA,NA,NA,Y,Y,A,01,0,1,1,0,0,0,0,0,0,-,-,32.772518157958984,-117.04090881347656,SAN DIEGO,LA MESA,-117.04091644287108,32.7724723815918
92249990,2023,2023-12-01,9680,2023-11-21,1620,022106,NA,2,2,9,3700,0,1,1,NA,2,081,I-8 W/B,GROSSMONT BLVD,465,E,N,A,-,Y,SD,NA,8,NA,NA,13.141,H,NA,L,Y,4,0,2,6,A,-,03,22350,NA,N,C,C,A,A,H,-,A,D,0,NA,NA,NA,NA,Y,NA,A,01,0,0,2,0,0,0,0,0,0,-,-,32.779178619384766,-116.98880767822266,SAN DIEGO,UNINCORPORATED,-116.98880767822266,32.7791633605957
92251825,2023,2023-12-04,9680,2023-11-23,1255,020541,NA,4,1,9,3700,0,3,5,NA,2,001,9310 JOVIC RD,JOVIC ROAD,280,N,N,A,-,N,NA,NA,NA,NA,NA,NA,NA,NA,NA,Y,4,0,1,1,B,-,22,NA,NA,N,E,8,A,A,H,-,A,D,0,NA,NA,NA,NA,Y,NA,A,01,0,0,1,0,0,0,0,0,0,-,-,32.845890045166016,-116.9277801513672,SAN DIEGO,UNINCORPORATED,NA,NA
92256672,2023,2023-12-07,9680,2023-11-12,1245,017401,NA,7,1,9,3700,0,1,3,NA,1,052,SR-78,NEWMAN WAY,200,E,N,A,-,Y,SD,NA,78,NA,NA,55.821,H,NA,R,Y,3,0,2,2,A,-,03,22350,NA,N,B,C,A,A,H,-,A,A,0,NA,NA,NA,NA,Y,NA,D,22,0,2,0,0,0,0,0,0,0,-,-,33.07994079589844,-116.63532257080078,SAN DIEGO,UNINCORPORATED,-116.63531494140624,33.079925537109375
92257044,2023,2023-12-08,9650,2023-11-27,1130,015600,NA,1,1,9,3700,0,3,5,NA,2,210,WEST LILAC RD,CAMINO DEL REY,0,NA,Y,A,-,N,NA,NA,NA,NA,NA,NA,NA,NA,NA,N,3,0,1,2,A,-,10,21950,A,N,D,G,A,A,H,-,A,D,0,NA,Y,NA,NA,Y,NA,A,01,0,1,0,0,0,0,1,0,0,-,-,33.29029083251953,-117.21640014648438,SAN DIEGO,UNINCORPORATED,-117.21646881103516,33.29013442993164
92257248,2023,2023-12-08,9680,2023-11-29,533,023298,NA,3,3,9,3700,0,3,5,NA,2,002,JAMUL DR,COTTONWOOD SPRINGS LN,250,W,N,A,-,N,NA,NA,NA,NA,NA,NA,NA,NA,NA,Y,3,0,1,1,A,-,08,22107,NA,N,F,A,A,A,H,-,C,A,0,NA,NA,NA,NA,Y,NA,A,01,0,1,0,0,0,0,0,0,0,-,-,32.74066162109375,-116.904296875,SAN DIEGO,UNINCORPORATED,-116.90956115722656,32.74087142944336
92257364,2023,2023-12-08,9650,2023-12-01,935,019979,NA,5,1,6,3706,0,1,1,NA,2,023,I-15 SOUTHBOUND,CITRICADO DR,800,S,N,A,-,Y,SD,NA,15,NA,M,28.228,H,NA,L,N,4,0,2,2,A,-,03,22350,NA,N,C,C,A,A,H,-,A,D,0,NA,NA,NA,NA,Y,NA,A,01,0,0,2,0,0,0,0,0,0,-,-,33.08639144897461,-117.07640075683594,SAN DIEGO,ESCONDIDO,-117.07640075683594,33.086387634277344
92258535,2023,2023-12-11,9650,2023-11-25,1338,022965,NA,6,1,9,3700,0,1,3,NA,1,028,SR-76,PALA DEL NORTE RD,1450,W,N,A,-,Y,SD,NA,76,NA,NA,21.034,H,NA,R,Y,3,0,1,1,A,-,03,22350,NA,N,F,A,A,A,H,-,A,D,0,NA,NA,Y,NA,Y,NA,C,02,0,1,0,0,0,0,0,0,1,-,-,33.3526611328125,-117.1127471923828,SAN DIEGO,UNINCORPORATED,-117.1128158569336,33.35263442993164
92261160,2023,2023-12-13,9650,2023-11-05,2230,022625,NA,7,3,9,3700,0,3,5,NA,2,170,NORDAHL RD,CALAVO RD,350,S,N,A,-,N,NA,NA,NA,NA,NA,NA,NA,NA,NA,N,4,0,3,2,A,-,03,22350,NA,M,C,C,A,A,H,-,D,D,0,NA,NA,NA,NA,Y,NA,A,01,0,0,3,0,0,0,0,0,0,-,-,33.13930892944336,-117.11572265625,SAN DIEGO,UNINCORPORATED,-117.11542510986328,33.139503479003906
92262093,2023,2023-12-14,9645,2023-12-06,1410,018678,NA,3,2,7,3711,0,1,3,NA,2,023,SR-163 (S/B),ROBINSON AVENUE,1531,S,N,A,-,Y,SD,NA,163,NA,NA,2.199,H,NA,R,Y,4,0,1,2,A,-,04,21703,NA,N,C,C,A,A,H,-,A,D,0,NA,NA,NA,NA,Y,NA,A,01,0,0,1,0,0,0,0,0,0,-,-,32.74256896972656,-117.15657806396484,SAN DIEGO,SAN DIEGO,-117.15628051757813,32.742549896240234
92262095,2023,2023-12-14,9650,2023-12-06,647,017828,NA,3,1,9,3700,0,1,1,NA,2,003,I-5 S/B,DONALD COOK ROAD,376,S,N,A,-,Y,SD,NA,5,NA,R,58.277,H,NA,L,Y,4,0,1,2,A,-,08,22107,NA,N,B,C,A,A,H,-,A,D,0,NA,NA,NA,NA,Y,NA,A,01,0,0,1,0,0,0,0,0,0,-,-,33.255348205566406,-117.42449951171876,SAN DIEGO,UNINCORPORATED,-117.42453002929688,33.255332946777344
92264533,2023,2023-12-18,9645,2023-12-14,1136,014461,NA,4,1,7,3711,0,1,1,NA,2,007,I-5 SOUTHBOUND,VILLA DE LA VALLE,60,S,N,A,-,Y,SD,NA,5,NA,R,36.275,H,NA,L,N,4,0,1,3,A,-,03,22350,NA,N,C,C,A,A,H,-,A,D,0,NA,NA,NA,NA,Y,NA,A,01,0,0,1,0,0,0,0,0,0,-,-,32.97991180419922,-117.25322723388672,SAN DIEGO,SAN DIEGO,-117.25325012207033,32.97990417480469
92266107,2023,2023-12-19,9650,2023-12-10,1240,019979,NA,7,1,9,3700,0,3,5,NA,1,160,E. VISTA WAY,GOPHER CANYON RD,100,N,N,A,-,N,NA,NA,NA,NA,NA,NA,NA,NA,NA,N,4,0,2,3,A,-,03,22350,NA,N,C,C,A,A,H,-,A,D,0,NA,NA,NA,NA,Y,NA,A,07,0,0,2,0,0,0,0,0,0,-,-,33.248191833496094,-117.22879028320313,SAN DIEGO,UNINCORPORATED,-117.22811889648438,33.2473030090332
92266268,2023,2023-12-19,9645,2023-12-12,1000,017473,NA,2,1,7,3711,0,1,1,NA,2,007,I-5 N/B,LA JOLLA VILLAGE DR.,500,N,N,A,-,Y,SD,NA,5,NA,R,28.725,H,NA,R,Y,4,0,2,3,A,-,03,22350,NA,N,C,C,A,A,H,-,A,D,0,NA,NA,NA,NA,Y,NA,A,01,0,0,2,0,0,0,0,0,0,-,-,32.876461029052734,-117.22859954833984,SAN DIEGO,SAN DIEGO,-117.22865295410156,32.87646484375
92266380,2023,2023-12-19,9645,2023-12-13,1116,019712,NA,3,1,7,3711,0,1,1,NA,2,010,I-8 E/B,PRESIDIO PARK,200,E,N,A,-,Y,SD,NA,8,NA,NA,1.162,H,NA,R,N,4,0,1,3,A,-,03,22350,NA,N,C,C,A,A,H,-,A,D,0,NA,NA,NA,NA,Y,NA,A,01,0,0,1,0,0,0,0,0,0,-,-,32.759368896484375,-117.1846923828125,SAN DIEGO,SAN DIEGO,-117.18468475341795,32.759403228759766
92268512,2023,2023-12-21,9650,2023-12-05,1853,020474,NA,2,2,9,3700,0,2,4,NA,2,063,S. MISSION ROAD,CLEMMENS LANE,637,S,N,A,-,N,NA,NA,NA,NA,NA,NA,NA,NA,NA,N,2,0,1,2,A,-,08,22107,NA,N,D,C,A,A,H,-,C,D,0,NA,NA,Y,NA,Y,NA,D,22,1,0,0,0,0,0,0,0,1,-,-,33.36756896972656,-117.2502899169922,SAN DIEGO,UNINCORPORATED,-117.25041961669922,33.3676643371582
9226999,2021,2021-03-24,3711,2021-02-25,2140,SD6996,NA,4,5,7,3711,0,0,0,NA,0,313,AERO DR,JOHN MONTGOMERY DR,0,NA,Y,A,-,N,NA,NA,NA,NA,NA,NA,NA,NA,NA,N,4,0,2,2,A,-,03,22350,NA,N,C,C,A,A,H,-,C,A,0,NA,NA,NA,NA,Y,NA,D,22,0,0,2,0,0,0,0,0,0,-,-,NA,NA,SAN DIEGO,SAN DIEGO,-117.140155,32.809712
9227007,2021,2021-03-23,3711,2021-02-28,2109,SD4310,NA,7,5,7,3711,0,0,0,NA,0,526,PERSHING DR,REDWOOD ST,6,E,N,A,-,N,NA,NA,NA,NA,NA,NA,NA,NA,NA,Y,4,0,1,1,A,-,08,22107,NA,N,E,I,A,A,H,-,E,D,0,NA,NA,NA,NA,Y,NA,A,01,0,0,1,0,0,0,0,0,0,-,-,NA,NA,SAN DIEGO,SAN DIEGO,-117.13458251953124,32.7370719909668
92271332,2023,2023-12-26,9680,2023-12-14,45,021724,NA,4,3,9,3700,0,1,3,NA,2,027,SR-125 N/B,TROY STREET,1306,N,N,A,-,Y,SD,NA,125,NA,NA,12.388,H,NA,R,Y,3,0,1,1,A,-,08,22107,NA,N,E,I,A,A,H,-,C,D,0,NA,NA,NA,NA,Y,NA,A,01,0,1,0,0,0,0,0,0,0,-,-,32.74016189575195,-117.01544189453124,SAN DIEGO,UNINCORPORATED,-117.01561737060548,32.74013137817383
92272138,2023,2023-12-27,9680,2023-12-15,614,020116,NA,5,1,9,3700,0,2,4,NA,1,013,WILDCAT CANYON RD,MUTH VALLEY RD,35,S,N,A,-,N,NA,NA,NA,NA,NA,NA,NA,NA,NA,N,3,0,1,2,A,-,11,21954,A,N,G,B,E,A,H,-,B,D,0,Y,NA,NA,NA,Y,NA,N,60,0,1,0,0,1,0,0,0,0,-,-,32.899139404296875,-116.88829803466795,SAN DIEGO,UNINCORPORATED,-116.88827514648438,32.89912033081055
9227383,2021,2021-04-20,3710,2021-03-09,1544,OC1494,NA,2,5,6,3710,0,0,0,NA,0,011,MISSION AV,AIRPORT RD,34,W,N,A,-,N,NA,NA,NA,NA,NA,NA,NA,NA,NA,N,4,0,2,2,A,-,04,21703,NA,N,C,A,A,A,H,-,A,A,0,NA,NA,NA,NA,Y,NA,A,01,0,0,2,0,0,0,0,0,0,-,-,NA,NA,SAN DIEGO,OCEANSIDE,-117.348388671875,33.21331024169922
92273836,2023,2023-12-28,9680,2023-12-17,1700,017401,NA,7,2,9,3700,0,1,3,NA,1,051,SR-79,SUNRISE HWY,3168,S,N,A,-,Y,SD,NA,79,NA,NA,13.793,H,NA,R,Y,3,0,1,1,A,-,03,22350,NA,N,F,A,A,A,H,-,D,A,0,NA,NA,Y,NA,Y,NA,C,02,0,1,0,0,0,0,0,0,1,-,-,33.0022087097168,-116.56455230712892,SAN DIEGO,UNINCORPORATED,-116.56462097167967,33.002254486083984
92276359,2023,2024-01-02,9650,2023-12-20,1700,017833,NA,3,2,9,3700,0,3,5,NA,2,070,LINEA DEL CIELO,EL CAMINO REAL,0,NA,Y,B,-,N,NA,NA,NA,NA,NA,NA,NA,NA,NA,Y,3,0,3,2,A,-,09,21802,A,N,D,C,A,A,H,-,D,A,0,NA,NA,NA,NA,Y,NA,A,01,0,1,2,0,0,0,0,0,0,-,-,33.00056076049805,-117.22604370117188,SAN DIEGO,UNINCORPORATED,-117.2260513305664,33.000579833984375
92279601,2023,2024-01-04,9645,2023-12-20,1735,022814,NA,3,2,7,3711,0,1,1,NA,2,021,SR-15 SOUTHBOUND,MARKET STREET,180,N,N,A,-,Y,SD,NA,15,NA,NA,1.89,H,NA,L,Y,4,0,3,2,A,-,03,22350,NA,N,C,C,A,A,H,-,C,D,0,NA,NA,NA,NA,Y,NA,A,01,0,0,3,0,0,0,0,0,0,-,-,32.71223068237305,-117.1188507080078,SAN DIEGO,SAN DIEGO,-117.11878967285156,32.71221160888672
92282684,2023,2024-01-09,9645,2023-12-28,550,017723,NA,4,3,7,3711,0,1,1,NA,2,009,I-805 NB FROM IMPERIAL AVE.,IMPERIAL AVE.,0,NA,Y,A,-,Y,NA,NA,NA,NA,NA,NA,NA,NA,NA,N,4,0,1,2,A,-,10,21950,A,F,G,B,B,A,H,-,B,A,0,Y,NA,NA,NA,Y,NA,-,99,0,0,1,0,1,0,0,0,0,-,-,32.70429992675781,-117.09436798095705,SAN DIEGO,SAN DIEGO,-117.0949478149414,32.70414733886719
92282757,2023,2024-01-09,9645,2023-12-30,832,017678,NA,6,1,7,3711,0,1,1,NA,2,021,I-15 N/B,I-8 U/C,800,S,N,B,C,Y,SD,NA,15,NA,R,5.928,H,NA,R,N,3,0,1,1,A,-,03,22350,NA,N,E,I,A,B,H,-,A,D,0,NA,NA,NA,NA,Y,NA,A,01,0,1,0,0,0,0,0,0,0,-,-,32.77574157714844,-117.11176300048828,SAN DIEGO,SAN DIEGO,-117.11161041259766,32.775733947753906
92283971,2024,2024-01-10,9680,2024-01-01,131,023298,NA,1,3,9,3700,0,1,3,NA,1,022,SR-54 (JAMACHA ROAD),JAMACHA WAY,0,NA,Y,A,-,Y,SD,NA,54,NA,T,12.718,H,NA,R,Y,3,0,1,2,A,-,09,21802,A,N,D,C,A,A,H,-,C,A,0,NA,NA,NA,NA,Y,NA,A,01,0,1,0,0,0,0,0,0,0,-,-,32.754451751708984,-116.9272689819336,SAN DIEGO,UNINCORPORATED,-116.92725372314452,32.754451751708984
9228429,2020,2021-02-20,3700,2020-12-14,1538,SH0315,NA,1,5,5,3782,0,0,0,NA,0,223,RANCHO SANTA FE RD,WHISPER WIND DR,200,N,N,A,-,N,NA,NA,NA,NA,NA,NA,NA,NA,NA,Y,4,0,1,2,A,-,03,22350,NA,N,C,C,A,A,H,-,A,D,0,NA,NA,NA,NA,Y,NA,A,07,0,0,1,0,0,0,0,0,0,-,-,NA,NA,SAN DIEGO,ENCINITAS,-117.23452758789063,33.046268463134766
92285363,2024,2024-01-11,9680,2024-01-02,1500,019475,NA,2,2,9,3700,0,1,1,NA,2,084,I-8 W/B,TAVERN RD,670,E,N,A,-,Y,SD,NA,8,NA,R,28.593,H,NA,L,Y,2,0,2,1,A,-,08,22107,NA,N,F,A,A,A,H,-,A,D,0,NA,NA,NA,NA,Y,NA,D,22,1,0,1,0,0,0,0,0,0,-,-,32.84062957763672,-116.77754974365234,SAN DIEGO,UNINCORPORATED,-116.77753448486328,32.84052276611328
92286205,2024,2024-01-12,9645,2024-01-06,1440,022729,NA,6,2,7,3711,0,1,3,NA,2,006,SR-94 WESTBOUND,COLLEGE GROVE WAY,1056,W,N,A,-,Y,SD,NA,94,NA,NA,7.028,H,NA,L,Y,4,0,2,3,A,-,08,22107,NA,N,B,C,A,A,H,-,A,D,0,NA,NA,NA,NA,Y,NA,A,01,0,0,2,0,0,0,0,0,0,-,-,32.73395919799805,-117.05866241455078,SAN DIEGO,SAN DIEGO,-117.0587158203125,32.73400115966797
92286341,2024,2024-01-12,9680,2024-01-03,1030,019936,NA,3,1,9,3700,0,3,5,NA,2,002,HELIX ST,ROSEDALE DR,385,S,N,B,C,N,NA,NA,NA,NA,NA,NA,NA,NA,NA,Y,4,0,1,1,A,-,03,22350,NA,N,F,A,A,B,H,-,A,A,0,NA,NA,NA,NA,Y,NA,A,07,0,0,1,0,0,0,0,0,0,-,-,32.735328674316406,-117.00090789794922,SAN DIEGO,UNINCORPORATED,-117.00078582763672,32.73540496826172
92286364,2024,2024-01-12,9680,2024-01-04,1039,021077,NA,4,1,9,3700,0,2,4,NA,1,010,PARKSIDE ST,MAINE AVE,0,NA,Y,A,-,N,NA,NA,NA,NA,NA,NA,NA,NA,NA,Y,4,0,1,2,A,-,12,22450,A,N,D,C,A,A,H,-,A,A,0,NA,NA,NA,NA,Y,NA,A,01,0,0,1,0,0,0,0,0,0,-,-,32.85865020751953,-116.92157745361328,SAN DIEGO,UNINCORPORATED,-116.92160034179688,32.85865783691406
92287112,2023,2024-01-15,9680,2023-10-14,230,022653,NA,6,3,9,3700,0,1,3,NA,2,016,SR-67 S/B FROM BRADLEY AVENUE,BRADLEY AVE,17,S,N,A,-,Y,NA,NA,NA,NA,NA,NA,NA,NA,NA,N,4,0,1,1,A,-,01,23152,A,N,E,I,A,A,H,-,C,A,0,NA,NA,NA,NA,Y,Y,A,01,0,0,1,0,0,0,0,0,0,-,-,32.8189811706543,-116.96131134033205,SAN DIEGO,UNINCORPORATED,-116.96131134033205,32.8189811706543