CASE_ID,ACCIDENT_YEAR,PROC_DATE,JURIS,COLLISION_DATE,COLLISION_TIME,OFFICER_ID,REPORTING_DISTRICT,DAY_OF_WEEK,CHP_SHIFT,POPULATION,CNTY_CITY_LOC,SPECIAL_COND,BEAT_TYPE,CHP_BEAT_TYPE,CITY_DIVISION_LAPD,CHP_BEAT_CLASS,BEAT_NUMBER,PRIMARY_RD,SECONDARY_RD,DISTANCE,DIRECTION,INTERSECTION,WEATHER_1,WEATHER_2,STATE_HWY_IND,CALTRANS_COUNTY,CALTRANS_DISTRICT,STATE_ROUTE,ROUTE_SUFFIX,POSTMILE_PREFIX,POSTMILE,LOCATION_TYPE,RAMP_INTERSECTION,SIDE_OF_HWY,TOW_AWAY,COLLISION_SEVERITY,NUMBER_KILLED,NUMBER_INJURED,PARTY_COUNT,PRIMARY_COLL_FACTOR,PCF_CODE_OF_VIOL,PCF_VIOL_CATEGORY,PCF_VIOLATION,PCF_VIOL_SUBSECTION,HIT_AND_RUN,TYPE_OF_COLLISION,MVIW,PED_ACTION,ROAD_SURFACE,ROAD_COND_1,ROAD_COND_2,LIGHTING,CONTROL_DEVICE,CHP_ROAD_TYPE,PEDESTRIAN_ACCIDENT,BICYCLE_ACCIDENT,MOTORCYCLE_ACCIDENT,TRUCK_ACCIDENT,NOT_PRIVATE_PROPERTY,ALCOHOL_INVOLVED,STWD_VEHTYPE_AT_FAULT,CHP_VEHTYPE_AT_FAULT,COUNT_SEVERE_INJ,COUNT_VISIBLE_INJ,COUNT_COMPLAINT_PAIN,COUNT_PED_KILLED,COUNT_PED_INJURED,COUNT_BICYCLIST_KILLED,COUNT_BICYCLIST_INJURED,COUNT_MC_KILLED,COUNT_MC_INJURED,PRIMARY_RAMP,SECONDARY_RAMP,LATITUDE,LONGITUDE,COUNTY,CITY,POINT_X,POINT_Y
9296395,2021,2021-09-09,3700,2021-07-25,0755,SH5656,NA,7,5,5,3781,0,0,0,NA,0,516,MISSION GORGE RD,WEST HILLS PKWY,0,NA,Y,A,-,N,NA,NA,NA,NA,NA,NA,NA,NA,NA,N,4,0,2,2,A,-,12,21453,A,N,D,C,A,A,H,-,A,A,0,NA,NA,NA,NA,Y,NA,A,01,0,0,2,0,0,0,0,0,0,-,-,NA,NA,SAN DIEGO,SANTEE,-117.0267333984375,32.83710479736328
9296681,2021,2021-09-09,3711,2021-08-09,1057,SD7748,NA,1,5,7,3711,0,0,0,NA,0,613,KEMPER ST,KEMPER ST 3233,0,NA,N,A,-,N,NA,NA,NA,NA,NA,NA,NA,NA,NA,N,3,0,1,2,A,-,09,21801,A,N,D,C,A,A,H,-,A,D,0,NA,NA,Y,NA,Y,NA,A,01,0,1,0,0,0,0,0,0,1,-,-,NA,NA,SAN DIEGO,SAN DIEGO,-117.21731567382813,32.74994659423828
9297304,2021,2021-08-30,3711,2021-06-27,1940,SD7461,NA,7,5,7,3711,0,0,0,NA,0,521,BROADWAY,PARK AV,0,NA,Y,A,-,N,NA,NA,NA,NA,NA,NA,NA,NA,NA,N,2,0,1,2,A,-,05,21202,A,N,D,G,A,A,H,-,A,A,0,NA,Y,NA,NA,Y,Y,L,04,1,0,0,0,0,0,1,0,0,-,-,NA,NA,SAN DIEGO,SAN DIEGO,-117.15377044677734,32.715736389160156
9297418,2021,2021-08-09,3700,2021-06-15,1444,SH7085,NA,2,5,5,3713,0,0,0,NA,0,310,SOUTH SANTA FE AV,CIVIC CENTER DR,137,W,N,A,-,N,NA,NA,NA,NA,NA,NA,NA,NA,NA,N,4,0,2,3,A,-,03,22350,NA,F,C,C,A,A,H,-,A,A,0,NA,NA,NA,NA,Y,NA,A,01,0,0,2,0,0,0,0,0,0,-,-,NA,NA,SAN DIEGO,VISTA,-117.23472595214844,33.19406509399414
9297669,2021,2021-08-18,3710,2021-07-22,1432,OC1497,NA,4,5,6,3710,0,0,0,NA,0,016,LOS ARBOLITOS BL,FREDRICKS AV,0,NA,Y,A,-,N,NA,NA,NA,NA,NA,NA,NA,NA,NA,Y,3,0,3,2,A,-,09,21802,A,N,D,C,A,A,H,-,A,D,0,NA,NA,Y,NA,Y,NA,A,01,0,1,2,0,0,0,0,0,2,-,-,NA,NA,SAN DIEGO,OCEANSIDE,-117.33528900146484,33.22808074951172
9297825,2021,2021-08-25,3711,2021-07-29,1920,SD7639,NA,4,5,7,3711,0,0,0,NA,0,437,SKYLINE DR,LAUSANNE DR,100,E,N,A,-,N,NA,NA,NA,NA,NA,NA,NA,NA,NA,N,4,0,3,4,A,-,08,22107,NA,N,C,C,A,A,H,-,C,D,0,NA,NA,NA,NA,Y,NA,-,NA,0,0,3,0,0,0,0,0,0,-,-,NA,NA,SAN DIEGO,SAN DIEGO,-117.04003143310548,32.7038688659668
9297862,2021,2021-08-12,3700,2021-07-09,2043,SH3684,NA,5,5,5,3713,0,0,0,NA,0,319,SOUTH MELROSE DR,BUENA VISTA DR,0,NA,Y,A,-,N,NA,NA,NA,NA,NA,NA,NA,NA,NA,Y,4,0,2,2,A,-,12,21453,A,N,D,C,A,A,H,-,C,A,0,NA,NA,NA,NA,Y,NA,A,08,0,0,2,0,0,0,0,0,0,-,-,NA,NA,SAN DIEGO,VISTA,-117.24736785888672,33.16700744628906
9298666,2021,2021-10-09,3711,2021-08-01,0011,SD7943,NA,7,5,7,3711,0,0,0,NA,0,122,GARNET AV,GARNET AV 1079,0,NA,N,A,-,N,NA,NA,NA,NA,NA,NA,NA,NA,NA,N,3,0,1,2,A,-,08,22107,NA,N,C,E,A,A,H,-,C,D,0,NA,NA,NA,NA,Y,NA,-,NA,0,1,0,0,0,0,0,0,0,-,-,NA,NA,SAN DIEGO,SAN DIEGO,-117.21725463867188,32.80641174316406
9300302,2021,2021-08-17,3711,2021-07-21,0530,SD8684,NA,3,5,7,3711,0,0,0,NA,0,122,RIVIERA DR,PACIFIC BEACH DR,0,NA,Y,B,-,N,NA,NA,NA,NA,NA,NA,NA,NA,NA,Y,4,0,1,4,A,-,08,22107,NA,M,D,E,A,A,H,-,B,D,0,NA,NA,NA,NA,Y,NA,A,01,0,0,1,0,0,0,0,0,0,-,-,NA,NA,SAN DIEGO,SAN DIEGO,-117.24182891845705,32.793418884277344
9300711,2021,2021-10-20,3709,2021-07-18,2025,NC0530,NA,7,5,5,3709,0,0,0,NA,0,021,BAY MARINA DR,RT 5,0,NA,Y,A,-,Y,SD,11,5,-,R,10.213,R,4,S,Y,4,0,1,2,A,-,12,21453,A,M,D,C,A,A,H,-,C,A,0,NA,NA,Y,NA,Y,Y,C,02,0,0,1,0,0,0,0,0,0,-,SF,NA,NA,SAN DIEGO,NATIONAL CITY,-117.10905456542967,32.66215515136719
9301718,2021,2023-06-21,3711,2021-08-28,0413,SD8000,NA,6,5,7,3711,0,0,0,NA,0,123,INGRAHAM ST (BLOCK 2400),INGRAHAM ST (BLOCK 2500),37,E,N,B,-,N,NA,NA,NA,NA,NA,NA,NA,NA,NA,Y,1,1,0,2,A,-,11,21954,A,N,G,B,E,A,H,-,C,D,0,Y,NA,NA,NA,Y,NA,N,60,0,0,0,1,0,0,0,0,0,-,-,NA,NA,SAN DIEGO,SAN DIEGO,-117.233375,32.766112
9301753,2021,2021-10-21,3711,2021-09-08,0004,SD5972,NA,3,5,7,3711,0,0,0,NA,0,813,UNIVERSITY AV,MISSISSIPPI ST,0,NA,Y,A,-,N,NA,NA,NA,NA,NA,NA,NA,NA,NA,N,1,1,0,2,A,-,10,21950,A,F,G,B,B,A,H,-,C,A,0,Y,NA,NA,NA,Y,Y,-,99,0,0,0,1,0,0,0,0,0,-,-,NA,NA,SAN DIEGO,SAN DIEGO,-117.14126586914063,32.748443603515625
9301797,2021,2023-06-21,3711,2021-07-23,1730,SD7233,NA,5,5,7,3711,0,0,0,NA,0,114,GENESEE AV,SAUK  AV,10,N,N,A,-,N,NA,NA,NA,NA,NA,NA,NA,NA,NA,N,1,1,0,2,A,-,07,21658,A,N,D,C,A,A,H,-,A,A,0,NA,NA,Y,NA,Y,Y,O,05,0,0,0,0,0,0,0,1,0,-,-,NA,NA,SAN DIEGO,SAN DIEGO,-117.1947784423828,32.83192825317383
9301798,2021,2021-09-16,3700,2021-07-24,2310,SH3684,NA,6,5,5,3713,0,0,0,NA,0,302,EAST VISTA WY,ARCADIA AV,187,N,N,A,-,N,NA,NA,NA,NA,NA,NA,NA,NA,NA,N,1,1,0,2,A,-,11,21955,NA,F,G,B,D,A,H,-,C,A,0,Y,NA,NA,NA,Y,Y,N,60,0,0,0,1,0,0,0,0,0,-,-,NA,NA,SAN DIEGO,VISTA,-117.22614288330078,33.22541046142578
9302358,2021,2021-10-21,3711,2021-08-03,0555,SD7800,NA,2,5,7,3711,0,0,0,NA,0,725,DEL SOL BL,RIVIERA SHORES ST,15,W,N,A,-,N,NA,NA,NA,NA,NA,NA,NA,NA,NA,N,4,0,1,2,A,-,08,22107,NA,N,D,C,A,A,H,-,A,D,0,NA,NA,NA,NA,Y,NA,A,01,0,0,1,0,0,0,0,0,0,-,-,NA,NA,SAN DIEGO,SAN DIEGO,-117.03752136230467,32.57347869873047
9303362,2021,2021-08-20,3700,2021-06-27,0157,SH7085,NA,7,5,5,3713,0,0,0,NA,0,312,BREEZE HILL RD,LA TORTUGA DR,205,E,N,A,-,N,NA,NA,NA,NA,NA,NA,NA,NA,NA,Y,3,0,1,4,A,-,08,22107,NA,M,E,E,A,A,H,-,C,D,0,NA,NA,NA,NA,Y,NA,A,01,0,1,0,0,0,0,0,0,0,-,-,NA,NA,SAN DIEGO,VISTA,-117.25862121582033,33.18902587890625
93051170,2024,2024-07-31,9645,2024-07-15,1424,018678,NA,1,2,7,3711,0,1,3,NA,2,023,SR-163 (S/B),I-5 O/C,520,S,N,A,-,Y,SD,NA,163,NA,NA,0.776,H,NA,L,Y,3,0,1,2,A,-,03,22350,NA,N,C,C,A,A,H,-,A,A,0,NA,NA,Y,NA,Y,NA,C,02,0,1,0,0,0,0,0,0,1,-,-,32.72243118286133,-117.15534973144533,SAN DIEGO,SAN DIEGO,-117.15531158447266,32.72243118286133
9307396,2021,2021-10-23,3711,2021-08-03,0035,SD1329,NA,2,5,7,3711,0,0,0,NA,0,512,OCEANVIEW BL,SOUTH 32ND ST,0,NA,Y,-,-,N,NA,NA,NA,NA,NA,NA,NA,NA,NA,Y,4,0,1,2,A,-,08,22107,NA,N,C,E,A,A,H,-,C,D,0,NA,NA,NA,NA,Y,Y,A,01,0,0,1,0,0,0,0,0,0,-,-,NA,NA,SAN DIEGO,SAN DIEGO,-117.1252212524414,32.70122146606445
9310259,2021,2021-09-10,3702,2021-07-15,1750,CV1277,NA,4,5,6,3702,0,0,0,NA,0,011,BROADWAY,DAVIDSON ST,20,N,N,A,-,N,NA,NA,NA,NA,NA,NA,NA,NA,NA,Y,4,0,2,2,A,-,03,22350,NA,N,C,C,A,A,H,-,A,D,0,NA,NA,NA,NA,Y,NA,A,01,0,0,2,0,0,0,0,0,0,-,-,NA,NA,SAN DIEGO,CHULA VISTA,-117.09284210205078,32.63962173461914
9310419,2021,2021-10-02,3711,2021-08-09,0955,SD7844,NA,1,5,7,3711,0,0,0,NA,0,441,WEBSTER AV,S 36TH ST,0,NA,Y,A,-,N,NA,NA,NA,NA,NA,NA,NA,NA,NA,N,4,0,1,2,D,-,00,NA,NA,N,C,C,A,A,H,-,A,D,0,NA,NA,NA,NA,Y,NA,-,-,0,0,1,0,0,0,0,0,0,-,-,NA,NA,SAN DIEGO,SAN DIEGO,-117.11682,32.70445
9313732,2021,2021-10-25,3711,2021-08-19,1635,SD6998,NA,4,5,7,3711,0,0,0,NA,0,232,CARMEL MOUNTAIN RD,RANCHO CARMEL DR,234,W,N,A,-,N,NA,NA,NA,NA,NA,NA,NA,NA,NA,N,4,0,1,2,A,-,03,22350,NA,N,C,C,A,-,H,-,A,A,0,NA,NA,NA,NA,Y,NA,A,07,0,0,1,0,0,0,0,0,0,-,-,NA,NA,SAN DIEGO,SAN DIEGO,-117.08282470703124,32.97890853881836
9314264,2021,2021-10-14,3711,2021-08-06,1530,SD7277,NA,5,5,7,3711,0,0,0,NA,0,611,SPORTS ARENA BL,ROSECRANS ST,435,W,N,A,-,N,NA,NA,NA,NA,NA,NA,NA,NA,NA,N,3,0,1,2,A,-,05,21651,A,N,D,C,A,A,H,-,A,A,0,NA,NA,NA,NA,Y,NA,A,01,0,1,0,0,0,0,0,0,0,-,-,NA,NA,SAN DIEGO,SAN DIEGO,-117.20616912841795,32.752052307128906
9314438,2021,2021-10-14,3711,2021-08-15,1628,SD1074,NA,7,5,7,3711,0,0,0,NA,0,524,10TH AV,A ST,0,NA,Y,A,-,N,NA,NA,NA,NA,NA,NA,NA,NA,NA,Y,3,0,2,2,A,-,12,21453,A,N,D,C,A,A,H,-,A,A,0,NA,NA,NA,NA,Y,NA,A,01,0,1,1,0,0,0,0,0,0,-,-,NA,NA,SAN DIEGO,SAN DIEGO,-117.15561676025392,32.7188606262207
9314760,2021,2021-09-15,3709,2021-07-20,0834,NC0526,NA,2,5,5,3709,0,0,0,NA,0,024,D AV,E 27TH ST,72,S,N,A,-,N,NA,NA,NA,NA,NA,NA,NA,NA,NA,N,3,0,1,1,A,-,03,22350,NA,N,H,J,A,A,H,-,A,D,0,NA,Y,NA,NA,Y,Y,L,04,0,1,0,0,0,0,1,0,0,-,-,NA,NA,SAN DIEGO,NATIONAL CITY,-117.09633636474608,32.660404205322266
9316357,2021,2021-09-22,3711,2021-08-18,2034,SD1622,NA,3,5,7,3711,0,0,0,NA,0,521,15TH ST,J ST,0,NA,Y,A,-,N,NA,NA,NA,NA,NA,NA,NA,NA,NA,Y,3,0,1,2,A,-,21,22106,NA,N,G,B,E,A,H,-,C,D,0,Y,NA,NA,NA,Y,NA,A,01,0,1,0,0,1,0,0,0,0,-,-,NA,NA,SAN DIEGO,SAN DIEGO,-117.15036010742188,32.70941162109375
9316369,2021,2021-09-18,3711,2021-08-18,1620,SD7918,NA,3,5,7,3711,0,0,0,NA,0,837,HOME AV,GATEWAY DR,0,NA,Y,A,-,N,NA,NA,NA,NA,NA,NA,NA,NA,NA,N,3,0,2,5,A,-,03,22350,NA,N,C,C,A,A,H,-,A,D,0,NA,NA,NA,NA,Y,NA,A,01,0,2,0,0,0,0,0,0,0,-,-,NA,NA,SAN DIEGO,SAN DIEGO,-117.1076202392578,32.72325134277344
9316688,2021,2021-09-11,3705,2021-07-22,1440,EC0383,NA,4,5,5,3705,0,0,0,NA,0,002,E MADISON AV,N 1ST ST,113,W,N,A,-,N,NA,NA,NA,NA,NA,NA,NA,NA,NA,N,4,0,3,2,A,-,03,22350,NA,N,C,C,A,A,H,-,A,D,0,NA,NA,NA,NA,Y,NA,A,01,0,0,3,0,0,0,0,0,0,-,-,NA,NA,SAN DIEGO,EL CAJON,-116.94497680664063,32.800140380859375
93167609,2024,2024-08-01,9680,2024-07-22,1133,017025,NA,1,1,9,3700,0,1,3,NA,1,030,SR-79,OLD HWY 80,0,NA,Y,A,-,Y,SD,NA,79,NA,NA,0.001,H,NA,R,Y,3,0,3,2,A,-,09,21802,A,N,D,C,A,A,H,-,A,A,0,NA,NA,NA,NA,Y,NA,A,07,0,3,0,0,0,0,0,0,0,-,-,32.85253143310547,-116.59441375732422,SAN DIEGO,UNINCORPORATED,-116.594482421875,32.852474212646484
9318820,2021,2021-10-07,3702,2021-08-06,2105,CV1341,NA,5,5,6,3702,0,0,0,NA,0,024,EAST ORANGE AV,MELROSE AV,0,NA,Y,A,-,N,NA,NA,NA,NA,NA,NA,NA,NA,NA,Y,4,0,2,2,A,-,09,21801,A,N,D,C,A,A,H,-,C,A,0,NA,NA,NA,NA,Y,NA,A,07,0,0,2,0,0,0,0,0,0,-,-,NA,NA,SAN DIEGO,CHULA VISTA,-117.03896331787108,32.60469436645508
9319911,2021,2021-09-16,3700,2021-07-17,0602,SH7236,NA,6,5,5,3712,0,0,0,NA,0,355,S LAS POSAS RD,STONE DR,134,N,N,A,-,N,NA,NA,NA,NA,NA,NA,NA,NA,NA,Y,3,0,1,1,A,-,03,22350,NA,N,F,I,A,A,H,-,A,D,0,NA,NA,NA,NA,Y,NA,D,22,0,1,0,0,0,0,0,0,0,-,-,NA,NA,SAN DIEGO,SAN MARCOS,-117.19492340087892,33.13595962524414
9320049,2021,2021-11-04,3711,2021-09-29,0627,SD6210,NA,3,5,7,3711,0,0,0,NA,0,932,SORRENTO VALLEY RD,TRIPP CT,1111,S,N,A,-,N,NA,NA,NA,NA,NA,NA,NA,NA,NA,Y,1,1,2,2,A,-,03,22350,NA,N,D,C,A,A,H,-,B,D,0,NA,NA,Y,NA,Y,NA,C,02,0,1,1,0,0,0,0,1,0,-,-,NA,NA,SAN DIEGO,SAN DIEGO,-117.23202514648438,32.912418365478516
9320323,2021,2022-02-02,3711,2021-09-27,1225,SD6532,NA,1,5,7,3711,0,0,0,NA,0,722,SUNSET AV,SUNSET AV 2500,18,W,N,B,-,N,NA,NA,NA,NA,NA,NA,NA,NA,NA,N,1,1,1,2,A,-,08,22107,NA,N,H,G,A,A,G,-,A,D,0,NA,Y,NA,NA,Y,NA,A,01,0,0,1,0,0,1,0,0,0,-,-,NA,NA,SAN DIEGO,SAN DIEGO,-117.18875122070313,32.75170135498047
9320429,2021,2023-06-21,3711,2021-12-27,1319,SD7839,NA,1,5,7,3711,0,0,0,NA,0,231,POWAY RD,CREEKVIEW DR,30,W,N,B,-,N,NA,NA,NA,NA,NA,NA,NA,NA,NA,Y,1,1,1,2,A,-,12,21453,A,N,D,C,A,A,H,-,A,A,0,NA,NA,NA,NA,Y,NA,D,22,0,0,1,0,0,0,0,0,0,-,-,NA,NA,SAN DIEGO,SAN DIEGO,-117.09033966064452,32.94626998901367
9320594,2022,2022-04-07,3711,2022-03-06,1913,SD7759,NA,7,5,7,3711,0,0,0,NA,0,446,LOGAN AV,S 49TH ST,184,E,N,A,-,N,NA,NA,NA,NA,NA,NA,NA,NA,NA,N,1,1,0,2,A,-,11,21950,B,F,G,B,D,A,H,-,B,D,0,Y,NA,NA,NA,Y,NA,N,60,0,0,0,1,0,0,0,0,0,-,-,NA,NA,SAN DIEGO,SAN DIEGO,-117.0888442993164,32.69679641723633
9321143,2023,2025-06-28,3711,2023-01-22,128,SD4310,NA,7,5,7,3711,0,0,0,NA,0,122,RIVIERA DR,LA CIMA DR,325,S,N,A,-,N,NA,NA,NA,NA,NA,NA,NA,NA,NA,Y,1,1,2,4,A,-,03,22350,NA,N,C,E,-,A,H,-,C,D,0,Y,NA,NA,NA,Y,Y,D,22,0,2,0,1,1,0,0,0,0,-,-,NA,NA,SAN DIEGO,SAN DIEGO,-117.23876953125,32.78141403198242
9321327,2022,2022-07-26,3710,2022-06-25,0155,OC1529,NA,6,5,6,3710,0,0,0,NA,0,010,RT 76,CANYON DR,1060,W,N,B,-,Y,SD,11,76,-,R,0.956,H,-,E,Y,2,0,3,2,A,-,01,23152,A,N,A,C,A,A,H,-,D,D,0,NA,NA,NA,NA,Y,Y,A,01,3,0,0,0,0,0,0,0,0,-,-,NA,NA,SAN DIEGO,OCEANSIDE,-117.37092590332033,33.21241760253906
9321363,2022,2022-08-02,3703,2022-06-30,1702,1312,1,4,5,3,3703,0,0,0,NA,0,001,ORANGE AV,4TH ST,60,N,N,A,-,Y,SD,11,75,-,-,19.61,H,-,S,N,4,0,1,2,A,-,08,22107,NA,N,C,C,A,A,H,-,A,A,0,NA,NA,NA,NA,Y,NA,A,07,0,0,1,0,0,0,0,0,0,-,-,32.69575119018555,-117.17398071289063,SAN DIEGO,CORONADO,-117.17478942871094,32.694793701171875
9321738,2021,2021-11-30,3711,2021-09-08,1145,SD5531,NA,3,5,7,3711,0,0,0,NA,0,124,LA JOLLA MESA DR,LA JOLLA MESA DR 5300,0,NA,-,A,-,N,NA,NA,NA,NA,NA,NA,NA,NA,NA,N,3,0,1,2,A,-,08,22107,NA,N,C,C,A,A,H,-,A,A,0,NA,NA,NA,NA,Y,NA,A,01,0,1,0,0,0,0,0,0,0,-,-,NA,NA,SAN DIEGO,SAN DIEGO,NA,NA
9321903,2021,2021-10-04,3711,2021-08-28,2334,SD7882,NA,6,5,7,3711,0,0,0,NA,0,116,TOKALON ST,TOKALON ST 2700,0,NA,-,A,-,N,NA,NA,NA,NA,NA,NA,NA,NA,NA,N,3,0,1,2,A,-,08,22107,NA,N,B,E,A,A,H,-,C,-,0,NA,NA,NA,NA,Y,NA,A,01,0,1,0,0,0,0,0,0,0,-,-,NA,NA,SAN DIEGO,SAN DIEGO,NA,NA
9324029,2021,2021-10-14,3711,2021-09-02,1727,SD7288,NA,4,5,7,3711,0,0,0,NA,0,721,PALM AV,PALM AV 1881,0,NA,N,A,-,N,NA,NA,NA,NA,NA,NA,NA,NA,NA,N,4,0,1,2,A,-,08,22107,NA,M,B,C,A,A,H,-,A,D,0,NA,NA,NA,NA,Y,Y,-,NA,0,0,1,0,0,0,0,0,0,-,-,NA,NA,SAN DIEGO,SAN DIEGO,-117.0857391357422,32.58381652832031
9324212,2021,2021-09-27,3711,2021-08-29,2245,7738,NA,7,5,7,3711,0,0,0,NA,0,122,GRAND AV,INGRAHAM ST,0,NA,Y,A,-,N,NA,NA,NA,NA,NA,NA,NA,NA,NA,N,4,0,2,2,A,-,03,22350,NA,M,C,C,A,A,H,-,C,A,0,NA,NA,NA,NA,Y,NA,-,NA,0,0,2,0,0,0,0,0,0,-,-,NA,NA,SAN DIEGO,SAN DIEGO,-117.2402801513672,32.79792785644531
9324354,2021,2021-11-10,3711,2021-09-04,0131,SD1548,NA,6,5,7,3711,0,0,0,NA,0,832,FAIRMOUNT AV,EL CAJON BL,0,NA,Y,A,-,N,NA,NA,NA,NA,NA,NA,NA,NA,NA,Y,4,0,1,2,A,-,12,21453,A,M,D,C,A,B,H,-,C,A,0,NA,NA,NA,NA,Y,Y,A,01,0,0,1,0,0,0,0,0,0,-,-,NA,NA,SAN DIEGO,SAN DIEGO,-117.100830078125,32.755069732666016
9327805,2021,2021-10-21,3711,2021-09-18,1725,SD8684,NA,6,5,7,3711,0,0,0,NA,0,121,MISSION BL,JERSEY CT,0,NA,Y,A,-,N,NA,NA,NA,NA,NA,NA,NA,NA,NA,Y,3,0,1,3,A,-,08,22107,NA,N,F,E,A,A,H,-,A,D,0,NA,NA,NA,NA,Y,NA,A,07,0,1,0,0,0,0,0,0,0,-,-,NA,NA,SAN DIEGO,SAN DIEGO,-117.25189208984376,32.774688720703125
9327822,2021,2021-10-14,3711,2021-09-19,1345,SD1150,NA,7,5,7,3711,0,0,0,NA,0,123,INGRAHAM ST,VACATION RD,0,NA,Y,A,-,N,NA,NA,NA,NA,NA,NA,NA,NA,NA,N,3,0,5,2,A,-,08,38314,NA,N,D,C,A,A,H,-,A,A,0,NA,NA,NA,NA,Y,NA,A,01,0,2,3,0,0,0,0,0,0,-,-,NA,NA,SAN DIEGO,SAN DIEGO,-117.2353057861328,32.774967193603516
9327828,2021,2021-10-14,3711,2021-09-20,1208,SD1753,NA,1,5,7,3711,0,0,0,NA,0,122,INGRAHAM ST,INGRAHAM ST 4800,0,NA,Y,A,-,NA,NA,NA,NA,NA,NA,NA,NA,NA,NA,N,3,0,2,3,A,-,04,21703,NA,N,C,C,A,B,H,-,A,D,0,NA,NA,NA,NA,Y,NA,A,01,0,1,1,0,0,0,0,0,0,-,-,NA,NA,SAN DIEGO,SAN DIEGO,NA,NA
9336368,2021,2021-10-19,3711,2021-09-10,1940,SD7816,NA,5,5,7,3711,0,0,0,NA,0,325,WANDERMERE DR,MIRA VISTA LN,100,E,N,A,-,N,NA,NA,NA,NA,NA,NA,NA,NA,NA,N,3,0,1,3,A,-,08,22107,NA,M,B,E,A,A,H,-,C,D,0,NA,NA,NA,NA,Y,NA,A,01,0,1,0,0,0,0,0,0,0,-,-,NA,NA,SAN DIEGO,SAN DIEGO,-117.05096435546876,32.79634094238281
9336378,2021,2021-10-25,3711,2021-09-11,1741,SD4295,NA,6,5,7,3711,0,0,0,NA,0,242,WESTONHILL DR,CETUS RD,0,NA,Y,A,-,N,NA,NA,NA,NA,NA,NA,NA,NA,NA,N,4,0,1,2,A,-,03,22350,NA,N,G,B,B,A,H,-,A,D,0,Y,NA,NA,NA,Y,NA,A,01,0,0,1,0,1,0,0,0,0,-,-,NA,NA,SAN DIEGO,SAN DIEGO,-117.13561248779295,32.93064880371094
9336379,2021,2021-10-19,3711,2021-09-11,1603,SD1556,NA,6,5,7,3711,0,0,0,NA,0,313,CONVOY ST,DAGGET ST,300,NA,N,A,-,N,NA,NA,NA,NA,NA,NA,NA,NA,NA,N,4,0,2,2,A,-,08,22107,NA,N,D,C,A,A,H,-,A,D,0,NA,NA,NA,NA,Y,NA,A,01,0,0,2,0,0,0,0,0,0,-,-,NA,NA,SAN DIEGO,SAN DIEGO,-117.15517425537108,32.823577880859375
9336618,2021,2021-10-19,3711,2021-09-15,0010,SD8672,NA,3,5,7,3711,0,0,0,NA,0,627,UNIVERSITY AV,7TH AV,92,W,N,A,-,N,NA,NA,NA,NA,NA,NA,NA,NA,NA,N,3,0,1,1,A,-,08,22107,NA,N,E,I,A,A,H,-,C,D,0,NA,NA,Y,NA,Y,Y,C,03,0,1,0,0,0,0,0,0,1,-,-,NA,NA,SAN DIEGO,SAN DIEGO,-117.1586685180664,32.74835968017578
9336688,2021,2021-10-18,3711,2021-08-24,0639,SD5600,NA,2,5,7,3711,0,0,0,NA,0,931,MIRA MESA BL,VISTA SORRENTO PKWY,49,E,N,A,-,N,NA,NA,NA,NA,NA,NA,NA,NA,NA,Y,2,0,2,2,A,-,08,22101,D,N,D,C,A,A,H,-,A,A,0,NA,NA,NA,NA,Y,NA,A,01,1,1,0,0,0,0,0,0,0,-,-,NA,NA,SAN DIEGO,SAN DIEGO,-117.20487213134766,32.89137268066406
9338731,2021,2021-10-12,3702,2021-08-23,2351,CV1305,NA,1,5,6,3702,0,0,0,NA,0,024,SILVAS ST,ANITA ST,430,S,N,A,-,N,NA,NA,NA,NA,NA,NA,NA,NA,NA,Y,4,0,1,2,A,-,03,22350,NA,F,A,C,A,A,H,-,C,D,0,NA,NA,NA,NA,Y,NA,A,01,0,0,1,0,0,0,0,0,0,-,-,NA,NA,SAN DIEGO,CHULA VISTA,-117.0771026611328,32.597293853759766
9339003,2021,2021-10-20,3708,2021-09-03,2157,LM1284,NA,5,5,5,3708,0,0,0,NA,0,004,JACKSON DR,DALLAS ST,22,S,N,A,-,N,NA,NA,NA,NA,NA,NA,NA,NA,NA,N,4,0,1,2,D,-,00,NA,NA,N,D,C,A,A,H,-,C,A,0,NA,NA,NA,NA,Y,NA,-,-,0,0,1,0,0,0,0,0,0,-,-,NA,NA,SAN DIEGO,LA MESA,-117.01786041259766,32.79084014892578
9339118,2021,2021-11-08,3709,2021-09-18,1116,NC0510,NA,6,5,5,3709,0,0,0,NA,0,024,HIGHLAND AV,RT 54,0,NA,Y,A,-,Y,SD,11,54,-,-,0.782,R,4,E,Y,4,0,3,3,A,-,03,22350,NA,F,C,C,A,A,H,-,A,A,0,NA,NA,NA,NA,Y,NA,-,99,0,0,3,0,0,0,0,0,0,-,-,NA,NA,SAN DIEGO,NATIONAL CITY,-117.09132385253906,32.65383529663086
9340154,2021,2021-10-18,3710,2021-09-25,2006,OC873,NA,6,5,6,3710,0,0,0,NA,0,022,RT 76,GUAJOME RD,45,E,N,A,-,Y,SD,11,76,-,R,7.19,H,-,W,Y,4,0,1,2,A,-,01,23153,A,N,C,C,A,B,H,-,C,A,0,NA,NA,NA,NA,Y,Y,A,01,0,0,1,0,0,0,0,0,0,-,-,NA,NA,SAN DIEGO,OCEANSIDE,-117.27413177490234,33.24855041503906
9341925,2021,2021-11-17,3711,2021-10-13,0737,SD8447,NA,3,5,7,3711,0,0,0,NA,0,722,ORO VISTA RD,ORO VISTA RD 1754,0,NA,N,A,-,N,NA,NA,NA,NA,NA,NA,NA,NA,NA,N,4,0,4,3,A,-,09,21801,A,N,D,C,A,A,H,-,A,D,0,NA,NA,NA,NA,Y,NA,A,08,0,0,4,0,0,0,0,0,0,-,-,NA,NA,SAN DIEGO,SAN DIEGO,NA,NA