CASE_ID,ACCIDENT_YEAR,PROC_DATE,JURIS,COLLISION_DATE,COLLISION_TIME,OFFICER_ID,REPORTING_DISTRICT,DAY_OF_WEEK,CHP_SHIFT,POPULATION,CNTY_CITY_LOC,SPECIAL_COND,BEAT_TYPE,CHP_BEAT_TYPE,CITY_DIVISION_LAPD,CHP_BEAT_CLASS,BEAT_NUMBER,PRIMARY_RD,SECONDARY_RD,DISTANCE,DIRECTION,INTERSECTION,WEATHER_1,WEATHER_2,STATE_HWY_IND,CALTRANS_COUNTY,CALTRANS_DISTRICT,STATE_ROUTE,ROUTE_SUFFIX,POSTMILE_PREFIX,POSTMILE,LOCATION_TYPE,RAMP_INTERSECTION,SIDE_OF_HWY,TOW_AWAY,COLLISION_SEVERITY,NUMBER_KILLED,NUMBER_INJURED,PARTY_COUNT,PRIMARY_COLL_FACTOR,PCF_CODE_OF_VIOL,PCF_VIOL_CATEGORY,PCF_VIOLATION,PCF_VIOL_SUBSECTION,HIT_AND_RUN,TYPE_OF_COLLISION,MVIW,PED_ACTION,ROAD_SURFACE,ROAD_COND_1,ROAD_COND_2,LIGHTING,CONTROL_DEVICE,CHP_ROAD_TYPE,PEDESTRIAN_ACCIDENT,BICYCLE_ACCIDENT,MOTORCYCLE_ACCIDENT,TRUCK_ACCIDENT,NOT_PRIVATE_PROPERTY,ALCOHOL_INVOLVED,STWD_VEHTYPE_AT_FAULT,CHP_VEHTYPE_AT_FAULT,COUNT_SEVERE_INJ,COUNT_VISIBLE_INJ,COUNT_COMPLAINT_PAIN,COUNT_PED_KILLED,COUNT_PED_INJURED,COUNT_BICYCLIST_KILLED,COUNT_BICYCLIST_INJURED,COUNT_MC_KILLED,COUNT_MC_INJURED,PRIMARY_RAMP,SECONDARY_RAMP,LATITUDE,LONGITUDE,COUNTY,CITY,POINT_X,POINT_Y
94585568,2025,2025-02-20,9680,2025-02-08,55,024143,NA,6,3,9,3700,0,1,3,NA,2,016,SR 67 N/B,RIVERFORD RD,528,N,N,B,-,Y,SD,NA,67,NA,R,4.119,H,NA,R,Y,3,0,1,1,A,-,01,23152,A,N,F,0,A,B,H,-,D,D,0,NA,NA,NA,NA,Y,Y,D,22,0,1,0,0,0,0,0,0,0,-,-,32.855369567871094,-116.94384002685548,SAN DIEGO,UNINCORPORATED,-116.94385528564452,32.855464935302734
94586285,2025,2025-02-21,9645,2025-01-31,100,023617,NA,5,3,7,3711,0,1,3,NA,2,006,SR-94 EASTBOUND FROM 25TH STREET,28TH STREET,480,W,N,A,-,Y,SD,NA,94,NA,NA,2.144,H,NA,R,Y,4,0,1,2,A,-,01,23152,A,F,C,C,A,A,H,-,D,D,0,NA,NA,NA,NA,Y,Y,A,01,0,0,1,0,0,0,0,0,0,-,-,32.71316146850586,-117.13520050048828,SAN DIEGO,SAN DIEGO,-117.13520050048828,32.71312713623047
94587899,2025,2025-02-24,9650,2025-02-13,905,022480,NA,4,1,9,3700,0,1,3,NA,1,028,STATE ROUTE 76,BODIE BOULEVARD,1000,W,N,C,-,Y,SD,NA,76,NA,NA,26.998,H,NA,R,Y,4,0,1,1,A,-,03,22350,NA,N,E,I,A,B,H,-,A,D,0,NA,NA,NA,NA,Y,NA,A,07,0,0,1,0,0,0,0,0,0,-,-,33.347900390625,-117.02532958984376,SAN DIEGO,UNINCORPORATED,-117.02531433105467,33.34790802001953
9458886,2022,2022-06-21,3711,2022-05-25,1835,SD7715,NA,3,5,7,3711,0,0,0,NA,0,443,S 40TH ST,EPSILON ST,0,NA,Y,A,-,N,NA,NA,NA,NA,NA,NA,NA,NA,NA,N,4,0,1,2,A,-,12,22450,A,M,D,C,A,A,H,-,B,D,0,NA,NA,NA,NA,Y,NA,-,NA,0,0,1,0,0,0,0,0,0,-,-,NA,NA,SAN DIEGO,SAN DIEGO,-117.10807037353516,32.68769454956055
94589734,2025,2025-04-16,9645,2025-02-18,713,022243,NA,2,1,7,3711,0,1,1,NA,2,009,I-805 N/B,SR-54,1000,S,N,A,-,Y,SD,NA,805,NA,NA,8.703,H,NA,R,Y,4,0,1,2,A,-,07,21658,A,N,C,C,A,A,H,-,A,D,0,NA,NA,Y,NA,Y,NA,A,07,0,0,1,0,0,0,0,0,1,-,-,32.65660095214844,-117.0727996826172,SAN DIEGO,SAN DIEGO,-117.07275390625,32.6566276550293
9459143,2022,2022-06-10,3705,2022-05-18,1550,EC0383,NA,3,5,5,3705,0,0,0,NA,0,001,EL CAJON BL,CHAMBERLAIN AV,148,N,N,A,-,N,NA,NA,NA,NA,NA,NA,NA,NA,NA,N,2,0,1,1,A,-,03,22350,NA,N,F,I,A,A,H,-,A,D,0,NA,Y,NA,NA,Y,NA,L,04,1,0,0,0,0,0,1,0,0,-,-,NA,NA,SAN DIEGO,EL CAJON,-116.97235107421876,32.79019546508789
94592001,2024,2025-02-27,9680,2024-04-14,1755,022653,NA,7,2,9,3700,0,3,5,NA,2,003,RIOS CANYON ROAD,KELLI LANE,0,NA,Y,B,-,N,NA,NA,NA,NA,NA,NA,NA,NA,NA,N,1,1,0,2,A,-,11,21950,B,N,G,B,B,A,H,-,A,D,0,Y,NA,NA,NA,Y,NA,N,60,0,0,0,1,0,0,0,0,0,-,-,32.84223937988281,-116.87667846679688,SAN DIEGO,UNINCORPORATED,-116.87667846679688,32.84225082397461
94594548,2025,2025-03-03,9680,2025-02-16,1835,019475,NA,7,2,9,3700,0,3,5,NA,2,001,PINEHURST DR,EUCALYPTUS HILLS DR,0,NA,Y,A,-,N,NA,NA,NA,NA,NA,NA,NA,NA,NA,Y,4,0,4,2,A,-,12,22450,A,N,D,2,A,A,H,-,D,A,0,NA,NA,NA,NA,Y,NA,D,22,0,0,4,0,0,0,0,0,0,-,-,32.88256072998047,-116.94223022460938,SAN DIEGO,UNINCORPORATED,-116.94230651855467,32.88251876831055
94594983,2025,2025-03-03,9680,2025-02-19,1120,024143,NA,3,1,9,3700,0,2,4,NA,1,010,MAINE AVE,WOODSIDE AVE,7,S,N,A,-,N,NA,NA,NA,NA,NA,NA,NA,NA,NA,N,3,0,1,2,A,-,12,21453,A,N,H,G,A,A,H,-,A,A,0,NA,Y,NA,NA,Y,NA,L,04,0,1,0,0,0,0,1,0,0,-,-,32.857269287109375,-116.92131042480467,SAN DIEGO,UNINCORPORATED,-116.9214096069336,32.857330322265625
94595994,2025,2025-03-04,9645,2025-02-28,1030,022243,NA,5,1,7,3711,0,1,1,NA,2,013,I-805 S/B TO I-8 E/B,I-8,1050,N,N,A,-,Y,NA,NA,NA,NA,NA,NA,NA,NA,NA,N,3,0,1,2,A,-,08,22107,NA,M,B,C,A,A,H,-,A,D,0,NA,NA,NA,NA,Y,NA,-,99,0,1,0,0,0,0,0,0,0,-,-,32.774410247802734,-117.13439178466795,SAN DIEGO,SAN DIEGO,-117.12893676757813,32.77279281616211
94596040,2025,2025-03-04,9650,2025-02-26,1015,020747,NA,3,1,6,3706,0,1,1,NA,2,023,I-15 S/B,VIA RANCHO PKY.,528,S,N,A,-,Y,SD,NA,15,NA,M,26.812,H,NA,L,N,4,0,1,2,A,-,03,22350,NA,N,C,C,A,A,H,-,A,D,0,NA,NA,NA,NA,Y,NA,D,22,0,0,1,0,0,0,0,0,0,-,-,33.06703186035156,-117.0693130493164,SAN DIEGO,ESCONDIDO,-117.06932067871094,33.0670280456543
94596278,2025,2025-03-04,9645,2025-02-24,1540,022814,NA,1,2,5,3709,0,1,1,NA,2,001,I-5 SOUTHBOUND,MILE OF CARS WAY,380,S,N,A,-,Y,SD,NA,5,NA,R,9.977,H,NA,L,N,4,0,1,2,A,-,03,22350,NA,F,C,C,A,A,H,-,A,D,0,NA,NA,NA,NA,Y,NA,-,99,0,0,1,0,0,0,0,0,0,-,-,32.658939361572266,-117.1077880859375,SAN DIEGO,NATIONAL CITY,-117.10775756835938,32.65895080566406
94597484,2025,2025-03-05,9680,2025-02-23,1300,020780,NA,7,1,9,3700,0,1,1,NA,2,082,I-8 E/B TO LOS COCHES ROAD,LOS COCHES ROAD,270,W,N,A,-,Y,NA,NA,NA,NA,NA,NA,NA,NA,NA,Y,3,0,2,2,A,-,03,22350,NA,N,C,C,A,A,D,-,A,D,0,NA,NA,NA,NA,Y,NA,A,01,0,1,1,0,0,0,0,0,0,-,-,32.825679779052734,-116.90366363525392,SAN DIEGO,UNINCORPORATED,-116.90274810791016,32.826866149902344
9459828,2022,2022-06-23,3711,2022-06-04,2200,SD1024,NA,6,5,7,3711,0,0,0,NA,0,111,MESA COLLEGE DR,LINDA VISTA RD,0,NA,Y,A,-,N,NA,NA,NA,NA,NA,NA,NA,NA,NA,Y,4,0,2,2,A,-,12,21453,A,N,A,C,A,A,H,-,E,B,0,NA,NA,NA,NA,Y,NA,A,01,0,0,2,0,0,0,0,0,0,-,-,NA,NA,SAN DIEGO,SAN DIEGO,-117.15814971923828,32.800804138183594
94598324,2025,2025-03-07,9645,2025-02-26,1240,017139,NA,3,1,7,3711,0,1,1,NA,2,021,I-15 S/B,FRIARS ROAD O/C,925,N,N,A,-,Y,SD,NA,15,NA,R,7.194,H,NA,L,Y,4,0,1,2,A,-,03,22350,NA,N,A,C,A,A,B,-,A,D,0,NA,NA,NA,NA,Y,NA,A,01,0,0,1,0,0,0,0,0,0,-,-,32.79356002807617,-117.11219024658205,SAN DIEGO,SAN DIEGO,-117.11221313476563,32.79356384277344
94598498,2025,2025-03-10,9680,2025-02-19,1325,016372,NA,3,1,9,3700,0,1,3,NA,2,016,SR-67 N/B,HI HOPES DR.,273,S,N,A,-,Y,SD,NA,67,NA,NA,8.883,H,NA,R,N,4,0,1,1,A,-,03,22350,NA,N,E,I,A,A,H,-,A,D,0,NA,NA,NA,Y,Y,NA,-,-,0,0,1,0,0,0,0,0,0,-,-,32.90190124511719,-116.93788146972656,SAN DIEGO,UNINCORPORATED,-116.93781280517578,32.901939392089844
9459997,2022,2022-06-23,3711,2022-04-21,2030,SD8404,NA,4,5,7,3711,0,0,0,NA,0,623,FRIARS RD,FASHION VALLEY RD,920,W,N,B,-,N,NA,NA,NA,NA,NA,NA,NA,NA,NA,Y,3,0,3,2,A,-,21,22106,NA,N,D,C,A,A,H,-,C,D,0,NA,NA,NA,NA,Y,NA,A,01,0,1,2,0,0,0,0,0,0,-,-,NA,NA,SAN DIEGO,SAN DIEGO,-117.17433166503906,32.76773452758789
9460220,2022,2022-06-28,3711,2022-06-15,1003,SD8447,NA,3,5,7,3711,0,0,0,NA,0,713,OTAY MESA RD,EMRALD CREST DR,0,NA,Y,A,-,N,NA,NA,NA,NA,NA,NA,NA,NA,NA,Y,3,0,2,2,A,-,12,21453,A,N,D,C,A,A,H,-,A,A,0,NA,NA,NA,NA,Y,NA,A,01,0,1,1,0,0,0,0,0,0,-,-,NA,NA,SAN DIEGO,SAN DIEGO,-117.00984954833984,32.5683708190918
9460276,2022,2022-07-01,3709,2022-05-13,1107,NC0529,NA,5,5,5,3709,0,0,0,NA,0,020,E 12TH ST,D AV,38,W,N,A,-,N,NA,NA,NA,NA,NA,NA,NA,NA,NA,Y,4,0,1,3,A,-,03,22350,NA,N,G,B,B,A,H,-,A,D,0,Y,NA,NA,NA,Y,Y,A,01,0,0,1,0,1,0,0,0,0,-,-,NA,NA,SAN DIEGO,NATIONAL CITY,-117.1015396118164,32.673458099365234
94602853,2025,2025-03-18,9680,2025-03-02,935,021646,NA,7,1,9,3700,0,2,4,NA,1,013,WILDCAT CANYON ROAD,MUTH VALLEY ROAD,3168,S,N,A,-,N,NA,NA,NA,NA,NA,NA,NA,NA,NA,Y,4,0,1,1,A,-,08,22107,NA,N,F,A,A,A,H,-,A,A,0,NA,NA,NA,NA,Y,NA,D,22,0,0,1,0,0,0,0,0,0,-,-,32.88945007324219,-116.89132690429688,SAN DIEGO,UNINCORPORATED,-116.89130401611328,32.89108657836914
94604026,2025,2025-03-18,9650,2025-03-01,1310,022588,NA,6,1,9,3700,0,3,5,NA,2,190,NORDAHL RD,ANTHONY HEIGHTS RD,43,N,N,A,-,N,NA,NA,NA,NA,NA,NA,NA,NA,NA,Y,3,0,6,2,A,-,05,21460,A,N,A,C,A,A,H,-,A,D,0,NA,NA,NA,NA,Y,NA,A,07,0,2,4,0,0,0,0,0,0,-,-,33.142921447753906,-117.11115264892578,SAN DIEGO,UNINCORPORATED,-117.11116790771484,33.14289093017578
94605379,2025,2025-03-18,9680,2025-03-03,1700,023909,NA,1,2,9,3700,0,1,3,NA,2,028,SR-125 S/B,TROY ST O/C,1584,S,N,A,-,Y,SD,NA,125,NA,NA,11.825,H,NA,L,Y,4,0,2,2,A,-,03,22350,NA,N,C,C,A,A,H,-,A,D,0,NA,NA,NA,NA,Y,NA,A,01,0,0,2,0,0,0,0,0,0,-,-,32.73189926147461,-117.01563262939452,SAN DIEGO,UNINCORPORATED,-117.01556396484376,32.73190689086914
9460587,2022,2022-06-21,3702,2022-05-06,1910,CV1275,NA,5,5,6,3702,0,0,0,NA,0,012,OAKLAWN AV,H ST,0,NA,Y,A,-,N,NA,NA,NA,NA,NA,NA,NA,NA,NA,N,3,0,1,2,A,-,10,21950,A,N,G,B,B,A,H,-,A,A,0,Y,NA,NA,NA,Y,NA,A,01,0,1,0,0,1,0,0,0,0,-,-,NA,NA,SAN DIEGO,CHULA VISTA,-117.09264373779295,32.63006591796875
9460591,2022,2022-06-21,3702,2022-05-02,1132,CV1355,NA,1,5,6,3702,0,0,0,NA,0,031,EAST H ST,TERRA NOVA DR,520,W,N,A,-,N,NA,NA,NA,NA,NA,NA,NA,NA,NA,N,4,0,1,1,A,-,08,22107,NA,N,E,I,A,A,D,-,A,A,0,NA,NA,NA,NA,Y,NA,A,01,0,0,1,0,0,0,0,0,0,-,-,NA,NA,SAN DIEGO,CHULA VISTA,-117.04476928710938,32.63887405395508
9460592,2022,2022-06-21,3702,2022-05-01,1842,CV1285,NA,7,5,6,3702,0,0,0,NA,0,032,FENTON ST,LANE AV,0,NA,Y,A,-,N,NA,NA,NA,NA,NA,NA,NA,NA,NA,Y,4,0,1,2,A,-,08,22107,NA,N,A,C,A,A,H,-,B,A,0,NA,NA,NA,NA,Y,NA,A,01,0,0,1,0,0,0,0,0,0,-,-,NA,NA,SAN DIEGO,CHULA VISTA,-116.96184539794922,32.65235137939453
9460598,2022,2022-06-21,3702,2022-05-09,0838,CV1394,NA,1,5,6,3702,0,0,0,NA,0,014,J ST,ALPINE AV,90,W,N,A,-,N,NA,NA,NA,NA,NA,NA,NA,NA,NA,Y,4,0,1,3,A,-,08,22107,NA,N,C,E,A,A,H,-,A,D,0,NA,NA,NA,NA,Y,NA,A,07,0,0,1,0,0,0,0,0,0,-,-,NA,NA,SAN DIEGO,CHULA VISTA,-117.06796264648438,32.62929916381836
94607834,2025,2025-03-18,9650,2025-03-06,1645,017828,NA,4,2,6,3710,0,1,1,NA,2,005,I-5 N/B,SR-76,1056,N,N,B,C,Y,SD,NA,5,NA,R,54.127,H,NA,R,Y,4,0,1,1,A,-,08,22107,NA,N,E,I,A,B,H,-,A,D,0,NA,NA,NA,NA,Y,NA,-,-,0,0,1,0,0,0,0,0,0,-,-,33.20705032348633,-117.38504028320313,SAN DIEGO,OCEANSIDE,-117.38497924804688,33.20707702636719
9460840,2022,2022-06-21,3700,2022-04-18,2135,SH3000,NA,1,5,5,3781,0,0,0,NA,0,502,CARLTON HILLS BL,PENNYWOOD RD,0,NA,Y,A,-,N,NA,NA,NA,NA,NA,NA,NA,NA,NA,Y,3,0,2,2,A,-,03,22350,NA,F,D,C,A,A,H,-,C,D,0,NA,NA,NA,NA,Y,Y,A,01,0,1,1,0,0,0,0,0,0,-,-,NA,NA,SAN DIEGO,SANTEE,-116.99954986572266,32.85392379760742
94609158,2025,2025-03-18,9680,2025-03-06,2200,023556,NA,4,3,9,3700,0,1,1,NA,2,085,I-8 W/B,PINE VALLEY RD,1370,E,N,D,-,Y,SD,NA,8,NA,R,43.81,H,NA,L,Y,3,0,1,1,A,-,03,22350,NA,N,F,8,A,C,H,-,D,D,0,NA,NA,NA,NA,Y,NA,A,07,0,1,0,0,0,0,0,0,0,-,-,32.817378997802734,-116.5281982421875,SAN DIEGO,UNINCORPORATED,-116.52819061279295,32.81739044189453
94609586,2025,2025-03-18,9645,2025-03-13,715,016156,NA,4,1,7,3711,0,1,1,NA,2,030,I-15 S/B (HOV),MIRAMAR ROAD O/C,375,N,N,B,C,Y,SD,NA,15,S,NA,14.364,H,NA,R,Y,4,0,1,2,A,-,03,22350,NA,N,B,2,A,B,H,-,A,D,0,NA,NA,NA,NA,Y,NA,A,01,0,0,1,0,0,0,0,0,0,-,-,32.89434051513672,-117.11554718017578,SAN DIEGO,SAN DIEGO,-117.11565399169922,32.894317626953125
94609846,2025,2025-03-18,9645,2025-03-05,1715,022021,NA,3,2,7,3711,0,1,1,NA,2,005,I-5 SB,MISSION BAY DR,350,N,N,B,-,Y,SD,NA,5,NA,R,23.998,H,NA,L,N,4,0,1,2,A,-,03,22350,NA,N,C,C,A,A,H,-,A,D,0,NA,NA,NA,NA,Y,NA,A,01,0,0,1,0,0,0,0,0,0,-,-,32.8126106262207,-117.22074127197266,SAN DIEGO,SAN DIEGO,-117.22069549560548,32.8126335144043
9461000,2022,2022-06-23,3710,2022-05-31,1829,OC1452,NA,2,5,6,3710,0,0,0,NA,0,016,DOUGLAS DR,PALA RD,65,N,N,A,-,N,NA,NA,NA,NA,NA,NA,NA,NA,NA,N,4,0,1,2,A,-,03,22350,NA,N,C,C,A,A,H,-,A,A,0,NA,NA,NA,NA,Y,NA,A,01,0,0,1,0,0,0,0,0,0,-,-,NA,NA,SAN DIEGO,OCEANSIDE,-117.32257080078124,33.23817825317383
94610235,2025,2025-03-26,9645,2025-03-14,1940,023563,NA,5,2,7,3711,0,1,1,NA,2,010,I-8 EASTBOUND,WARING RD,2100,W,N,C,-,Y,SD,NA,8,NA,NA,6.651,H,NA,R,N,4,0,2,2,A,-,03,22350,NA,M,C,C,A,B,H,-,C,D,0,NA,NA,NA,NA,Y,NA,A,01,0,0,2,0,0,0,0,0,0,-,-,32.78009033203125,-117.09512329101563,SAN DIEGO,SAN DIEGO,-117.09510803222656,32.780025482177734
94610255,2025,2025-04-03,9645,2025-03-11,920,015676,NA,2,1,7,3711,0,1,1,NA,2,010,I-8 W/B,I-15,1500,E,N,C,-,Y,SD,NA,8,NA,NA,6.734,H,NA,L,Y,4,0,2,2,A,-,03,22350,NA,N,C,C,A,B,H,-,A,D,0,NA,NA,NA,NA,Y,NA,A,07,0,0,2,0,0,0,0,0,0,-,-,32.78059005737305,-117.09367370605467,SAN DIEGO,SAN DIEGO,-117.09365081787108,32.78049087524414
94612312,2025,2025-03-20,9650,2025-03-13,2033,022924,NA,4,2,9,3700,0,1,3,NA,2,025,SAN PASQUAL VALLEY RD,CITRUS AVE,0,NA,Y,B,-,N,NA,NA,NA,NA,NA,NA,NA,NA,NA,N,3,0,2,1,A,-,03,22350,NA,N,E,I,A,B,H,-,C,A,0,NA,NA,NA,NA,Y,NA,A,01,0,1,1,0,0,0,0,0,0,-,-,33.10887908935547,-117.04859161376952,SAN DIEGO,UNINCORPORATED,-117.04859161376952,33.10896682739258
94612329,2025,2025-03-20,9650,2025-03-13,1000,019979,NA,4,1,5,3713,0,1,3,NA,2,017,SR-78 E/B,SYCAMORE AVE,900,W,N,B,C,Y,SD,NA,78,NA,NA,8.573,H,NA,R,N,4,0,1,1,A,-,03,22350,NA,N,E,I,A,B,H,-,A,D,0,NA,NA,NA,NA,Y,NA,A,01,0,0,1,0,0,0,0,0,0,-,-,33.17060089111328,-117.22238159179688,SAN DIEGO,VISTA,-117.22232818603516,33.17066955566406
94613354,2025,2025-03-24,9650,2025-03-07,1640,021876,NA,5,2,6,3706,0,1,1,NA,2,023,I-15 N/B TO W/B 78,SR-78,160,N,N,A,-,Y,NA,NA,NA,NA,NA,NA,NA,NA,NA,Y,4,0,1,3,A,-,03,22350,NA,N,C,C,A,A,H,-,A,D,0,NA,NA,NA,NA,Y,NA,D,22,0,0,1,0,0,0,0,0,0,-,-,33.12723159790039,-117.10777282714844,SAN DIEGO,ESCONDIDO,-117.10478973388672,33.127620697021484
9461524,2022,2022-08-10,3711,2022-06-22,1212,SD7995,NA,3,5,7,3711,0,0,0,NA,0,831,ORANGE AV,46TH ST,0,NA,Y,A,-,N,NA,NA,NA,NA,NA,NA,NA,NA,NA,Y,4,0,2,2,A,-,03,22350,NA,N,D,C,A,A,H,-,A,D,0,NA,NA,NA,NA,Y,NA,A,01,0,0,2,0,0,0,0,0,0,-,-,NA,NA,SAN DIEGO,SAN DIEGO,-117.095458984375,32.75312423706055
94624745,2025,2025-03-24,9645,2025-03-17,1655,023563,NA,1,2,7,3711,0,1,1,NA,2,010,I-8 EASTBOUND,PACIFIC HIGHWAY,620,E,N,A,-,Y,SD,NA,8,NA,R,0.227,H,NA,R,Y,4,0,2,2,A,-,07,21658,A,N,B,C,A,A,H,-,A,A,0,NA,NA,NA,NA,Y,NA,A,07,0,0,2,0,0,0,0,0,0,-,-,32.75967025756836,-117.2004623413086,SAN DIEGO,SAN DIEGO,-117.2004623413086,32.75968933105469
94625888,2025,2025-03-25,9680,2025-03-13,1625,021200,NA,4,2,9,3700,0,2,4,NA,1,025,SWEETWATER RD,BLOSSOM LANE,140,N,N,B,-,N,NA,NA,NA,NA,NA,NA,NA,NA,NA,N,4,0,1,2,A,-,01,23152,A,N,C,C,A,B,H,-,A,D,0,NA,NA,NA,NA,Y,Y,D,22,0,0,1,0,0,0,0,0,0,-,-,32.72536849975586,-117.01415252685548,SAN DIEGO,UNINCORPORATED,-117.01409149169922,32.72529220581055
94627490,2025,2025-03-26,9680,2025-03-16,1835,023523,NA,7,2,9,3700,0,2,4,NA,1,026,ELKELTON BLVD,QUARRY RD,0,NA,Y,A,-,N,NA,NA,NA,NA,NA,NA,NA,NA,NA,Y,4,0,1,2,A,-,09,21801,A,N,B,C,A,A,H,-,A,D,0,NA,NA,NA,NA,Y,NA,A,07,0,0,1,0,0,0,0,0,0,-,-,32.70064163208008,-117.01013946533205,SAN DIEGO,UNINCORPORATED,-117.0101318359375,32.700599670410156
94627925,2025,2025-03-26,9680,2025-03-15,35,019475,NA,6,3,5,3708,0,1,1,NA,2,081,I-8 E/B,JACKSON DR,1056,W,N,A,-,Y,SD,NA,8,NA,NA,11.402,H,NA,R,Y,3,0,3,2,C,-,18,NA,NA,N,D,C,A,B,H,-,C,D,0,NA,NA,NA,NA,Y,NA,-,-,0,1,2,0,0,0,0,0,0,-,-,32.772579193115234,-117.01690673828124,SAN DIEGO,LA MESA,-117.0168914794922,32.772552490234375
94627979,2025,2025-04-01,9680,2025-03-14,210,023523,NA,5,3,9,3700,0,3,5,NA,2,002,DEHESA ROAD,VISTA DE LA MONTANA,88,E,N,B,-,N,NA,NA,NA,NA,NA,NA,NA,NA,NA,Y,4,0,1,1,A,-,01,23152,A,N,E,I,A,A,H,-,D,D,0,NA,NA,NA,NA,Y,Y,A,01,0,0,1,0,0,0,0,0,0,-,-,32.79010009765625,-116.83941650390624,SAN DIEGO,UNINCORPORATED,-116.83945465087892,32.79021072387695
94628371,2025,2025-03-27,9645,2025-03-18,600,022193,NA,2,1,7,3711,0,1,3,NA,2,008,REO DRIVE ONTO SR-54 W/B,REO DRIVE,100,W,N,A,-,Y,SD,NA,54,NA,NA,2.903,H,NA,L,N,4,0,1,2,A,-,16,24002,A,N,C,C,A,A,H,-,A,D,0,NA,NA,NA,Y,Y,NA,F,26,0,0,1,0,0,0,0,0,0,-,-,32.66448974609375,-117.05863189697266,SAN DIEGO,SAN DIEGO,-117.05856323242188,32.66423034667969
94629466,2025,2025-03-27,9680,2025-03-18,1425,019555,NA,2,2,9,3700,0,3,5,NA,2,001,VINE STREET,MAPLEVIEW STREET,1056,N,N,A,-,N,NA,NA,NA,NA,NA,NA,NA,NA,NA,N,4,0,1,2,A,-,09,21801,A,N,D,C,A,A,H,-,A,D,0,NA,NA,NA,NA,Y,NA,A,08,0,0,1,0,0,0,0,0,0,-,-,32.86603927612305,-116.92179870605467,SAN DIEGO,UNINCORPORATED,-116.92173767089844,32.865966796875
94631826,2025,2025-03-31,9650,2025-03-22,1000,022139,NA,6,1,6,3710,0,1,3,NA,2,015,W/B SR-78,JEFFERSON ST,1300,E,N,A,-,Y,SD,NA,78,NA,NA,1.002,H,NA,R,Y,3,0,2,2,A,-,03,22350,NA,N,C,C,A,A,H,-,A,D,0,NA,NA,NA,NA,Y,NA,A,01,0,2,0,0,0,0,0,0,0,-,-,33.181278228759766,-117.33544921875,SAN DIEGO,OCEANSIDE,-117.33544921875,33.18109130859375
9463193,2022,2022-07-19,3710,2022-07-09,2209,OC1480,NA,6,5,6,3710,0,0,0,NA,0,008,GRANT ST,DIVISION ST,141,S,N,A,-,N,NA,NA,NA,NA,NA,NA,NA,NA,NA,N,2,0,1,1,C,-,18,NA,NA,N,H,-,A,A,H,-,C,D,0,NA,Y,NA,NA,Y,NA,-,-,1,0,0,0,0,0,1,0,0,-,-,NA,NA,SAN DIEGO,OCEANSIDE,-117.37005615234376,33.19578552246094
94631979,2025,2025-03-31,9645,2025-03-20,1750,021231,NA,4,2,7,3711,0,1,1,NA,2,017,I-15 N/B,MIRA MESA BLVD,1000,S,N,A,-,Y,SD,NA,15,NA,M,15.745,H,NA,R,Y,3,0,2,3,A,-,03,22350,NA,N,C,C,A,A,H,-,A,D,0,NA,NA,NA,NA,Y,NA,A,07,0,2,0,0,0,0,0,0,0,-,-,32.914329528808594,-117.11604309082033,SAN DIEGO,SAN DIEGO,-117.11605072021484,32.914329528808594
9463373,2022,2022-07-21,3710,2022-06-29,0859,OC1492,NA,3,5,6,3710,0,0,0,NA,0,003,OCEANSIDE BL,DITMAR ST,125,E,N,A,-,N,NA,NA,NA,NA,NA,NA,NA,NA,NA,N,3,0,2,2,A,-,03,22350,NA,N,C,C,A,A,H,-,A,A,0,NA,NA,NA,NA,Y,NA,A,01,0,2,0,0,0,0,0,0,0,-,-,NA,NA,SAN DIEGO,OCEANSIDE,-117.366943359375,33.18496322631836
94634421,2025,2025-04-02,9680,2025-03-21,2330,019475,NA,5,3,9,3700,0,1,1,NA,2,086,I-8 W/B,LA POSTA RD,70,W,N,A,-,Y,SD,NA,8,NA,R,56.944,H,NA,L,N,4,0,1,1,A,-,08,22107,NA,N,E,I,A,A,H,-,D,D,0,NA,NA,NA,NA,Y,NA,A,01,0,0,1,0,0,0,0,0,0,-,-,32.727699279785156,-116.42716979980467,SAN DIEGO,UNINCORPORATED,-116.42716979980467,32.727691650390625