CASE_ID,ACCIDENT_YEAR,PROC_DATE,JURIS,COLLISION_DATE,COLLISION_TIME,OFFICER_ID,REPORTING_DISTRICT,DAY_OF_WEEK,CHP_SHIFT,POPULATION,CNTY_CITY_LOC,SPECIAL_COND,BEAT_TYPE,CHP_BEAT_TYPE,CITY_DIVISION_LAPD,CHP_BEAT_CLASS,BEAT_NUMBER,PRIMARY_RD,SECONDARY_RD,DISTANCE,DIRECTION,INTERSECTION,WEATHER_1,WEATHER_2,STATE_HWY_IND,CALTRANS_COUNTY,CALTRANS_DISTRICT,STATE_ROUTE,ROUTE_SUFFIX,POSTMILE_PREFIX,POSTMILE,LOCATION_TYPE,RAMP_INTERSECTION,SIDE_OF_HWY,TOW_AWAY,COLLISION_SEVERITY,NUMBER_KILLED,NUMBER_INJURED,PARTY_COUNT,PRIMARY_COLL_FACTOR,PCF_CODE_OF_VIOL,PCF_VIOL_CATEGORY,PCF_VIOLATION,PCF_VIOL_SUBSECTION,HIT_AND_RUN,TYPE_OF_COLLISION,MVIW,PED_ACTION,ROAD_SURFACE,ROAD_COND_1,ROAD_COND_2,LIGHTING,CONTROL_DEVICE,CHP_ROAD_TYPE,PEDESTRIAN_ACCIDENT,BICYCLE_ACCIDENT,MOTORCYCLE_ACCIDENT,TRUCK_ACCIDENT,NOT_PRIVATE_PROPERTY,ALCOHOL_INVOLVED,STWD_VEHTYPE_AT_FAULT,CHP_VEHTYPE_AT_FAULT,COUNT_SEVERE_INJ,COUNT_VISIBLE_INJ,COUNT_COMPLAINT_PAIN,COUNT_PED_KILLED,COUNT_PED_INJURED,COUNT_BICYCLIST_KILLED,COUNT_BICYCLIST_INJURED,COUNT_MC_KILLED,COUNT_MC_INJURED,PRIMARY_RAMP,SECONDARY_RAMP,LATITUDE,LONGITUDE,COUNTY,CITY,POINT_X,POINT_Y
94967684,2025,2025-12-11,9645,2025-12-01,1430,024072,NA,1,2,7,3711,0,1,1,NA,2,005,I-5 SOUTHBOUND,CLAIREMONT DR.,3194,S,N,A,-,Y,SD,NA,5,NA,R,21.646,H,NA,L,N,4,0,1,2,A,-,08,22107,NA,N,B,C,A,A,H,-,A,D,0,NA,NA,NA,Y,Y,NA,A,01,0,0,1,0,0,0,0,0,0,-,-,32.781768798828125,-117.20825958251952,SAN DIEGO,SAN DIEGO,-117.20821380615234,32.78176498413086
94967951,2025,2025-12-11,9680,2025-11-27,1925,023984,NA,4,2,9,3700,0,2,4,NA,1,029,CAMPO RD,AGUA DULCE BLVD,90,S,N,A,-,N,NA,NA,NA,NA,NA,NA,NA,NA,NA,N,4,0,1,3,A,-,03,22350,NA,F,C,C,A,A,H,-,C,A,0,NA,NA,NA,NA,Y,NA,-,99,0,0,1,0,0,0,0,0,0,-,-,32.74489974975586,-116.97502136230467,SAN DIEGO,UNINCORPORATED,-116.97564697265624,32.74507141113281
94968179,2025,2025-12-11,9645,2025-12-02,745,020997,NA,2,1,7,3711,0,1,1,NA,2,017,I-15 N/B,FRIARS ROAD,200,N,N,A,-,Y,SD,NA,15,NA,R,6.856,H,NA,R,N,4,0,1,3,A,-,03,22350,NA,M,C,C,A,A,H,-,A,D,0,NA,NA,NA,NA,Y,NA,D,22,0,0,1,0,0,0,0,0,0,-,-,32.78887176513672,-117.1135482788086,SAN DIEGO,SAN DIEGO,-117.11360931396484,32.78888702392578
9496981,2022,2022-09-02,3705,2022-06-11,2029,EC0412,`,6,5,5,3705,0,0,0,NA,0,002,EAST MAIN ST,AVOCADO BL,0,NA,Y,A,-,N,NA,NA,NA,NA,NA,NA,NA,NA,NA,Y,3,0,4,2,A,-,12,21453,A,N,A,C,A,A,H,-,C,A,0,NA,NA,NA,NA,Y,NA,A,07,0,1,3,0,0,0,0,0,0,-,-,NA,NA,SAN DIEGO,EL CAJON,-116.95735931396484,32.79494857788086
9497208,2022,2022-09-14,3711,2022-08-27,1830,SD8404,NA,6,5,7,3711,0,0,0,NA,0,611,MIDWAY DR,RILEY ST,100,W,N,B,-,N,NA,NA,NA,NA,NA,NA,NA,NA,NA,Y,4,0,1,1,A,-,08,22107,NA,N,C,E,A,A,H,-,B,D,0,NA,NA,NA,NA,Y,Y,A,01,0,0,1,0,0,0,0,0,0,-,-,NA,NA,SAN DIEGO,SAN DIEGO,-117.2084732055664,32.750370025634766
94972337,2025,2025-12-15,9650,2025-11-13,955,021876,NA,4,1,6,3706,0,1,1,NA,2,023,I-15 S/B,VIA RANCHO PKY,540,N,N,A,-,Y,SD,NA,15,NA,M,27.087,H,NA,L,Y,4,0,2,2,A,-,03,22350,NA,N,C,C,A,A,H,-,A,D,0,NA,NA,NA,NA,Y,NA,A,01,0,0,2,0,0,0,0,0,0,-,-,33.07094955444336,-117.0698699951172,SAN DIEGO,ESCONDIDO,-117.0698013305664,33.07095718383789
9497236,2022,2022-09-15,3708,2022-08-08,1938,LM1290,NA,1,5,5,3708,0,0,0,NA,0,003,LAKE MURRAY BL,COWLES MOUNTAIN BL,0,NA,Y,B,C,N,NA,NA,NA,NA,NA,NA,NA,NA,NA,Y,4,0,1,2,A,-,12,21453,A,N,A,C,A,A,H,-,B,A,0,NA,NA,NA,NA,Y,NA,A,01,0,0,1,0,0,0,0,0,0,-,-,NA,NA,SAN DIEGO,LA MESA,-117.02935791015624,32.78287887573242
94973722,2025,2025-12-16,9645,2025-12-08,1350,022765,NA,1,1,7,3711,0,1,1,NA,2,011,I-805 N/B,MEADE AVENUE O/C,250,N,N,A,-,Y,SD,NA,805,NA,NA,16.615,H,NA,R,Y,2,0,1,2,A,-,03,22350,NA,N,C,C,A,A,H,-,A,D,0,NA,NA,NA,NA,Y,NA,A,01,1,0,0,0,0,0,0,0,0,-,-,32.757991790771484,-117.12567901611328,SAN DIEGO,SAN DIEGO,-117.12574768066406,32.757972717285156
94975917,2025,2025-12-17,9645,2025-12-05,1425,022924,NA,5,2,7,3711,0,1,1,NA,2,007,I-5 NORTHBOUND,GENESEE AVE,200,S,N,A,-,Y,SD,NA,5,NA,R,29.421,H,NA,R,Y,3,0,2,4,A,-,03,22350,NA,N,C,C,A,A,H,-,A,D,0,NA,NA,NA,NA,Y,NA,A,01,0,1,1,0,0,0,0,0,0,-,-,32.886470794677734,-117.22766876220705,SAN DIEGO,SAN DIEGO,-117.22769165039063,32.886470794677734
94979581,2025,2025-12-19,9680,2025-12-06,1335,023556,NA,6,1,9,3700,0,2,4,NA,1,014,WINTER GARDENS BLVD,LEMON CREST DRIVE,0,NA,Y,A,-,N,NA,NA,NA,NA,NA,NA,NA,NA,NA,Y,4,0,1,2,D,-,00,NA,NA,N,D,C,A,A,H,-,A,A,0,NA,NA,NA,NA,Y,NA,-,-,0,0,1,0,0,0,0,0,0,-,-,32.84946060180664,-116.93121337890624,SAN DIEGO,UNINCORPORATED,-116.93109893798828,32.84947967529297
94979718,2025,2025-12-19,9680,2025-12-10,825,023922,NA,3,1,5,3708,0,1,1,NA,2,081,I-8 WB FROM FLETCHER PARKWAY,BALTIMORE DR,792,W,N,A,-,Y,NA,NA,NA,NA,NA,NA,NA,NA,NA,Y,3,0,1,3,A,-,03,22350,NA,N,C,C,A,A,H,-,A,A,0,NA,NA,NA,NA,Y,NA,A,07,0,1,0,0,0,0,0,0,0,-,-,32.77394104003906,-117.0300521850586,SAN DIEGO,LA MESA,-117.02921295166016,32.77310562133789
94979878,2025,2025-12-19,9680,2025-11-17,1300,023648,NA,1,1,9,3700,0,2,4,NA,1,021,WILLOW GLEN DR,OAK DR,940,W,N,A,-,N,NA,NA,NA,NA,NA,NA,NA,NA,NA,Y,3,0,2,1,A,-,08,22107,NA,N,E,8,A,A,H,-,A,D,0,NA,NA,NA,NA,Y,NA,A,01,0,2,0,0,0,0,0,0,0,-,-,32.76015090942383,-116.89624786376952,SAN DIEGO,UNINCORPORATED,-116.896240234375,32.76023483276367
94981920,2025,2025-12-22,9680,2025-12-01,1225,020780,NA,1,1,5,3705,0,1,1,NA,2,081,INTERSTATE 8 W/B,WEST MAIN STREET,750,W,N,A,-,Y,SD,NA,8,NA,NA,14.453,H,NA,L,Y,4,0,1,4,A,-,01,23152,A,F,B,C,A,A,H,-,A,D,0,NA,NA,NA,NA,Y,Y,A,01,0,0,1,0,0,0,0,0,0,-,-,32.79281997680664,-116.97772216796876,SAN DIEGO,EL CAJON,-116.97769165039063,32.792816162109375
94982587,2025,2025-12-22,9680,2025-12-11,1040,023922,NA,4,1,9,3700,0,1,3,NA,2,028,SR-125 N/B,NAVAJO RD,183,N,N,A,-,Y,SD,NA,125,NA,NA,19.801,H,NA,R,N,3,0,1,1,A,-,08,22107,NA,N,E,J,A,A,C,-,A,D,0,NA,NA,NA,NA,Y,NA,A,01,0,1,0,0,0,0,0,0,0,-,-,32.80329132080078,-117.00528717041016,SAN DIEGO,UNINCORPORATED,-117.00537872314452,32.803287506103516
9498400,2022,2022-10-21,3710,2022-09-21,1200,OC1501,NA,3,5,6,3710,0,0,0,NA,0,037,COLLEGE BL,VISTA WY,224,S,N,A,-,N,NA,NA,NA,NA,NA,NA,NA,NA,NA,N,4,0,1,3,A,-,03,22350,NA,N,C,C,A,A,H,-,A,D,0,NA,NA,NA,NA,Y,NA,D,22,0,0,1,0,0,0,0,0,0,-,-,NA,NA,SAN DIEGO,OCEANSIDE,-117.29647064208984,33.183387756347656
9498424,2022,2022-10-21,3711,2022-09-23,1527,SD1593,NA,5,5,7,3711,0,0,0,NA,0,937,CAMINO DEL SUR,CAMINITO SANTA LUZ SUR,0,NA,Y,A,-,N,NA,NA,NA,NA,NA,NA,NA,NA,NA,Y,3,0,3,1,A,-,08,38314,NA,N,E,I,A,A,H,-,A,D,0,NA,NA,NA,NA,Y,NA,A,01,0,1,2,0,0,0,0,0,0,-,-,NA,NA,SAN DIEGO,SAN DIEGO,-117.16036987304688,32.98326110839844
9498425,2022,2022-10-21,3711,2022-09-30,2230,SD7938,NA,5,5,7,3711,0,0,0,NA,0,315,CAMINO DEL RIO N,MISSION CITY PKWY,154,E,N,A,-,N,NA,NA,NA,NA,NA,NA,NA,NA,NA,N,3,0,1,2,A,-,11,21954,A,N,G,B,E,A,H,-,C,D,0,Y,NA,NA,NA,Y,NA,N,60,0,1,0,0,1,0,0,0,0,-,-,NA,NA,SAN DIEGO,SAN DIEGO,-117.12520599365234,32.776947021484375
9498446,2022,2022-10-18,3705,2022-09-20,2001,EC0407,NA,2,5,5,3705,0,0,0,NA,0,004,S ANZA ST,ANZA CT,155,S,N,A,-,N,NA,NA,NA,NA,NA,NA,NA,NA,NA,N,4,0,1,2,A,-,21,22106,NA,N,D,C,A,A,H,-,B,D,0,NA,NA,NA,NA,Y,NA,A,01,0,0,1,0,0,0,0,0,0,-,-,NA,NA,SAN DIEGO,EL CAJON,-116.94818878173828,32.78568649291992
94984550,2025,2025-12-23,9650,2025-12-12,1020,021532,NA,5,1,9,3700,0,1,1,NA,2,007,I-5 S/B TO ENCINITAS BOULEVARD,ENCINITAS BOULEVARD,30,N,N,A,-,Y,NA,NA,NA,NA,NA,NA,NA,NA,NA,N,4,0,1,2,A,-,03,22350,NA,N,C,C,A,A,H,-,A,A,0,NA,NA,NA,NA,Y,NA,A,01,0,0,1,0,0,0,0,0,0,-,-,33.048709869384766,-117.28823089599608,SAN DIEGO,UNINCORPORATED,-117.28694915771484,33.04705810546875
9498653,2022,2022-11-02,3709,2022-09-30,1341,NC0532,NA,5,5,5,3709,0,0,0,NA,0,023,SWEETWATER RD,GROVE STREET,0,NA,N,A,-,N,NA,NA,NA,NA,NA,NA,NA,NA,NA,N,4,0,1,2,A,-,08,22107,NA,N,D,C,A,A,H,-,A,D,0,NA,NA,NA,NA,Y,NA,A,07,0,0,1,0,0,0,0,0,0,-,-,NA,NA,SAN DIEGO,NATIONAL CITY,-117.08338165283205,32.66123580932617
94987778,2025,2025-12-29,9645,2025-11-30,825,024576,NA,7,1,7,3711,0,1,3,NA,2,022,SR-56 E/B,CARAMEL MOUNTAIN RD,997,E,N,A,-,Y,SD,NA,56,NA,NA,6.744,H,NA,R,Y,3,0,1,2,A,-,07,21658,A,N,B,2,A,A,H,-,A,A,0,NA,NA,NA,NA,Y,NA,A,07,0,1,0,0,0,0,0,0,0,-,-,32.953651428222656,-117.14417266845705,SAN DIEGO,SAN DIEGO,-117.1441650390625,32.953670501708984
94992148,2025,2025-12-30,9690,2025-12-20,58,023798,NA,6,3,9,3700,0,1,S,NA,2,904,NORTHBOUND I-5,LAS PULGAS ROAD,2640,N,N,A,-,Y,SD,NA,5,NA,R,62.554,H,NA,R,Y,3,0,1,2,A,-,01,23153,A,N,C,C,A,A,H,-,D,D,0,NA,NA,NA,NA,Y,Y,A,01,0,1,0,0,0,0,0,0,0,-,-,33.303611755371094,-117.47020721435548,SAN DIEGO,UNINCORPORATED,-117.47024536132813,33.3035774230957
94996059,2025,2026-01-02,9680,2025-12-10,1523,023851,NA,3,2,9,3700,0,2,4,NA,1,029,CAMPO ROAD,SR-125 N/B,20,E,N,A,-,N,NA,NA,NA,NA,NA,NA,NA,NA,NA,N,4,0,1,2,A,-,01,23152,A,N,C,C,A,A,H,-,A,D,0,NA,NA,NA,NA,Y,Y,D,22,0,0,1,0,0,0,0,0,0,-,-,32.75273132324219,-117.00917816162108,SAN DIEGO,UNINCORPORATED,NA,NA
95001295,2025,2026-01-06,9645,2025-12-24,500,024635,NA,3,3,7,3711,0,1,1,NA,2,010,I-8 WESTBOUND TO I-805 NORTHBOUND,I-805,100,E,N,A,-,Y,NA,NA,NA,NA,NA,NA,NA,NA,NA,Y,4,0,1,1,A,-,03,22350,NA,N,E,I,A,B,H,-,C,D,0,NA,NA,NA,NA,Y,NA,A,01,0,0,1,0,0,0,0,0,0,-,-,32.77296829223633,-117.1309814453125,SAN DIEGO,SAN DIEGO,-117.13182830810548,32.77191925048828
95001325,2025,2026-01-06,9645,2025-12-24,2204,019410,NA,3,3,7,3711,0,1,1,NA,2,015,I-805 SB,CARROLL CANYON RD.,2500,N,N,B,C,Y,SD,NA,805,NA,NA,26.4,H,NA,L,N,4,0,1,1,A,-,08,22107,NA,N,E,I,A,B,H,-,D,D,0,NA,NA,NA,NA,Y,NA,A,07,0,0,1,0,0,0,0,0,0,-,-,32.881778717041016,-117.20144653320313,SAN DIEGO,SAN DIEGO,-117.20162200927734,32.88174057006836
95001449,2025,2026-01-06,9645,2025-12-24,1805,022193,NA,3,2,7,3711,0,1,1,NA,2,017,I-15 SOUTHBOUND,POWAY ROAD,700,N,N,A,-,Y,SD,NA,15,NA,M,18.502,H,NA,L,N,4,0,1,2,A,-,08,22107,NA,N,B,C,A,B,H,-,C,D,0,NA,NA,NA,NA,Y,NA,A,07,0,0,1,0,0,0,0,0,0,-,-,32.952510833740234,-117.10341644287108,SAN DIEGO,SAN DIEGO,-117.10340118408205,32.95249938964844
95006697,2025,2026-01-09,9645,2025-12-19,1950,024747,NA,5,2,7,3711,0,1,1,NA,2,007,I-805 NORTHBOUND,SORRENTO VALLEY BLVD,125,S,N,A,-,Y,SD,NA,805,NA,NA,28.28,H,NA,R,Y,4,0,1,1,A,-,01,23152,A,N,E,I,A,A,H,-,D,A,0,NA,NA,NA,NA,Y,Y,A,01,0,0,1,0,0,0,0,0,0,-,-,32.90193176269531,-117.22122955322266,SAN DIEGO,SAN DIEGO,-117.22130584716795,32.901878356933594
9500873,2022,2022-10-13,3708,2022-09-29,1918,LM1291,NA,4,5,5,3708,0,0,0,NA,0,001,UNIV ERSITY AV,HARBINSON AV,435,E,N,A,-,N,NA,NA,NA,NA,NA,NA,NA,NA,NA,N,4,0,1,2,A,-,01,23153,A,N,D,C,A,A,H,-,C,D,0,NA,NA,NA,NA,Y,Y,A,01,0,0,1,0,0,0,0,0,0,-,-,NA,NA,SAN DIEGO,LA MESA,-117.04520416259766,32.754722595214844
95010779,2025,2026-01-13,9680,2025-12-31,2105,022622,NA,3,2,9,3700,0,2,4,NA,1,026,JAMACHA BLVD,POINTE PKY,40,E,N,A,-,N,NA,NA,NA,NA,NA,NA,NA,NA,NA,N,4,0,1,2,A,-,03,22350,NA,N,C,C,A,B,H,-,C,A,0,NA,NA,NA,NA,Y,NA,A,01,0,0,1,0,0,0,0,0,0,-,-,32.721031188964844,-116.97242736816406,SAN DIEGO,UNINCORPORATED,-116.9724349975586,32.72088623046875
9501337,2022,2022-10-18,3700,2022-09-12,1906,SH0798,NA,1,5,4,3720,0,0,0,NA,0,606,SKYLINE DR,ALTON DR,0,NA,Y,A,-,N,NA,NA,NA,NA,NA,NA,NA,NA,NA,N,3,0,2,2,A,-,09,21802,A,N,D,C,A,A,H,-,B,D,0,NA,NA,NA,NA,Y,NA,A,01,0,1,1,0,0,0,0,0,0,-,-,NA,NA,SAN DIEGO,LEMON GROVE,-117.02698516845705,32.72898483276367
95014098,2025,2026-01-14,9680,2025-12-22,1040,020500,NA,1,1,9,3700,0,1,3,NA,1,091,SR-78 (MAIN STREET),8TH ST,255,W,N,A,-,Y,SD,NA,78,NA,NA,35.685,H,NA,R,Y,2,0,3,2,A,-,08,22107,NA,N,A,D,A,A,H,-,A,D,0,NA,NA,NA,Y,Y,NA,A,01,1,2,0,0,0,0,0,0,0,-,-,33.04330062866211,-116.86620330810548,SAN DIEGO,UNINCORPORATED,-116.86621856689452,33.04332733154297
9501457,2022,2022-10-31,3711,2022-10-05,0950,SD6104,NA,3,5,7,3711,0,0,0,NA,0,832,EL CAJON BL,RT 15,0,NA,Y,A,-,Y,SD,11,15,-,M,4.949,R,4,S,Y,4,0,1,4,A,-,08,22107,NA,N,B,C,A,A,H,-,A,A,0,NA,NA,NA,NA,Y,NA,A,01,0,0,1,0,0,0,0,0,0,-,NF,NA,NA,SAN DIEGO,SAN DIEGO,-117.10897827148438,32.753868103027344
9501481,2022,2022-10-17,3711,2022-09-27,1730,SD1081,NA,2,5,7,3711,0,0,0,NA,0,624,GEORGIA ST,HOWARD AV,0,NA,Y,A,-,N,NA,NA,NA,NA,NA,NA,NA,NA,NA,N,4,0,1,2,A,-,10,21950,A,M,G,B,B,A,H,-,A,D,0,Y,NA,NA,NA,Y,NA,A,01,0,0,1,0,1,0,0,0,0,-,-,NA,NA,SAN DIEGO,SAN DIEGO,-117.1449966430664,32.754024505615234
9501487,2022,2022-10-17,3708,2022-09-19,1840,LM1297,NA,1,5,5,3708,0,0,0,NA,0,003,MOHAWK ST,WILLIAMS AV,355,E,N,A,-,N,NA,NA,NA,NA,NA,NA,NA,NA,NA,N,4,0,1,2,A,-,03,22350,NA,N,C,E,A,A,H,-,A,D,0,NA,NA,NA,NA,Y,NA,A,01,0,0,1,0,0,0,0,0,0,-,-,NA,NA,SAN DIEGO,LA MESA,-117.03591918945313,32.76966094970703
9501542,2022,2022-10-24,3711,2022-10-05,0945,SD8447,NA,3,5,7,3711,0,0,0,NA,0,723,BEYER BL,IRIS AV,0,NA,Y,A,-,N,NA,NA,NA,NA,NA,NA,NA,NA,NA,N,4,0,1,2,A,-,08,22100,B,N,D,C,A,A,H,-,A,A,0,NA,NA,NA,NA,Y,NA,-,99,0,0,1,0,0,0,0,0,0,-,-,NA,NA,SAN DIEGO,SAN DIEGO,-117.06375122070313,32.569210052490234
95017383,2025,2026-01-16,9650,2025-12-19,1350,023866,NA,5,1,6,3706,0,1,S,NA,2,904,INTERSTATE 15 NORTHBOUND,HALE AVENUE,430,N,N,A,-,Y,SD,NA,15,NA,R,31.098,H,NA,R,N,4,0,2,2,A,-,03,22350,NA,N,C,C,A,A,H,-,A,D,0,NA,NA,NA,NA,Y,NA,A,01,0,0,2,0,0,0,0,0,0,-,-,33.1214599609375,-117.1020965576172,SAN DIEGO,ESCONDIDO,-117.1022491455078,33.121395111083984
9501750,2022,2022-10-27,3711,2022-10-08,1317,SD1078,NA,6,5,7,3711,0,0,0,NA,0,623,ULRICH ST,FRIARS RD,0,NA,Y,A,-,N,NA,NA,NA,NA,NA,NA,NA,NA,NA,N,4,0,2,2,A,-,07,21658,A,N,B,C,A,A,H,-,A,D,0,NA,NA,NA,NA,Y,Y,A,01,0,0,2,0,0,0,0,0,0,-,-,NA,NA,SAN DIEGO,SAN DIEGO,-117.1630630493164,32.770816802978516
95020097,2025,2026-01-20,9645,2025-11-08,1351,024508,NA,6,1,6,3702,0,1,1,NA,2,009,I-805 SOUTHBOUND,SR-54,1056,S,N,A,-,Y,SD,NA,805,NA,NA,8.634,H,NA,L,N,4,0,1,2,A,-,08,22107,NA,N,B,C,A,A,H,-,A,D,0,NA,NA,NA,NA,Y,NA,A,01,0,0,1,0,0,0,0,0,0,-,-,32.65576934814453,-117.07243347167967,SAN DIEGO,CHULA VISTA,-117.07243347167967,32.655765533447266
9502834,2022,2022-09-20,3711,2022-09-08,0910,SD7359,NA,4,5,7,3711,0,0,0,NA,0,327,RESERVOIR DR,RESERVOIR LN,0,NA,Y,A,-,N,NA,NA,NA,NA,NA,NA,NA,NA,NA,Y,3,0,2,2,A,-,09,21804,A,N,D,C,A,A,H,-,A,D,0,NA,NA,NA,NA,Y,NA,A,01,0,2,0,0,0,0,0,0,0,-,-,NA,NA,SAN DIEGO,SAN DIEGO,-117.05557250976563,32.7728157043457
95030177,2025,2026-01-27,9645,2025-11-24,1330,024488,NA,1,1,5,3709,0,1,1,NA,2,009,I-805 SOUTHBOUND,SWEETWATER ROAD,500,N,N,A,-,Y,SD,NA,805,NA,NA,9.219,H,NA,L,N,3,0,1,2,A,-,03,22350,NA,F,C,C,A,A,H,-,A,D,0,NA,NA,NA,NA,Y,NA,-,99,0,1,0,0,0,0,0,0,0,-,-,32.66257095336914,-117.0784912109375,SAN DIEGO,NATIONAL CITY,-117.07838439941406,32.66261672973633
95032194,2025,2026-01-27,9680,2025-12-05,845,021764,NA,5,1,9,3700,0,3,5,NA,2,001,GREENFIELD DR,ORO ST,20,E,N,A,-,N,NA,NA,NA,NA,NA,NA,NA,NA,NA,N,3,0,3,4,A,-,03,22350,NA,N,C,C,A,A,H,-,A,D,0,NA,NA,NA,NA,Y,NA,D,22,0,3,0,0,0,0,0,0,0,-,-,32.81338119506836,-116.94007110595705,SAN DIEGO,UNINCORPORATED,-116.94011688232422,32.81333923339844
9503419,2022,2022-09-22,3703,2022-09-10,2144,1381,1,6,5,3,3703,0,0,0,NA,0,001,4TH ST,G AV,122,W,N,A,-,N,NA,NA,NA,NA,NA,NA,NA,NA,NA,Y,4,0,1,3,A,-,01,23152,A,N,B,E,A,A,H,-,D,D,0,NA,NA,NA,NA,Y,Y,A,01,0,0,1,0,0,0,0,0,0,-,-,32.696678161621094,-117.18045043945313,SAN DIEGO,CORONADO,-117.1796875,32.696510314941406
9503580,2022,2022-09-26,3705,2022-07-15,1629,EC0432,NA,5,5,5,3705,0,0,0,NA,0,002,E MADISON AV,ORLANDO ST,170,E,N,A,-,N,NA,NA,NA,NA,NA,NA,NA,NA,NA,Y,3,0,4,2,A,-,21,22106,NA,N,D,C,A,A,H,-,A,D,0,NA,NA,NA,NA,Y,NA,A,01,0,1,3,0,0,0,0,0,0,-,-,NA,NA,SAN DIEGO,EL CAJON,-116.93959045410156,32.8001708984375
9504182,2022,2022-09-30,3706,2022-09-10,0339,SD7980,NA,6,5,6,3706,0,0,0,NA,0,235,SAN PASQUAL VALLEY RD,CLOVERDALE RD,1320,E,N,B,C,Y,SD,11,78,-,-,23.06,H,-,E,Y,3,0,1,1,A,-,03,22350,NA,N,E,I,A,B,H,-,D,D,0,NA,NA,NA,NA,Y,NA,A,01,0,1,0,0,0,0,0,0,0,-,-,NA,NA,SAN DIEGO,ESCONDIDO,-117.01710510253906,33.09886169433594
9504395,2022,2022-10-24,3708,2022-09-15,1440,LM1206,NA,4,5,5,3708,0,0,0,NA,0,004,JACKSON DR,MURRAY DR,0,NA,Y,A,-,Y,SD,11,8,-,-,11.738,R,4,W,Y,4,0,1,2,A,-,12,21453,A,N,D,C,A,A,H,-,A,A,0,NA,NA,NA,NA,Y,NA,A,01,0,0,1,0,0,0,0,0,0,-,-,NA,NA,SAN DIEGO,LA MESA,-117.01165771484376,32.77486038208008
95053225,2025,2026-02-11,9680,2025-10-15,0,022653,NA,3,3,9,3700,0,1,3,NA,2,016,SR-67 N/B,WINTER GARDENS BLVD,340,S,N,B,C,Y,SD,NA,67,NA,R,4.765,H,NA,R,Y,4,0,1,1,A,-,01,23152,A,N,E,8,A,B,H,-,C,D,0,NA,NA,NA,NA,Y,Y,A,01,0,0,1,0,0,0,0,0,0,-,-,32.85771179199219,-116.93309020996094,SAN DIEGO,UNINCORPORATED,-116.93312072753906,32.857784271240234
9507827,2022,2022-10-06,3700,2022-09-08,1502,SH0817,NA,4,5,5,3712,0,0,0,NA,0,356,WEST MISSION RD,NORTH LAS POSAS RD,400,W,N,B,-,N,NA,NA,NA,NA,NA,NA,NA,NA,NA,Y,3,0,2,2,A,-,03,22350,NA,N,C,C,A,A,H,-,A,D,0,NA,NA,NA,NA,Y,NA,A,01,0,1,1,0,0,0,0,0,0,-,-,NA,NA,SAN DIEGO,SAN MARCOS,-117.19004058837892,33.14906692504883
9508064,2022,2022-10-26,3702,2022-09-01,0845,CV1390,NA,4,5,6,3702,0,0,0,NA,0,013,3RD AV,G ST,4,S,N,A,-,N,NA,NA,NA,NA,NA,NA,NA,NA,NA,Y,4,0,1,2,A,-,03,22350,NA,N,C,C,A,A,H,-,A,A,0,NA,NA,NA,NA,Y,NA,A,01,0,0,1,0,0,0,0,0,0,-,-,NA,NA,SAN DIEGO,CHULA VISTA,-117.07853698730467,32.63780975341797
9509880,2022,2022-12-15,3700,2022-11-18,1429,SH0817,NA,5,5,5,3712,0,0,0,NA,0,349,SAN ELIJO RD,ELFIN FOREST RD E,0,NA,Y,A,-,N,NA,NA,NA,NA,NA,NA,NA,NA,NA,N,4,0,1,2,A,-,08,22101,D,N,D,C,A,A,H,-,A,A,0,NA,NA,NA,NA,Y,NA,A,01,0,0,1,0,0,0,0,0,0,-,-,NA,NA,SAN DIEGO,SAN MARCOS,-117.2000732421875,33.099021911621094
9509891,2022,2022-12-07,3700,2022-10-13,0818,SH0304,NA,4,5,5,3782,0,0,0,NA,0,222,BALOUR DR,GUADALAJARA DR,15,N,N,B,C,N,NA,NA,NA,NA,NA,NA,NA,NA,NA,N,3,0,1,2,A,-,08,22107,NA,N,D,G,A,B,H,-,A,D,0,NA,Y,NA,NA,Y,NA,A,01,0,1,0,0,0,0,1,0,0,-,-,NA,NA,SAN DIEGO,ENCINITAS,-117.26844024658205,33.0406608581543
9510112,2022,2022-12-07,3711,2022-10-27,0512,SD7839,NA,4,5,7,3711,0,0,0,NA,0,713,OTAY MESA RD,RT 125,0,NA,Y,F,-,N,NA,NA,NA,NA,NA,NA,NA,NA,NA,N,2,0,1,1,A,-,00,2101,NA,N,E,I,A,A,H,-,C,A,0,NA,NA,Y,NA,Y,NA,C,02,1,0,0,0,0,0,0,0,1,-,NO,NA,NA,SAN DIEGO,SAN DIEGO,-116.94991302490234,32.56769561767578