CASE_ID,ACCIDENT_YEAR,PROC_DATE,JURIS,COLLISION_DATE,COLLISION_TIME,OFFICER_ID,REPORTING_DISTRICT,DAY_OF_WEEK,CHP_SHIFT,POPULATION,CNTY_CITY_LOC,SPECIAL_COND,BEAT_TYPE,CHP_BEAT_TYPE,CITY_DIVISION_LAPD,CHP_BEAT_CLASS,BEAT_NUMBER,PRIMARY_RD,SECONDARY_RD,DISTANCE,DIRECTION,INTERSECTION,WEATHER_1,WEATHER_2,STATE_HWY_IND,CALTRANS_COUNTY,CALTRANS_DISTRICT,STATE_ROUTE,ROUTE_SUFFIX,POSTMILE_PREFIX,POSTMILE,LOCATION_TYPE,RAMP_INTERSECTION,SIDE_OF_HWY,TOW_AWAY,COLLISION_SEVERITY,NUMBER_KILLED,NUMBER_INJURED,PARTY_COUNT,PRIMARY_COLL_FACTOR,PCF_CODE_OF_VIOL,PCF_VIOL_CATEGORY,PCF_VIOLATION,PCF_VIOL_SUBSECTION,HIT_AND_RUN,TYPE_OF_COLLISION,MVIW,PED_ACTION,ROAD_SURFACE,ROAD_COND_1,ROAD_COND_2,LIGHTING,CONTROL_DEVICE,CHP_ROAD_TYPE,PEDESTRIAN_ACCIDENT,BICYCLE_ACCIDENT,MOTORCYCLE_ACCIDENT,TRUCK_ACCIDENT,NOT_PRIVATE_PROPERTY,ALCOHOL_INVOLVED,STWD_VEHTYPE_AT_FAULT,CHP_VEHTYPE_AT_FAULT,COUNT_SEVERE_INJ,COUNT_VISIBLE_INJ,COUNT_COMPLAINT_PAIN,COUNT_PED_KILLED,COUNT_PED_INJURED,COUNT_BICYCLIST_KILLED,COUNT_BICYCLIST_INJURED,COUNT_MC_KILLED,COUNT_MC_INJURED,PRIMARY_RAMP,SECONDARY_RAMP,LATITUDE,LONGITUDE,COUNTY,CITY,POINT_X,POINT_Y
9511176,2022,2023-02-01,3708,2022-12-03,2306,LM1291,NA,6,5,5,3708,0,0,0,NA,0,001,SPRING ST,GATESIDE RD,0,NA,Y,A,-,N,NA,NA,NA,NA,NA,NA,NA,NA,NA,N,4,0,2,2,A,-,03,22350,NA,F,C,C,A,A,H,-,C,A,0,NA,NA,NA,NA,Y,NA,A,01,0,0,2,0,0,0,0,0,0,-,-,NA,NA,SAN DIEGO,LA MESA,-117.0144500732422,32.75557327270508
9511211,2022,2023-02-01,3710,2022-12-18,0220,OC1472,NA,7,5,6,3710,0,0,0,NA,0,032,RANCHO DEL ORO,WILDCAT WY,0,NA,Y,A,-,N,NA,NA,NA,NA,NA,NA,NA,NA,NA,Y,3,0,3,2,A,-,12,21453,A,N,D,C,A,A,H,-,C,A,0,NA,NA,NA,NA,Y,NA,A,01,0,1,2,0,0,0,0,0,0,-,-,NA,NA,SAN DIEGO,OCEANSIDE,NA,NA
9511218,2022,2023-02-01,3711,2022-12-20,1752,SD1584,NA,2,5,7,3711,0,0,0,NA,0,712,OTAY MESA RD,SANYO AV,0,NA,Y,A,-,N,NA,NA,NA,NA,NA,NA,NA,NA,NA,Y,4,0,3,2,A,-,09,21453,C,N,D,C,A,A,H,-,C,A,0,NA,NA,NA,NA,Y,NA,-,NA,0,0,3,0,0,0,0,0,0,-,-,NA,NA,SAN DIEGO,SAN DIEGO,-116.94072723388672,32.567508697509766
9511224,2022,2023-01-31,3711,2022-12-31,1046,SD1606,NA,6,5,7,3711,0,0,0,NA,0,434,JAMACHA RD,CARDIFF ST,147,E,N,A,B,N,NA,NA,NA,NA,NA,NA,NA,NA,NA,Y,4,0,2,3,A,-,00,23103,A,M,A,C,A,A,H,-,A,A,0,NA,NA,NA,NA,Y,NA,-,NA,0,0,2,0,0,0,0,0,0,-,-,NA,NA,SAN DIEGO,SAN DIEGO,-117.02548217773438,32.71805191040039
9511286,2022,2022-12-29,3711,2022-11-28,1840,SD1721,NA,1,5,7,3711,0,0,0,NA,0,813,HOWARD AV,OHIO ST,0,NA,Y,A,-,N,NA,NA,NA,NA,NA,NA,NA,NA,NA,N,4,0,1,2,A,-,12,22450,A,N,G,B,B,A,H,-,C,D,0,Y,NA,NA,NA,Y,NA,A,01,0,0,1,0,1,0,0,0,0,-,-,NA,NA,SAN DIEGO,SAN DIEGO,-117.12898254394533,32.75407028198242
9512004,2022,2022-10-24,3700,2022-09-29,1910,SH0567,NA,4,5,5,3782,0,0,0,NA,0,221,ENCINITAS BL,DAY LILY CT,278,W,N,A,-,N,NA,NA,NA,NA,NA,NA,NA,NA,NA,Y,4,0,1,2,A,-,03,22350,NA,N,C,C,A,A,H,-,C,A,0,NA,NA,NA,NA,Y,NA,A,01,0,0,1,0,0,0,0,0,0,-,-,NA,NA,SAN DIEGO,ENCINITAS,NA,NA
9512111,2022,2022-11-07,3700,2022-09-02,1757,SH0113,NA,5,5,5,3713,0,0,0,NA,0,310,NORTH SANTA FE AV,VISTA VILLAGE DR,0,NA,Y,A,-,N,NA,NA,NA,NA,NA,NA,NA,NA,NA,N,3,0,1,2,A,-,11,21456,B,N,G,B,A,A,H,-,A,A,0,NA,NA,NA,NA,Y,NA,-,NA,0,1,0,0,0,0,0,0,0,-,-,NA,NA,SAN DIEGO,VISTA,-117.243896484375,33.2024040222168
9512489,2022,2022-11-09,3711,2022-04-16,1030,SD1244,NA,6,5,7,3711,0,0,0,NA,0,311,GRAMERCY DR,TOWSER ST,0,NA,N,A,-,N,NA,NA,NA,NA,NA,NA,NA,NA,NA,Y,4,0,1,2,D,-,00,NA,NA,N,C,E,A,A,-,-,A,D,0,NA,NA,NA,NA,Y,NA,-,-,0,0,1,0,0,0,0,0,0,-,-,NA,NA,SAN DIEGO,SAN DIEGO,-117.13806915283205,32.80309295654297
9513671,2023,2024-03-04,3705,2023-11-15,1824,EC0421,NA,3,5,5,3705,0,0,0,NA,0,003,EAST MAIN ST,PEPPER DR,0,NA,Y,A,C,N,NA,NA,NA,NA,NA,NA,NA,NA,NA,Y,4,0,1,2,A,-,12,21453,A,N,A,C,A,B,H,-,C,A,0,NA,NA,NA,NA,Y,Y,A,07,0,0,1,0,0,0,0,0,0,-,-,NA,NA,SAN DIEGO,EL CAJON,-116.91682434082033,32.81479263305664
9513756,2022,2022-12-13,3711,2022-08-01,1815,SD5999,NA,1,5,7,3711,0,0,0,NA,0,326,BERTING ST,GILBERT DR,0,NA,Y,A,-,N,NA,NA,NA,NA,NA,NA,NA,NA,NA,N,4,0,1,2,A,-,08,22107,NA,N,B,C,A,A,H,-,A,D,0,NA,NA,NA,NA,Y,Y,D,22,0,0,1,0,0,0,0,0,0,-,-,NA,NA,SAN DIEGO,SAN DIEGO,-117.07853698730467,32.759944915771484
9513794,2022,2022-11-28,3711,2022-11-07,1832,SD1745,NA,1,5,7,3711,0,0,0,NA,0,114,GENESSEE AV,CLAIREMONT MESA BL,0,NA,Y,B,C,N,NA,NA,NA,NA,NA,NA,NA,NA,NA,Y,3,0,2,2,A,-,12,21453,A,N,D,C,A,B,H,-,C,A,0,NA,NA,NA,NA,Y,NA,A,01,0,1,1,0,0,0,0,0,0,-,-,NA,NA,SAN DIEGO,SAN DIEGO,-117.19490051269533,32.83449172973633
9514148,2023,2023-02-22,3711,2023-01-31,703,SD1593,NA,2,5,7,3711,0,0,0,NA,0,931,MIRA MESA BL,VISTA SORRENTO PKWY,0,NA,Y,A,-,Y,SD,11,805,-,-,26.624,R,4,N,Y,4,0,1,2,A,-,12,21453,A,N,D,C,A,A,H,-,A,A,0,NA,NA,NA,NA,Y,NA,-,-,0,0,1,0,0,0,0,0,0,-,-,NA,NA,SAN DIEGO,SAN DIEGO,-117.2023696899414,32.88499450683594
9515288,2022,2022-12-13,3711,2022-11-02,1156,SD1509,NA,3,5,7,3711,0,0,0,NA,0,626,INDIA ST,SASFRAS ST,0,NA,Y,A,-,N,NA,NA,NA,NA,NA,NA,NA,NA,NA,N,4,0,2,2,A,-,09,21801,A,N,A,C,A,A,H,-,C,A,0,NA,NA,NA,Y,Y,NA,A,01,0,0,2,0,0,0,0,0,0,-,-,NA,NA,SAN DIEGO,SAN DIEGO,NA,NA
9515707,2022,2022-12-13,3711,2022-11-15,1450,SD1536,NA,2,5,7,3711,0,0,0,NA,0,931,FLANDERS DR,CAMINO SANTA FE,0,NA,Y,A,-,N,NA,NA,NA,NA,NA,NA,NA,NA,NA,N,3,0,1,2,A,-,11,21954,A,N,G,B,B,A,H,-,A,A,0,Y,NA,NA,NA,Y,NA,N,60,0,1,0,0,1,0,0,0,0,-,-,NA,NA,SAN DIEGO,SAN DIEGO,-117.17105865478516,32.90504455566406
9516332,2022,2022-12-21,3711,2022-11-25,1501,SD1567,NA,5,5,7,3711,0,0,0,NA,0,721,PALM AV,SATURN BL,200,E,N,A,-,N,NA,NA,NA,NA,NA,NA,NA,NA,NA,N,4,0,1,2,A,-,03,22350,NA,N,C,C,A,A,H,-,A,D,0,NA,NA,NA,NA,Y,NA,A,01,0,0,1,0,0,0,0,0,0,-,-,NA,NA,SAN DIEGO,SAN DIEGO,-117.09197998046876,32.5837516784668
9516622,2022,2023-01-10,3702,2022-11-02,0720,CV1421,NA,3,5,6,3702,0,0,0,NA,0,021,PALOMAR ST,RT 56,18,E,N,B,-,Y,SD,11,5,-,-,5.902,R,4,N,Y,4,0,3,3,A,-,09,21453,C,N,D,C,A,A,H,-,A,A,0,NA,NA,NA,NA,Y,NA,A,07,0,0,3,0,0,0,0,0,0,-,NF,NA,NA,SAN DIEGO,CHULA VISTA,-117.08960723876952,32.60212707519531
9516690,2022,2022-12-13,3702,2022-10-13,1648,CV1337,NA,4,5,6,3702,0,0,0,NA,0,042,EAST PALOMAR,LA MEDIA,320,E,N,B,-,N,NA,NA,NA,NA,NA,NA,NA,NA,NA,N,4,0,1,2,A,-,03,22350,NA,F,C,C,A,A,H,-,A,A,0,NA,NA,NA,NA,Y,NA,A,01,0,0,1,0,0,0,0,0,0,-,-,NA,NA,SAN DIEGO,CHULA VISTA,-116.98719024658205,32.63212585449219
9517332,2022,2023-01-06,3705,2022-09-14,2049,EC0329,NA,3,5,5,3705,0,0,0,NA,0,003,OAKDALE RD,GRAPE ST,0,NA,Y,A,-,N,NA,NA,NA,NA,NA,NA,NA,NA,NA,Y,4,0,1,2,A,-,12,22450,A,N,D,D,A,A,H,-,C,D,0,NA,NA,NA,Y,Y,Y,A,01,0,0,1,0,0,0,0,0,0,-,-,NA,NA,SAN DIEGO,EL CAJON,-116.93138122558594,32.802085876464844
9517661,2022,2023-01-06,3702,2022-11-01,1848,CV1297,NA,2,5,6,3702,0,0,0,NA,0,013,4TH AV,G ST,6,S,N,B,-,N,NA,NA,NA,NA,NA,NA,NA,NA,NA,N,3,0,1,2,A,-,10,21950,A,N,G,B,B,A,H,-,C,A,0,Y,NA,NA,NA,Y,NA,A,01,0,1,0,0,1,0,0,0,0,-,-,NA,NA,SAN DIEGO,CHULA VISTA,-117.08262634277344,32.636653900146484
9517670,2022,2022-12-22,3702,2022-09-24,1657,CV1326,NA,6,5,6,3702,0,0,0,NA,0,042,LAKE CREST DR,RAMBLING VISTA RD,100,S,N,A,-,N,NA,NA,NA,NA,NA,NA,NA,NA,NA,Y,3,0,2,1,A,-,08,22107,NA,N,E,I,A,A,H,-,A,D,0,NA,NA,NA,NA,Y,NA,A,07,0,2,0,0,0,0,0,0,0,-,-,NA,NA,SAN DIEGO,CHULA VISTA,-116.93502044677734,32.6378288269043
9519194,2023,2023-03-04,3708,2023-01-23,1543,LM1158,NA,1,5,5,3708,0,0,0,NA,0,004,PARKWAY DR,BUCKLAND ST,245,W,N,A,-,N,NA,NA,NA,NA,NA,NA,NA,NA,NA,Y,4,0,1,2,A,-,09,21804,A,N,D,C,A,A,H,-,A,D,0,NA,NA,NA,NA,Y,NA,A,01,0,0,1,0,0,0,0,0,0,-,-,NA,NA,SAN DIEGO,LA MESA,-117.01712799072266,32.77882766723633
9519639,2023,2023-02-21,3711,2023-01-31,827,SD6418,NA,2,5,7,3711,0,0,0,NA,0,115,GENESEE AV,LUIGI TER,0,NA,Y,A,-,N,NA,NA,NA,NA,NA,NA,NA,NA,NA,N,4,0,1,2,A,-,09,21801,A,N,D,C,A,A,H,-,A,D,0,NA,NA,NA,NA,Y,NA,A,01,0,0,1,0,0,0,0,0,0,-,-,NA,NA,SAN DIEGO,SAN DIEGO,-117.20709991455078,32.859378814697266
9519650,2023,2023-02-21,3711,2023-01-28,1524,SD5958,NA,6,5,7,3711,0,0,0,NA,0,234,RANCHO BERNARDO RD,ALONDRA DR,80,E,N,A,-,N,NA,NA,NA,NA,NA,NA,NA,NA,NA,N,3,0,1,1,A,-,03,22350,NA,N,E,I,A,A,H,-,A,D,0,NA,NA,NA,NA,Y,NA,-,NA,0,1,0,0,0,0,0,0,0,-,-,NA,NA,SAN DIEGO,SAN DIEGO,-117.05589294433594,33.01827621459961
9519699,2023,2023-02-28,3711,2023-01-31,1605,SD1429,NA,2,5,7,3711,0,0,0,NA,0,824,MONTEZUMA RD,COLLWOOD BL,100,W,N,A,-,N,NA,NA,NA,NA,NA,NA,NA,NA,NA,N,4,0,1,2,A,-,04,21703,NA,M,C,C,A,A,H,-,A,A,0,NA,NA,NA,NA,Y,NA,-,NA,0,0,1,0,0,0,0,0,0,-,-,NA,NA,SAN DIEGO,SAN DIEGO,-117.08631134033205,32.76996994018555
9519700,2023,2023-03-07,3711,2023-01-27,1530,SD1723,NA,5,5,7,3711,0,0,0,NA,0,712,EL PORVENIR WY,W SAN YSIDRO AV,0,NA,Y,A,-,N,NA,NA,NA,NA,NA,NA,NA,NA,NA,N,3,0,2,2,A,-,09,21802,A,N,D,C,A,A,-,-,A,A,0,NA,NA,NA,NA,Y,NA,H,13,0,2,0,0,0,0,0,0,0,-,-,NA,NA,SAN DIEGO,SAN DIEGO,-117.06610870361328,32.5623779296875
9519950,2023,2023-03-04,3711,2023-01-29,1556,SD1677,NA,7,5,7,3711,0,0,0,NA,0,511,MAIN ST,VESTA ST,0,NA,N,A,-,N,NA,NA,NA,NA,NA,NA,NA,NA,NA,N,4,0,3,2,A,-,12,21453,A,N,D,C,A,A,H,-,A,A,0,NA,NA,NA,NA,Y,NA,A,01,0,0,3,0,0,0,0,0,0,-,-,NA,NA,SAN DIEGO,SAN DIEGO,-117.11537170410156,32.685489654541016
9520099,2022,2023-02-09,3711,2022-11-10,2145,SD5600,NA,4,5,7,3711,0,0,0,NA,0,122,INGRAHAM ST,LA PLAYA AV,88,S,N,A,-,N,NA,NA,NA,NA,NA,NA,NA,NA,NA,Y,1,1,0,2,A,-,11,21954,A,N,G,B,D,A,H,-,C,D,0,Y,NA,NA,NA,Y,NA,N,60,0,0,0,1,0,0,0,0,0,-,-,NA,NA,SAN DIEGO,SAN DIEGO,-117.23740386962892,32.78850555419922
9520884,2022,2023-08-29,3709,2022-07-05,0818,NC0480,NA,2,5,5,3709,0,0,0,NA,0,024,EAST 24TH ST,HIGHLAND AV,0,NA,Y,A,-,N,NA,NA,NA,NA,NA,NA,NA,NA,NA,N,1,1,0,2,A,-,10,21950,A,N,G,B,B,A,H,-,A,A,0,Y,NA,NA,NA,Y,NA,D,22,0,0,0,1,0,0,0,0,0,-,-,NA,NA,SAN DIEGO,NATIONAL CITY,-117.09336090087892,32.66435623168945
9522735,2022,2023-01-26,3711,2022-12-02,2340,SD1770,NA,5,5,7,3711,0,0,0,NA,0,623,HOTEL CIRCLE SOUTH,HOTEL CIRCLE NORTH,2100,E,N,A,-,N,NA,NA,NA,NA,NA,NA,NA,NA,NA,N,3,0,1,1,A,-,08,22107,NA,N,E,I,A,A,H,-,C,D,0,NA,NA,NA,NA,Y,NA,A,01,0,1,0,0,0,0,0,0,0,-,-,NA,NA,SAN DIEGO,SAN DIEGO,-117.17212677001952,32.759666442871094
9522753,2022,2023-01-27,3711,2022-12-05,2115,SD1365,NA,1,5,7,3711,0,0,0,NA,0,521,16TH ST,G ST,0,NA,Y,A,-,N,NA,NA,NA,NA,NA,NA,NA,NA,NA,N,4,0,1,2,A,-,09,21801,A,N,A,C,A,A,H,-,C,A,0,NA,NA,NA,NA,Y,NA,A,01,0,0,1,0,0,0,0,0,0,-,-,NA,NA,SAN DIEGO,SAN DIEGO,-117.14949035644533,32.71260452270508
9522872,2022,2023-01-30,3711,2022-12-14,1721,SD6276,NA,3,5,7,3711,0,0,0,NA,0,231,SPRINGBROOK DR,MIL PITRERO RD,100,N,N,A,-,N,NA,NA,NA,NA,NA,NA,NA,NA,NA,N,4,0,1,2,A,-,03,22350,NA,N,C,C,A,A,H,-,C,A,0,NA,NA,NA,NA,Y,NA,D,22,0,0,1,0,0,0,0,0,0,-,EO,NA,NA,SAN DIEGO,SAN DIEGO,-117.07614135742188,32.936607360839844
9523062,2022,2023-01-19,3711,2022-12-13,0039,SD6390,NA,2,5,7,3711,0,0,0,NA,0,441,LOGAN AV,LOGAN AV 4300,0,NA,Y,B,-,N,NA,NA,NA,NA,NA,NA,NA,NA,NA,Y,4,0,1,1,A,-,08,22107,NA,N,E,I,A,A,H,-,C,D,0,NA,NA,NA,NA,Y,NA,A,01,0,0,1,0,0,0,0,0,0,-,-,NA,NA,SAN DIEGO,SAN DIEGO,NA,NA
9524013,2022,2022-12-12,3711,2022-11-08,1605,SD8861,NA,2,5,7,3711,0,0,0,NA,0,515,28TH ST,ISLAND AV,21,N,N,C,-,N,NA,NA,NA,NA,NA,NA,NA,NA,NA,Y,4,0,1,2,A,-,08,22107,NA,N,B,C,A,B,H,-,A,A,0,NA,NA,NA,NA,Y,Y,A,01,0,0,1,0,0,0,0,0,0,-,-,NA,NA,SAN DIEGO,SAN DIEGO,-117.13385009765624,32.71060562133789
9524406,2022,2022-12-13,3700,2022-09-27,1825,SH0214,NA,2,5,4,3720,0,0,0,NA,0,602,PACIFIC AV,BUENA VISTA AV,0,NA,Y,A,-,N,NA,NA,NA,NA,NA,NA,NA,NA,NA,N,4,0,1,2,-,-,-,NA,NA,N,A,C,A,A,H,-,A,A,0,NA,NA,NA,NA,Y,Y,-,-,0,0,1,0,0,0,0,0,0,-,-,NA,NA,SAN DIEGO,LEMON GROVE,-117.03424072265624,32.741703033447266
9525358,2023,2023-08-25,3700,2023-02-18,1545,SH0817,NA,6,5,5,3712,0,0,0,NA,0,355,SAN MARCOS BL,PARK PL,60,E,N,A,-,N,NA,NA,NA,NA,NA,NA,NA,NA,NA,Y,4,0,2,2,A,-,03,22350,NA,N,C,C,A,A,H,-,A,D,0,NA,NA,NA,NA,Y,NA,A,07,0,0,2,0,0,0,0,0,0,-,-,NA,NA,SAN DIEGO,SAN MARCOS,-117.18575286865234,33.13542938232422
9525442,2023,2023-02-17,3711,2023-01-22,1829,SD1400,NA,7,5,7,3711,0,0,0,NA,0,813,30TH ST,REDWOOD ST,0,NA,N,A,-,N,NA,NA,NA,NA,NA,NA,NA,NA,NA,N,4,0,1,2,A,-,08,22107,NA,N,A,B,B,A,H,-,C,A,0,Y,NA,NA,NA,Y,NA,-,NA,0,0,1,0,1,0,0,0,0,-,-,NA,NA,SAN DIEGO,SAN DIEGO,-117.12931823730467,32.73741912841797
9526700,2022,2023-02-21,3710,2022-10-17,2052,OC1510,NA,1,5,6,3710,0,0,0,NA,0,006,NORTH TREMONT ST,CIVIC CENTER DR,113,S,N,A,-,N,NA,NA,NA,NA,NA,NA,NA,NA,NA,Y,2,0,1,4,A,-,17,23109,A,N,C,E,A,A,H,-,C,A,0,NA,NA,Y,NA,Y,Y,C,02,1,0,0,0,0,0,0,0,1,-,-,NA,NA,SAN DIEGO,OCEANSIDE,-117.38153076171876,33.196834564208984
9528088,2022,2022-12-14,3711,2022-11-01,1400,SD6334,NA,2,5,7,3711,0,0,0,NA,0,451,54TH ST,WESTOVER PL,80,S,N,A,-,N,NA,NA,NA,NA,NA,NA,NA,NA,NA,N,4,0,1,2,A,-,03,22350,NA,N,C,C,A,A,H,-,A,A,0,NA,NA,NA,NA,Y,NA,D,22,0,0,1,0,0,0,0,0,0,-,-,NA,NA,SAN DIEGO,SAN DIEGO,-117.0842056274414,32.72468948364258
9528492,2022,2022-11-23,3711,2022-10-30,0800,SD1649,NA,7,5,7,3711,0,0,0,NA,0,627,10TH AV,ROBINSON AV,0,NA,Y,A,-,N,NA,NA,NA,NA,NA,NA,NA,NA,NA,N,3,0,1,2,A,-,10,21950,A,N,G,B,B,A,H,-,A,D,0,Y,NA,NA,NA,Y,NA,-,NA,0,1,0,0,1,0,0,0,0,-,-,NA,NA,SAN DIEGO,SAN DIEGO,-117.15526580810548,32.746429443359375
9528518,2022,2022-11-30,3711,2022-10-29,0145,SD1548,NA,6,5,7,3711,0,0,0,NA,0,721,PALM AV,SATURN BL,200,W,N,A,-,N,NA,NA,NA,NA,NA,NA,NA,NA,NA,Y,3,0,1,7,A,-,03,22350,NA,N,A,E,A,A,H,-,C,D,0,NA,NA,NA,NA,Y,Y,A,01,0,1,0,0,0,0,0,0,0,-,-,NA,NA,SAN DIEGO,SAN DIEGO,-117.09327697753906,32.583740234375
9529099,2022,2022-11-17,3705,2022-09-09,0911,EC0407,NA,5,5,5,3705,0,0,0,NA,0,003,JAMACHA RD,GUSTAVO ST,50,N,N,B,-,N,NA,NA,NA,NA,NA,NA,NA,NA,NA,N,4,0,1,2,A,-,03,22350,NA,N,C,C,A,B,H,-,A,D,0,NA,NA,NA,NA,Y,NA,A,01,0,0,1,0,0,0,0,0,0,-,-,NA,NA,SAN DIEGO,EL CAJON,-116.92790985107422,32.78247833251953
9530221,2022,2022-12-06,3711,2022-10-15,1658,SD6000,NA,6,5,7,3711,0,0,0,NA,0,451,COLLEGE GROVE DR,CHOLLAS STATION RD,14,N,N,B,-,N,NA,NA,NA,NA,NA,NA,NA,NA,NA,Y,2,0,2,1,A,-,08,22107,NA,N,E,I,A,B,H,-,A,D,0,NA,NA,NA,NA,Y,NA,D,22,2,0,0,0,0,0,0,0,0,-,-,NA,NA,SAN DIEGO,SAN DIEGO,NA,NA
9530310,2022,2022-12-13,3711,2022-11-01,0400,SD9115,NA,2,5,7,3711,0,0,0,NA,0,615,ROSECRANS ST,LANING RD,171,N,N,B,-,N,NA,NA,NA,NA,NA,NA,NA,NA,NA,Y,4,0,2,2,A,-,03,22350,NA,N,C,C,A,A,H,-,D,D,0,NA,NA,NA,NA,Y,Y,A,01,0,0,2,0,0,0,0,0,0,-,-,NA,NA,SAN DIEGO,SAN DIEGO,-117.22238159179688,32.732547760009766
9530331,2022,2022-12-13,3711,2022-11-01,0850,SD5985,NA,2,5,7,3711,0,0,0,NA,0,311,LARKDALE AV,MURRAY RIDGE RD,0,NA,Y,B,-,N,NA,NA,NA,NA,NA,NA,NA,NA,NA,Y,4,0,2,2,A,-,09,21802,A,N,D,C,A,A,H,-,A,A,0,NA,NA,NA,NA,Y,NA,A,07,0,0,2,0,0,0,0,0,0,-,-,NA,NA,SAN DIEGO,SAN DIEGO,-117.14192962646484,32.801517486572266
9530337,2022,2022-12-13,3711,2022-11-04,2035,SD1331,NA,5,5,7,3711,0,0,0,NA,0,523,MARKET ST,6TH AV,0,NA,Y,A,-,N,NA,NA,NA,NA,NA,NA,NA,NA,NA,N,4,0,1,2,A,-,07,21658,A,N,B,C,A,A,H,-,C,A,0,NA,NA,Y,NA,Y,NA,A,01,0,0,1,0,0,0,0,0,1,-,-,NA,NA,SAN DIEGO,SAN DIEGO,-117.15927124023438,32.711509704589844
9530353,2022,2022-12-20,3711,2022-11-02,1237,SD6301,NA,3,5,7,3711,0,0,0,NA,0,713,9900 SIEMPRE VIVA ROAD,2300 MICHAEL FARADAY DRIVE,0,NA,N,A,-,N,NA,NA,NA,NA,NA,NA,NA,NA,NA,N,4,0,1,2,A,-,09,21802,B,N,D,C,A,A,H,-,A,D,0,NA,NA,NA,NA,Y,NA,A,01,0,0,1,0,0,0,0,0,0,-,-,NA,NA,SAN DIEGO,SAN DIEGO,-116.93199920654295,32.5567626953125
9531805,2022,2022-11-16,3702,2022-10-18,0851,CV1004,NA,2,5,6,3702,0,0,0,NA,0,022,OXFORD ST,3RD AV,800,W,N,A,-,N,NA,NA,NA,NA,NA,NA,NA,NA,NA,N,4,0,1,2,A,-,09,21801,A,N,D,C,A,A,H,-,A,A,0,NA,NA,NA,NA,Y,NA,A,01,0,0,1,0,0,0,0,0,0,-,-,NA,NA,SAN DIEGO,CHULA VISTA,-117.0701904296875,32.60954666137695
9531826,2022,2022-11-09,3702,2022-09-27,0910,CV1404,NA,2,5,6,3702,0,0,0,NA,0,013,TWIN OAKS AV,CYPRESS ST,138,N,N,A,-,N,NA,NA,NA,NA,NA,NA,NA,NA,NA,Y,4,0,1,2,A,-,08,22107,NA,N,B,E,A,A,H,-,A,D,0,NA,NA,NA,NA,Y,NA,A,07,0,0,1,0,0,0,0,0,0,-,-,NA,NA,SAN DIEGO,CHULA VISTA,-117.07630920410156,32.6407585144043
9531994,2022,2022-12-14,3711,2022-11-02,0540,SD1757,NA,3,5,7,3711,0,0,0,NA,0,522,HARBOR DR,5TH AV,0,NA,Y,A,-,N,NA,NA,NA,NA,NA,NA,NA,NA,NA,N,4,0,1,2,B,-,22,NA,NA,N,A,C,A,A,H,-,C,B,0,NA,NA,NA,Y,Y,NA,F,27,0,0,1,0,0,0,0,0,0,-,-,NA,NA,SAN DIEGO,SAN DIEGO,-117.1605224609375,32.70693588256836
9533064,2022,2023-01-23,3700,2022-11-16,2214,SH0313,NA,3,5,5,3782,0,0,0,NA,0,206,LEUCADIA BL,QUAIL GARDENS DR,38,E,N,A,-,N,NA,NA,NA,NA,NA,NA,NA,NA,NA,Y,3,0,3,2,A,-,12,21453,A,N,D,C,A,A,H,-,C,A,0,NA,NA,NA,NA,Y,NA,A,01,0,2,1,0,0,0,0,0,0,-,-,NA,NA,SAN DIEGO,ENCINITAS,-117.2783203125,33.0653190612793
9533066,2022,2023-01-31,3700,2022-11-15,1104,SH1147,NA,2,5,5,3782,0,0,0,NA,0,241,BIRMINGHAM DR,NEWCASTLE AV,0,NA,Y,A,-,N,NA,NA,NA,NA,NA,NA,NA,NA,NA,N,4,0,1,2,A,-,09,21800,A,N,G,G,A,A,H,-,A,D,0,NA,Y,NA,NA,Y,NA,A,01,0,0,1,0,0,0,1,0,0,-,-,NA,NA,SAN DIEGO,ENCINITAS,-117.28253936767578,33.02315139770508
9533474,2022,2023-01-26,3705,2022-11-10,0803,EC0407,NA,4,5,5,3705,0,0,0,NA,0,002,E WASHINGTON AV,S ANZA ST,0,NA,Y,A,-,N,NA,NA,NA,NA,NA,NA,NA,NA,NA,N,3,0,3,4,A,-,10,21950,A,N,G,B,B,A,H,-,A,A,0,Y,NA,NA,NA,Y,NA,A,07,0,2,1,0,3,0,0,0,0,-,-,NA,NA,SAN DIEGO,EL CAJON,-116.94818878173828,32.78764724731445
9533573,2023,2023-02-15,3710,2023-01-14,2127,OC1504,NA,6,5,6,3710,0,0,0,NA,0,033,MISSION AV,FRAZEE RD,0,NA,Y,C,-,N,NA,NA,NA,NA,NA,NA,NA,NA,NA,Y,3,0,1,1,A,-,03,22350,NA,N,F,I,A,B,G,-,C,A,0,NA,NA,NA,NA,Y,NA,A,01,0,1,0,0,0,0,0,0,0,-,-,NA,NA,SAN DIEGO,OCEANSIDE,-117.29834747314452,33.23903274536133
9533592,2023,2023-02-28,3710,2023-01-13,1410,OC1535,NA,5,5,6,3710,0,0,0,NA,0,022,NORTH SANTA FE AV,RT 76,198,S,N,A,-,N,NA,NA,NA,NA,NA,NA,NA,NA,NA,N,4,0,2,2,A,-,03,22350,NA,N,C,C,A,A,H,-,A,A,0,NA,NA,NA,NA,Y,NA,A,01,0,0,2,0,0,0,0,0,0,-,-,NA,NA,SAN DIEGO,OCEANSIDE,-117.28111267089844,33.245521545410156
9533594,2022,2023-02-17,3710,2022-01-13,1720,OC1530,NA,4,5,6,3710,0,0,0,NA,0,009,SOUTH COAST HWY,WHALEY ST,650,S,N,A,-,N,NA,NA,NA,NA,NA,NA,NA,NA,NA,Y,3,0,1,3,A,-,03,22350,NA,F,B,C,A,A,H,-,C,D,0,NA,NA,NA,NA,Y,NA,A,01,0,1,0,0,0,0,0,0,0,-,-,NA,NA,SAN DIEGO,OCEANSIDE,-117.36234283447266,33.17538833618164
9533599,2023,2023-02-21,3710,2023-01-17,2234,OC1522,NA,2,5,6,3710,0,0,0,NA,0,016,EL CAMINO REAL,MISSION AV,79,N,N,A,-,N,NA,NA,NA,NA,NA,NA,NA,NA,NA,Y,4,0,1,2,A,-,01,23152,A,N,C,C,A,A,H,-,C,A,0,NA,NA,NA,NA,Y,Y,A,01,0,0,1,0,0,0,0,0,0,-,-,NA,NA,SAN DIEGO,OCEANSIDE,-117.33096313476563,33.226070404052734