CASE_ID,ACCIDENT_YEAR,PROC_DATE,JURIS,COLLISION_DATE,COLLISION_TIME,OFFICER_ID,REPORTING_DISTRICT,DAY_OF_WEEK,CHP_SHIFT,POPULATION,CNTY_CITY_LOC,SPECIAL_COND,BEAT_TYPE,CHP_BEAT_TYPE,CITY_DIVISION_LAPD,CHP_BEAT_CLASS,BEAT_NUMBER,PRIMARY_RD,SECONDARY_RD,DISTANCE,DIRECTION,INTERSECTION,WEATHER_1,WEATHER_2,STATE_HWY_IND,CALTRANS_COUNTY,CALTRANS_DISTRICT,STATE_ROUTE,ROUTE_SUFFIX,POSTMILE_PREFIX,POSTMILE,LOCATION_TYPE,RAMP_INTERSECTION,SIDE_OF_HWY,TOW_AWAY,COLLISION_SEVERITY,NUMBER_KILLED,NUMBER_INJURED,PARTY_COUNT,PRIMARY_COLL_FACTOR,PCF_CODE_OF_VIOL,PCF_VIOL_CATEGORY,PCF_VIOLATION,PCF_VIOL_SUBSECTION,HIT_AND_RUN,TYPE_OF_COLLISION,MVIW,PED_ACTION,ROAD_SURFACE,ROAD_COND_1,ROAD_COND_2,LIGHTING,CONTROL_DEVICE,CHP_ROAD_TYPE,PEDESTRIAN_ACCIDENT,BICYCLE_ACCIDENT,MOTORCYCLE_ACCIDENT,TRUCK_ACCIDENT,NOT_PRIVATE_PROPERTY,ALCOHOL_INVOLVED,STWD_VEHTYPE_AT_FAULT,CHP_VEHTYPE_AT_FAULT,COUNT_SEVERE_INJ,COUNT_VISIBLE_INJ,COUNT_COMPLAINT_PAIN,COUNT_PED_KILLED,COUNT_PED_INJURED,COUNT_BICYCLIST_KILLED,COUNT_BICYCLIST_INJURED,COUNT_MC_KILLED,COUNT_MC_INJURED,PRIMARY_RAMP,SECONDARY_RAMP,LATITUDE,LONGITUDE,COUNTY,CITY,POINT_X,POINT_Y
9667868,2024,2024-04-27,3702,2024-02-22,751,CV1265,NA,4,5,6,3702,0,0,0,NA,0,014,D ST,4TH AV,120,E,N,A,-,N,NA,NA,NA,NA,NA,NA,NA,NA,NA,N,4,0,1,2,A,-,09,21804,A,N,B,C,A,A,H,-,A,D,0,NA,NA,NA,NA,Y,NA,A,08,0,0,1,0,0,0,0,0,0,-,-,NA,NA,SAN DIEGO,CHULA VISTA,-117.08627319335938,32.647151947021484
9668381,2024,2024-04-30,3711,2024-02-21,2114,SD1741,NA,3,5,7,3711,0,0,0,NA,0,326,55TH ST,REMINGTON RD,0,NA,Y,A,-,N,NA,NA,NA,NA,NA,NA,NA,NA,NA,N,3,0,1,2,A,-,11,21954,A,N,B,B,E,A,H,-,C,D,0,Y,NA,NA,NA,Y,Y,N,60,0,1,0,0,1,0,0,0,0,-,-,NA,NA,SAN DIEGO,SAN DIEGO,-117.07686614990234,32.775184631347656
9668681,2023,2024-03-20,3700,2023-12-06,1647,SH5230,NA,3,5,5,3782,0,0,0,NA,0,221,SOUTH COAST HWY,D ST,0,NA,Y,A,-,N,NA,NA,NA,NA,NA,NA,NA,NA,NA,Y,4,0,1,2,A,-,17,21451,A,N,A,C,A,A,H,-,B,A,0,NA,NA,NA,NA,Y,NA,D,22,0,0,1,0,0,0,0,0,0,-,-,NA,NA,SAN DIEGO,ENCINITAS,NA,NA
9668864,2024,2024-04-17,3702,2024-02-22,1530,CV0969,NA,4,5,6,3702,0,0,0,NA,0,041,TELEGRAPH CANYON RD,HERITAGE RD,85,E,N,A,-,N,NA,NA,NA,NA,NA,NA,NA,NA,NA,Y,4,0,2,4,A,-,08,22107,NA,N,B,C,A,A,H,-,A,A,0,NA,NA,NA,Y,Y,NA,A,01,0,0,2,0,0,0,0,0,0,-,-,NA,NA,SAN DIEGO,CHULA VISTA,-117.0078582763672,32.625492095947266
9669044,2024,2024-08-28,3711,2024-03-15,1244,SD7738,NA,5,5,7,3711,0,0,0,NA,0,124,LA JOLLA VILLAGE DR,LA JOLLA SENIC DRIVE N,0,NA,Y,A,-,N,NA,NA,NA,NA,NA,NA,NA,NA,NA,N,4,0,1,2,A,-,03,22350,NA,N,C,C,A,A,H,-,A,A,0,NA,NA,NA,NA,Y,NA,D,22,0,0,1,0,0,0,0,0,0,-,-,NA,NA,SAN DIEGO,SAN DIEGO,-117.24209594726563,32.87001419067383
9669187,2024,2024-05-22,3711,2024-03-06,730,SD6996,NA,3,5,7,3711,0,0,0,NA,0,521,PARK BL,MARKET ST,0,NA,Y,A,-,N,NA,NA,NA,NA,NA,NA,NA,NA,NA,N,3,0,1,2,B,-,22,NA,NA,N,D,G,A,A,H,-,A,A,0,NA,Y,NA,NA,Y,NA,-,NA,0,1,0,0,0,0,1,0,0,-,-,NA,NA,SAN DIEGO,SAN DIEGO,-117.15375518798828,32.711524963378906
9669189,2024,2024-06-27,3711,2024-03-10,1928,SD1567,NA,7,5,7,3711,0,0,0,NA,0,124,PROSPECT ST,CAVE ST,0,NA,Y,A,-,N,NA,NA,NA,NA,NA,NA,NA,NA,NA,N,3,0,2,3,A,-,10,21950,A,N,G,B,B,A,H,-,C,D,0,Y,NA,NA,NA,Y,NA,A,01,0,2,0,0,2,0,0,0,0,-,-,NA,NA,SAN DIEGO,SAN DIEGO,-117.27040100097656,32.84846115112305
9669519,2024,2024-03-19,3700,2024-01-16,900,SH0817,NA,2,5,5,3782,0,0,0,NA,0,222,ENCINITAS BL,DELPHINIUM ST,380,W,N,A,-,N,NA,NA,NA,NA,NA,NA,NA,NA,NA,Y,3,0,2,3,A,-,04,21703,NA,N,C,C,A,A,C,-,A,D,0,NA,NA,NA,Y,Y,NA,D,22,0,1,1,0,0,0,0,0,0,-,-,NA,NA,SAN DIEGO,ENCINITAS,-117.27690887451172,33.048667907714844
9669539,2024,2024-04-24,3705,2024-02-25,1114,EC0407,NA,7,5,5,3705,0,0,0,NA,0,001,FLETCHER PKWY,PIONEER WY,60,W,N,B,-,N,NA,NA,NA,NA,NA,NA,NA,NA,NA,Y,3,0,2,2,A,-,01,23153,A,N,C,C,A,A,H,-,A,A,0,NA,NA,NA,NA,Y,Y,D,22,0,1,1,0,0,0,0,0,0,-,-,NA,NA,SAN DIEGO,EL CAJON,-116.96764373779295,32.80778121948242
9671062,2023,2024-02-29,3705,2023-12-31,2216,EC0451,NA,7,5,5,3705,0,0,0,NA,0,002,WALTER WY,E MADISON AV,328,S,N,A,-,N,NA,NA,NA,NA,NA,NA,NA,NA,NA,N,3,0,1,2,B,-,22,NA,NA,N,G,B,E,A,H,-,C,D,0,Y,NA,NA,NA,Y,Y,J,48,0,1,0,0,1,0,0,0,0,-,-,NA,NA,SAN DIEGO,EL CAJON,-116.9345932006836,32.79927062988281
9671911,2024,2024-03-26,3702,2024-01-16,1335,CV1490,NA,2,5,6,3702,0,0,0,NA,0,014,E ST,4TH AV,191,W,N,A,-,N,NA,NA,NA,NA,NA,NA,NA,NA,NA,N,4,0,1,2,A,-,03,22350,NA,N,C,C,A,A,H,-,A,D,0,NA,NA,NA,NA,Y,NA,A,07,0,0,1,0,0,0,0,0,0,-,-,NA,NA,SAN DIEGO,CHULA VISTA,-117.08590698242188,32.64345932006836
9672348,2024,2024-05-14,3711,2024-02-14,2300,SD6999,NA,3,5,7,3711,0,0,0,NA,0,934,CARMEL COUNTRY RD,RT 56,0,NA,Y,A,-,Y,SD,11,56,-,-,2.007,R,4,E,N,3,0,1,2,A,-,09,21453,C,M,D,G,A,A,H,-,C,A,0,NA,Y,NA,NA,Y,NA,-,99,0,1,0,0,0,0,1,0,0,-,-,NA,NA,SAN DIEGO,SAN DIEGO,-117.21121978759766,32.945228576660156
9672627,2024,2024-04-12,3711,2024-02-13,602,SD1935,NA,2,5,7,3711,0,0,0,NA,0,313,RUFFNER ST,CONVOY CT,0,NA,Y,A,-,N,NA,NA,NA,NA,NA,NA,NA,NA,NA,N,4,0,1,2,A,-,03,22350,NA,N,C,C,A,A,H,-,B,D,0,NA,NA,NA,NA,Y,NA,A,08,0,0,1,0,0,0,0,0,0,-,-,NA,NA,SAN DIEGO,SAN DIEGO,-117.15925598144533,32.83470916748047
9672837,2024,2024-04-27,3711,2024-02-09,1752,SD7759,NA,5,5,7,3711,0,0,0,NA,0,116,MORENA BL,INGULF ST,275,N,N,A,-,N,NA,NA,NA,NA,NA,NA,NA,NA,NA,Y,3,0,1,1,A,-,08,22107,NA,N,E,I,A,B,H,-,C,D,0,NA,NA,NA,NA,Y,NA,A,01,0,1,0,0,0,0,0,0,0,-,-,NA,NA,SAN DIEGO,SAN DIEGO,-117.20603942871094,32.79033279418945
9672871,2024,2024-05-04,3711,2024-02-22,1043,SD5300,NA,4,5,7,3711,0,0,0,NA,0,115,GENESEE AV,EXECUTIVE DR,260,N,N,A,-,N,NA,NA,NA,NA,NA,NA,NA,NA,NA,N,3,0,1,2,A,-,09,21804,A,N,H,G,A,A,H,-,A,D,0,NA,Y,NA,NA,Y,NA,A,01,0,1,0,0,0,0,1,0,0,-,-,NA,NA,SAN DIEGO,SAN DIEGO,-117.21414184570313,32.8758430480957
9672973,2024,2024-04-11,3711,2024-02-17,121,SD1718,NA,6,5,7,3711,0,0,0,NA,0,523,BROADWAY,4TH AVE,0,NA,Y,A,-,N,NA,NA,NA,NA,NA,NA,NA,NA,NA,Y,4,0,1,2,A,-,12,21453,A,N,D,C,A,A,H,-,C,A,0,NA,NA,Y,NA,Y,NA,A,01,0,0,1,0,0,0,0,0,0,-,-,NA,NA,SAN DIEGO,SAN DIEGO,-117.16105651855467,32.715694427490234
9673033,2024,2024-04-30,3711,2024-02-24,1019,SD1345,NA,6,5,7,3711,0,0,0,NA,0,313,CLAIREMONT MESA,KEARNY MESA RD,5,E,N,B,-,N,NA,NA,NA,NA,NA,NA,NA,NA,NA,N,4,0,1,2,A,-,11,21453,D,N,G,B,B,A,H,-,A,A,0,Y,NA,NA,NA,Y,NA,A,01,0,0,1,0,1,0,0,0,0,-,-,NA,NA,SAN DIEGO,SAN DIEGO,-117.14351654052734,32.832740783691406
9673305,2024,2024-08-27,3711,2024-03-01,1445,SD1898,NA,5,5,7,3711,0,0,0,NA,0,712,ARRUZA ST,PICADOR BL,0,NA,Y,A,-,N,NA,NA,NA,NA,NA,NA,NA,NA,NA,N,4,0,1,2,A,-,10,21950,A,M,-,-,-,-,-,-,A,-,0,Y,NA,NA,NA,Y,NA,-,NA,0,0,1,0,1,0,0,0,0,-,-,NA,NA,SAN DIEGO,SAN DIEGO,-117.05372619628906,32.572078704833984
9673989,2024,2024-07-03,3711,2024-03-10,1033,SD1236,NA,7,5,7,3711,0,0,0,NA,0,313,AERO DR,CONVOY ST,5,E,N,A,-,N,NA,NA,NA,NA,NA,NA,NA,NA,NA,N,4,0,1,2,A,-,03,22350,NA,N,C,C,A,A,H,-,A,A,0,NA,NA,NA,NA,Y,NA,A,01,0,0,1,0,0,0,0,0,0,-,-,NA,NA,SAN DIEGO,SAN DIEGO,-117.15348052978516,32.81117630004883
9674560,2024,2024-05-17,3711,2024-03-03,1616,SD1567,NA,7,5,7,3711,0,0,0,NA,0,114,CLAIREMONT MESA BL,GENESEE AV,468,W,N,A,B,N,NA,NA,NA,NA,NA,NA,NA,NA,NA,N,4,0,2,2,A,-,03,22350,NA,M,C,C,A,B,H,-,A,D,0,NA,NA,NA,NA,Y,Y,-,99,0,0,2,0,0,0,0,0,0,-,-,NA,NA,SAN DIEGO,SAN DIEGO,-117.19641876220705,32.8344841003418
9676137,2023,2024-03-07,3700,2023-11-07,815,SH3192,NA,2,5,5,3782,0,0,0,NA,0,211,LA COSTA AV,SHERIDAN RD,33,E,N,A,-,N,NA,NA,NA,NA,NA,NA,NA,NA,NA,N,4,0,1,1,A,-,03,22350,NA,N,F,-,A,A,H,-,A,D,0,NA,Y,NA,NA,Y,NA,L,04,0,0,1,0,0,0,1,0,0,-,-,NA,NA,SAN DIEGO,ENCINITAS,-117.30296325683594,33.084041595458984
9677456,2024,2024-08-13,3711,2024-05-16,1530,SD1685,NA,4,5,7,3711,0,0,0,NA,0,832,ORANGE AV,VAN DYKE AV,0,NA,Y,A,-,N,NA,NA,NA,NA,NA,NA,NA,NA,NA,Y,4,0,1,2,A,-,08,22107,NA,N,D,J,A,A,H,-,A,D,0,NA,NA,NA,NA,Y,NA,A,01,0,0,1,0,0,0,0,0,0,-,-,NA,NA,SAN DIEGO,SAN DIEGO,-117.10317993164063,32.753177642822266
9677464,2024,2024-07-19,3711,2024-05-18,1323,SD7208,NA,6,5,7,3711,0,0,0,NA,0,243,MIRAMAR RD,PRODUCTION AV,20,E,N,A,-,N,NA,NA,NA,NA,NA,NA,NA,NA,NA,N,4,0,1,3,A,-,04,21703,NA,N,C,C,A,A,H,-,A,A,0,NA,NA,NA,NA,Y,NA,A,01,0,0,1,0,0,0,0,0,0,-,-,NA,NA,SAN DIEGO,SAN DIEGO,-117.16481018066406,32.87874221801758
9678231,2024,2024-04-24,3700,2024-02-07,1441,SH0876,NA,3,5,5,3713,0,0,0,NA,0,313,RIDGE RD,PRESIDIO WY,594,E,N,A,-,N,NA,NA,NA,NA,NA,NA,NA,NA,NA,Y,4,0,1,2,A,-,09,21804,A,N,D,C,A,B,H,-,A,D,0,NA,NA,NA,NA,Y,NA,A,01,0,0,1,0,0,0,0,0,0,-,-,NA,NA,SAN DIEGO,VISTA,-117.25611877441406,33.181095123291016
9678526,2024,2024-04-22,3705,2024-02-20,1717,EC0407,NA,2,5,5,3705,0,0,0,NA,0,001,WASHINGTON AV,SUNSHINE AV,0,NA,Y,B,-,N,NA,NA,NA,NA,NA,NA,NA,NA,NA,Y,3,0,3,2,A,-,09,21802,A,N,D,C,A,B,H,-,A,A,0,NA,NA,NA,NA,Y,NA,A,01,0,2,1,0,0,0,0,0,0,-,-,NA,NA,SAN DIEGO,EL CAJON,-116.9647979736328,32.78765869140625
9678589,2023,2024-03-21,3700,2023-12-02,2140,SH0313,NA,6,5,5,3782,0,0,0,NA,0,222,ENCINITAS BL,QUAIL DR,55,E,N,A,-,N,NA,NA,NA,NA,NA,NA,NA,NA,NA,Y,3,0,1,1,A,-,03,22350,NA,N,E,I,A,A,H,-,C,D,0,NA,NA,NA,NA,Y,Y,A,01,0,1,0,0,0,0,0,0,0,-,-,NA,NA,SAN DIEGO,ENCINITAS,-117.28273010253906,33.04734802246094
9679094,2023,2024-04-12,3700,2023-11-30,138,SH0313,NA,4,5,5,3782,0,0,0,NA,0,241,BIRMINGHAM DR,RT 5,17,E,N,C,-,Y,SD,11,5,-,R,39.606,R,4,S,Y,3,0,1,1,A,-,01,23152,A,N,E,I,A,B,H,-,D,D,0,NA,NA,NA,NA,Y,Y,A,01,0,1,0,0,0,0,0,0,0,-,SO,NA,NA,SAN DIEGO,ENCINITAS,-117.27378845214844,33.02324676513672
9679314,2023,2024-03-18,3711,2023-09-16,1400,SD1752,NA,6,5,7,3711,0,0,0,NA,0,322,MISSION GORGE,OLD CLIFFS RD,0,NA,Y,A,-,N,NA,NA,NA,NA,NA,NA,NA,NA,NA,Y,2,0,1,2,A,-,09,21804,A,N,C,C,A,A,H,-,A,A,0,NA,NA,Y,NA,Y,NA,A,01,1,0,0,0,0,0,0,0,1,-,-,NA,NA,SAN DIEGO,SAN DIEGO,-117.09176635742188,32.79974365234375
9679437,2022,2024-03-23,3702,2022-12-10,2238,CV1328,NA,6,5,6,3702,0,0,0,NA,0,022,L ST,5TH AV,400,E,N,A,-,N,NA,NA,NA,NA,NA,NA,NA,NA,NA,Y,3,0,1,3,A,-,05,21651,B,N,B,C,A,A,H,-,C,A,0,NA,NA,NA,NA,Y,NA,M,47,0,1,0,0,0,0,0,0,0,-,-,NA,NA,SAN DIEGO,CHULA VISTA,-117.0787353515625,32.618656158447266
9680691,2024,2024-05-24,3711,2024-03-02,1158,SD1856,NA,6,5,7,3711,0,0,0,NA,0,937,PASEO DEL SUR,PASEO DEL SUR 16355,0,NA,N,A,B,N,NA,NA,NA,NA,NA,NA,NA,NA,NA,N,3,0,1,2,A,-,21,22106,NA,M,C,B,F,B,H,-,A,D,0,Y,NA,NA,NA,Y,NA,-,NA,0,1,0,0,1,0,0,0,0,-,-,NA,NA,SAN DIEGO,SAN DIEGO,NA,NA
9680744,2024,2024-06-13,3711,2024-03-03,1120,SD1849,NA,7,5,7,3711,0,0,0,NA,0,724,PALM AV,BEYER BL,0,NA,Y,A,-,N,NA,NA,NA,NA,NA,NA,NA,NA,NA,N,4,0,1,2,B,-,22,NA,NA,N,B,C,A,A,H,-,A,A,0,NA,NA,NA,NA,Y,NA,A,01,0,0,1,0,0,0,0,0,0,-,-,NA,NA,SAN DIEGO,SAN DIEGO,-117.0712432861328,32.58387756347656
9680872,2024,2024-05-22,3711,2024-03-15,1240,SD4310,NA,5,5,7,3711,0,0,0,NA,0,326,MONTEZUMA RD,CAMPANILE DR,0,NA,N,A,-,N,NA,NA,NA,NA,NA,NA,NA,NA,NA,N,4,0,1,2,A,-,21,22106,NA,N,C,C,A,A,H,-,A,A,0,NA,NA,NA,NA,Y,NA,A,01,0,0,1,0,0,0,0,0,0,-,-,NA,NA,SAN DIEGO,SAN DIEGO,-117.07192230224608,32.77070999145508
9681070,2024,2024-04-26,3700,2024-02-20,547,SH5476,NA,2,5,4,3707,0,0,0,NA,0,701,RT 75,DELAWARE ST,0,NA,Y,A,-,N,NA,NA,NA,NA,NA,NA,NA,NA,NA,N,4,0,1,2,A,-,11,21954,A,N,G,G,A,A,H,-,C,A,0,NA,Y,NA,NA,Y,NA,L,04,0,0,1,0,0,0,1,0,0,-,-,NA,NA,SAN DIEGO,IMPERIAL BEACH,-117.11714935302734,32.58430099487305
9681105,2024,2024-05-28,3711,2024-03-17,504,SD1806,NA,7,5,7,3711,0,0,0,NA,0,825,COPELAND AV,MEADE AV,0,NA,Y,A,-,N,NA,NA,NA,NA,NA,NA,NA,NA,NA,Y,4,0,1,2,A,-,12,22450,A,M,D,C,A,A,H,-,C,D,0,NA,NA,NA,NA,Y,Y,A,01,0,0,1,0,0,0,0,0,0,-,-,NA,NA,SAN DIEGO,SAN DIEGO,-117.1039810180664,32.757083892822266
9681203,2024,2024-06-03,3711,2024-03-22,1207,SD5540,NA,5,5,7,3711,0,0,0,NA,0,516,MARKET ST,33RD ST,30,W,N,A,-,N,NA,NA,NA,NA,NA,NA,NA,NA,NA,N,4,0,1,2,A,-,08,22107,NA,M,C,G,A,A,H,-,A,D,0,NA,Y,NA,NA,Y,Y,-,NA,0,0,1,0,0,0,1,0,0,-,-,NA,NA,SAN DIEGO,SAN DIEGO,-117.12323760986328,32.711761474609375
9681210,2024,2024-06-03,3711,2024-03-20,1430,SD1368,NA,3,5,7,3711,0,0,0,NA,0,122,GRAND AV,KENDALL ST,183,W,N,A,-,N,NA,NA,NA,NA,NA,NA,NA,NA,NA,Y,4,0,2,2,A,-,00,23123,A,N,C,C,A,A,H,-,A,A,0,NA,NA,NA,NA,Y,NA,A,01,0,0,2,0,0,0,0,0,0,-,-,NA,NA,SAN DIEGO,SAN DIEGO,-117.23716735839844,32.79861068725586
9681212,2024,2024-06-18,3711,2024-03-21,1505,SD7686,NA,4,5,7,3711,0,0,0,NA,0,242,BLACK MOUNTAIN RD,MIRA MESA BL,106,N,N,A,-,N,NA,NA,NA,NA,NA,NA,NA,NA,NA,N,3,0,1,2,A,-,10,21954,B,N,G,B,A,A,H,-,A,A,0,NA,Y,NA,NA,Y,Y,A,01,0,1,0,0,0,0,1,0,0,-,-,NA,NA,SAN DIEGO,SAN DIEGO,-117.12493896484376,32.917518615722656
9681370,2024,2024-05-31,3710,2024-03-10,1907,OC1558,NA,7,5,6,3710,0,0,0,NA,0,009,PACIFIC ST,WITHERBY ST,0,NA,Y,A,-,N,NA,NA,NA,NA,NA,NA,NA,NA,NA,N,3,0,2,2,A,-,08,22107,NA,N,B,C,A,A,H,-,C,D,0,NA,NA,NA,NA,Y,NA,-,NA,0,2,0,0,0,0,0,0,0,-,-,NA,NA,SAN DIEGO,OCEANSIDE,-117.37068939208984,33.17914962768555
9683093,2023,2024-05-01,3700,2023-10-24,816,SH0190,NA,2,5,5,3781,0,0,0,NA,0,513,CARLTON HILLS BL,WILLOWGROVE AVE,315,N,N,A,-,N,NA,NA,NA,NA,NA,NA,NA,NA,NA,Y,3,0,1,2,A,-,03,22350,NA,N,C,C,A,A,H,-,A,D,0,NA,NA,NA,NA,Y,NA,A,01,0,1,0,0,0,0,0,0,0,-,-,NA,NA,SAN DIEGO,SANTEE,-116.99674987792967,32.84153747558594
9683117,2023,2024-05-03,3700,2023-10-16,1736,SH0138,NA,1,5,5,3781,0,0,0,NA,0,507,MAST BL,BILTEER CT,0,NA,Y,A,-,N,NA,NA,NA,NA,NA,NA,NA,NA,NA,Y,4,0,1,2,A,-,12,21453,A,N,B,C,A,A,H,-,B,A,0,NA,NA,NA,NA,Y,NA,A,01,0,0,1,0,0,0,0,0,0,-,-,NA,NA,SAN DIEGO,SANTEE,-116.9792251586914,32.85512161254883
9683815,2023,2024-05-01,3700,2023-08-30,649,SH2001,NA,3,5,5,3781,0,0,0,NA,0,508,EL NOPAL,JULIO PL,0,NA,Y,A,-,N,NA,NA,NA,NA,NA,NA,NA,NA,NA,Y,3,0,2,2,A,-,09,21801,A,N,D,C,A,A,H,-,A,D,0,NA,NA,NA,NA,Y,NA,A,01,0,1,1,0,0,0,0,0,0,-,-,NA,NA,SAN DIEGO,SANTEE,-116.96543121337892,32.86235809326172
9684498,2024,2024-05-23,3709,2024-03-21,1120,NC0558,NA,4,5,5,3709,0,0,0,NA,0,023,18TH ST,E 18TH ST 1831,0,NA,N,A,-,N,NA,NA,NA,NA,NA,NA,NA,NA,NA,Y,4,0,1,3,C,-,18,NA,NA,N,C,E,A,A,H,-,A,D,0,NA,NA,NA,NA,Y,NA,-,-,0,0,1,0,0,0,0,0,0,-,-,NA,NA,SAN DIEGO,NATIONAL CITY,-117.10353088378906,32.66720199584961
9684615,2024,2024-06-11,3711,2024-04-08,2027,SD7950,NA,1,5,7,3711,0,0,0,NA,0,451,54TH ST,COLLEGE GROVE DR,0,NA,Y,A,-,N,NA,NA,NA,NA,NA,NA,NA,NA,NA,Y,3,0,3,3,A,-,12,21453,A,N,D,C,A,A,H,-,C,A,0,NA,NA,NA,NA,Y,NA,A,07,0,1,2,0,0,0,0,0,0,-,-,NA,NA,SAN DIEGO,SAN DIEGO,-117.07965087890624,32.735862731933594
9684861,2024,2024-06-26,3710,2024-04-10,1654,OC1560,NA,3,5,6,3710,0,0,0,NA,0,032,MISSION AV,OLD GROVE RD,0,NA,Y,A,-,N,NA,NA,NA,NA,NA,NA,NA,NA,NA,Y,4,0,1,2,A,-,01,23152,A,N,D,C,A,A,H,-,A,A,0,NA,NA,NA,NA,Y,NA,D,22,0,0,1,0,0,0,0,0,0,-,-,NA,NA,SAN DIEGO,OCEANSIDE,-117.30626678466795,33.22905349731445
9684934,2024,2024-06-19,3710,2024-04-05,1455,OC1506,NA,5,5,6,3710,0,0,0,NA,0,019,NORTH RIVER RD,STALLION DR,543,E,N,B,-,N,NA,NA,NA,NA,NA,NA,NA,NA,NA,Y,3,0,1,1,A,-,03,22350,NA,N,F,I,A,B,H,-,A,D,0,NA,NA,Y,NA,Y,NA,C,02,0,1,0,0,0,0,0,0,1,-,-,NA,NA,SAN DIEGO,OCEANSIDE,-117.2866668701172,33.255210876464844
9685102,2024,2024-06-20,3711,2024-04-06,2139,SD4310,NA,6,5,7,3711,0,0,0,NA,0,518,33RD ST,IVY ST,130,S,N,A,-,N,NA,NA,NA,NA,NA,NA,NA,NA,NA,Y,3,0,1,2,A,-,08,22107,NA,N,B,E,A,A,H,-,C,D,0,NA,NA,NA,NA,Y,Y,A,01,0,1,0,0,0,0,0,0,0,-,-,NA,NA,SAN DIEGO,SAN DIEGO,-117.12359619140624,32.728233337402344
9685289,2024,2024-07-31,3711,2024-04-10,1325,SD7042,NA,3,5,7,3711,0,0,0,NA,0,124,VIA MALLORCA,CAMINITO EASTBLUFF,150,N,N,A,-,N,NA,NA,NA,NA,NA,NA,NA,NA,NA,N,3,0,1,4,A,-,08,22107,NA,N,F,C,A,A,H,-,A,D,0,NA,NA,NA,NA,Y,NA,A,01,0,1,0,0,0,0,0,0,0,-,-,NA,NA,SAN DIEGO,SAN DIEGO,-117.23474884033205,32.8591423034668
9685341,2024,2024-04-29,3711,2024-01-18,1002,SD6418,NA,4,5,7,3711,0,0,0,NA,0,115,REGENTS RD,PENNANT WY,0,NA,Y,A,-,N,NA,NA,NA,NA,NA,NA,NA,NA,NA,N,3,0,1,2,D,-,00,NA,NA,N,D,C,A,A,H,-,A,A,0,NA,NA,Y,NA,Y,NA,-,-,0,1,0,0,0,0,0,0,1,-,-,NA,NA,SAN DIEGO,SAN DIEGO,-117.21963500976563,32.8462028503418
9686788,2024,2024-08-30,3711,2024-06-06,316,SD1309,NA,4,5,7,3711,0,0,0,NA,0,521,PARK BL,BROADWAY,0,NA,Y,A,-,N,NA,NA,NA,NA,NA,NA,NA,NA,NA,N,3,0,1,2,A,-,11,21950,B,N,G,B,D,A,H,-,C,A,0,Y,NA,NA,NA,Y,Y,N,60,0,1,0,0,1,0,0,0,0,-,-,NA,NA,SAN DIEGO,SAN DIEGO,-117.15377044677734,32.715736389160156
9687761,2024,2024-05-07,3702,2024-03-29,1405,CV1515,NA,5,5,6,3702,0,0,0,NA,0,011,BAY BL,E ST,585,S,N,A,-,N,NA,NA,NA,NA,NA,NA,NA,NA,NA,Y,4,0,2,2,A,-,03,22350,NA,N,C,C,A,A,H,-,A,D,0,NA,NA,NA,NA,Y,NA,A,01,0,0,2,0,0,0,0,0,0,-,-,NA,NA,SAN DIEGO,CHULA VISTA,-117.1008529663086,32.63753128051758
9689416,2024,2024-06-21,3711,2024-04-11,1402,SD1193,NA,4,5,7,3711,0,0,0,NA,0,436,COOLWATER DR,COOLWATER DR 200,0,NA,N,A,-,N,NA,NA,NA,NA,NA,NA,NA,NA,NA,Y,3,0,2,2,A,-,-,NA,NA,N,A,C,A,A,H,-,A,D,0,NA,NA,NA,NA,Y,NA,A,01,0,1,1,0,0,0,0,0,0,-,-,NA,NA,SAN DIEGO,SAN DIEGO,NA,NA
9689688,2024,2024-05-29,3711,2024-04-17,1835,SD1705,NA,3,5,7,3711,0,0,0,NA,0,115,GOVERNOR DR,COZZENS ST,21,E,N,A,-,N,NA,NA,NA,NA,NA,NA,NA,NA,NA,N,3,0,1,2,A,-,08,22107,NA,N,D,C,A,A,H,-,A,D,0,NA,NA,NA,NA,Y,NA,A,01,0,1,0,0,0,0,0,0,0,-,-,NA,NA,SAN DIEGO,SAN DIEGO,-117.19828033447266,32.85321807861328
9689756,2024,2024-05-30,3711,2024-04-14,2130,SD1832,NA,7,5,7,3711,0,0,0,NA,0,725,OTAY MESA RD,CORPORATE CENTER DR,0,NA,Y,A,-,N,NA,NA,NA,NA,NA,NA,NA,NA,NA,Y,4,0,1,2,A,-,03,22350,NA,N,C,C,A,A,D,-,C,B,0,NA,NA,Y,NA,Y,Y,A,01,0,0,1,0,0,0,0,0,1,-,-,NA,NA,SAN DIEGO,SAN DIEGO,-117.00552368164063,32.56831741333008
9690505,2024,2024-06-21,3711,2024-04-17,2042,SD1144,NA,3,5,7,3711,0,0,0,NA,0,615,ROSECRANS ST,NIMITZ BL,0,NA,Y,A,-,N,NA,NA,NA,NA,NA,NA,NA,NA,NA,Y,4,0,2,2,A,-,12,21453,A,N,A,C,A,A,H,-,C,A,0,NA,NA,NA,NA,Y,NA,A,01,0,0,2,0,0,0,0,0,0,-,-,NA,NA,SAN DIEGO,SAN DIEGO,-117.22582244873048,32.728599548339844
9691580,2024,2024-04-23,3711,2024-04-09,1357,SD1956,NA,2,5,7,3711,0,0,0,NA,0,839,UNIVERSITY AV,RT 15,0,NA,Y,A,-,N,NA,NA,NA,NA,NA,NA,NA,NA,NA,Y,3,0,2,2,A,-,12,21453,NA,N,D,D,A,A,H,-,A,A,0,NA,NA,NA,NA,Y,NA,A,01,0,2,0,0,0,0,0,0,0,-,NO,NA,NA,SAN DIEGO,SAN DIEGO,-117.10900115966795,32.74967575073242
9691634,2024,2024-05-29,3710,2024-04-11,1430,OC1560,NA,4,5,6,3710,0,0,0,NA,0,010,RT 76,CANYON DR,150,W,N,A,-,Y,SD,11,76,-,R,1.13,H,-,E,N,4,0,1,3,A,-,03,22350,NA,F,C,C,A,A,H,-,A,A,0,NA,NA,NA,NA,Y,NA,-,NA,0,0,1,0,0,0,0,0,0,-,-,NA,NA,SAN DIEGO,OCEANSIDE,-117.36793518066406,33.21236801147461