CASE_ID,ACCIDENT_YEAR,PROC_DATE,JURIS,COLLISION_DATE,COLLISION_TIME,OFFICER_ID,REPORTING_DISTRICT,DAY_OF_WEEK,CHP_SHIFT,POPULATION,CNTY_CITY_LOC,SPECIAL_COND,BEAT_TYPE,CHP_BEAT_TYPE,CITY_DIVISION_LAPD,CHP_BEAT_CLASS,BEAT_NUMBER,PRIMARY_RD,SECONDARY_RD,DISTANCE,DIRECTION,INTERSECTION,WEATHER_1,WEATHER_2,STATE_HWY_IND,CALTRANS_COUNTY,CALTRANS_DISTRICT,STATE_ROUTE,ROUTE_SUFFIX,POSTMILE_PREFIX,POSTMILE,LOCATION_TYPE,RAMP_INTERSECTION,SIDE_OF_HWY,TOW_AWAY,COLLISION_SEVERITY,NUMBER_KILLED,NUMBER_INJURED,PARTY_COUNT,PRIMARY_COLL_FACTOR,PCF_CODE_OF_VIOL,PCF_VIOL_CATEGORY,PCF_VIOLATION,PCF_VIOL_SUBSECTION,HIT_AND_RUN,TYPE_OF_COLLISION,MVIW,PED_ACTION,ROAD_SURFACE,ROAD_COND_1,ROAD_COND_2,LIGHTING,CONTROL_DEVICE,CHP_ROAD_TYPE,PEDESTRIAN_ACCIDENT,BICYCLE_ACCIDENT,MOTORCYCLE_ACCIDENT,TRUCK_ACCIDENT,NOT_PRIVATE_PROPERTY,ALCOHOL_INVOLVED,STWD_VEHTYPE_AT_FAULT,CHP_VEHTYPE_AT_FAULT,COUNT_SEVERE_INJ,COUNT_VISIBLE_INJ,COUNT_COMPLAINT_PAIN,COUNT_PED_KILLED,COUNT_PED_INJURED,COUNT_BICYCLIST_KILLED,COUNT_BICYCLIST_INJURED,COUNT_MC_KILLED,COUNT_MC_INJURED,PRIMARY_RAMP,SECONDARY_RAMP,LATITUDE,LONGITUDE,COUNTY,CITY,POINT_X,POINT_Y
9737433,2024,2024-10-04,3711,2024-09-20,1504,SD1968,NA,5,5,7,3711,0,0,0,NA,0,321,FAIRMOUNT AV,FAIRMOUNT AV 5800,0,NA,Y,B,-,N,NA,NA,NA,NA,NA,NA,NA,NA,NA,Y,4,0,1,3,B,-,22,NA,NA,N,B,C,A,A,H,-,A,A,0,NA,NA,NA,NA,Y,NA,A,08,0,0,1,0,0,0,0,0,0,-,-,NA,NA,SAN DIEGO,SAN DIEGO,-117.10155487060548,32.78019714355469
9737439,2024,2024-10-01,3711,2024-09-17,1725,SD5679,NA,2,5,7,3711,0,0,0,NA,0,233,MADRIGAL ST,AMALIA ST,8,N,N,A,-,N,NA,NA,NA,NA,NA,NA,NA,NA,NA,N,3,0,1,2,A,-,12,22450,A,N,D,G,A,A,H,-,A,A,0,NA,Y,NA,NA,Y,NA,L,04,0,1,0,0,0,0,1,0,0,-,-,NA,NA,SAN DIEGO,SAN DIEGO,-117.0875244140625,32.990867614746094
9737444,2024,2024-10-01,3711,2024-09-11,1612,SD1970,NA,3,5,7,3711,0,0,0,NA,0,242,CAMINO RUIZ,FLANDERS DR,0,NA,Y,A,-,N,NA,NA,NA,NA,NA,NA,NA,NA,NA,N,3,0,3,2,A,-,-,NA,NA,N,A,C,A,A,H,-,A,A,0,NA,NA,NA,NA,Y,NA,A,01,0,1,2,0,0,0,0,0,0,-,-,NA,NA,SAN DIEGO,SAN DIEGO,-117.14589691162108,32.90680694580078
9738732,2024,2024-10-23,3703,2024-09-05,1712,1441,1,4,5,3,3703,0,0,0,NA,0,001,FOURTH ST,D AV,39,W,N,A,-,Y,SD,11,282,-,-,0.09,H,-,E,Y,4,0,1,2,A,-,03,22350,NA,N,C,C,A,A,H,-,A,D,0,NA,NA,NA,NA,Y,NA,A,01,0,0,1,0,0,0,0,0,0,-,-,NA,NA,SAN DIEGO,CORONADO,-117.17536163330078,32.69648361206055
9738925,2024,2024-10-14,3711,2024-10-02,28,SD1706,NA,3,5,7,3711,0,0,0,NA,0,621,GENESEE AV,RICHLAND ST,642,E,N,A,-,N,NA,NA,NA,NA,NA,NA,NA,NA,NA,Y,3,0,1,1,A,-,03,22350,NA,N,E,I,A,A,H,-,C,A,0,NA,NA,NA,NA,Y,Y,A,07,0,1,0,0,0,0,0,0,0,-,-,NA,NA,SAN DIEGO,SAN DIEGO,-117.16094970703124,32.791221618652344
9738974,2024,2024-10-17,3711,2024-09-17,1547,SD1562,NA,2,5,7,3711,0,0,0,NA,0,233,CARMEL MOUNTAIN RD,VIA CIMA BELLA,0,NA,Y,A,-,N,NA,NA,NA,NA,NA,NA,NA,NA,NA,N,3,0,1,1,A,-,08,22107,NA,N,H,A,A,A,H,-,A,D,0,NA,Y,NA,NA,Y,NA,L,04,0,1,0,0,0,0,1,0,0,-,-,NA,NA,SAN DIEGO,SAN DIEGO,-117.12250518798828,32.96589279174805
9739275,2024,2024-10-03,3711,2024-09-18,1348,SD6996,NA,3,5,7,3711,0,0,0,NA,0,627,WASHINGTON ST,3RD ST,0,NA,Y,A,-,N,NA,NA,NA,NA,NA,NA,NA,NA,NA,N,3,0,1,2,A,-,09,21801,A,N,D,C,A,A,H,-,A,A,0,NA,NA,NA,NA,Y,NA,A,01,0,1,0,0,0,0,0,0,0,-,-,NA,NA,SAN DIEGO,SAN DIEGO,-117.16273498535156,32.74998474121094
9739350,2024,2024-10-11,3708,2024-09-08,1828,LM1301,NA,7,5,5,3708,0,0,0,NA,0,003,MARENGO AV,MORRO WY,107,S,N,A,-,N,NA,NA,NA,NA,NA,NA,NA,NA,NA,N,3,0,1,2,A,-,11,21954,A,N,G,B,B,A,H,-,A,D,0,Y,NA,NA,NA,Y,NA,N,60,0,1,0,0,1,0,0,0,0,-,-,NA,NA,SAN DIEGO,LA MESA,-117.02300262451172,32.778167724609375
9739849,2024,2024-10-08,3702,2024-09-13,2251,CV1424,NA,5,5,6,3702,0,0,0,NA,0,023,TELEGRAPH CANYON RD,PASEO DEL REY,0,NA,Y,A,-,N,NA,NA,NA,NA,NA,NA,NA,NA,NA,Y,3,0,2,3,A,-,09,21453,C,N,D,C,A,A,H,-,C,A,0,NA,NA,NA,NA,Y,Y,A,01,0,1,1,0,0,0,0,0,0,-,-,NA,NA,SAN DIEGO,CHULA VISTA,-117.03428649902344,32.62751007080078
9739859,2024,2024-10-15,3702,2024-09-16,1210,CV1326,NA,1,5,6,3702,0,0,0,NA,0,013,4TH AV,J ST,110,N,N,A,-,N,NA,NA,NA,NA,NA,NA,NA,NA,NA,N,4,0,1,2,A,-,09,21804,A,N,B,C,A,A,H,-,A,D,0,NA,NA,NA,Y,Y,NA,A,01,0,0,1,0,0,0,0,0,0,-,-,NA,NA,SAN DIEGO,CHULA VISTA,-117.07869720458984,32.62661361694336
9739914,2024,2024-10-08,3711,2024-09-26,753,SD1764,NA,4,5,7,3711,0,0,0,NA,0,623,HOTEL CIRCLE NORTH,FASHION VALLEY RD,0,NA,Y,B,-,N,NA,NA,NA,NA,NA,NA,NA,NA,NA,N,2,0,1,2,A,-,11,21451,C,N,A,B,B,A,H,-,A,A,0,Y,NA,NA,NA,Y,NA,N,60,1,0,0,0,1,0,0,0,0,-,-,NA,NA,SAN DIEGO,SAN DIEGO,-117.16918182373048,32.76108932495117
9740236,2024,2024-10-08,3711,2024-09-30,1426,SD1604,NA,1,5,7,3711,0,0,0,NA,0,232,WORLD TRADE DR,HIGHLAND RANCH RD,277,S,-,A,-,N,NA,NA,NA,NA,NA,NA,NA,NA,NA,N,3,0,1,2,A,-,10,21952,NA,N,G,B,D,A,H,-,A,A,0,Y,NA,NA,NA,Y,Y,A,01,0,1,0,0,1,0,0,0,0,-,-,NA,NA,SAN DIEGO,SAN DIEGO,-117.07455444335938,32.98148727416992
9740293,2024,2024-10-17,3711,2024-10-02,2102,SD8404,NA,3,5,7,3711,0,0,0,NA,0,625,MOORE ST,OLD TOWN AV,0,NA,Y,B,-,N,NA,NA,NA,NA,NA,NA,NA,NA,NA,N,3,0,2,2,A,-,12,21453,A,N,D,C,A,A,H,-,C,A,0,NA,NA,NA,NA,Y,NA,D,22,0,1,1,0,0,0,0,0,0,-,-,NA,NA,SAN DIEGO,SAN DIEGO,-117.19326019287108,32.748130798339844
9740480,2024,2024-10-10,3711,2024-09-07,2248,SD6789,NA,6,5,7,3711,0,0,0,NA,0,615,ROSECRANS ST,NIMITZ BL,0,NA,Y,A,-,N,NA,NA,NA,NA,NA,NA,NA,NA,NA,N,3,0,1,2,A,-,09,21804,A,N,B,G,A,A,H,-,C,A,0,NA,Y,NA,NA,Y,NA,L,04,0,1,0,0,0,0,1,0,0,-,-,NA,NA,SAN DIEGO,SAN DIEGO,-117.22582244873048,32.728599548339844
9741115,2024,2024-10-21,3700,2024-08-28,1834,SH3644,NA,3,5,5,3713,0,0,0,NA,0,319,MELROSE LN,VISTA DR,468,N,N,A,-,N,NA,NA,NA,NA,NA,NA,NA,NA,NA,Y,4,0,1,1,A,-,08,22107,NA,M,E,I,A,A,H,-,A,D,0,NA,NA,NA,NA,Y,NA,D,22,0,0,1,0,0,0,0,0,0,-,-,NA,NA,SAN DIEGO,VISTA,-117.25227355957033,33.196380615234375
9741266,2024,2024-11-14,3700,2024-08-01,157,SH6941,NA,4,5,4,3707,0,0,0,NA,0,702,PALM AV,DELAWARE ST,104,E,N,A,-,N,NA,NA,NA,NA,NA,NA,NA,NA,NA,Y,3,0,1,2,A,-,01,23152,A,N,A,C,A,A,H,-,C,D,0,NA,NA,NA,NA,Y,NA,A,01,0,1,0,0,0,0,0,0,0,-,-,NA,NA,SAN DIEGO,IMPERIAL BEACH,-117.1165771484375,32.58409881591797
9741402,2024,2024-10-09,3711,2024-09-26,1734,SD1357,NA,4,5,7,3711,0,0,0,NA,0,231,POWAY RD,SABRE SPRINGS PKWY,0,NA,Y,A,-,N,NA,NA,NA,NA,NA,NA,NA,NA,NA,N,3,0,1,2,A,-,03,22350,NA,N,D,C,A,A,H,-,A,A,0,NA,NA,NA,NA,Y,NA,A,01,0,1,0,0,0,0,0,0,0,-,-,NA,NA,SAN DIEGO,SAN DIEGO,-117.09585571289063,32.946895599365234
9741409,2024,2024-10-09,3710,2024-09-24,1221,OC1535,NA,2,5,6,3710,0,0,0,NA,0,028,W BOBIER DR,MELROSE DR,0,NA,Y,A,-,N,NA,NA,NA,NA,NA,NA,NA,NA,NA,N,4,0,1,2,A,-,03,22350,NA,N,C,C,A,A,H,-,A,A,0,NA,NA,NA,NA,Y,NA,A,01,0,0,1,0,0,0,0,0,0,-,-,NA,NA,SAN DIEGO,OCEANSIDE,NA,NA
9741542,2024,2024-10-11,3702,2024-09-19,1234,CV1525,NA,4,5,6,3702,0,0,0,NA,0,024,4TH AV,ANITA ST,0,NA,Y,A,-,N,NA,NA,NA,NA,NA,NA,NA,NA,NA,Y,4,0,1,3,A,-,01,23152,G,N,F,C,A,A,H,-,A,A,0,NA,NA,NA,NA,Y,Y,A,01,0,0,1,0,0,0,0,0,0,-,-,NA,NA,SAN DIEGO,CHULA VISTA,-117.0690689086914,32.59845733642578
9741810,2024,2024-10-11,3708,2024-09-28,1407,LM1282,NA,6,5,5,3708,0,0,0,NA,0,002,LA MESA BL,ROSEHEDGE DR,7,E,N,A,-,N,NA,NA,NA,NA,NA,NA,NA,NA,NA,Y,3,0,2,2,A,-,09,21804,A,N,D,C,A,A,H,-,A,D,0,NA,NA,NA,NA,Y,NA,A,01,0,1,1,0,0,0,0,0,0,-,-,NA,NA,SAN DIEGO,LA MESA,-117.01203155517578,32.76913833618164
9742189,2024,2024-10-16,3711,2024-09-30,1530,SD1984,NA,1,5,7,3711,0,0,0,NA,0,242,BLACK MOUNTAIN RD,CAPRICORN WAY,0,NA,Y,A,-,N,NA,NA,NA,NA,NA,NA,NA,NA,NA,N,3,0,1,2,A,-,08,22107,NA,N,G,G,A,A,H,-,A,A,0,NA,Y,NA,NA,Y,NA,A,01,0,1,0,0,0,0,1,0,0,-,-,NA,NA,SAN DIEGO,SAN DIEGO,-117.1246337890625,32.92433166503906
9742202,2024,2024-10-17,3711,2024-09-28,2350,SD1492,NA,6,5,7,3711,0,0,0,NA,0,524,F ST,8TH AV,0,NA,Y,A,-,N,NA,NA,NA,NA,NA,NA,NA,NA,NA,N,3,0,4,2,A,-,08,22100,B,N,B,G,A,A,H,-,C,A,0,NA,Y,NA,NA,Y,NA,A,01,0,3,1,0,0,0,4,0,0,-,-,NA,NA,SAN DIEGO,SAN DIEGO,-117.15741729736328,32.71364212036133
9742244,2024,2024-10-18,3711,2024-10-06,929,SD1835,NA,7,5,7,3711,0,0,0,NA,0,537,PARADISE VALLEY RD,ZEST ST,290,E,N,A,-,N,NA,NA,NA,NA,NA,NA,NA,NA,NA,Y,3,0,1,1,A,-,07,21658,A,N,H,A,A,A,H,-,A,A,0,NA,NA,NA,NA,Y,NA,A,01,0,1,0,0,0,0,0,0,0,-,-,NA,NA,SAN DIEGO,SAN DIEGO,-117.03902435302734,32.69127655029297
9743026,2024,2024-11-12,3700,2024-09-18,841,SH0028,NA,3,5,5,3713,0,0,0,NA,0,310,VISTA VILLAGE DR,WEST VISTA WY,0,NA,Y,A,-,N,NA,NA,NA,NA,NA,NA,NA,NA,NA,N,4,0,1,2,A,-,05,21650,1,N,D,G,A,A,H,-,A,A,0,NA,Y,NA,NA,Y,NA,-,NA,0,0,1,0,0,0,1,0,0,-,-,NA,NA,SAN DIEGO,VISTA,-117.24859619140624,33.19776916503906
9744600,2024,2024-10-21,3700,2024-09-25,1145,SH3684,NA,3,5,5,3713,0,0,0,NA,0,302,EAST VISTA WY,ARCADIA AV,15,N,N,A,-,N,NA,NA,NA,NA,NA,NA,NA,NA,NA,N,3,0,1,2,A,-,09,21801,A,N,D,G,A,A,H,-,A,A,0,NA,Y,NA,NA,Y,NA,A,01,0,1,0,0,0,0,1,0,0,-,-,NA,NA,SAN DIEGO,VISTA,-117.22614288330078,33.22494125366211
9744728,2024,2024-10-18,3700,2024-03-25,1452,SH3684,NA,1,5,5,3713,0,0,0,NA,0,311,VISTA VILLAGE DR,PALM DR,10,E,N,A,-,N,NA,NA,NA,NA,NA,NA,NA,NA,NA,N,4,0,1,2,A,-,08,22107,NA,M,D,G,A,A,H,-,A,A,0,NA,Y,NA,NA,Y,Y,D,22,0,0,1,0,0,0,1,0,0,-,-,NA,NA,SAN DIEGO,VISTA,-117.23970794677734,33.20393753051758
9745117,2024,2024-11-04,3711,2024-10-09,1359,SD1799,NA,3,5,7,3711,0,0,0,NA,0,932,CARMEL MOUNTAIN RD,RT 56,0,NA,Y,A,-,Y,SD,11,5,-,R,31.673,R,4,N,Y,4,0,1,2,A,-,12,21453,A,N,D,C,A,A,H,-,A,A,0,NA,NA,NA,NA,Y,NA,A,01,0,0,1,0,0,0,0,0,0,-,NF,NA,NA,SAN DIEGO,SAN DIEGO,-117.23247528076172,32.91658020019531
9745438,2024,2024-10-23,3711,2024-10-03,850,SD6418,NA,4,5,7,3711,0,0,0,NA,0,116,SIOUX  AV,SIOUX  AV 3900,0,NA,Y,A,-,N,NA,NA,NA,NA,NA,NA,NA,NA,NA,N,3,0,1,1,D,-,00,NA,NA,N,F,A,A,A,H,-,A,D,0,NA,Y,NA,NA,Y,NA,-,-,0,1,0,0,0,0,1,0,0,-,-,NA,NA,SAN DIEGO,SAN DIEGO,NA,NA
9745458,2024,2024-10-31,3711,2024-10-13,1458,SD1776,NA,7,5,7,3711,0,0,0,NA,0,122,OLIVER AV,OLIVER AV 1568,0,NA,Y,A,-,N,NA,NA,NA,NA,NA,NA,NA,NA,NA,Y,3,0,1,3,A,-,00,21655,A,N,B,E,A,A,H,-,A,D,0,NA,NA,NA,NA,Y,Y,A,01,0,1,0,0,0,0,0,0,0,-,-,NA,NA,SAN DIEGO,SAN DIEGO,-117.25496673583984,32.79161834716797
9745460,2024,2024-10-31,3711,2024-10-11,620,SD4310,NA,5,5,7,3711,0,0,0,NA,0,522,WEST BROADWAY,STATE ST,9,W,N,A,-,N,NA,NA,NA,NA,NA,NA,NA,NA,NA,N,3,0,1,2,A,-,10,21950,A,N,G,B,B,A,H,-,A,A,0,Y,NA,NA,NA,Y,NA,A,07,0,1,0,0,1,0,0,0,0,-,-,NA,NA,SAN DIEGO,SAN DIEGO,-117.1665267944336,32.71564865112305
9745472,2024,2024-10-25,3711,2024-10-08,1645,SD7185,NA,2,5,7,3711,0,0,0,NA,0,313,CLAIREMONT MESA BL,OVERLAND AV,95,W,N,A,-,N,NA,NA,NA,NA,NA,NA,NA,NA,NA,N,4,0,1,4,A,-,03,22350,NA,N,C,C,A,A,H,-,A,A,0,NA,NA,NA,NA,Y,NA,A,01,0,0,1,0,0,0,0,0,0,-,-,NA,NA,SAN DIEGO,SAN DIEGO,-117.13131713867188,32.83134460449219
9745751,2024,2024-10-29,3705,2024-08-14,2103,EC0419,NA,3,5,5,3705,0,0,0,NA,0,001,JOHNSON AV,ARNELE AV,0,NA,Y,A,-,N,NA,NA,NA,NA,NA,NA,NA,NA,NA,Y,4,0,2,2,A,-,12,21453,A,N,D,C,A,A,H,-,C,B,0,NA,NA,NA,NA,Y,NA,A,01,0,0,2,0,0,0,0,0,0,-,-,NA,NA,SAN DIEGO,EL CAJON,-116.97103881835938,32.80394744873047
9746739,2024,2025-03-10,3711,2024-10-24,2007,SD1552,NA,4,5,7,3711,0,0,0,NA,0,522,MARKET ST,1ST AV,0,NA,Y,A,-,N,NA,NA,NA,NA,NA,NA,NA,NA,NA,N,3,0,1,2,A,-,10,21950,A,M,D,C,A,-,H,-,C,A,0,NA,NA,Y,NA,Y,NA,A,01,0,1,0,0,0,0,0,0,1,-,-,NA,NA,SAN DIEGO,SAN DIEGO,-117.16378784179688,32.71141815185547
9747064,2024,2024-11-06,3711,2024-10-24,1245,SD1756,NA,4,5,7,3711,0,0,0,NA,0,326,CAMPANILE DR,LINDO PASEO,0,NA,Y,A,-,N,NA,NA,NA,NA,NA,NA,NA,NA,NA,N,3,0,1,2,A,-,08,22107,NA,N,A,G,A,A,H,-,A,A,0,NA,Y,NA,NA,Y,Y,A,01,0,1,0,0,0,0,1,0,0,-,-,NA,NA,SAN DIEGO,SAN DIEGO,-117.07192230224608,32.771629333496094
9747425,2024,2024-11-07,3711,2024-10-16,2005,SD1567,NA,3,5,7,3711,0,0,0,NA,0,721,PALM AV,SATURN BL,180,W,N,A,B,N,NA,NA,NA,NA,NA,NA,NA,NA,NA,Y,3,0,2,2,A,-,03,22350,NA,N,C,C,A,A,H,-,C,D,0,NA,NA,NA,NA,Y,Y,A,01,0,1,1,0,0,0,0,0,0,-,-,NA,NA,SAN DIEGO,SAN DIEGO,-117.0932159423828,32.583740234375
9747657,2024,2024-12-16,3705,2024-10-17,1911,EC0431,NA,4,5,5,3705,0,0,0,NA,0,999,RT 8,CHASE AV,129,S,N,A,-,N,NA,NA,NA,NA,NA,NA,NA,NA,NA,N,4,0,1,2,A,-,03,22350,NA,N,C,C,A,A,H,-,C,A,0,NA,NA,NA,NA,Y,NA,A,01,0,0,1,0,0,0,0,0,0,EF,-,NA,NA,SAN DIEGO,EL CAJON,NA,NA
9749431,2024,2024-10-28,3702,2024-08-04,1224,CV1254,NA,7,5,6,3702,0,0,0,NA,0,042,WUESTE RD,ELITE ATHLETE TRAINING CENTER NORTH ENTRACE,343,N,N,A,-,N,NA,NA,NA,NA,NA,NA,NA,NA,NA,N,2,0,2,2,A,-,03,22350,NA,N,H,G,A,A,H,-,A,D,0,NA,Y,NA,NA,Y,NA,A,07,1,1,0,0,0,0,1,0,0,-,-,NA,NA,SAN DIEGO,CHULA VISTA,NA,NA
9749892,2024,2024-11-01,3711,2024-10-26,1241,SD9708,NA,6,5,7,3711,0,0,0,NA,0,126,NORTH TORREY PINES RD,N TORREY PINES RD 1000,0,NA,Y,A,-,N,NA,NA,NA,NA,NA,NA,NA,NA,NA,N,3,0,1,2,A,-,07,21658,A,N,B,G,A,A,H,-,A,D,0,NA,Y,NA,NA,Y,NA,L,04,0,1,0,0,0,0,1,0,0,-,-,NA,NA,SAN DIEGO,SAN DIEGO,-117.24227142333984,32.87014389038086
9749900,2024,2024-11-01,3711,2024-10-27,1814,SD1908,NA,7,5,7,3711,0,0,0,NA,0,934,CARMEL MOUNTAIN RD,EAST OCEAN AIR DR,0,NA,Y,A,-,N,NA,NA,NA,NA,NA,NA,NA,NA,NA,Y,3,0,1,2,A,-,12,21453,A,N,D,C,A,A,H,-,B,A,0,NA,NA,NA,NA,Y,Y,A,01,0,1,0,0,0,0,0,0,0,-,-,NA,NA,SAN DIEGO,SAN DIEGO,-117.21614074707033,32.92144012451172
9749934,2024,2024-11-01,3705,2024-09-04,835,EC0390,NA,3,5,5,3705,0,0,0,NA,0,002,EAST MAIN ST,MELODY LN,379,N,N,A,-,N,NA,NA,NA,NA,NA,NA,NA,NA,NA,Y,4,0,2,2,A,-,03,22350,NA,N,C,C,A,A,H,-,A,A,0,NA,NA,NA,NA,Y,NA,A,01,0,0,2,0,0,0,0,0,0,-,-,NA,NA,SAN DIEGO,EL CAJON,-116.93462371826172,32.79637908935547
9751361,2024,2024-11-06,3711,2024-09-19,1651,SD6996,NA,4,5,7,3711,0,0,0,NA,0,713,2300 AVENIDA COSTA,AVENIDA DE LA FUENTE,12,S,N,B,-,N,NA,NA,NA,NA,NA,NA,NA,NA,NA,Y,1,1,0,2,A,-,10,21950,A,N,G,B,B,A,H,-,A,A,0,Y,NA,NA,NA,Y,NA,D,22,0,0,0,1,0,0,0,0,0,-,-,NA,NA,SAN DIEGO,SAN DIEGO,-116.95503997802734,32.55617904663086
9752304,2024,2024-11-25,3710,2024-10-27,2026,OC1517,NA,7,5,6,3710,0,0,0,NA,0,007,SEAGAZE DR,DITMAR ST,0,NA,Y,A,-,N,NA,NA,NA,NA,NA,NA,NA,NA,NA,Y,4,0,1,2,A,-,09,21800,A,N,D,C,A,A,H,-,C,A,0,NA,NA,NA,NA,Y,NA,D,22,0,0,1,0,0,0,0,0,0,-,-,NA,NA,SAN DIEGO,OCEANSIDE,-117.37727355957033,33.19594192504883
9752565,2024,2024-11-15,3711,2024-02-08,1731,SD2047,NA,4,5,7,3711,0,0,0,NA,0,442,NATIONAL AV,SOUTH 40TH ST,0,NA,Y,A,-,N,NA,NA,NA,NA,NA,NA,NA,NA,NA,N,4,0,2,2,A,-,08,22107,NA,N,D,C,A,A,H,-,A,D,0,NA,NA,NA,NA,Y,NA,A,01,0,0,2,0,0,0,0,0,0,-,-,NA,NA,SAN DIEGO,SAN DIEGO,-117.10816192626952,32.69607162475586
9752778,2024,2024-11-08,3710,2024-10-22,1636,OC1570,NA,2,5,6,3710,0,0,0,NA,0,015,OCEANSIDE BL,EL CAMINO REAL,393,W,N,A,-,N,NA,NA,NA,NA,NA,NA,NA,NA,NA,N,4,0,2,2,A,-,06,21750,NA,N,B,C,A,A,H,-,A,A,0,NA,NA,NA,NA,Y,NA,A,01,0,0,2,0,0,0,0,0,0,-,-,NA,NA,SAN DIEGO,OCEANSIDE,-117.33348846435548,33.2017936706543
9752780,2024,2024-11-08,3710,2024-10-15,1849,OC1518,NA,2,5,6,3710,0,0,0,NA,0,007,SEAGAZE DR,THE STRAND,0,NA,Y,B,-,N,NA,NA,NA,NA,NA,NA,NA,NA,NA,N,2,0,1,1,A,-,03,22350,NA,N,F,A,A,A,-,-,C,D,0,NA,Y,NA,NA,Y,NA,L,04,1,0,0,0,0,0,1,0,0,-,-,NA,NA,SAN DIEGO,OCEANSIDE,-117.38275909423828,33.192657470703125
9753077,2024,2024-11-15,3711,2024-10-27,2215,SD7983,NA,7,5,7,3711,0,0,0,NA,0,826,52ND ST,EL CAJON BL,0,NA,Y,A,-,N,NA,NA,NA,NA,NA,NA,NA,NA,NA,N,4,0,1,2,A,-,12,21453,A,M,D,C,A,A,H,-,C,A,0,NA,NA,NA,NA,Y,NA,-,NA,0,0,1,0,0,0,0,0,0,-,-,NA,NA,SAN DIEGO,SAN DIEGO,-117.08359527587892,32.75723648071289
9753265,2024,2024-11-27,3710,2024-11-06,650,OC1564,NA,3,5,6,3710,0,0,0,NA,0,022,RT 76,GUAJOME LAKE RD,22,W,N,A,-,Y,SD,11,76,-,R,7.13,H,-,E,Y,4,0,2,2,A,-,07,21658,A,N,C,C,A,A,H,-,A,A,0,NA,NA,NA,NA,Y,NA,A,01,0,0,2,0,0,0,0,0,0,-,-,NA,NA,SAN DIEGO,OCEANSIDE,-117.27503967285156,33.2481803894043
9753380,2024,2024-12-12,3703,2024-11-21,605,1312,1,4,5,3,3703,0,0,0,NA,0,001,3RD ST,J AV,0,NA,Y,A,-,Y,SD,11,282,-,R,0.51,I,5,W,N,3,0,1,2,A,-,09,21802,A,N,D,C,A,A,H,-,B,A,0,NA,NA,Y,NA,Y,NA,A,01,0,1,0,0,0,0,0,0,1,-,-,NA,NA,SAN DIEGO,CORONADO,-117.18179321289063,32.69915008544922
9753523,2024,2024-11-13,3711,2024-10-31,755,SD7774,NA,4,5,7,3711,0,0,0,NA,0,527,PACIFIC HWY,WEST GRAPE ST,64,N,N,A,-,N,NA,NA,NA,NA,NA,NA,NA,NA,NA,N,4,0,1,2,A,-,08,22107,NA,N,D,G,A,A,H,-,A,D,0,NA,Y,NA,NA,Y,NA,A,01,0,0,1,0,0,0,1,0,0,-,-,NA,NA,SAN DIEGO,SAN DIEGO,-117.17163848876952,32.72476577758789
9753537,2024,2024-11-14,3710,2024-10-25,1404,OC1562,NA,5,5,6,3710,0,0,0,NA,0,007,SEAGAZE DR,NORTH COAST HWY,140,N,N,A,-,N,NA,NA,NA,NA,NA,NA,NA,NA,NA,Y,4,0,1,2,A,-,07,21658,A,N,G,C,A,A,H,-,A,D,0,NA,NA,NA,NA,Y,NA,A,01,0,0,1,0,0,0,0,0,0,-,-,NA,NA,SAN DIEGO,OCEANSIDE,-117.37845611572266,33.195255279541016
9753669,2024,2025-01-06,3711,2024-11-01,743,SD7966,NA,5,5,7,3711,0,0,0,NA,0,443,DELTA ST,43RD ST,126,W,N,A,-,N,NA,NA,NA,NA,NA,NA,NA,NA,NA,Y,4,0,2,2,A,-,08,22107,NA,N,B,E,A,A,H,-,A,D,0,NA,NA,NA,NA,Y,NA,A,01,0,0,2,0,0,0,0,0,0,-,-,NA,NA,SAN DIEGO,SAN DIEGO,-117.10247039794922,32.688961029052734
9753818,2024,2024-11-15,3711,2024-10-31,1713,SD6146,NA,4,5,7,3711,0,0,0,NA,0,113,BALBOA AV,MORAGA AV,407,E,N,A,-,N,NA,NA,NA,NA,NA,NA,NA,NA,NA,N,4,0,1,2,A,-,03,22350,NA,M,C,C,A,A,H,-,A,D,0,NA,NA,NA,NA,Y,NA,A,07,0,0,1,0,0,0,0,0,0,-,-,NA,NA,SAN DIEGO,SAN DIEGO,-117.20925903320313,32.80815124511719
9754079,2024,2024-11-25,3702,2024-01-08,620,CV1561,NA,1,5,6,3702,0,0,0,NA,0,023,MELROSE AV,E OXFORD,18,W,N,A,-,N,NA,NA,NA,NA,NA,NA,NA,NA,NA,N,3,0,2,3,A,-,10,21950,A,N,G,B,B,A,H,-,B,B,0,Y,NA,NA,NA,Y,NA,A,01,0,1,1,0,2,0,0,0,0,-,-,NA,NA,SAN DIEGO,CHULA VISTA,-117.04579162597656,32.616485595703125
9754162,2024,2024-11-25,3702,2024-10-25,1142,CV1350,NA,5,5,6,3702,0,0,0,NA,0,011,4TH AV,D ST,0,NA,Y,B,-,N,NA,NA,NA,NA,NA,NA,NA,NA,NA,Y,4,0,3,2,A,-,09,21803,A,N,F,C,A,A,H,-,A,A,0,NA,NA,NA,NA,Y,NA,A,07,0,0,3,0,0,0,0,0,0,-,-,NA,NA,SAN DIEGO,CHULA VISTA,-117.08663940429688,32.64704895019531
9754385,2024,2024-12-02,3700,2024-10-15,1543,SH3684,NA,2,5,5,3713,0,0,0,NA,0,319,SOUTH MELROSE DR,SYCAMORE AV,0,NA,Y,A,-,N,NA,NA,NA,NA,NA,NA,NA,NA,NA,Y,4,0,1,2,A,-,09,21453,C,N,D,C,A,A,H,-,A,A,0,NA,NA,NA,NA,Y,NA,D,22,0,0,1,0,0,0,0,0,0,-,-,NA,NA,SAN DIEGO,VISTA,-117.24130249023438,33.14531707763672
9755456,2024,2024-11-19,3711,2024-11-09,1227,SD1766,NA,6,5,7,3711,0,0,0,NA,0,321,SANTO RD,FRIARS RD,0,NA,Y,A,-,N,NA,NA,NA,NA,NA,NA,NA,NA,NA,N,4,0,1,2,A,-,12,21453,A,N,C,C,A,A,H,-,A,A,0,NA,NA,NA,NA,Y,NA,-,NA,0,0,1,0,0,0,0,0,0,-,-,NA,NA,SAN DIEGO,SAN DIEGO,-117.10511779785156,32.79035568237305