CASE_ID,ACCIDENT_YEAR,PROC_DATE,JURIS,COLLISION_DATE,COLLISION_TIME,OFFICER_ID,REPORTING_DISTRICT,DAY_OF_WEEK,CHP_SHIFT,POPULATION,CNTY_CITY_LOC,SPECIAL_COND,BEAT_TYPE,CHP_BEAT_TYPE,CITY_DIVISION_LAPD,CHP_BEAT_CLASS,BEAT_NUMBER,PRIMARY_RD,SECONDARY_RD,DISTANCE,DIRECTION,INTERSECTION,WEATHER_1,WEATHER_2,STATE_HWY_IND,CALTRANS_COUNTY,CALTRANS_DISTRICT,STATE_ROUTE,ROUTE_SUFFIX,POSTMILE_PREFIX,POSTMILE,LOCATION_TYPE,RAMP_INTERSECTION,SIDE_OF_HWY,TOW_AWAY,COLLISION_SEVERITY,NUMBER_KILLED,NUMBER_INJURED,PARTY_COUNT,PRIMARY_COLL_FACTOR,PCF_CODE_OF_VIOL,PCF_VIOL_CATEGORY,PCF_VIOLATION,PCF_VIOL_SUBSECTION,HIT_AND_RUN,TYPE_OF_COLLISION,MVIW,PED_ACTION,ROAD_SURFACE,ROAD_COND_1,ROAD_COND_2,LIGHTING,CONTROL_DEVICE,CHP_ROAD_TYPE,PEDESTRIAN_ACCIDENT,BICYCLE_ACCIDENT,MOTORCYCLE_ACCIDENT,TRUCK_ACCIDENT,NOT_PRIVATE_PROPERTY,ALCOHOL_INVOLVED,STWD_VEHTYPE_AT_FAULT,CHP_VEHTYPE_AT_FAULT,COUNT_SEVERE_INJ,COUNT_VISIBLE_INJ,COUNT_COMPLAINT_PAIN,COUNT_PED_KILLED,COUNT_PED_INJURED,COUNT_BICYCLIST_KILLED,COUNT_BICYCLIST_INJURED,COUNT_MC_KILLED,COUNT_MC_INJURED,PRIMARY_RAMP,SECONDARY_RAMP,LATITUDE,LONGITUDE,COUNTY,CITY,POINT_X,POINT_Y
9889681,2025,2025-12-23,3709,2025-11-15,1115,NC0563,NA,6,5,5,3709,0,0,0,NA,0,021,N AV,EAST PLAZA BL,0,NA,Y,B,C,N,NA,NA,NA,NA,NA,NA,NA,NA,NA,Y,3,0,2,2,A,-,12,21453,A,N,D,C,A,B,H,-,A,A,0,NA,NA,NA,NA,Y,NA,A,01,0,2,0,0,0,0,0,0,0,-,-,NA,NA,SAN DIEGO,NATIONAL CITY,-117.0919189453125,32.676856994628906
9890700,2025,2025-12-16,3710,2025-11-01,130,OC1597,NA,6,5,6,3710,0,0,0,NA,0,006,PACIFIC ST,WINDWARD WY,161,N,N,A,-,N,NA,NA,NA,NA,NA,NA,NA,NA,NA,Y,3,0,1,3,A,-,01,23152,A,N,B,E,A,A,H,-,C,D,0,NA,NA,NA,NA,Y,Y,A,01,0,1,0,0,0,0,0,0,0,-,-,NA,NA,SAN DIEGO,OCEANSIDE,-117.3865203857422,33.19866180419922
9890948,2025,2026-01-06,3710,2025-11-18,816,OC1603,NA,2,5,6,3710,0,0,0,NA,0,025,RANCHO DEL ORO RD,OCEANSIDE BL,590,S,N,A,-,N,NA,NA,NA,NA,NA,NA,NA,NA,NA,Y,3,0,2,2,A,-,03,22350,NA,N,C,C,A,A,H,-,A,D,0,NA,NA,NA,NA,Y,NA,D,22,0,1,1,0,0,0,0,0,0,-,-,NA,NA,SAN DIEGO,OCEANSIDE,-117.3105010986328,33.2016487121582
9891451,2025,2025-12-17,3700,2025-09-02,631,SH0775,NA,2,5,4,3780,0,0,0,NA,0,415,POWAY RD,COMMUNITY RD,0,NA,Y,A,-,N,NA,NA,NA,NA,NA,NA,NA,NA,NA,Y,3,0,1,1,A,-,01,23152,G,N,E,I,A,A,H,-,B,A,0,NA,NA,NA,NA,Y,Y,A,01,0,1,0,0,0,0,0,0,0,-,-,NA,NA,SAN DIEGO,POWAY,-117.04080963134766,32.95637893676758
9891607,2025,2025-11-19,3710,2025-09-04,45,OC1560,NA,4,5,6,3710,0,0,0,NA,0,029,MELROSE DR,OCEANSIDE BL,60,S,N,A,-,N,NA,NA,NA,NA,NA,NA,NA,NA,NA,Y,3,0,1,1,A,-,08,22107,NA,N,E,I,A,A,H,-,C,A,0,NA,NA,NA,NA,Y,NA,A,01,0,1,0,0,0,0,0,0,0,-,-,NA,NA,SAN DIEGO,OCEANSIDE,-117.25913238525392,33.2207145690918
9891919,2025,2025-12-23,3711,2025-11-17,1620,SD7678,NA,1,5,7,3711,0,0,0,NA,0,824,FAIRMONT AV,TALMADGE CANYON ROW,830,N,N,A,-,N,NA,NA,NA,NA,NA,NA,NA,NA,NA,Y,3,0,2,4,A,-,04,21703,NA,N,C,C,A,A,H,-,B,D,0,NA,NA,NA,NA,Y,NA,A,01,0,2,0,0,0,0,0,0,0,-,-,NA,NA,SAN DIEGO,SAN DIEGO,-117.09680938720705,32.76930236816406
9891952,2025,2025-12-17,3711,2025-11-16,1037,SD1663,NA,7,5,7,3711,0,0,0,NA,0,813,OREGON ST,HOWARD AV,140,N,N,B,-,N,NA,NA,NA,NA,NA,NA,NA,NA,NA,N,3,0,1,2,A,-,09,21800,A,N,B,C,A,B,H,-,A,D,0,NA,NA,NA,NA,Y,NA,A,01,0,1,0,0,0,0,0,0,0,-,-,NA,NA,SAN DIEGO,SAN DIEGO,-117.13513946533205,32.754425048828125
9892248,2025,2025-12-16,3710,2025-11-13,1924,OC1533,NA,4,5,6,3710,0,0,0,NA,0,031,MELROSE DR,CANNON RD,0,NA,Y,A,-,N,NA,NA,NA,NA,NA,NA,NA,NA,NA,Y,4,0,3,3,A,-,12,21453,A,N,D,C,A,A,H,-,C,A,0,NA,NA,NA,NA,Y,NA,A,01,0,0,3,0,0,0,0,0,0,-,-,NA,NA,SAN DIEGO,OCEANSIDE,-117.25228118896484,33.171688079833984
9892574,2025,2025-12-08,3705,2025-08-29,1120,EC0438,NA,5,5,5,3705,0,0,0,NA,0,001,MAGNOLIA AV,AIRPORT DR,0,NA,Y,A,-,N,NA,NA,NA,NA,NA,NA,NA,NA,NA,N,4,0,2,2,A,-,12,22450,A,N,D,C,A,A,H,-,A,A,0,NA,NA,NA,NA,Y,NA,A,07,0,0,2,0,0,0,0,0,0,-,-,NA,NA,SAN DIEGO,EL CAJON,-116.96231842041016,32.8244743347168
9892693,2025,2025-12-15,3711,2025-11-18,1011,SD1684,NA,2,5,7,3711,0,0,0,NA,0,511,HARBOR DR,HARBOR DR 2400,0,NA,N,B,-,N,NA,NA,NA,NA,NA,NA,NA,NA,NA,N,3,0,1,1,C,-,18,NA,NA,N,E,G,A,A,H,-,A,D,0,NA,Y,NA,NA,Y,NA,-,-,0,1,0,0,0,0,1,0,0,-,-,NA,NA,SAN DIEGO,SAN DIEGO,-117.1194305419922,32.681365966796875
9892698,2025,2025-12-18,3711,2025-11-18,1516,SD7909,NA,2,5,7,3711,0,0,0,NA,0,124,VILLA LA JOLLA DR,NOBEL DR,43,N,N,B,-,N,NA,NA,NA,NA,NA,NA,NA,NA,NA,N,3,0,1,2,A,-,12,21453,A,N,D,G,A,A,H,-,A,D,0,NA,Y,NA,NA,Y,NA,-,NA,0,1,0,0,0,0,1,0,0,-,-,NA,NA,SAN DIEGO,SAN DIEGO,-117.2333526611328,32.86770248413086
9892700,2025,2025-12-15,3711,2025-11-20,741,SD1169,NA,4,5,7,3711,0,0,0,NA,0,439,AVA ST,MARIPOSA PL,15,N,N,A,-,N,NA,NA,NA,NA,NA,NA,NA,NA,NA,N,3,0,1,2,A,-,03,22350,NA,N,G,B,B,A,H,-,A,D,0,Y,NA,NA,NA,Y,NA,A,07,0,1,0,0,1,0,0,0,0,-,-,NA,NA,SAN DIEGO,SAN DIEGO,-117.0690460205078,32.69255065917969
9892711,2025,2025-12-12,3711,2025-11-21,1510,SD1772,NA,5,5,7,3711,0,0,0,NA,0,517,C ST,28TH ST,0,NA,Y,A,-,N,NA,NA,NA,NA,NA,NA,NA,NA,NA,Y,3,0,2,2,A,-,03,22350,NA,N,A,C,A,A,H,-,A,D,0,NA,NA,NA,NA,Y,NA,A,01,0,2,0,0,0,0,0,0,0,-,-,NA,NA,SAN DIEGO,SAN DIEGO,-117.13378143310548,32.716888427734375
9892750,2025,2026-01-12,3711,2025-11-19,1920,SD7738,NA,3,5,7,3711,0,0,0,NA,0,436,WOODMAN ST,MADRONE AV,410,N,N,B,-,N,NA,NA,NA,NA,NA,NA,NA,NA,NA,Y,3,0,1,2,A,-,13,22515,B,N,G,B,A,A,H,-,D,D,0,NA,NA,NA,NA,Y,NA,D,22,0,1,0,0,0,0,0,0,0,-,-,NA,NA,SAN DIEGO,SAN DIEGO,-117.05467987060548,32.7099609375
9892761,2025,2026-01-14,3711,2025-12-10,244,SD1948,NA,3,5,7,3711,0,0,0,NA,0,447,EUCLID AV,FEDERAL AV,184,S,N,A,-,N,NA,NA,NA,NA,NA,NA,NA,NA,NA,Y,3,0,2,2,A,-,07,21658,A,N,D,C,A,A,H,-,C,D,0,NA,NA,NA,NA,Y,NA,A,01,0,2,0,0,0,0,0,0,0,-,-,NA,NA,SAN DIEGO,SAN DIEGO,-117.0849609375,32.720916748046875
9892801,2025,2025-12-12,3711,2025-11-23,1244,SD2134,NA,7,5,7,3711,0,0,0,NA,0,621,LINDA VISTA RD,ULRIC ST,0,NA,Y,A,-,N,NA,NA,NA,NA,NA,NA,NA,NA,NA,N,3,0,1,2,A,-,03,22350,NA,N,C,C,A,A,H,-,A,A,0,NA,NA,NA,NA,Y,NA,A,01,0,1,0,0,0,0,0,0,0,-,-,NA,NA,SAN DIEGO,SAN DIEGO,-117.1702880859375,32.786495208740234
9892820,2025,2025-12-15,3711,2025-11-15,655,SD1150,NA,6,5,7,3711,0,0,0,NA,0,612,ROSECRANS ST,BROWNING ST,0,NA,Y,B,C,N,NA,NA,NA,NA,NA,NA,NA,NA,NA,N,3,0,2,2,A,-,08,22107,NA,N,B,C,A,B,H,-,C,D,0,NA,NA,Y,NA,Y,NA,A,01,0,2,0,0,0,0,0,0,2,-,-,NA,NA,SAN DIEGO,SAN DIEGO,-117.2176513671875,32.7382926940918
9893096,2025,2025-12-15,3711,2025-11-19,1800,SD6915,NA,3,5,7,3711,0,0,0,NA,0,935,DEL MAR HEIGHTS,CARMEL VALLEY RD,0,NA,Y,B,-,N,NA,NA,NA,NA,NA,NA,NA,NA,NA,N,3,0,1,2,A,-,03,22350,NA,N,-,C,A,A,H,-,C,A,0,NA,NA,NA,NA,Y,NA,A,01,0,1,0,0,0,0,0,0,0,-,-,NA,NA,SAN DIEGO,SAN DIEGO,-117.19210815429688,32.96070098876953
9893100,2025,2025-12-15,3711,2025-11-22,2128,SD3871,NA,6,5,7,3711,0,0,0,NA,0,834,MARLBOROUGH AV,WIGHTMAN AV,0,NA,Y,A,-,N,NA,NA,NA,NA,NA,NA,NA,NA,NA,Y,4,0,1,2,A,-,12,22450,A,M,D,C,A,A,H,-,D,D,0,NA,NA,NA,NA,Y,NA,A,01,0,0,1,0,0,0,0,0,0,-,-,NA,NA,SAN DIEGO,SAN DIEGO,-117.10572052001952,32.747779846191406
9893636,2025,2025-12-29,3702,2025-11-30,1035,CV1357,NA,7,5,6,3702,0,0,0,NA,0,042,OTAY LAKES RD,EASTLAKE PKWY,550,W,N,A,-,N,NA,NA,NA,NA,NA,NA,NA,NA,NA,Y,3,0,2,2,C,-,18,NA,NA,N,G,B,F,A,H,-,A,A,0,Y,NA,NA,NA,Y,NA,-,-,0,1,1,0,1,0,0,0,0,-,-,NA,NA,SAN DIEGO,CHULA VISTA,-116.96717834472656,32.64763259887695
9893679,2025,2025-12-22,3702,2025-10-29,1354,CV1563,NA,3,5,6,3702,0,0,0,NA,0,021,BROADWAY,OXFORD ST,226,S,N,A,-,N,NA,NA,NA,NA,NA,NA,NA,NA,NA,N,4,0,1,2,A,-,03,22350,NA,N,C,C,A,A,H,-,A,A,0,NA,NA,NA,NA,Y,NA,A,01,0,0,1,0,0,0,0,0,0,-,-,NA,NA,SAN DIEGO,CHULA VISTA,-117.07986450195313,32.60622024536133
9894198,2025,2025-12-18,3702,2025-11-01,125,CV1511,NA,6,5,6,3702,0,0,0,NA,0,024,3RD AV,MAIN ST,0,NA,Y,A,-,N,NA,NA,NA,NA,NA,NA,NA,NA,NA,Y,3,0,1,2,A,-,12,21453,A,N,D,C,A,A,H,-,C,A,0,NA,NA,NA,NA,Y,NA,A,01,0,1,0,0,0,0,0,0,0,-,-,NA,NA,SAN DIEGO,CHULA VISTA,-117.06451416015624,32.59477615356445
9894650,2025,2025-12-19,3710,2025-11-30,1319,OC1311,NA,7,5,6,3710,0,0,0,NA,0,009,VISTA WY,S MORENO ST,145,W,N,A,-,N,NA,NA,NA,NA,NA,NA,NA,NA,NA,Y,3,0,1,2,A,-,09,21804,A,N,B,C,A,A,H,-,A,D,0,NA,NA,Y,NA,Y,NA,C,02,0,1,0,0,0,0,0,0,1,-,-,NA,NA,SAN DIEGO,OCEANSIDE,-117.35279083251952,33.17612075805664
9895271,2025,2025-12-31,3711,2025-12-18,1702,SD1362,NA,4,5,7,3711,0,0,0,NA,0,233,BLACK MOUNTAIN RD,TRUMAN ST,0,NA,Y,A,-,N,NA,NA,NA,NA,NA,NA,NA,NA,NA,Y,3,0,1,2,A,-,09,21803,A,N,C,G,A,A,H,-,C,D,0,NA,Y,NA,NA,Y,NA,A,01,0,1,0,0,0,0,1,0,0,-,-,NA,NA,SAN DIEGO,SAN DIEGO,-117.13027191162108,32.94374465942383
9895278,2025,2025-12-31,3711,2025-12-18,2347,SD1113,NA,4,5,7,3711,0,0,0,NA,0,524,7TH AV,MARKET ST,0,NA,Y,A,-,N,NA,NA,NA,NA,NA,NA,NA,NA,NA,N,4,0,1,2,A,-,10,21950,A,M,B,B,B,A,H,-,C,A,0,Y,NA,NA,NA,Y,Y,-,NA,0,0,1,0,1,0,0,0,0,-,-,NA,NA,SAN DIEGO,SAN DIEGO,-117.1583251953125,32.711509704589844
9895339,2025,2026-01-05,3711,2025-10-29,2039,SD7490,NA,3,5,7,3711,0,0,0,NA,0,122,GARNET AV,CASS ST,0,NA,Y,A,-,N,NA,NA,NA,NA,NA,NA,NA,NA,NA,Y,3,0,1,2,A,-,03,22350,NA,N,C,C,A,A,H,-,C,A,0,NA,NA,Y,NA,Y,NA,C,02,0,1,0,0,0,0,0,0,1,-,-,NA,NA,SAN DIEGO,SAN DIEGO,-117.25185394287108,32.797340393066406
9895449,2025,2026-01-20,3710,2025-12-18,1628,OC1563,NA,4,5,6,3710,0,0,0,NA,0,028,COLLEGE BL,AZTEC ST,50,N,N,A,-,N,NA,NA,NA,NA,NA,NA,NA,NA,NA,N,3,0,1,1,A,-,03,22350,NA,N,H,A,A,A,H,-,A,D,0,NA,Y,NA,NA,Y,NA,L,04,0,1,0,0,0,0,1,0,0,-,-,NA,NA,SAN DIEGO,OCEANSIDE,-117.28538513183594,33.21111297607422
9895453,2025,2026-02-02,3711,2025-12-29,1712,SD1484,NA,1,5,7,3711,0,0,0,NA,0,831,EL CAJON BL,47TH ST,10,E,N,A,-,N,NA,NA,NA,NA,NA,NA,NA,NA,NA,Y,4,0,2,2,A,-,08,22107,NA,N,D,C,A,A,H,-,C,D,0,NA,NA,NA,NA,Y,NA,A,01,0,0,2,0,0,0,0,0,0,-,-,NA,NA,SAN DIEGO,SAN DIEGO,-117.0932388305664,32.75591278076172
9896142,2025,2026-01-16,3711,2025-12-31,1349,SD1691,NA,3,5,7,3711,0,0,0,NA,0,824,EUCLID AV,MONROE AV,600,S,N,C,-,N,NA,NA,NA,NA,NA,NA,NA,NA,NA,N,3,0,1,2,A,-,03,22350,NA,N,-,-,A,B,-,-,A,-,0,NA,NA,NA,NA,Y,NA,A,01,0,1,0,0,0,0,0,0,0,-,-,NA,NA,SAN DIEGO,SAN DIEGO,-117.0921630859375,32.75739669799805
9896180,2025,2026-01-22,3711,2025-12-03,1753,SD1861,NA,3,5,7,3711,0,0,0,NA,0,628,WEST WASHINGTON ST,SAN DIEGO AV,0,NA,Y,A,-,N,NA,NA,NA,NA,NA,NA,NA,NA,NA,Y,3,0,4,2,A,-,12,21453,A,N,D,C,A,A,H,-,C,A,0,NA,NA,NA,NA,Y,NA,A,01,0,4,0,0,0,0,0,0,0,-,-,NA,NA,SAN DIEGO,SAN DIEGO,-117.18192291259766,32.74279022216797
9896902,2025,2026-01-21,3711,2025-12-26,1830,SD1244,NA,5,5,7,3711,0,0,0,NA,0,324,SAN CARLOS DR,BISBY LAKE AV,0,NA,N,B,C,N,NA,NA,NA,NA,NA,NA,NA,NA,NA,Y,3,0,1,3,A,-,07,21658,A,N,C,E,A,B,-,-,C,D,0,NA,NA,NA,NA,Y,NA,A,01,0,1,0,0,0,0,0,0,0,-,-,NA,NA,SAN DIEGO,SAN DIEGO,-117.01421356201172,32.800357818603516
9897319,2025,2026-01-13,3705,2025-12-19,1516,EC0438,NA,5,5,5,3705,0,0,0,NA,0,004,SOUTH MOLLISON AV,LEXINGTON AV,68,N,N,A,-,N,NA,NA,NA,NA,NA,NA,NA,NA,NA,Y,4,0,3,3,A,-,01,23153,A,M,B,C,A,A,H,-,A,A,0,NA,NA,NA,NA,Y,Y,A,07,0,0,3,0,0,0,0,0,0,-,-,NA,NA,SAN DIEGO,EL CAJON,-116.95096588134766,32.792816162109375
9898013,2025,2026-02-26,3711,2025-11-29,1154,SD7839,NA,6,5,7,3711,0,0,0,NA,0,628,INDIA ST,VINE ST,31,N,N,B,-,N,NA,NA,NA,NA,NA,NA,NA,NA,NA,N,1,1,0,2,A,-,11,21950,B,F,G,B,D,A,H,-,C,A,0,Y,NA,NA,NA,Y,NA,N,60,0,0,0,1,0,0,0,0,0,-,-,NA,NA,SAN DIEGO,SAN DIEGO,-117.17827606201172,32.73991012573242
9901232,2025,2026-01-02,3711,2025-12-15,1202,SD1488,NA,1,5,7,3711,0,0,0,NA,0,312,PORTOBELO DR,MENORCA DR,0,NA,Y,A,-,N,NA,NA,NA,NA,NA,NA,NA,NA,NA,Y,3,0,1,1,A,-,08,22107,NA,N,F,I,A,A,H,-,A,D,0,NA,NA,NA,NA,Y,NA,A,01,0,1,0,0,0,0,0,0,0,-,-,NA,NA,SAN DIEGO,SAN DIEGO,-117.09674835205078,32.838443756103516
9901607,2025,2026-01-22,3711,2025-12-24,457,SD2077,NA,3,5,7,3711,0,0,0,NA,0,313,ARMOUR ST,CALEDONIA DR,23,E,N,B,-,N,NA,NA,NA,NA,NA,NA,NA,NA,NA,N,3,0,1,2,D,-,00,NA,NA,M,B,E,A,B,-,-,D,D,0,NA,NA,NA,Y,Y,NA,-,-,0,1,0,0,0,0,0,0,0,-,-,NA,NA,SAN DIEGO,SAN DIEGO,-117.15774536132813,32.820220947265625
9902054,2025,2026-01-09,3702,2025-01-21,1720,CV1254,NA,2,5,6,3702,0,0,0,NA,0,022,3RD AV,PALOMAR ST,17,N,N,A,-,N,NA,NA,NA,NA,NA,NA,NA,NA,NA,Y,2,0,2,2,A,-,11,21461,5,N,G,B,B,A,H,-,A,A,0,Y,NA,NA,NA,Y,NA,N,60,1,1,0,0,1,0,0,0,0,-,-,NA,NA,SAN DIEGO,CHULA VISTA,-117.06640625,32.60684585571289
9904041,2025,2026-02-20,3705,2025-11-26,1644,EC0419,NA,3,5,5,3705,0,0,0,NA,0,002,BALLANTYNE AV,BROADWAY AV,258,N,N,A,-,N,NA,NA,NA,NA,NA,NA,NA,NA,NA,N,3,0,1,2,A,-,11,21954,A,N,G,B,D,A,H,-,B,A,0,Y,NA,NA,NA,Y,NA,N,60,0,1,0,0,1,0,0,0,0,-,-,NA,NA,SAN DIEGO,EL CAJON,-116.95816040039063,32.808387756347656
9904442,2025,2026-01-23,3710,2025-10-23,1710,OC1569,NA,4,5,6,3710,0,0,0,NA,0,002,SURFRIDER WY,N THE STRAND,0,NA,Y,A,-,N,NA,NA,NA,NA,NA,NA,NA,NA,NA,N,3,0,1,2,A,-,03,22350,NA,N,C,C,A,A,H,-,A,D,0,NA,Y,Y,NA,Y,NA,-,NA,0,1,0,0,0,0,1,0,0,-,-,NA,NA,SAN DIEGO,OCEANSIDE,-117.38636779785156,33.196922302246094
9905325,2025,2026-02-09,3705,2025-11-06,1603,EC0438,NA,4,5,5,3705,0,0,0,NA,0,004,E WASHINGTON AV,S MAGNOLIA AV,0,NA,Y,A,-,N,NA,NA,NA,NA,NA,NA,NA,NA,NA,Y,2,0,3,3,A,-,00,23153,G,N,D,B,F,A,H,-,A,A,0,Y,NA,NA,NA,Y,Y,A,01,1,2,0,0,1,0,0,0,0,-,-,NA,NA,SAN DIEGO,EL CAJON,-116.96233367919922,32.78766632080078
9907033,2025,2026-02-10,3700,2025-11-29,108,SH0841,NA,6,5,5,3713,0,0,0,NA,0,319,SOUTH MELROSE DR,SHADOWRIDGE DR,580,N,N,A,-,N,NA,NA,NA,NA,NA,NA,NA,NA,NA,Y,3,0,3,1,A,-,01,23152,A,N,F,I,A,A,H,-,C,D,0,NA,NA,NA,NA,Y,Y,A,01,0,3,0,0,0,0,0,0,0,-,-,NA,NA,SAN DIEGO,VISTA,-117.24319458007813,33.162845611572266
9907254,2025,2026-02-27,3700,2025-07-27,1250,SH1359,NA,7,5,5,3782,0,0,0,NA,0,222,ENCINITAS BL,RT 5,0,NA,Y,A,-,Y,SD,11,5,-,R,41.739,R,4,S,Y,4,0,1,2,A,-,12,21453,A,N,D,D,A,A,H,-,A,A,0,NA,NA,NA,NA,Y,NA,A,01,0,0,1,0,0,0,0,0,0,-,SF,NA,NA,SAN DIEGO,ENCINITAS,-117.2882843017578,33.05143737792969
9909167,2025,2026-02-17,3711,2025-12-17,1000,SD2030,NA,3,5,7,3711,0,0,0,NA,0,624,PARK BL,EL CAJON BL,0,NA,Y,A,-,N,NA,NA,NA,NA,NA,NA,NA,NA,NA,N,4,0,1,3,A,-,03,22350,NA,N,C,C,A,A,H,-,A,A,0,NA,NA,NA,NA,Y,NA,A,01,0,0,1,0,0,0,0,0,0,-,-,NA,NA,SAN DIEGO,SAN DIEGO,-117.14630126953124,32.75532150268555
9909319,2025,2026-02-13,3702,2025-10-30,1130,CV1254,NA,4,5,6,3702,0,0,0,NA,0,042,OTAY LAKES RD,RT 125,0,NA,Y,A,-,Y,SD,11,125,-,-,3.846,R,4,N,N,4,0,2,2,A,-,12,21453,A,N,D,C,A,A,H,-,A,A,0,NA,NA,NA,NA,Y,NA,A,07,0,0,2,0,0,0,0,0,0,-,-,NA,NA,SAN DIEGO,CHULA VISTA,-116.97048950195313,32.64300537109375
9909474,2024,2026-02-19,3700,2024-09-27,1611,SH0313,NA,5,5,5,3782,0,0,0,NA,0,210,RT 101,MOORGATE RD,158,S,N,A,-,N,NA,NA,NA,NA,NA,NA,NA,NA,NA,Y,3,0,3,2,A,-,03,22350,NA,N,C,C,A,A,D,-,A,D,0,NA,NA,Y,NA,Y,NA,C,02,0,2,1,0,0,0,0,0,2,-,-,NA,NA,SAN DIEGO,ENCINITAS,NA,NA
9909482,2024,2026-02-10,3700,2024-10-11,2302,SH3905,NA,5,5,5,3782,0,0,0,NA,0,221,RT 101,D ST,0,NA,Y,A,-,N,NA,NA,NA,NA,NA,NA,NA,NA,NA,Y,3,0,1,2,A,-,11,21955,NA,N,G,B,E,A,H,-,C,A,0,Y,NA,NA,NA,Y,Y,N,60,0,1,0,0,1,0,0,0,0,-,-,NA,NA,SAN DIEGO,ENCINITAS,NA,NA
6290226,2014,2014-03-28,3711,2014-02-15,1522,5198,NA,6,5,7,3711,0,0,0,NA,0,321,TWAIN AV,FAIRMOUNT AV,202,E,N,A,-,N,NA,NA,NA,NA,NA,NA,NA,NA,NA,Y,1,1,0,3,A,-,05,21650,NA,N,B,E,A,A,H,-,A,D,0,NA,NA,NA,NA,Y,Y,D,22,0,0,0,0,0,0,0,0,0,-,-,NA,NA,SAN DIEGO,SAN DIEGO,-117.10087499,32.7850151
6290395,2014,2014-05-15,9680,2014-04-11,1455,15081,NA,5,2,9,3700,0,1,3,NA,1,051,RT 79,HARRISON PARK RD,2112,N,N,A,-,Y,SD,11,79,-,-,16.26,H,-,N,Y,1,1,0,2,A,-,05,21460,A,N,A,C,A,A,H,-,A,A,0,NA,NA,Y,NA,Y,NA,C,02,0,0,0,0,0,0,0,1,0,-,-,33.03542,-116.56329,SAN DIEGO,UNINCORPORATED,-116.56307102,33.03547027
6290459,2014,2014-05-09,9645,2014-03-08,1547,18428,NA,6,2,7,3711,0,1,1,NA,2,010,RT 8,TEXAS ST,50,W,N,A,-,Y,SD,11,8,-,-,3.89,H,-,W,Y,1,1,2,3,A,-,03,22350,NA,N,C,C,A,A,H,-,A,D,1,NA,NA,NA,NA,Y,NA,A,07,0,0,2,0,0,0,0,0,0,-,-,32.77029,-117.13835,SAN DIEGO,SAN DIEGO,-117.13998268,32.76995111
6290467,2014,2015-12-21,9650,2014-01-26,1910,18011,NA,7,2,9,3700,0,3,5,NA,2,230,DEL DIOS HWY,DATE LN,0,NA,Y,A,-,N,NA,NA,NA,NA,NA,NA,NA,NA,NA,Y,1,2,0,2,A,-,11,21954,A,N,G,B,D,A,H,-,D,D,0,Y,NA,Y,NA,Y,Y,N,60,0,0,0,1,0,0,0,1,0,-,-,33.08316,-117.11946,SAN DIEGO,UNINCORPORATED,-117.11889005,33.08375002
6291618,2014,2014-11-18,9680,2014-09-19,0514,19867,NA,5,3,5,3781,0,1,3,NA,2,016,RT 67,PROSPECT AV,1584,S,N,A,-,Y,SD,11,67,-,R,1.72,H,-,N,Y,1,1,2,3,C,-,18,NA,NA,N,G,B,E,A,C,-,D,D,1,Y,NA,NA,NA,Y,NA,-,-,1,1,0,1,0,0,0,0,0,-,-,32.82684,-116.96185,SAN DIEGO,SANTEE,-116.96168941,32.82778017
6292402,2015,2015-07-24,3705,2015-02-03,0548,EC0278,NA,2,5,5,3705,0,0,0,NA,0,006,N CUYAMACA ST,WELD BL,24,S,N,A,-,N,NA,NA,NA,NA,NA,NA,NA,NA,NA,Y,1,1,0,2,D,-,00,NA,NA,N,G,B,B,A,H,-,C,A,0,Y,NA,NA,NA,Y,NA,-,-,0,0,0,1,0,0,0,0,0,-,-,NA,NA,SAN DIEGO,EL CAJON,-116.98379509,32.82757773
6292574,2015,2015-09-10,3700,2015-03-17,1930,SH0059,NA,2,5,5,3713,0,0,0,NA,0,306,NORTH SANTA FE AV,E CONNECTICUT AV,16,W,N,A,-,N,NA,NA,NA,NA,NA,NA,NA,NA,NA,Y,1,1,0,2,A,-,11,21954,A,N,G,B,D,A,H,-,C,A,0,Y,NA,NA,NA,Y,Y,N,60,0,0,0,1,0,0,0,0,0,-,-,NA,NA,SAN DIEGO,VISTA,-117.2449,33.20618
6292660,2015,2015-09-15,3711,2015-08-13,1823,5046,NA,4,5,7,3711,0,0,0,NA,0,324,NAVAJO RD,GOLFCREST DR,0,NA,Y,A,-,N,NA,NA,NA,NA,NA,NA,NA,NA,NA,Y,1,1,0,2,A,-,12,21453,A,N,G,B,B,A,H,-,A,A,0,Y,NA,NA,NA,Y,Y,D,23,0,0,0,1,0,0,0,0,0,-,-,NA,NA,SAN DIEGO,SAN DIEGO,-117.03810003,32.80415001
6333306,2014,2016-05-20,9680,2014-01-11,1310,019946,NA,6,1,9,3700,0,1,3,NA,1,017,RT 67,SCRIPPS POWAY PKWY,8448,S,N,A,-,Y,SD,11,67,-,-,11.82,H,-,N,Y,4,0,1,3,A,-,07,21658,A,N,B,C,A,A,H,-,A,D,0,NA,NA,NA,NA,Y,NA,A,01,0,0,1,0,0,0,0,0,0,-,-,32.93617,-116.95453,SAN DIEGO,UNINCORPORATED,-116.96226843,32.80322797
6334086,2014,2014-06-11,9680,2014-01-01,1820,019729,NA,3,2,9,3700,0,3,5,NA,2,009,9TH ST,I ST,0,NA,Y,A,-,N,NA,NA,NA,NA,NA,NA,NA,NA,NA,N,4,0,1,2,A,-,08,22107,NA,N,D,C,A,A,H,-,D,D,0,NA,NA,NA,NA,Y,NA,D,22,0,0,1,0,0,0,0,0,0,-,-,33.03755,-116.86279,SAN DIEGO,UNINCORPORATED,-116.86292008,33.03761006