CASE_ID,ACCIDENT_YEAR,PROC_DATE,JURIS,COLLISION_DATE,COLLISION_TIME,OFFICER_ID,REPORTING_DISTRICT,DAY_OF_WEEK,CHP_SHIFT,POPULATION,CNTY_CITY_LOC,SPECIAL_COND,BEAT_TYPE,CHP_BEAT_TYPE,CITY_DIVISION_LAPD,CHP_BEAT_CLASS,BEAT_NUMBER,PRIMARY_RD,SECONDARY_RD,DISTANCE,DIRECTION,INTERSECTION,WEATHER_1,WEATHER_2,STATE_HWY_IND,CALTRANS_COUNTY,CALTRANS_DISTRICT,STATE_ROUTE,ROUTE_SUFFIX,POSTMILE_PREFIX,POSTMILE,LOCATION_TYPE,RAMP_INTERSECTION,SIDE_OF_HWY,TOW_AWAY,COLLISION_SEVERITY,NUMBER_KILLED,NUMBER_INJURED,PARTY_COUNT,PRIMARY_COLL_FACTOR,PCF_CODE_OF_VIOL,PCF_VIOL_CATEGORY,PCF_VIOLATION,PCF_VIOL_SUBSECTION,HIT_AND_RUN,TYPE_OF_COLLISION,MVIW,PED_ACTION,ROAD_SURFACE,ROAD_COND_1,ROAD_COND_2,LIGHTING,CONTROL_DEVICE,CHP_ROAD_TYPE,PEDESTRIAN_ACCIDENT,BICYCLE_ACCIDENT,MOTORCYCLE_ACCIDENT,TRUCK_ACCIDENT,NOT_PRIVATE_PROPERTY,ALCOHOL_INVOLVED,STWD_VEHTYPE_AT_FAULT,CHP_VEHTYPE_AT_FAULT,COUNT_SEVERE_INJ,COUNT_VISIBLE_INJ,COUNT_COMPLAINT_PAIN,COUNT_PED_KILLED,COUNT_PED_INJURED,COUNT_BICYCLIST_KILLED,COUNT_BICYCLIST_INJURED,COUNT_MC_KILLED,COUNT_MC_INJURED,PRIMARY_RAMP,SECONDARY_RAMP,LATITUDE,LONGITUDE,COUNTY,CITY,POINT_X,POINT_Y
6428224,2014,2015-11-10,9650,2014-03-18,1750,019227,NA,2,2,5,3712,0,1,3,NA,2,019,RT 78,SAN MARCOS BL,950,W,N,A,-,Y,SD,11,78,-,-,11.96,H,-,E,Y,3,0,2,4,A,-,03,22350,NA,N,C,C,A,A,H,-,A,D,1,NA,NA,NA,NA,Y,NA,A,01,0,2,0,0,0,0,0,0,0,-,-,33.13888,-117.17957,SAN DIEGO,SAN MARCOS,-117.17952288,33.13888557
6467621,2014,2014-07-21,3711,2014-04-14,0745,7110,NA,1,5,7,3711,0,0,0,NA,0,122,HAINES ST,THOMAS AV,100,S,N,A,-,N,NA,NA,NA,NA,NA,NA,NA,NA,NA,Y,3,0,2,2,A,-,09,21801,A,N,A,C,A,A,H,-,A,D,0,NA,NA,NA,NA,Y,NA,A,01,0,2,0,0,0,0,0,0,0,-,-,NA,NA,SAN DIEGO,SAN DIEGO,-117.24172756,32.79620503
6468683,2014,2016-03-28,9645,2014-06-11,0910,014669,NA,3,1,7,3711,0,3,5,NA,2,111,RT 805,EL CAJON BL,522,N,N,A,-,Y,SD,11,805,-,-,16.53,H,-,N,Y,4,0,2,2,A,-,04,21703,NA,N,C,C,A,A,H,-,A,D,1,NA,NA,NA,NA,Y,NA,A,01,0,0,2,0,0,0,0,0,0,-,-,32.75899,-117.12597,SAN DIEGO,SAN DIEGO,-117.12523412,32.75671382
6428336,2014,2015-11-09,9645,2014-03-04,2145,17677,NA,2,2,7,3711,0,1,1,NA,2,010,RT 8,TEXAS ST   O/C,406,E,N,A,-,Y,SD,11,8,-,-,4.039,R,2,E,Y,3,0,1,1,A,-,08,22107,NA,N,F,A,A,A,H,-,C,D,1,NA,NA,Y,NA,Y,NA,C,02,0,1,0,0,0,0,0,0,1,FR,-,32.77001,-117.13034,SAN DIEGO,SAN DIEGO,-117.13752653,32.7704238
6434259,2014,2016-03-26,9680,2014-04-06,1320,019255,NA,7,1,5,3705,0,1,1,NA,2,082,RT 8,WEST MAIN ST,1056,E,N,A,-,Y,SD,11,8,-,-,14.77,H,-,W,Y,2,0,3,3,A,-,08,22107,NA,N,D,C,A,A,H,-,A,D,1,NA,NA,NA,NA,Y,NA,A,01,1,1,1,0,0,0,0,0,0,-,-,32.79815,-116.97665,SAN DIEGO,EL CAJON,-116.97683417,32.79776056
6471698,2014,2014-07-23,3706,2014-04-16,1608,0318,ESPD,3,5,6,3706,0,0,0,NA,0,042,VALLEY PKWY,BEECH ST,0,NA,Y,A,-,N,NA,NA,NA,NA,NA,NA,NA,NA,NA,Y,4,0,3,2,A,-,03,22350,NA,N,C,C,A,A,H,-,A,D,0,NA,NA,NA,NA,Y,NA,A,01,0,0,3,0,0,0,0,0,0,-,-,NA,NA,SAN DIEGO,ESCONDIDO,-117.06842002,33.12984009
6434336,2014,2014-07-22,3706,2014-04-01,0655,153,ESPD,2,5,6,3706,0,0,0,NA,0,052,EAST VALLEY PKWY,GRAPE ST,0,NA,Y,C,-,N,NA,NA,NA,NA,NA,NA,NA,NA,NA,Y,3,0,1,2,A,-,-,NA,NA,N,C,C,A,B,H,-,A,D,0,NA,NA,NA,NA,Y,NA,-,NA,0,1,0,0,0,0,0,0,0,-,-,NA,NA,SAN DIEGO,ESCONDIDO,-117.07534007,33.12664011
6438171,2014,2014-07-01,3702,2014-02-25,1253,CV0986,NA,2,5,6,3702,0,0,0,NA,0,021,PALOMAR ST,INDUSTRIAL BL,135,W,N,A,-,N,NA,NA,NA,NA,NA,NA,NA,NA,NA,Y,4,0,1,4,A,-,03,22350,NA,N,C,C,A,A,H,-,A,A,0,NA,NA,NA,NA,Y,NA,A,01,0,0,1,0,0,0,0,0,0,-,-,NA,NA,SAN DIEGO,CHULA VISTA,-117.08604341,32.60397644
6440210,2014,2015-11-23,3700,2014-04-01,1613,SH5502,NA,2,5,5,3713,0,0,0,NA,0,312,MELROSE DR,RT 78,152,N,N,A,-,N,NA,NA,NA,NA,NA,NA,NA,NA,NA,Y,4,0,1,3,A,-,04,21703,NA,N,C,C,A,A,H,-,A,A,0,NA,NA,NA,NA,Y,NA,A,08,0,0,1,0,0,0,0,0,0,-,SF,NA,NA,SAN DIEGO,VISTA,-117.25415174,33.19481446
6475393,2014,2016-03-30,3710,2014-04-16,2015,OC1353,NA,3,5,6,3710,0,0,0,NA,0,033,RT 76,MELROSE DR,0,NA,Y,A,-,Y,SD,11,76,-,R,7.756,I,5,E,N,4,0,1,2,A,-,05,21202,A,M,B,G,A,A,H,-,C,A,0,NA,NA,NA,NA,Y,NA,-,NA,0,0,1,0,0,0,0,0,0,-,-,NA,NA,SAN DIEGO,OCEANSIDE,-117.26504538,33.25163656
6476148,2014,2016-03-26,9680,2014-05-03,2358,020020,NA,6,3,9,3700,0,1,3,NA,2,016,RT 67,BRADLEY AV,0,NA,N,A,-,Y,SD,11,67,-,R,1.1,H,-,N,Y,3,0,1,1,A,-,01,23152,A,N,E,I,A,A,H,-,D,D,1,NA,NA,NA,NA,Y,Y,D,22,0,1,0,0,0,0,0,0,0,-,-,32.81908,-116.96022,SAN DIEGO,UNINCORPORATED,-116.96048787,32.81888078
6479329,2014,2014-08-01,9645,2014-05-06,1530,13648,NA,2,2,7,3711,1,4,S,NA,2,901,IMPERIAL AV,EUCLID AV,200,W,N,A,-,N,NA,NA,805,NA,NA,NA,NA,NA,NA,N,4,0,1,1,A,-,04,21703,NA,N,H,A,A,A,H,-,A,A,0,NA,NA,NA,NA,Y,NA,H,13,0,0,1,0,0,0,0,0,0,-,-,32.76649,-117.1282,SAN DIEGO,SAN DIEGO,-117.12847201,32.76637278
6480182,2014,2014-07-24,3711,2014-04-27,1515,6195,NA,7,5,7,3711,0,0,0,NA,0,811,ADAMS AV,32 ND ST,96,W,N,A,-,N,NA,NA,NA,NA,NA,NA,NA,NA,NA,N,4,0,1,2,A,-,04,21703,NA,N,C,C,A,A,H,-,A,A,0,NA,NA,NA,NA,Y,NA,-,NA,0,0,1,0,0,0,0,0,0,-,-,NA,NA,SAN DIEGO,SAN DIEGO,-117.12528122,32.763372940000004
6480185,2014,2014-07-24,3711,2014-04-25,1100,5472,NA,5,5,7,3711,0,0,0,NA,0,243,KEARNEY VILLA RD,KEARNEY VILLA RD 8500,0,NA,N,B,-,N,NA,NA,NA,NA,NA,NA,NA,NA,NA,Y,4,0,1,1,A,-,08,22107,NA,N,H,I,A,A,H,-,A,D,0,NA,NA,NA,NA,Y,NA,-,NA,0,0,1,0,0,0,0,0,0,-,-,32.53,-117.7,SAN DIEGO,SAN DIEGO,-117.11668074,32.87819658
6440353,2014,2014-06-20,9645,2014-03-26,1505,018149,NA,3,2,6,3702,0,1,1,NA,2,001,RT 5,J ST,55,N,N,B,C,Y,NA,NA,NA,NA,NA,NA,NA,NA,NA,Y,4,0,1,4,A,-,03,22350,NA,N,C,C,A,B,H,-,A,D,0,NA,NA,NA,NA,Y,NA,A,01,0,0,1,0,0,0,0,0,0,TO,-,32.62265,-117.09521,SAN DIEGO,CHULA VISTA,-117.09338403,32.62244355
6482114,2014,2014-08-01,3711,2014-05-06,1547,3815,NA,2,5,7,3711,0,0,0,NA,0,934,DEL MAR HEIGHTS RD,SIGNATURE POINT,18,W,N,A,-,N,NA,NA,NA,NA,NA,NA,NA,NA,NA,Y,4,0,2,3,A,-,03,22350,NA,N,C,C,A,A,H,-,A,D,0,NA,NA,NA,NA,Y,NA,A,01,0,0,2,0,0,0,0,0,0,-,-,NA,NA,SAN DIEGO,SAN DIEGO,-117.23202284,32.95471886
6482433,2014,2014-07-14,3711,2014-04-03,1543,5495,SOUTH,4,5,7,3711,0,0,0,NA,0,721,SATURN BL,PALM AV,249,N,N,A,-,N,NA,NA,NA,NA,NA,NA,NA,NA,NA,N,3,0,1,2,A,-,05,21650,1,N,-,G,A,A,H,-,A,A,0,NA,Y,NA,NA,Y,NA,L,04,0,1,0,0,0,0,1,0,0,-,-,NA,NA,SAN DIEGO,SAN DIEGO,-117.0926,32.58442027
6483437,2014,2016-03-26,9680,2014-04-29,1610,16694,NA,2,2,5,3705,0,1,1,NA,2,082,RT 8,2ND ST,1056,W,N,A,-,Y,SD,11,8,-,-,16.91,H,-,E,Y,3,0,1,2,A,-,03,22350,NA,N,E,I,A,A,H,-,A,A,1,NA,NA,Y,NA,Y,NA,C,02,0,1,0,0,0,0,0,0,1,-,-,32.80291,-116.94362,SAN DIEGO,EL CAJON,-116.94344098,32.80295525
6484922,2014,2016-03-28,9645,2014-05-12,0535,12733,9645,1,3,7,3711,0,1,3,NA,2,025,RT 163,RT 805,50,N,N,A,-,Y,SD,11,163,-,-,6.86,H,-,S,Y,3,0,1,2,A,-,07,21658,A,F,B,C,A,A,H,-,B,D,1,NA,NA,Y,NA,Y,NA,D,22,0,1,0,0,0,0,0,0,1,-,TO,32.80946,-117.15281,SAN DIEGO,SAN DIEGO,-117.153876,32.8063039
6486010,2014,2014-07-24,3711,2014-05-07,1755,6391,NA,3,5,7,3711,0,0,0,NA,0,811,EL CAJON BL,MARLBOROUGH AV,25,E,N,A,-,N,NA,NA,NA,NA,NA,NA,NA,NA,NA,N,4,0,3,2,A,-,09,21804,A,N,D,C,A,A,H,-,A,D,0,NA,NA,NA,NA,Y,NA,-,NA,0,0,3,0,0,0,0,0,0,-,-,NA,NA,SAN DIEGO,SAN DIEGO,-117.10606896,32.75521927
6486052,2014,2014-07-23,3711,2014-05-12,1156,7093,MC1,1,5,7,3711,0,0,0,NA,0,826,52ND PL,52ND PL 5200,10,N,N,A,-,N,NA,NA,NA,NA,NA,NA,NA,NA,NA,N,3,0,1,2,A,-,11,21950,B,N,G,B,D,A,H,-,A,D,0,Y,NA,NA,NA,Y,NA,N,60,0,1,0,0,1,0,0,0,0,-,-,NA,NA,SAN DIEGO,SAN DIEGO,-117.08357993,32.74991005
6488628,2014,2014-07-23,3710,2014-05-01,0151,OC1177,NA,4,5,6,3710,0,0,0,NA,0,001,PACIFIC,HARBOR,0,NA,Y,A,-,N,NA,NA,NA,NA,NA,NA,NA,NA,NA,Y,3,0,1,1,A,-,01,23152,A,N,E,I,A,A,H,-,C,A,0,NA,NA,NA,NA,Y,Y,A,01,0,1,0,0,0,0,0,0,0,-,-,NA,NA,SAN DIEGO,OCEANSIDE,-117.30049009,33.21737006
6489575,2014,2015-01-27,9645,2014-06-04,0735,14909,NA,3,1,7,3711,0,1,1,NA,2,010,RT 8,PRESIDIO PARK,1585,E,N,A,-,Y,SD,11,8,-,-,1.25,H,-,W,Y,3,0,5,5,A,-,03,22350,NA,N,C,C,A,A,H,-,A,D,1,NA,NA,NA,NA,Y,NA,A,08,0,1,4,0,0,0,0,0,0,-,-,32.75968,-117.18299,SAN DIEGO,SAN DIEGO,-117.18405496,32.75958836
6491615,2014,2016-03-26,9650,2014-05-14,1440,12120,NA,3,2,9,3700,0,1,1,NA,2,001,RT 5,AGRA,2640,N,N,A,-,Y,SD,11,5,-,R,64.31,H,-,N,Y,3,0,2,2,A,-,03,22350,NA,N,C,C,A,A,H,-,A,D,1,NA,NA,NA,NA,Y,NA,A,07,0,1,1,0,0,0,0,0,0,-,-,33.3274,-117.49034,SAN DIEGO,UNINCORPORATED,-117.48574193,33.32410346
6491852,2014,2014-07-16,3711,2014-04-29,1838,6872,NA,2,5,7,3711,0,0,0,NA,0,622,LINDA VISTA RD,VIA LAS CUMBRES,437,W,N,A,-,N,NA,NA,NA,NA,NA,NA,NA,NA,NA,Y,3,0,2,2,A,-,09,21804,A,N,-,C,A,A,H,-,A,D,0,NA,NA,NA,NA,Y,NA,-,NA,0,1,1,0,0,0,0,0,0,-,-,NA,NA,SAN DIEGO,SAN DIEGO,-117.18176121,32.77256824
6494042,2014,2014-08-05,9680,2014-05-14,1212,16494,NA,3,1,9,3700,0,2,4,NA,1,013,WILDCAT CANYON RD,BARONA RD,0,NA,Y,A,-,N,NA,NA,NA,NA,NA,NA,NA,NA,NA,Y,3,0,6,2,A,-,12,21453,A,N,D,C,A,A,H,-,A,A,0,NA,NA,NA,NA,Y,NA,D,22,0,4,2,0,0,0,0,0,0,-,-,32.9346,-116.86872,SAN DIEGO,UNINCORPORATED,-116.87594008,32.92366011
6494074,2014,2014-08-05,9680,2014-05-05,0920,017996,NA,1,1,9,3700,0,3,5,NA,2,002,JAMACHA BL,SAN DIEGO ST,42,W,N,A,-,N,NA,NA,NA,NA,NA,NA,NA,NA,NA,N,4,0,1,2,A,-,21,22106,NA,N,C,C,A,A,H,-,A,A,0,NA,NA,NA,NA,Y,NA,A,01,0,0,1,0,0,0,0,0,0,-,-,NA,NA,SAN DIEGO,UNINCORPORATED,-116.98726106,32.70819911
6494313,2014,2014-08-01,3711,2014-05-27,0725,5569,NA,2,5,7,3711,0,0,0,NA,0,327,COLLEGE AV,MONTEZUMA RD,2112,N,N,A,-,N,NA,NA,NA,NA,NA,NA,NA,NA,NA,Y,4,0,1,2,A,-,09,21801,A,N,D,C,A,A,H,-,A,D,0,NA,NA,NA,NA,Y,NA,D,22,0,0,1,0,0,0,0,0,0,-,-,NA,NA,SAN DIEGO,SAN DIEGO,-117.06785789,32.77576549
6494412,2014,2014-08-22,3711,2014-06-06,1216,5165,GASLA,5,5,7,3711,0,0,0,NA,0,523,6TH AV,BROADWAY,42,N,N,A,-,N,NA,NA,NA,NA,NA,NA,NA,NA,NA,N,4,0,1,2,A,-,03,22350,NA,N,C,C,A,A,H,-,A,A,0,NA,NA,NA,NA,Y,NA,A,01,0,0,1,0,0,0,0,0,0,-,-,NA,NA,SAN DIEGO,SAN DIEGO,-117.15925,32.71582506
6495378,2014,2015-09-24,3711,2014-05-15,0220,6950,3711,4,5,7,3711,0,0,0,NA,0,111,BALBOA AV,BALBOA AV 6700,0,NA,Y,A,-,N,NA,NA,NA,NA,NA,NA,NA,NA,NA,NA,4,0,1,2,A,-,12,21453,A,N,D,C,A,A,H,-,C,A,0,NA,NA,NA,NA,Y,NA,-,-,0,0,1,0,0,0,0,0,0,-,-,NA,NA,SAN DIEGO,SAN DIEGO,-117.16998696,32.82037929
6495418,2014,2014-08-08,3711,2014-05-23,1130,6776,SANDI,5,5,7,3711,0,0,0,NA,0,813,30TH ST,OLIVE,75,S,N,B,-,N,NA,NA,NA,NA,NA,NA,NA,NA,NA,N,4,0,1,1,A,-,03,22350,NA,N,F,-,A,A,H,-,A,D,0,NA,Y,NA,NA,Y,NA,L,04,0,0,1,0,0,0,1,0,0,-,-,NA,NA,SAN DIEGO,SAN DIEGO,-117.12932358,32.73448462
6495737,2014,2014-08-11,9650,2014-06-06,0720,013570,NA,5,1,9,3700,0,3,5,NA,2,150,EAST VISTA WAY,OSBORNE ST,0,NA,Y,A,-,N,NA,NA,NA,NA,NA,NA,NA,NA,NA,Y,4,0,1,2,A,-,12,21453,A,N,D,D,A,A,H,-,A,A,0,NA,NA,NA,NA,Y,NA,D,22,0,0,1,0,0,0,0,0,0,-,-,33.23762,-117.22619,SAN DIEGO,UNINCORPORATED,-117.22627,33.23764007
6496736,2014,2016-03-28,3711,2014-05-25,1928,5972,NA,7,5,7,3711,0,0,0,NA,0,934,CARMEL COUNTRY RD,RT 56,0,NA,Y,A,-,Y,SD,11,56,-,-,1.024,R,4,E,Y,3,0,1,2,A,-,09,21453,C,N,D,C,A,A,H,-,B,A,0,NA,NA,NA,NA,Y,NA,A,07,0,1,0,0,0,0,0,0,0,-,-,NA,NA,SAN DIEGO,SAN DIEGO,-117.22576455,32.93807828
6496911,2014,2014-07-29,3700,2014-05-23,0905,SH2439,NA,5,5,5,3713,0,0,0,NA,0,305,NORTH SANTA FE AV,TOWNSITE DR,0,NA,Y,B,-,N,NA,NA,NA,NA,NA,NA,NA,NA,NA,Y,4,0,1,2,A,-,12,21453,A,N,D,C,A,A,H,-,A,A,0,NA,NA,NA,NA,Y,NA,A,07,0,0,1,0,0,0,0,0,0,-,-,NA,NA,SAN DIEGO,VISTA,-117.24486004,33.21139007
6498346,2014,2014-08-04,9680,2014-05-24,1200,016878,NA,6,1,9,3700,0,3,5,NA,2,007,SWEENY PASS RD,OVERLAND STAGE RTE OF 1849,22176,S,N,A,-,N,NA,NA,NA,NA,NA,NA,NA,NA,NA,Y,4,0,3,2,A,-,17,21662,NA,N,H,A,A,A,H,-,A,A,0,NA,NA,NA,NA,Y,NA,E,22,0,0,3,0,0,0,0,0,0,-,-,32.83313,-116.18128,SAN DIEGO,UNINCORPORATED,-116.181257,32.833079
6498871,2014,2014-07-18,3700,2014-04-29,1850,SH7146,NA,2,5,5,3712,0,0,0,NA,0,351,NORTH TWIN OAKS VALLEY DR,DEER SPRINGS RD,680,N,N,A,-,N,NA,NA,NA,NA,NA,NA,NA,NA,NA,Y,3,0,1,1,A,-,01,23152,A,N,F,-,A,A,H,-,A,D,0,NA,NA,NA,NA,Y,Y,D,22,0,1,0,0,0,0,0,0,0,-,-,NA,NA,SAN DIEGO,SAN MARCOS,-117.15628268,33.18649729
6499062,2014,2014-07-18,3711,2014-04-18,2140,HB5247,NA,5,5,7,3711,0,0,0,NA,0,503,NORTH HARBOR DR,HARBOR ISLAND DR,648,E,N,A,-,N,NA,NA,NA,NA,NA,NA,NA,NA,NA,N,4,0,2,2,A,-,03,22350,NA,N,C,C,A,A,H,-,C,A,0,NA,NA,NA,NA,Y,NA,A,01,0,0,2,0,0,0,0,0,0,-,-,NA,NA,SAN DIEGO,SAN DIEGO,-117.19309257,32.72921167
6499089,2014,2014-07-24,3710,2014-04-23,1715,OC1303,NA,3,5,6,3710,0,0,0,NA,0,037,COLLEGE BL,PLAZA DR,220,S,N,A,-,N,NA,NA,NA,NA,NA,NA,NA,NA,NA,Y,3,0,1,2,A,-,09,21801,A,N,D,C,A,A,H,-,A,D,0,NA,NA,Y,NA,Y,NA,A,01,0,1,0,0,0,0,0,0,1,-,-,NA,NA,SAN DIEGO,OCEANSIDE,-117.29641731,33.18144794
6500895,2014,2014-07-26,3706,2014-05-13,1122,ES0345,ESPD,2,5,6,3706,0,0,0,NA,0,051,ESCONDIDO BL,5TH AV,0,NA,Y,A,-,N,NA,NA,NA,NA,NA,NA,NA,NA,NA,Y,4,0,1,2,A,-,12,21453,A,N,D,C,A,-,H,-,A,A,0,NA,NA,NA,NA,Y,NA,-,NA,0,0,1,0,0,0,0,0,0,-,-,NA,NA,SAN DIEGO,ESCONDIDO,-117.08162008,33.11667001
6501130,2014,2015-09-24,3711,2014-05-13,2136,6648,NA,2,5,7,3711,0,0,0,NA,0,826,EL CAJON BL,MARCELLENA RD,0,NA,Y,A,-,N,NA,NA,NA,NA,NA,NA,NA,NA,NA,N,4,0,1,2,A,-,14,21201,D,N,A,G,A,A,-,-,D,D,0,NA,Y,NA,NA,Y,Y,L,04,0,0,1,0,0,0,1,0,0,-,-,NA,NA,SAN DIEGO,SAN DIEGO,-117.08085005,32.75763008
6504299,2014,2014-07-26,3711,2014-05-20,1447,6415,NA,2,5,7,3711,0,0,0,NA,0,311,GRAMERCY DR,RUFFIN RD,1000,W,N,B,-,N,NA,NA,NA,NA,NA,NA,NA,NA,NA,N,4,0,1,2,A,-,09,21804,A,N,D,C,A,A,H,-,A,D,0,NA,NA,NA,NA,Y,NA,A,07,0,0,1,0,0,0,0,0,0,-,-,NA,NA,SAN DIEGO,SAN DIEGO,-117.13209535,32.80240961
6505319,2014,2014-07-31,3710,2014-05-15,0657,OC1211,NA,4,5,6,3710,0,0,0,NA,0,022,COLLEGE,ADAMS,913,N,N,A,-,N,NA,NA,NA,NA,NA,NA,NA,NA,NA,Y,3,0,1,2,A,-,04,21703,NA,N,C,C,A,A,H,-,A,A,0,NA,NA,Y,NA,Y,NA,C,02,0,1,0,0,0,0,0,0,1,-,-,NA,NA,SAN DIEGO,OCEANSIDE,-117.29807922,33.25012641
6505320,2014,2014-07-31,3710,2014-05-13,1250,OC1065,NA,2,5,6,3710,0,0,0,NA,0,009,CASSIDY,BROADWAY,0,NA,Y,A,-,N,NA,NA,NA,NA,NA,NA,NA,NA,NA,N,3,0,1,2,A,-,09,21801,A,N,D,C,A,A,H,-,A,D,0,NA,NA,NA,NA,Y,NA,A,01,0,1,0,0,0,0,0,0,0,-,-,NA,NA,SAN DIEGO,OCEANSIDE,-117.36392002,33.17421001
6505324,2014,2014-07-31,3710,2014-05-15,1334,OC1095,NA,4,5,6,3710,0,0,0,NA,0,017,DOUGLAS,VIA MALAGUENA,1490,S,N,A,-,N,NA,NA,NA,NA,NA,NA,NA,NA,NA,Y,2,0,5,2,A,-,08,22107,NA,N,A,C,A,A,H,-,A,A,0,NA,NA,NA,NA,Y,NA,A,01,2,3,0,0,0,0,0,0,0,-,-,NA,NA,SAN DIEGO,OCEANSIDE,-117.30580902,33.2682955
6505576,2014,2014-07-30,3711,2014-05-13,1315,6107,NA,2,5,7,3711,0,0,0,NA,0,511,SICARD ST,NEWTON AV,15,E,N,A,-,N,NA,NA,NA,NA,NA,NA,NA,NA,NA,N,3,0,2,2,A,-,12,22450,NA,N,D,G,A,A,H,-,A,D,0,NA,Y,NA,NA,Y,NA,L,04,0,2,0,0,0,0,2,0,0,-,-,NA,NA,SAN DIEGO,SAN DIEGO,-117.13917885,32.69529154
6505751,2014,2014-07-29,3710,2014-05-14,2141,OC0652,NA,3,5,6,3710,0,0,0,NA,0,018,REDONDO,LUNA,0,NA,Y,A,-,N,NA,NA,NA,NA,NA,NA,NA,NA,NA,N,4,0,2,2,A,-,09,21802,A,N,D,C,A,A,H,-,C,A,0,NA,NA,NA,NA,Y,NA,A,01,0,0,2,0,0,0,0,0,0,-,-,NA,NA,SAN DIEGO,OCEANSIDE,-117.30235008,33.25014004
6507264,2014,2014-08-08,3700,2014-06-11,1816,SH0059,NA,3,5,5,3713,0,0,0,NA,0,308,NETTLETON RD,WEST DR,18,N,N,A,-,N,NA,NA,NA,NA,NA,NA,NA,NA,NA,N,4,0,1,2,A,-,09,21801,A,N,H,C,A,A,H,-,B,D,0,NA,NA,NA,NA,Y,NA,A,01,0,0,1,0,0,0,0,0,0,-,-,NA,NA,SAN DIEGO,VISTA,-117.28141,33.19023
6440357,2014,2016-03-21,9645,2014-03-26,1650,16728,NA,3,2,7,3711,0,1,1,NA,2,017,RT 15,RT 52,900,N,N,B,-,Y,SD,11,15,-,R,10.75,H,-,S,Y,3,0,3,2,A,-,03,22350,NA,N,C,C,A,A,H,-,A,D,1,NA,NA,NA,NA,Y,NA,A,07,0,1,2,0,0,0,0,0,0,-,-,32.84421,-117.11951,SAN DIEGO,SAN DIEGO,-117.11974112,32.84423383
6447839,2014,2015-09-28,3700,2014-02-01,0629,SH2731,NA,6,5,5,3782,0,0,0,NA,0,211,LA COSTA,RT 5,0,W,N,A,-,N,NA,NA,NA,NA,NA,NA,NA,NA,NA,N,4,0,1,3,A,-,08,22107,NA,N,D,C,A,A,H,-,A,D,0,NA,NA,NA,NA,Y,NA,A,01,0,0,1,0,0,0,0,0,0,-,SF,NA,NA,SAN DIEGO,ENCINITAS,-117.29830003,33.08420005
6448222,2014,2014-07-21,3709,2014-04-16,2223,457,NA,3,5,5,3709,0,0,0,NA,0,024,EAST 30TH ST,HIGHLAND AV,73,W,N,A,-,N,NA,NA,NA,NA,NA,NA,NA,NA,NA,N,3,0,1,2,-,-,-,NA,NA,N,G,B,D,A,H,-,C,A,0,Y,NA,NA,NA,Y,NA,-,-,0,1,0,0,1,0,0,0,0,-,-,NA,NA,SAN DIEGO,NATIONAL CITY,-117.09155425,32.65909675
6457958,2014,2014-07-10,3700,2014-04-03,1808,SH2560,NA,4,5,5,3713,0,0,0,NA,0,309,NORTH MELROSE DR,OLIVE AV,560,S,N,A,-,N,NA,NA,NA,NA,NA,NA,NA,NA,NA,Y,4,0,1,2,A,-,08,21460,5,N,D,C,A,A,H,-,A,D,0,NA,NA,NA,NA,Y,NA,A,01,0,0,1,0,0,0,0,0,0,-,-,NA,NA,SAN DIEGO,VISTA,-117.25497151,33.20327236
6459049,2014,2014-07-11,9650,2014-04-20,0340,019549,NA,7,3,9,3700,0,3,5,NA,2,211,OLD CASTLE RD,PAMOOSA LN,2640,E,N,A,-,N,NA,NA,NA,NA,NA,NA,NA,NA,NA,N,3,0,1,1,A,-,08,22107,NA,N,E,I,A,A,H,-,D,D,0,NA,NA,NA,NA,Y,NA,A,01,0,1,0,0,0,0,0,0,0,-,-,33.25347,-117.09486,SAN DIEGO,UNINCORPORATED,-117.11042343,33.25524096
6459715,2014,2014-07-24,3711,2014-05-11,1459,5046,NA,7,5,7,3711,0,0,0,NA,0,524,10TH AV,B ST,0,NA,Y,A,-,N,NA,NA,NA,NA,NA,NA,NA,NA,NA,N,4,0,1,2,A,-,10,21950,A,N,G,B,B,A,H,-,A,A,0,Y,NA,NA,NA,Y,NA,A,01,0,0,1,0,1,0,0,0,0,-,-,NA,NA,SAN DIEGO,SAN DIEGO,-117.15562012,32.71782003
6467580,2014,2014-07-23,3711,2014-04-06,0100,4653,NA,7,5,7,3711,0,0,0,NA,0,234,HIGHLAND VALLEY RD,SYCAMORE CREEK RD,1584,W,N,A,-,N,NA,NA,NA,NA,NA,NA,NA,NA,NA,Y,2,0,1,1,A,-,03,22350,NA,N,F,A,A,A,H,-,D,D,0,NA,NA,Y,NA,Y,NA,C,02,1,0,0,0,0,0,0,0,1,-,-,NA,NA,SAN DIEGO,SAN DIEGO,-117.05075569,33.05134217
6434348,2014,2016-02-17,3706,2014-04-03,1425,264,ESPD,4,5,6,3706,0,0,0,NA,0,045,VALLEY PKWY,RT 15,0,NA,Y,A,-,Y,SD,11,15,-,R,30.685,R,4,S,Y,4,0,1,2,A,-,12,21453,A,N,D,C,A,A,H,-,A,A,0,NA,NA,NA,NA,Y,NA,-,-,0,0,1,0,0,0,0,0,0,-,-,NA,NA,SAN DIEGO,ESCONDIDO,-117.0995038,33.1160133
6434400,2014,2014-07-23,3706,2014-04-05,0041,0476,ESPD,6,5,6,3706,0,0,0,NA,0,052,E GRAND AV,S ASH ST,0,NA,Y,A,-,N,NA,NA,NA,NA,NA,NA,NA,NA,NA,Y,4,0,2,2,A,-,12,21453,A,N,D,C,A,A,H,-,C,A,0,NA,NA,NA,NA,Y,NA,A,07,0,0,2,0,0,0,0,0,0,-,-,NA,NA,SAN DIEGO,ESCONDIDO,-117.06553009,33.12720011
6435299,2014,2014-07-03,3711,2014-03-06,1144,4885,NA,4,5,7,3711,0,0,0,NA,0,242,BLACK MOUNTAIN RD,TRUMAN ST,321,S,N,A,-,N,NA,NA,NA,NA,NA,NA,NA,NA,NA,Y,4,0,1,1,A,-,03,22350,NA,N,F,I,A,A,H,-,A,D,0,NA,NA,NA,NA,Y,NA,A,01,0,0,1,0,0,0,0,0,0,-,-,NA,NA,SAN DIEGO,SAN DIEGO,-117.13001043,32.94288909