CASE_ID,ACCIDENT_YEAR,PROC_DATE,JURIS,COLLISION_DATE,COLLISION_TIME,OFFICER_ID,REPORTING_DISTRICT,DAY_OF_WEEK,CHP_SHIFT,POPULATION,CNTY_CITY_LOC,SPECIAL_COND,BEAT_TYPE,CHP_BEAT_TYPE,CITY_DIVISION_LAPD,CHP_BEAT_CLASS,BEAT_NUMBER,PRIMARY_RD,SECONDARY_RD,DISTANCE,DIRECTION,INTERSECTION,WEATHER_1,WEATHER_2,STATE_HWY_IND,CALTRANS_COUNTY,CALTRANS_DISTRICT,STATE_ROUTE,ROUTE_SUFFIX,POSTMILE_PREFIX,POSTMILE,LOCATION_TYPE,RAMP_INTERSECTION,SIDE_OF_HWY,TOW_AWAY,COLLISION_SEVERITY,NUMBER_KILLED,NUMBER_INJURED,PARTY_COUNT,PRIMARY_COLL_FACTOR,PCF_CODE_OF_VIOL,PCF_VIOL_CATEGORY,PCF_VIOLATION,PCF_VIOL_SUBSECTION,HIT_AND_RUN,TYPE_OF_COLLISION,MVIW,PED_ACTION,ROAD_SURFACE,ROAD_COND_1,ROAD_COND_2,LIGHTING,CONTROL_DEVICE,CHP_ROAD_TYPE,PEDESTRIAN_ACCIDENT,BICYCLE_ACCIDENT,MOTORCYCLE_ACCIDENT,TRUCK_ACCIDENT,NOT_PRIVATE_PROPERTY,ALCOHOL_INVOLVED,STWD_VEHTYPE_AT_FAULT,CHP_VEHTYPE_AT_FAULT,COUNT_SEVERE_INJ,COUNT_VISIBLE_INJ,COUNT_COMPLAINT_PAIN,COUNT_PED_KILLED,COUNT_PED_INJURED,COUNT_BICYCLIST_KILLED,COUNT_BICYCLIST_INJURED,COUNT_MC_KILLED,COUNT_MC_INJURED,PRIMARY_RAMP,SECONDARY_RAMP,LATITUDE,LONGITUDE,COUNTY,CITY,POINT_X,POINT_Y
6777992,2015,2015-02-19,9650,2015-01-04,1331,19227,NA,7,1,9,3700,0,3,5,NA,2,231,BEAR VALLEY PKWY,IDAHO AV,0,NA,Y,A,-,N,NA,NA,NA,NA,NA,NA,NA,NA,NA,Y,2,0,1,2,A,-,09,21801,A,N,D,C,A,A,H,-,A,A,0,NA,NA,Y,NA,Y,NA,A,01,1,0,0,0,0,0,0,0,1,-,-,33.11607,-117.05022,SAN DIEGO,UNINCORPORATED,-117.05033005,33.11596008
6779008,2014,2015-01-26,3700,2014-10-05,1132,SH2405,NA,7,5,5,3781,0,0,0,NA,0,518,MISSION GORGE RD,MISSION GORGE RD ENTRANCE TO 9031,12,E,N,A,-,N,NA,NA,NA,NA,NA,NA,NA,NA,NA,Y,4,0,1,2,A,-,09,21804,A,F,C,C,A,A,H,-,A,D,0,NA,NA,NA,NA,Y,Y,A,01,0,0,1,0,0,0,0,0,0,-,-,NA,NA,SAN DIEGO,SANTEE,NA,NA
6779609,2014,2015-02-11,3709,2014-12-04,1810,461,NA,4,5,5,3709,0,0,0,NA,0,020,E 17TH ST,NATIONAL CITY BL,0,NA,Y,B,-,N,NA,NA,NA,NA,NA,NA,NA,NA,NA,N,3,0,1,2,A,-,05,21650,1,N,H,G,A,A,H,-,C,D,0,NA,Y,NA,NA,Y,NA,L,04,0,1,0,0,0,0,1,0,0,-,-,NA,NA,SAN DIEGO,NATIONAL CITY,-117.10388,32.66802009
6781740,2015,2015-02-24,3711,2015-01-17,2050,5968,NA,6,5,7,3711,0,0,0,NA,0,834,UNIVERSITY AV,MARLBOROUGH AV,45,W,N,A,-,N,NA,NA,NA,NA,NA,NA,NA,NA,NA,N,4,0,1,4,A,-,03,22350,NA,M,C,C,A,A,-,-,C,A,0,NA,NA,NA,NA,Y,NA,-,NA,0,0,1,0,0,0,0,0,0,-,-,NA,NA,SAN DIEGO,SAN DIEGO,-117.10583587,32.74968
6782032,2014,2015-01-26,3700,2014-11-29,1225,SH1320,NA,6,5,5,3712,0,0,0,NA,0,352,NORTH TWIN OAKS VALLEY DR,RICHMAR AV,0,NA,Y,A,-,N,NA,NA,NA,NA,NA,NA,NA,NA,NA,Y,4,0,1,2,A,-,03,22350,NA,N,C,C,A,A,H,-,A,A,0,NA,NA,NA,NA,Y,NA,A,08,0,0,1,0,0,0,0,0,0,-,-,NA,NA,SAN DIEGO,SAN MARCOS,-117.16259001,33.1440901
6782168,2015,2016-09-27,9645,2015-01-11,1320,19257,NA,7,1,6,3702,0,1,3,NA,2,031,RT 125,OLYMPIC PKWY,500,N,N,C,-,Y,SD,11,125,-,-,3.19,H,-,S,Y,3,0,2,1,A,-,03,22350,NA,N,F,I,A,B,H,-,A,D,1,NA,NA,NA,NA,Y,NA,A,01,0,1,1,0,0,0,0,0,0,-,-,32.63349,-116.97215,SAN DIEGO,CHULA VISTA,-116.97162052,32.63358002
6782772,2015,2015-02-20,3706,2015-01-07,1255,3S0342,NA,3,5,6,3706,0,0,0,NA,0,045,MISSION AV,ROCK SPRINGS RD,0,NA,Y,A,-,N,NA,NA,NA,NA,NA,NA,NA,NA,NA,N,3,0,1,2,A,-,11,21456,B,N,G,B,B,A,H,-,A,A,0,Y,NA,NA,NA,Y,NA,N,60,0,1,0,0,1,0,0,0,0,-,-,NA,NA,SAN DIEGO,ESCONDIDO,-117.09745006,33.12657005
6782793,2015,2016-09-08,3709,2015-01-01,1959,0440,NC,4,5,5,3709,0,0,0,NA,0,024,HIGHLAND AV,RT 54,61,N,N,A,-,Y,SD,11,54,-,-,1,R,4,E,N,4,0,1,2,A,-,04,21703,NA,N,C,C,A,A,H,-,C,A,0,NA,NA,NA,NA,Y,NA,-,NA,0,0,1,0,0,0,0,0,0,-,EO,NA,NA,SAN DIEGO,NATIONAL CITY,-117.08803358,32.65548902
6782836,2015,2015-02-20,3706,2015-01-09,2101,ES0393,NA,5,5,6,3706,0,0,0,NA,0,045,MISSION AV,ANDREASEN DR,63,E,N,A,-,N,NA,NA,NA,NA,NA,NA,NA,NA,NA,Y,3,0,1,5,A,-,01,23152,A,N,E,I,A,A,H,-,C,D,0,NA,NA,NA,NA,Y,Y,A,01,0,1,0,0,0,0,0,0,0,-,-,NA,NA,SAN DIEGO,ESCONDIDO,-117.10615584,33.12409367
6782930,2015,2015-07-29,9650,2015-01-09,0850,14615,NA,5,1,9,3700,0,3,5,NA,2,070,VIA DE LA VALLE,EL CAMINIO REAL,2112,E,N,A,-,N,NA,NA,NA,NA,NA,NA,NA,NA,NA,Y,4,0,1,2,A,-,03,22350,NA,N,H,E,A,A,H,-,A,D,0,NA,Y,NA,NA,Y,NA,L,04,0,0,1,0,0,0,1,0,0,-,-,NA,NA,SAN DIEGO,UNINCORPORATED,-117.22368353,32.98351336
6783007,2015,2016-04-07,3700,2015-01-07,1930,SH3137,NA,3,5,5,3713,0,0,0,NA,0,305,NORTH SANTA FE AV,W ORANGE ST,250,S,N,A,-,N,NA,NA,NA,NA,NA,NA,NA,NA,NA,Y,3,0,1,2,A,-,01,23152,A,N,D,C,A,A,H,-,C,D,0,NA,NA,NA,NA,Y,Y,A,01,0,1,0,0,0,0,0,0,0,-,-,NA,NA,SAN DIEGO,VISTA,-117.24496401,33.20426003
6783192,2014,2015-02-17,9650,2014-12-24,0550,12168,NA,3,3,9,3700,0,1,3,NA,2,025,RT 78,IDAHO AV,400,N,N,A,-,Y,NA,NA,78,NA,NA,NA,NA,NA,NA,Y,2,0,1,1,A,-,08,22107,NA,N,F,A,A,A,H,-,D,D,0,NA,NA,Y,NA,Y,NA,C,02,1,0,0,0,0,0,0,0,1,-,-,33.11766,-117.0607,SAN DIEGO,UNINCORPORATED,-117.06065752,33.11769894
6784148,2015,2016-04-07,3711,2015-01-07,0805,6776,SANDI,3,5,7,3711,0,0,0,NA,0,822,EL CAJON BL,DAYTON ST,24,E,N,A,-,N,NA,NA,NA,NA,NA,NA,NA,NA,NA,N,4,0,1,2,A,-,03,22350,NA,N,G,B,D,A,H,-,A,A,0,Y,NA,NA,NA,Y,NA,-,NA,0,0,1,0,1,0,0,0,0,-,-,NA,NA,SAN DIEGO,SAN DIEGO,-117.07734332,32.75813112
6784560,2015,2016-04-07,3711,2015-01-09,1056,5985,NA,5,5,7,3711,0,0,0,NA,0,524,10TH AV,A ST,0,NA,Y,B,-,N,NA,NA,NA,NA,NA,NA,NA,NA,NA,Y,3,0,2,3,A,-,12,21453,A,N,D,C,A,A,H,-,A,A,0,NA,NA,NA,Y,Y,NA,F,26,0,1,1,0,0,0,0,0,0,-,-,NA,NA,SAN DIEGO,SAN DIEGO,-117.15562006,32.71886007
6785429,2015,2015-02-18,3711,2015-01-01,1654,7216,NA,4,5,7,3711,0,0,0,NA,0,113,CLAIREMONT DR,CHIPPEWA CT,82,S,N,A,-,N,NA,NA,NA,NA,NA,NA,NA,NA,NA,N,3,0,1,2,A,-,09,21804,A,N,G,B,D,A,H,-,B,D,0,Y,NA,NA,NA,Y,NA,-,NA,0,1,0,0,1,0,0,0,0,-,-,NA,NA,SAN DIEGO,SAN DIEGO,-117.20104375,32.81341249
6788335,2014,2015-02-10,3702,2014-12-20,1053,CV0773,NA,6,5,6,3702,0,0,0,NA,0,022,3RD AV,PALOMAR ST,156,S,N,A,-,N,NA,NA,NA,NA,NA,NA,NA,NA,NA,Y,3,0,1,2,A,-,03,22350,NA,N,C,C,A,A,H,-,A,A,0,NA,NA,NA,NA,Y,NA,A,01,0,1,0,0,0,0,0,0,0,-,-,NA,NA,SAN DIEGO,CHULA VISTA,-117.06622936,32.60639491
6788339,2014,2015-02-09,3702,2014-12-21,0015,CV0910,NA,7,5,6,3702,0,0,0,NA,0,012,H ST,WOODLAWN,10,W,N,A,-,N,NA,NA,NA,NA,NA,NA,NA,NA,NA,Y,4,0,1,2,A,-,01,23152,B,M,B,C,A,A,H,-,C,A,0,NA,NA,NA,NA,Y,Y,A,01,0,0,1,0,0,0,0,0,0,-,-,NA,NA,SAN DIEGO,CHULA VISTA,-117.09394104,32.62971224
6788340,2014,2015-02-09,3702,2014-12-28,1745,CV1077,NA,7,5,6,3702,0,0,0,NA,0,013,3RD AV,L ST,259,N,N,A,-,N,NA,NA,NA,NA,NA,NA,NA,NA,NA,Y,4,0,1,2,A,-,01,23152,B,N,D,C,A,A,H,-,C,D,0,NA,NA,NA,NA,Y,Y,A,01,0,0,1,0,0,0,0,0,0,-,-,NA,NA,SAN DIEGO,CHULA VISTA,-117.07204571,32.62127284
6789072,2015,2015-03-02,3710,2015-01-05,2125,OC1374,NA,1,5,6,3710,0,0,0,NA,0,027,COLLEGE BL,THUNDER DR,528,S,N,A,-,N,NA,NA,NA,NA,NA,NA,NA,NA,NA,Y,4,0,1,2,A,-,08,22107,NA,N,D,C,A,A,H,-,C,D,0,NA,NA,NA,NA,Y,NA,A,01,0,0,1,0,0,0,0,0,0,-,-,NA,NA,SAN DIEGO,OCEANSIDE,-117.28976347,33.19840571
6789674,2014,2015-02-09,9650,2014-12-25,2315,20254,NA,4,3,9,3700,0,3,5,NA,2,211,COUGAR PASS RD,N BROADWAY,458,E,N,A,-,N,NA,NA,NA,NA,NA,NA,NA,NA,NA,Y,3,0,1,1,A,-,01,23152,F,N,E,I,A,A,H,-,D,D,0,NA,NA,NA,NA,Y,Y,A,07,0,1,0,0,0,0,0,0,0,-,-,33.19758,-117.08758,SAN DIEGO,UNINCORPORATED,-117.08749225,33.19742888
6790672,2015,2016-10-26,9645,2015-01-13,0645,16156,NA,2,1,7,3711,0,1,3,NA,2,006,RT 94,HOME AV,1035,E,N,A,-,Y,SD,11,94,-,-,3.83,H,-,W,Y,4,0,1,3,A,-,07,21658,A,N,B,C,A,A,H,-,A,D,1,NA,NA,Y,NA,Y,NA,D,22,0,0,1,0,0,0,0,0,1,-,-,32.7183,-117.10702,SAN DIEGO,SAN DIEGO,-117.1070701,32.71830113
6790716,2015,2016-09-08,9645,2015-01-06,0919,012733,9645,2,1,7,3711,0,1,3,NA,2,014,RT 52,SAN CLEMENTE CREEK,1400,E,N,A,-,Y,SD,11,52,-,-,4.02,H,-,W,NA,3,0,1,2,A,-,08,22107,NA,N,C,C,A,A,H,-,A,D,1,NA,NA,NA,Y,Y,NA,A,01,0,1,0,0,0,0,0,0,0,-,-,32.84538,-117.16879,SAN DIEGO,SAN DIEGO,-117.17356297,32.84708848
6791288,2015,2016-10-04,9645,2015-01-13,0920,16156,NA,2,1,7,3711,0,1,1,NA,2,009,RT 805,HILLTOP DR,150,S,N,A,-,Y,SD,11,805,-,-,13.268,R,2,N,Y,3,0,1,3,A,-,03,22350,NA,N,C,C,A,A,H,-,A,A,1,NA,NA,NA,NA,Y,NA,A,01,0,1,0,0,0,0,0,0,0,-,-,32.7183,-117.10702,SAN DIEGO,SAN DIEGO,-117.10268518,32.71548339
6791292,2015,2016-10-12,9645,2015-01-13,1750,16173,NA,2,2,7,3711,0,1,1,NA,2,010,RT 8,RT 805,10,W,N,A,-,Y,SD,11,8,-,-,4.38,H,-,E,Y,4,0,2,2,A,-,03,22350,NA,N,C,C,A,A,H,-,C,D,1,NA,NA,NA,NA,Y,NA,A,07,0,0,2,0,0,0,0,0,0,-,-,32.7716,-117.1319,SAN DIEGO,SAN DIEGO,-117.1317947,32.77173876
6791304,2015,2016-10-04,9645,2015-01-08,0830,17473,NA,4,1,6,3702,0,1,1,NA,2,009,RT 805,BONITA RD,1000,N,N,B,-,Y,SD,11,805,-,-,8.01,H,-,S,Y,4,0,1,4,A,-,07,21658,A,N,B,C,A,A,H,-,A,D,1,NA,NA,NA,NA,Y,NA,A,07,0,0,1,0,0,0,0,0,0,-,-,32.65296,-117.06976,SAN DIEGO,CHULA VISTA,-117.06455838,32.64950978
6792578,2015,2015-02-25,3711,2015-01-02,1437,5790,NA,5,5,7,3711,0,0,0,NA,0,234,BERNARDO CENTER DR,REGALO LN,0,NA,Y,A,-,N,NA,NA,NA,NA,NA,NA,NA,NA,NA,N,3,0,1,2,A,-,10,21950,A,N,-,B,B,A,H,-,A,A,0,Y,NA,NA,NA,Y,NA,-,NA,0,1,0,0,1,0,0,0,0,-,-,NA,NA,SAN DIEGO,SAN DIEGO,-117.07483006,33.02648001
6792627,2015,2015-02-25,3711,2015-01-16,1800,6676,SD,5,5,7,3711,0,0,0,NA,0,813,LINCOLN AV,30TH ST,69,E,N,A,-,N,NA,NA,NA,NA,NA,NA,NA,NA,NA,N,4,0,1,2,A,-,11,21954,A,N,D,B,D,A,H,-,C,D,0,Y,NA,NA,NA,Y,NA,N,60,0,0,1,0,1,0,0,0,0,-,-,NA,NA,SAN DIEGO,SAN DIEGO,-117.12993634,32.75033182
6792670,2015,2015-02-24,3711,2015-01-17,1055,4840,NA,6,5,7,3711,0,0,0,NA,0,618,POINT LOMA AV,SAVOY CIR,10,W,N,A,-,N,NA,NA,NA,NA,NA,NA,NA,NA,NA,Y,3,0,2,2,A,-,12,22450,A,N,D,C,A,A,D,-,A,D,0,NA,NA,NA,NA,Y,NA,-,NA,0,2,0,0,0,0,0,0,0,-,-,NA,NA,SAN DIEGO,SAN DIEGO,-117.2446362,32.73008613
6792678,2015,2015-02-24,3711,2015-01-14,1807,7221,SE,3,5,7,3711,0,0,0,NA,0,451,EUCLID AV,BEECH ST,90,S,N,A,-,N,NA,NA,NA,NA,NA,NA,NA,NA,NA,Y,4,0,1,1,A,-,03,22350,NA,N,H,A,A,A,H,-,C,A,0,NA,NA,NA,NA,Y,NA,A,01,0,0,1,0,0,0,0,0,0,-,-,NA,NA,SAN DIEGO,SAN DIEGO,-117.08495,32.71926348
6793440,2015,2015-02-24,3711,2015-01-25,1705,4116,NA,7,5,7,3711,0,0,0,NA,0,313,SHAWLINE ST,RONSON RD,200,N,N,A,-,N,NA,NA,NA,NA,NA,NA,NA,NA,NA,Y,4,0,1,2,A,-,09,21804,A,N,D,C,A,A,H,-,A,D,0,NA,NA,NA,NA,Y,NA,-,NA,0,0,1,0,0,0,0,0,0,-,-,NA,NA,SAN DIEGO,SAN DIEGO,-117.16378589,32.82951785
6793441,2015,2015-02-27,3711,2015-01-21,1802,5804,SANDI,3,5,7,3711,0,0,0,NA,0,327,MOHAWK ST,69TH ST,15,S,N,B,-,N,NA,NA,NA,NA,NA,NA,NA,NA,NA,N,3,0,1,2,A,-,10,21950,A,N,E,B,D,A,H,-,C,D,0,Y,NA,NA,NA,Y,NA,-,NA,0,1,0,0,1,0,0,0,0,-,-,NA,NA,SAN DIEGO,SAN DIEGO,-117.04929,32.76972
6794601,2015,2016-10-18,9650,2015-01-06,0645,13452,NA,2,1,5,3782,0,1,1,NA,2,007,RT 5,ENCINITAS BL,2640,N,N,A,-,Y,SD,11,5,-,R,41.77,H,-,S,Y,4,0,1,2,A,-,03,22350,NA,N,C,C,A,A,H,-,A,D,1,NA,NA,NA,NA,Y,NA,A,07,0,0,1,0,0,0,0,0,0,-,-,33.05561,-117.28964,SAN DIEGO,ENCINITAS,-117.28842082,33.05189187
6795348,2014,2016-02-23,3708,2014-12-11,1802,LM1251,NA,4,5,5,3708,0,0,0,NA,0,002,LA MESA BL,HAWLEY AV,420,N,N,A,-,N,NA,NA,NA,NA,NA,NA,NA,NA,NA,N,3,0,1,3,A,-,21,22106,NA,F,G,B,E,A,H,-,B,A,0,Y,NA,NA,NA,Y,NA,A,07,0,1,0,0,1,0,0,0,0,-,-,NA,NA,SAN DIEGO,LA MESA,-117.00442726,32.77615863
6797220,2015,2016-10-07,9645,2015-01-05,1557,017667,NA,1,2,7,3711,0,1,1,NA,2,007,RT 5,VIA DE LA VALLE,1100,S,N,A,-,Y,SD,11,5,-,R,35.92,H,-,N,Y,3,0,4,9,A,-,03,22350,NA,N,C,C,A,A,H,-,A,D,1,NA,NA,NA,NA,Y,NA,A,01,0,1,3,0,0,0,0,0,0,-,-,32.96442,-117.24708,SAN DIEGO,SAN DIEGO,-117.25112321,32.97506125
6797619,2015,2016-10-07,9645,2015-01-15,1535,14565,NA,4,2,7,3711,0,1,1,NA,2,007,RT 5,GILMAN DR,2112,S,N,A,-,Y,SD,11,5,-,R,26.39,H,-,S,Y,4,0,1,2,A,-,03,22350,NA,N,C,C,A,A,H,-,A,D,1,NA,NA,NA,NA,Y,NA,A,01,0,0,1,0,0,0,0,0,0,-,-,32.84635,-117.23638,SAN DIEGO,SAN DIEGO,-117.23661514,32.84376101
6797625,2015,2015-02-24,3706,2015-01-12,1949,ES0455,NA,1,5,6,3706,0,0,0,NA,0,044,E WASHINGTON AV,N ROSE ST,0,NA,Y,A,-,N,NA,NA,NA,NA,NA,NA,NA,NA,NA,Y,3,0,2,2,A,-,09,21801,A,N,A,C,A,A,H,-,C,A,0,NA,NA,NA,NA,Y,NA,A,01,0,2,0,0,0,0,0,0,0,-,-,NA,NA,SAN DIEGO,ESCONDIDO,-117.06090006,33.13729001
6797627,2015,2016-09-12,3706,2015-01-23,1118,ES0264,NA,5,5,6,3706,0,0,0,NA,0,042,BROADWAY,MISSION AV,0,NA,Y,A,-,Y,SD,11,78,-,-,107.882,I,5,E,Y,4,0,1,2,A,-,12,21453,A,N,D,C,A,A,H,-,A,A,0,NA,NA,NA,NA,Y,NA,A,01,0,0,1,0,0,0,0,0,0,-,-,NA,NA,SAN DIEGO,ESCONDIDO,-117.08534008,33.13036004
6797635,2015,2015-02-25,3706,2015-01-05,2248,ES0483,NA,1,5,6,3706,0,0,0,NA,0,051,CENTRE CITY PKWY,FELICITA AV,0,NA,Y,A,-,N,NA,NA,NA,NA,NA,NA,NA,NA,NA,Y,4,0,1,2,D,-,00,NA,NA,N,D,C,A,A,H,-,C,A,0,NA,NA,NA,NA,Y,NA,-,-,0,0,1,0,0,0,0,0,0,-,-,NA,NA,SAN DIEGO,ESCONDIDO,-117.07567011,33.10334001
6798388,2015,2016-09-13,9680,2015-01-07,1430,020249,NA,3,2,9,3700,0,1,3,NA,1,052,RT 78,RT 79,2640,W,N,A,-,Y,SD,11,78,-,-,50.7,H,-,W,Y,3,0,2,2,A,-,01,23152,E,N,A,C,A,A,H,-,A,D,0,NA,NA,NA,NA,Y,NA,A,01,0,2,0,0,0,0,0,0,0,-,-,33.10646,-116.68333,SAN DIEGO,UNINCORPORATED,-116.68047547,33.10727052
6798954,2015,2016-04-07,3705,2015-01-07,0943,EC0278,NA,3,5,5,3705,0,0,0,NA,0,007,2ND,NARANCA,0,NA,Y,A,-,N,NA,NA,NA,NA,NA,NA,NA,NA,NA,N,4,0,1,2,A,-,09,21802,A,N,D,G,A,A,H,-,A,A,0,NA,Y,NA,NA,Y,NA,D,22,0,0,1,0,0,0,1,0,0,-,-,NA,NA,SAN DIEGO,EL CAJON,-116.93579011,32.80391003
6800980,2014,2015-03-06,3700,2014-12-24,1054,SH1627,NA,3,5,5,3782,0,0,0,NA,0,222,ENCINITAS BL,DELPHINIUM ST,106,W,N,A,-,N,NA,NA,NA,NA,NA,NA,NA,NA,NA,Y,3,0,1,2,A,-,05,21650,NA,N,A,C,A,A,H,-,A,A,0,NA,NA,NA,NA,Y,NA,D,22,0,1,0,0,0,0,0,0,0,-,-,NA,NA,SAN DIEGO,ENCINITAS,-117.27602365,33.04875595
6802346,2015,2015-02-25,3711,2015-01-25,1606,6833,SANDI,7,5,7,3711,0,0,0,NA,0,315,CAMINO DE LA REINA,CAMINO DE LA REINA 1200,3,N,N,B,-,N,NA,NA,NA,NA,NA,NA,NA,NA,NA,N,4,0,1,2,A,-,10,21950,A,N,G,B,C,A,H,-,A,D,0,Y,NA,NA,NA,Y,NA,-,NA,0,0,1,0,1,0,0,0,0,-,-,NA,NA,SAN DIEGO,SAN DIEGO,NA,NA
6803529,2014,2015-02-10,3711,2014-12-29,0604,7066,NA,1,5,7,3711,0,0,0,NA,0,437,WOODMAN ST,PARADISE VALLEY RD,20,S,N,A,-,N,NA,NA,NA,NA,NA,NA,NA,NA,NA,Y,4,0,2,2,A,-,08,22107,NA,N,D,C,A,A,H,-,C,A,0,NA,NA,NA,NA,Y,NA,-,NA,0,0,2,0,0,0,0,0,0,-,-,NA,NA,SAN DIEGO,SAN DIEGO,-117.04646951,32.68892803
6805775,2015,2016-10-04,9645,2015-01-20,0745,014461,NA,2,1,7,3711,0,1,1,NA,2,011,RT 805,FRIARS RD,500,N,N,B,-,Y,SD,11,805,-,-,18.29,H,-,N,N,4,0,1,2,A,-,03,22350,NA,N,C,C,A,A,H,-,A,D,1,NA,NA,NA,NA,Y,NA,D,22,0,0,1,0,0,0,0,0,0,-,-,32.77927,-117.13727,SAN DIEGO,SAN DIEGO,-117.13770896,32.77992371
6805799,2015,2016-10-04,9645,2015-01-22,1710,020867,NA,4,2,7,3711,0,1,1,NA,2,011,RT 805,ADAMS AV,1320,N,N,A,-,Y,SD,11,805,-,-,17.24,H,-,S,Y,4,0,1,2,A,-,03,22350,NA,N,C,C,A,A,H,-,A,D,1,NA,NA,NA,NA,Y,NA,A,01,0,0,1,0,0,0,0,0,0,-,-,32.76789,-117.12958,SAN DIEGO,SAN DIEGO,-117.12888803,32.76662323
6806128,2015,2016-10-26,9645,2015-01-23,0955,18936,NA,5,1,7,3711,0,1,3,NA,2,006,RT 94,RT 805,1056,W,N,A,-,Y,SD,11,94,-,-,3.86,H,-,E,Y,4,0,1,2,A,-,07,21658,A,N,B,C,A,A,H,-,A,D,1,NA,NA,NA,NA,Y,NA,A,01,0,0,1,0,0,0,0,0,0,-,-,32.71801,-117.10723,SAN DIEGO,SAN DIEGO,-117.10656549,32.71824939
6806177,2015,2015-02-24,3711,2015-01-26,2000,6796,NA,1,5,7,3711,0,0,0,NA,0,321,RANCHO MISSION RD,CAMINITO CUERVO,24,S,N,B,-,N,NA,NA,NA,NA,NA,NA,NA,NA,NA,N,4,0,1,2,A,-,08,22107,NA,N,D,C,A,A,H,-,C,D,0,NA,NA,NA,NA,Y,NA,-,NA,0,0,1,0,0,0,0,0,0,-,-,NA,NA,SAN DIEGO,SAN DIEGO,-117.11036689,32.78569452
6806598,2015,2016-11-04,9650,2015-01-07,1608,015654,NA,3,2,9,3700,0,1,3,NA,2,065,RT 76,GIRD RD,2640,E,N,A,-,Y,SD,11,76,-,-,15.1,H,-,E,Y,4,0,3,2,A,-,03,22350,NA,N,B,C,A,A,H,-,A,D,0,NA,NA,NA,NA,Y,NA,E,22,0,0,3,0,0,0,0,0,0,-,-,33.31485,-117.18657,SAN DIEGO,UNINCORPORATED,-117.18854695,33.31453483
6811164,2015,2015-03-05,3711,2015-02-02,0910,6611,NA,1,5,7,3711,0,0,0,NA,0,326,55TH ST,MONTEZUMA RD,6,N,N,A,-,N,NA,NA,NA,NA,NA,NA,NA,NA,NA,N,4,0,1,2,A,-,10,21950,A,N,G,B,B,A,H,-,A,A,0,Y,NA,NA,NA,Y,NA,-,NA,0,0,1,0,1,0,0,0,0,-,-,NA,NA,SAN DIEGO,SAN DIEGO,-117.07625921,32.77072642
6811927,2015,2015-02-27,3702,2015-01-04,2313,CV1060,NA,7,5,6,3702,0,0,0,NA,0,032,LAKESHORE DR,EASTLAKE DR,141,N,N,A,-,N,NA,NA,NA,NA,NA,NA,NA,NA,NA,Y,3,0,1,4,A,-,01,23152,A,M,B,E,A,A,H,-,A,D,0,NA,NA,NA,NA,Y,Y,A,01,0,1,0,0,0,0,0,0,0,-,-,NA,NA,SAN DIEGO,CHULA VISTA,-116.97890464,32.65476218
6811939,2015,2015-02-27,3702,2015-01-15,2105,CV1086,NA,4,5,6,3702,0,0,0,NA,0,022,4TH AV,L ST,25,S,N,A,-,N,NA,NA,NA,NA,NA,NA,NA,NA,NA,Y,3,0,1,1,A,-,01,23152,A,N,A,I,A,A,H,-,C,A,0,NA,NA,NA,NA,Y,Y,A,01,0,1,0,0,0,0,0,0,0,-,-,NA,NA,SAN DIEGO,CHULA VISTA,-117.07587442,32.61938503
6813296,2014,2015-02-23,3700,2014-12-06,1137,SH0242,NA,6,5,5,3782,0,0,0,NA,0,222,ENCINITAS BL,VIA CANTEBRIA,168,W,N,A,-,N,NA,NA,NA,NA,NA,NA,NA,NA,NA,Y,2,0,1,2,A,-,17,21209,NA,N,C,G,A,A,H,-,A,A,0,NA,Y,NA,NA,Y,NA,A,01,1,0,0,0,0,0,1,0,0,-,-,NA,NA,SAN DIEGO,ENCINITAS,-117.26739436,33.04602663
6814720,2015,2015-03-25,3711,2015-03-10,0250,7248,MC3,2,5,7,3711,0,0,0,NA,0,813,UNIVERSITY AV,WABASH AV,6,E,N,A,-,N,NA,NA,NA,NA,NA,NA,NA,NA,NA,N,4,0,1,2,A,-,09,21801,A,M,D,C,A,A,H,-,C,A,0,NA,NA,NA,NA,Y,NA,-,NA,0,0,1,0,0,0,0,0,0,-,-,NA,NA,SAN DIEGO,SAN DIEGO,-117.12078745,32.74921255
6815774,2015,2016-10-04,9645,2015-02-03,0440,019563,NA,2,3,7,3711,0,1,1,NA,2,011,RT 805,RT 8,3,N,N,C,E,Y,SD,11,805,-,-,17.464,R,4,N,Y,3,0,1,1,A,-,03,22350,NA,N,E,I,A,B,H,-,D,D,1,NA,NA,NA,NA,Y,NA,A,01,0,1,0,0,0,0,0,0,0,TO,TR,32.77167,-117.12947,SAN DIEGO,SAN DIEGO,-117.130211,32.76961927
6815805,2015,2016-10-04,9645,2015-02-03,0827,018118,NA,2,1,5,3709,0,1,1,NA,2,009,RT 805,RT 54,150,N,N,A,-,Y,SD,11,805,-,-,8.91,H,-,N,Y,4,0,1,4,A,-,03,22350,NA,N,C,C,A,A,H,-,A,D,1,NA,NA,NA,NA,Y,NA,A,01,0,0,1,0,0,0,0,0,0,-,-,32.65848,-117.07457,SAN DIEGO,NATIONAL CITY,-117.07490175,32.65895551
6816105,2015,2016-10-26,9645,2015-01-29,0725,17473,NA,4,1,7,3711,0,1,3,NA,2,006,RT 94,FEDERAL BL,5280,E,N,B,-,Y,SD,11,94,-,-,7.17,H,-,W,Y,4,0,3,2,A,-,03,22350,NA,N,C,C,A,A,H,-,A,D,0,NA,NA,NA,NA,Y,NA,A,01,0,0,3,0,0,0,0,0,0,-,-,32.72936,-117.06598,SAN DIEGO,SAN DIEGO,-117.05748269,32.73529273
6816539,2014,2015-02-17,3702,2014-12-26,1615,CV0980,NA,5,5,6,3702,0,0,0,NA,0,013,4TH AV,I ST,0,NA,Y,A,-,N,NA,NA,NA,NA,NA,NA,NA,NA,NA,Y,4,0,1,2,A,-,09,21800,D,N,D,C,A,A,H,-,A,B,0,NA,NA,NA,NA,Y,NA,A,01,0,0,1,0,0,0,0,0,0,-,-,NA,NA,SAN DIEGO,CHULA VISTA,-117.07993008,32.62978001