CASE_ID,ACCIDENT_YEAR,PROC_DATE,JURIS,COLLISION_DATE,COLLISION_TIME,OFFICER_ID,REPORTING_DISTRICT,DAY_OF_WEEK,CHP_SHIFT,POPULATION,CNTY_CITY_LOC,SPECIAL_COND,BEAT_TYPE,CHP_BEAT_TYPE,CITY_DIVISION_LAPD,CHP_BEAT_CLASS,BEAT_NUMBER,PRIMARY_RD,SECONDARY_RD,DISTANCE,DIRECTION,INTERSECTION,WEATHER_1,WEATHER_2,STATE_HWY_IND,CALTRANS_COUNTY,CALTRANS_DISTRICT,STATE_ROUTE,ROUTE_SUFFIX,POSTMILE_PREFIX,POSTMILE,LOCATION_TYPE,RAMP_INTERSECTION,SIDE_OF_HWY,TOW_AWAY,COLLISION_SEVERITY,NUMBER_KILLED,NUMBER_INJURED,PARTY_COUNT,PRIMARY_COLL_FACTOR,PCF_CODE_OF_VIOL,PCF_VIOL_CATEGORY,PCF_VIOLATION,PCF_VIOL_SUBSECTION,HIT_AND_RUN,TYPE_OF_COLLISION,MVIW,PED_ACTION,ROAD_SURFACE,ROAD_COND_1,ROAD_COND_2,LIGHTING,CONTROL_DEVICE,CHP_ROAD_TYPE,PEDESTRIAN_ACCIDENT,BICYCLE_ACCIDENT,MOTORCYCLE_ACCIDENT,TRUCK_ACCIDENT,NOT_PRIVATE_PROPERTY,ALCOHOL_INVOLVED,STWD_VEHTYPE_AT_FAULT,CHP_VEHTYPE_AT_FAULT,COUNT_SEVERE_INJ,COUNT_VISIBLE_INJ,COUNT_COMPLAINT_PAIN,COUNT_PED_KILLED,COUNT_PED_INJURED,COUNT_BICYCLIST_KILLED,COUNT_BICYCLIST_INJURED,COUNT_MC_KILLED,COUNT_MC_INJURED,PRIMARY_RAMP,SECONDARY_RAMP,LATITUDE,LONGITUDE,COUNTY,CITY,POINT_X,POINT_Y
6816772,2015,2015-03-05,3706,2015-02-01,1314,ES0223,NA,7,5,6,3706,0,0,0,NA,0,052,2ND AV,BROADWAY,0,NA,Y,A,-,N,NA,NA,NA,NA,NA,NA,NA,NA,NA,Y,2,0,4,2,A,-,01,23152,E,N,D,C,A,A,H,-,A,A,0,NA,NA,NA,NA,Y,NA,A,01,1,0,3,0,0,0,0,0,0,-,-,NA,NA,SAN DIEGO,ESCONDIDO,-117.08086012,33.12073007
6816776,2015,2015-03-05,3706,2015-02-03,1640,ES0406,NA,2,5,6,3706,0,0,0,NA,0,054,VALLEY PKWY,HARDING ST,0,NA,Y,A,-,N,NA,NA,NA,NA,NA,NA,NA,NA,NA,Y,4,0,1,2,A,-,12,21453,A,N,D,C,A,A,H,-,A,A,0,NA,NA,NA,NA,Y,NA,-,NA,0,0,1,0,0,0,0,0,0,-,-,NA,NA,SAN DIEGO,ESCONDIDO,-117.06357012,33.13207005
6817057,2015,2015-03-09,3709,2015-01-24,0958,461,NA,6,5,5,3709,0,0,0,NA,0,021,EUCLID AV,EAST 8TH ST,0,NA,Y,A,-,N,NA,NA,NA,NA,NA,NA,NA,NA,NA,N,4,0,1,2,A,-,08,22107,NA,N,H,G,A,A,H,-,A,A,0,NA,Y,NA,NA,Y,NA,A,01,0,0,1,0,0,0,1,0,0,-,-,NA,NA,SAN DIEGO,NATIONAL CITY,-117.08238009,32.68271002
6817765,2015,2016-04-07,3706,2015-02-07,1419,ES1603,NA,6,5,6,3706,0,0,0,NA,0,055,BROTHERTON RD,S CENTRE CITY PKWY,0,NA,Y,A,-,N,NA,NA,NA,NA,NA,NA,NA,NA,NA,N,4,0,1,2,A,-,04,21703,NA,N,C,C,A,A,H,-,A,A,0,NA,NA,NA,NA,Y,NA,A,01,0,0,1,0,0,0,0,0,0,-,-,NA,NA,SAN DIEGO,ESCONDIDO,-117.07235005,33.09430009
6817817,2015,2015-03-09,3706,2015-02-07,1210,ES0459,NA,6,5,6,3706,0,0,0,NA,0,044,MISSION AV,HARDING ST,0,NA,Y,A,-,N,NA,NA,NA,NA,NA,NA,NA,NA,NA,N,4,0,1,2,A,-,09,21802,A,N,D,C,A,A,H,-,A,A,0,NA,NA,NA,NA,Y,NA,A,01,0,0,1,0,0,0,0,0,0,-,-,NA,NA,SAN DIEGO,ESCONDIDO,-117.06818011,33.13741005
6818308,2015,2015-03-05,9650,2015-02-05,1829,015654,NA,4,2,9,3700,0,3,5,NA,1,160,EAST VISTA WY,RT 76,497,S,N,A,-,N,NA,NA,NA,NA,NA,NA,NA,NA,NA,Y,4,0,2,4,A,-,01,23152,A,N,C,C,A,A,H,-,C,D,0,NA,NA,NA,NA,Y,Y,A,08,0,0,2,0,0,0,0,0,0,-,-,33.25744,-117.23652,SAN DIEGO,UNINCORPORATED,-117.23609801,33.25686487
6819301,2015,2016-10-26,9645,2015-02-05,0855,17473,NA,4,1,7,3711,0,1,3,NA,2,006,RT 94,EUCLID AV,1000,NA,N,A,-,Y,SD,11,94,-,-,4.95,H,-,W,Y,3,0,1,2,A,-,07,21658,A,F,B,C,A,A,H,-,A,D,1,NA,NA,Y,NA,Y,NA,-,NA,0,1,0,0,0,0,0,0,1,-,-,32.71809,-117.08865,SAN DIEGO,SAN DIEGO,-117.08837261,32.71789943
6821515,2015,2015-03-17,3701,2015-02-05,2052,5453,110,4,5,5,3701,0,0,0,NA,0,008,RANCHO SANTA FE,LA COSTA AV,0,NA,Y,A,-,N,NA,NA,NA,NA,NA,NA,NA,NA,NA,Y,3,0,1,2,A,-,01,23152,A,N,C,C,A,A,H,-,C,A,0,NA,NA,NA,NA,Y,Y,A,01,0,1,0,0,0,0,0,0,0,-,-,NA,NA,SAN DIEGO,CARLSBAD,-117.23697005,33.0815901
6821543,2015,2016-10-12,9680,2015-02-10,1217,015877,NA,2,1,9,3700,0,1,1,NA,2,085,RT 8,PINE VALLEY CREEK BR,528,W,N,A,-,Y,SD,11,8,-,R,41.51,H,-,E,Y,4,0,1,1,A,-,08,22107,NA,N,F,A,A,A,H,-,A,D,1,NA,NA,NA,NA,Y,NA,A,01,0,0,1,0,0,0,0,0,0,-,-,32.82288,-116.56574,SAN DIEGO,UNINCORPORATED,-116.56602435,32.82269805
6822003,2015,2016-09-23,9645,2015-01-24,2145,019496,NA,6,2,7,3711,0,1,1,NA,2,021,RT 15,RT 94,20,N,N,A,-,Y,SD,11,15,-,-,2.305,R,2,N,Y,3,0,2,2,A,-,01,23152,A,N,E,I,A,A,H,-,D,D,1,NA,NA,NA,NA,Y,Y,A,01,0,1,1,0,0,0,0,0,0,-,-,32.71742,-117.11717,SAN DIEGO,SAN DIEGO,-117.11777536,32.7180381
6822166,2015,2015-02-27,3701,2015-01-07,0956,5290,66,3,5,5,3701,0,0,0,NA,0,002,PASEO DEL NORTE,PALOMAR AIRPORT RD,0,NA,Y,A,-,N,NA,NA,NA,NA,NA,NA,NA,NA,NA,N,3,0,1,2,A,-,10,21950,A,N,G,B,B,A,H,-,A,A,0,Y,NA,NA,NA,Y,NA,A,01,0,1,0,0,1,0,0,0,0,-,-,NA,NA,SAN DIEGO,CARLSBAD,-117.31917005,33.12196006
6823053,2015,2016-09-06,3711,2015-02-15,1159,7072,NA,7,5,7,3711,0,0,0,NA,0,115,RT 805,NOBEL DR,64,S,N,A,-,Y,SD,11,805,-,-,25.126,R,4,N,Y,3,0,1,1,A,-,03,22350,NA,N,E,I,A,A,H,-,A,A,0,NA,NA,NA,NA,Y,NA,A,01,0,1,0,0,0,0,0,0,0,-,-,NA,NA,SAN DIEGO,SAN DIEGO,-117.19107006,32.86588083
6823286,2015,2015-03-17,3711,2015-02-12,1845,7114,SD,4,5,7,3711,0,0,0,NA,0,826,UNIVERSITY AV,EUCLID AV,100,E,N,A,-,N,NA,NA,NA,NA,NA,NA,NA,NA,NA,N,4,0,1,2,A,-,03,22350,NA,N,C,C,A,A,H,-,C,A,0,NA,NA,NA,NA,Y,NA,-,NA,0,0,1,0,0,0,0,0,0,-,-,NA,NA,SAN DIEGO,SAN DIEGO,-117.09196587,32.74954939
6823569,2015,2015-03-10,3702,2015-02-04,1440,CV1103,NA,3,5,6,3702,0,0,0,NA,0,032,OTAY LAKES RD,RIDGEBACK RD,0,NA,Y,A,-,N,NA,NA,NA,NA,NA,NA,NA,NA,NA,Y,4,0,1,2,A,-,12,21453,A,N,D,C,A,A,H,-,A,A,0,NA,NA,NA,NA,Y,NA,A,01,0,0,1,0,0,0,0,0,0,-,-,NA,NA,SAN DIEGO,CHULA VISTA,-117.00321004,32.64701005
6823589,2015,2015-03-10,3702,2015-02-03,1421,CV0673,NA,2,5,6,3702,0,0,0,NA,0,023,E OXFORD ST,MELROSE AV,0,NA,Y,A,-,N,NA,NA,NA,NA,NA,NA,NA,NA,NA,N,4,0,1,2,D,-,00,NA,NA,N,D,C,A,A,H,-,A,D,0,NA,NA,NA,NA,Y,NA,-,-,0,0,1,0,0,0,0,0,0,-,-,NA,NA,SAN DIEGO,CHULA VISTA,-117.04577004,32.61644006
6823597,2015,2015-03-10,3706,2015-02-13,0759,ES1603,NA,5,5,6,3706,0,0,0,NA,0,045,WASHINGTON AV,ROCK SPRINGS RD,0,NA,Y,A,-,N,NA,NA,NA,NA,NA,NA,NA,NA,NA,N,3,0,1,2,A,-,10,21950,A,N,G,B,B,A,H,-,A,A,0,Y,NA,NA,NA,Y,NA,A,01,0,1,0,0,1,0,0,0,0,-,-,NA,NA,SAN DIEGO,ESCONDIDO,-117.09600004,33.12319006
6824363,2015,2015-03-19,3700,2015-02-01,0857,SH7146,NA,7,5,5,3712,0,0,0,NA,0,359,WEST SAN MARCOS BL,BENT AV,42,W,N,A,-,N,NA,NA,NA,NA,NA,NA,NA,NA,NA,N,3,0,2,2,A,-,03,22350,NA,N,C,C,A,A,H,-,A,A,0,NA,NA,NA,NA,Y,NA,A,07,0,1,1,0,0,0,0,0,0,-,-,NA,NA,SAN DIEGO,SAN MARCOS,-117.18216022,33.13640487
6825745,2015,2015-03-06,3706,2015-01-31,1600,ES0479,NA,6,5,6,3706,0,0,0,NA,0,054,EAST VALLEY PKWY,HARDING ST,0,NA,Y,A,-,N,NA,NA,NA,NA,NA,NA,NA,NA,NA,Y,4,0,1,2,A,-,12,21453,A,N,H,C,A,A,H,-,B,A,0,NA,NA,NA,NA,Y,NA,A,07,0,0,1,0,0,0,0,0,0,-,-,NA,NA,SAN DIEGO,ESCONDIDO,-117.06357012,33.13207005
6826305,2015,2015-03-19,3702,2015-02-02,0810,CV0986,NA,1,5,6,3702,0,0,0,NA,0,023,OCALA AV,E OXFORD,300,N,N,A,-,N,NA,NA,NA,NA,NA,NA,NA,NA,NA,N,3,0,1,2,B,-,22,NA,NA,N,G,B,F,A,H,-,A,D,0,Y,NA,NA,NA,Y,NA,A,01,0,1,0,0,1,0,0,0,0,-,-,NA,NA,SAN DIEGO,CHULA VISTA,-117.03835715,32.6198595
6827594,2014,2015-03-11,3711,2014-12-14,1339,4298,NA,7,5,7,3711,0,0,0,NA,0,315,FRIARS RD,NORTHSIDE DR,700,E,N,A,-,N,NA,NA,NA,NA,NA,NA,NA,NA,NA,Y,3,0,2,2,A,-,03,22350,NA,N,C,C,A,A,H,-,A,D,0,NA,NA,NA,NA,Y,NA,-,NA,0,1,1,0,0,0,0,0,0,-,-,NA,NA,SAN DIEGO,SAN DIEGO,-117.12609576,32.7852717
6829496,2015,2016-10-12,9645,2015-03-16,1535,018950,NA,1,2,7,3711,0,1,1,NA,2,010,RT 8,RT 15,2112,W,N,A,-,Y,SD,11,8,-,-,5.24,H,-,E,Y,3,0,2,2,A,-,08,22107,NA,N,E,I,A,A,H,-,A,D,1,NA,NA,NA,NA,Y,NA,A,01,0,1,1,0,0,0,0,0,0,-,-,32.77795,-117.11793,SAN DIEGO,SAN DIEGO,-117.11905273,32.77775018
6830070,2015,2016-10-04,9645,2015-02-08,1625,17667,NA,7,2,7,3711,0,1,1,NA,2,015,RT 805,SORRENTO VALLEY RD,600,N,N,A,-,Y,SD,11,805,-,-,27.21,H,-,N,Y,4,0,1,2,A,-,03,22350,NA,N,C,C,A,A,H,-,A,D,1,NA,NA,NA,NA,Y,NA,A,07,0,0,1,0,0,0,0,0,0,-,-,32.89485,-117.21439,SAN DIEGO,SAN DIEGO,-117.20784027,32.89170937
6831323,2015,2016-10-19,9650,2015-02-20,1718,015803,NA,5,2,5,3782,0,1,1,NA,2,007,RT 5,LA COSTA AV,2640,S,N,A,-,Y,SD,11,5,-,R,43.57,H,-,N,Y,2,0,1,3,A,-,03,22350,NA,N,B,C,A,A,H,-,A,D,1,NA,NA,Y,NA,Y,NA,C,02,1,0,0,0,0,0,0,0,1,-,-,33.07388,-117.29507,SAN DIEGO,ENCINITAS,-117.29577308,33.07721436
6832702,2015,2015-03-05,3700,2015-02-10,2135,SH0059,NA,2,5,5,3713,0,0,0,NA,0,307,EAST VISTA WY,VALE TERRACE DR,9,W,N,A,-,N,NA,NA,NA,NA,NA,NA,NA,NA,NA,Y,4,0,1,2,A,-,09,21801,A,N,D,C,A,A,H,-,C,A,0,NA,NA,NA,NA,Y,Y,A,01,0,0,1,0,0,0,0,0,0,-,-,NA,NA,SAN DIEGO,VISTA,-117.23202893,33.21109595
6833682,2015,2015-03-12,3711,2015-02-16,1335,5958,NA,1,5,7,3711,0,0,0,NA,0,246,MERCY RD,ALEMANIA RD,0,NA,Y,A,-,N,NA,NA,NA,NA,NA,NA,NA,NA,NA,N,4,0,1,2,A,-,08,22107,NA,M,B,C,A,A,H,-,A,A,0,NA,NA,NA,NA,Y,NA,-,99,0,0,1,0,0,0,0,0,0,-,-,NA,NA,SAN DIEGO,SAN DIEGO,-117.11297001,32.93703008
6833685,2015,2015-03-12,3711,2015-02-17,0655,6879,NA,2,5,7,3711,0,0,0,NA,0,511,SAMPSON ST,MAIN ST,80,S,N,A,-,N,NA,NA,NA,NA,NA,NA,NA,NA,NA,N,3,0,1,1,D,-,00,NA,NA,N,H,A,A,A,A,-,A,D,0,NA,Y,NA,NA,Y,NA,-,-,0,1,0,0,0,0,1,0,0,-,-,NA,NA,SAN DIEGO,SAN DIEGO,-117.14182384,32.6954302
6834990,2015,2015-03-19,3701,2015-02-12,1023,5291,79,4,5,5,3701,0,0,0,NA,0,006,PALOMAR AIRPORT RD,EL CAMINIO REAL,31,E,N,A,-,N,NA,NA,NA,NA,NA,NA,NA,NA,NA,N,4,0,1,2,A,-,03,22350,NA,N,C,C,A,A,H,-,A,A,0,NA,NA,NA,NA,Y,NA,A,01,0,0,1,0,0,0,0,0,0,-,-,33.12976,-117.26652,SAN DIEGO,CARLSBAD,-117.2668516,33.12965892
6835176,2015,2015-03-12,3711,2015-02-23,1900,6657,SD,1,5,7,3711,0,0,0,NA,0,524,WEST ASH ST,COLUMBIA ST,20,E,N,B,-,N,NA,NA,NA,NA,NA,NA,NA,NA,NA,N,3,0,1,2,A,-,08,22107,NA,N,B,G,A,A,H,-,C,A,0,NA,Y,NA,NA,Y,NA,-,NA,0,1,0,0,0,0,1,0,0,-,-,NA,NA,SAN DIEGO,SAN DIEGO,-117.16734519,32.71986
6835686,2015,2016-10-04,9645,2015-02-05,0543,014461,NA,4,3,7,3711,0,1,1,NA,2,011,RT 805,EL CAJON BL,80,N,N,E,-,Y,SD,11,805,-,-,16.45,H,-,N,Y,3,0,1,2,A,-,07,21658,A,N,F,A,A,A,H,-,D,D,1,NA,NA,Y,NA,Y,NA,-,-,0,1,0,0,0,0,0,0,1,-,-,32.75621,-117.12498,SAN DIEGO,SAN DIEGO,-117.12489163,32.75557377
6836060,2015,2016-09-06,9645,2015-02-15,1940,18678,NA,7,2,6,3702,0,1,1,NA,2,001,RT 5,H ST,50,N,N,A,-,Y,SD,11,5,-,-,7.969,R,1,S,N,4,0,2,2,A,-,03,22350,NA,N,C,C,A,A,H,-,C,A,1,NA,NA,NA,NA,Y,NA,A,07,0,0,2,0,0,0,0,0,0,-,-,32.62932,-117.09633,SAN DIEGO,CHULA VISTA,-117.0968755,32.63131704
6836755,2015,2016-10-12,9645,2015-02-21,1600,20066,NA,6,2,7,3711,0,1,1,NA,2,010,RT 8,WARING RD,50,W,N,B,-,Y,SD,11,8,-,-,7.025,R,3,W,Y,4,0,1,1,A,-,08,22107,NA,N,E,I,A,A,H,-,A,D,1,NA,NA,NA,NA,Y,NA,A,01,0,0,1,0,0,0,0,0,0,-,-,32.70163,-117.08779,SAN DIEGO,SAN DIEGO,-117.08843574,32.78103136
6837178,2015,2016-10-04,9645,2015-02-19,1944,20066,NA,4,2,7,3711,0,1,1,NA,2,009,RT 805,TELEGRAPH CANYON RD,1000,S,N,B,-,Y,SD,11,805,-,-,5.87,H,-,N,Y,4,0,1,4,A,-,03,22350,NA,N,C,C,A,A,H,-,D,D,1,NA,NA,NA,Y,Y,NA,A,08,0,0,1,0,0,0,0,0,0,-,-,32.62559,-117.04194,SAN DIEGO,SAN DIEGO,-117.04230705,32.62612397
6837523,2015,2016-04-07,9645,2015-02-24,1705,018697,NA,2,2,9,3700,0,3,5,NA,2,018,OTAY LAKES RD,MPM 5.0,402,S,N,A,-,N,NA,NA,NA,NA,NA,NA,NA,NA,NA,Y,2,0,1,1,A,-,03,22350,NA,N,F,A,A,A,H,-,A,D,0,NA,NA,Y,NA,Y,NA,C,02,1,0,0,0,0,0,0,0,1,-,-,32.63586,-116.92245,SAN DIEGO,UNINCORPORATED,NA,NA
6837775,2015,2015-03-17,3711,2015-02-09,1615,5655,NA,1,5,7,3711,0,0,0,NA,0,313,BALBOA AV,KEARNY VILLA RD,66,W,N,A,-,N,NA,NA,NA,NA,NA,NA,NA,NA,NA,N,4,0,1,2,A,-,04,21703,NA,N,C,C,A,A,H,-,A,A,0,NA,NA,NA,NA,Y,NA,A,07,0,0,1,0,0,0,0,0,0,-,-,NA,NA,SAN DIEGO,SAN DIEGO,-117.14453032,32.82174392
6837909,2015,2015-03-19,3711,2015-02-19,0731,7198,NA,4,5,7,3711,0,0,0,NA,0,323,WARING RD,ADOBE FALLS RD,210,S,N,A,-,N,NA,NA,NA,NA,NA,NA,NA,NA,NA,Y,4,0,1,2,A,-,08,22107,NA,N,C,C,A,A,H,-,A,D,0,NA,NA,NA,NA,Y,NA,-,NA,0,0,1,0,0,0,0,0,0,-,-,NA,NA,SAN DIEGO,SAN DIEGO,-117.08607789,32.78407064
6839281,2015,2016-10-11,9650,2015-02-26,0909,12168,NA,4,1,6,3706,0,1,1,NA,2,023,RT 15,VALLEY PKWY,600,S,N,A,-,Y,SD,11,15,-,R,30.52,H,-,N,N,3,0,1,2,A,-,03,22350,NA,N,C,C,A,A,H,-,A,D,1,NA,NA,NA,NA,Y,NA,A,01,0,1,0,0,0,0,0,0,0,-,-,33.11339,-117.09743,SAN DIEGO,ESCONDIDO,-117.09804787,33.11405109
6840454,2015,2015-03-19,3711,2015-02-26,1800,4505,NA,4,5,7,3711,0,0,0,NA,0,934,CARMEL COUNTRY RD,MEADOWS DEL MAR,0,NA,Y,A,-,N,NA,NA,NA,NA,NA,NA,NA,NA,NA,N,4,0,1,2,A,-,09,21453,C,N,D,G,A,A,H,-,C,A,0,NA,Y,NA,NA,Y,NA,A,01,0,0,1,0,0,0,1,0,0,-,-,NA,NA,SAN DIEGO,SAN DIEGO,-117.210851,32.937364
6840572,2015,2016-09-09,9645,2015-02-23,0618,012733,NA,1,1,7,3711,0,1,3,NA,2,023,RT 163,GENESEE AV,71,S,N,B,-,Y,SD,11,163,-,-,5.78,H,-,S,Y,3,0,1,4,A,-,03,22350,NA,N,A,C,A,B,H,-,A,D,1,NA,NA,NA,NA,Y,NA,A,07,0,1,0,0,0,0,0,0,0,-,-,32.79115,-117.15957,SAN DIEGO,SAN DIEGO,-117.15923338,32.79132557
6841663,2015,2015-03-25,9650,2015-03-06,1945,017328,NA,5,2,9,3700,0,3,5,NA,2,006,FALLBROOK ST,POTTER ST,0,NA,Y,A,-,N,NA,NA,NA,NA,NA,NA,NA,NA,NA,Y,4,0,1,2,A,-,09,21802,A,N,D,C,A,A,H,-,D,D,0,NA,NA,NA,NA,Y,NA,A,07,0,0,1,0,0,0,0,0,0,-,-,33.37653,-117.24272,SAN DIEGO,UNINCORPORATED,-117.24272001,33.37654005
6842920,2015,2015-03-19,9680,2015-02-22,1206,15962,NA,7,1,9,3700,0,3,5,NA,2,002,DEHESA RD,WILLOW GLEN,1056,E,N,A,-,N,NA,NA,NA,NA,NA,NA,NA,NA,NA,Y,4,0,1,1,A,-,08,22107,NA,N,E,I,A,A,H,-,A,D,0,NA,NA,NA,NA,Y,NA,A,01,0,0,1,0,0,0,0,0,0,-,-,32.73686,-116.8856,SAN DIEGO,UNINCORPORATED,-116.88557521,32.78690313
6843693,2015,2015-03-18,3711,2015-02-21,2352,7176,NA,6,5,7,3711,0,0,0,NA,0,516,E ST,35TH ST,0,NA,Y,B,-,N,NA,NA,NA,NA,NA,NA,NA,NA,NA,N,3,0,1,2,A,-,08,22107,NA,M,G,B,E,A,H,-,C,D,0,Y,NA,NA,NA,Y,Y,-,NA,0,1,0,0,1,0,0,0,0,-,-,NA,NA,SAN DIEGO,SAN DIEGO,-117.11885006,32.71445004
6843709,2015,2015-03-18,3711,2015-02-26,0530,6743,NA,4,5,7,3711,0,0,0,NA,0,712,SAN YSIDRO BL,VIA DE SAN YSIDRO,0,NA,Y,A,-,N,NA,NA,NA,NA,NA,NA,NA,NA,NA,N,4,0,1,2,A,-,10,21950,A,N,G,B,B,A,H,-,B,A,0,Y,NA,NA,NA,Y,NA,-,NA,0,0,1,0,1,0,0,0,0,-,-,NA,NA,SAN DIEGO,SAN DIEGO,-117.04496001,32.55246011
6843729,2015,2015-04-08,3711,2015-02-20,1014,4464,NA,5,5,7,3711,0,0,0,NA,0,122,OLD SEA WORLD DR,S SHORE PK DVWY,2112,W,N,A,-,N,NA,NA,NA,NA,NA,NA,NA,NA,NA,N,3,0,2,2,A,-,-,NA,NA,N,A,-,E,A,H,-,A,D,0,Y,Y,NA,NA,Y,NA,-,-,0,2,0,0,1,0,1,0,0,-,-,NA,NA,SAN DIEGO,SAN DIEGO,-117.22101599,32.76103793
6844391,2015,2016-04-29,3711,2015-03-02,1445,7241,NA,1,5,7,3711,0,0,0,NA,0,725,PALM AV,RT 805,156,E,N,A,-,N,NA,NA,NA,NA,NA,NA,NA,NA,NA,Y,3,0,2,3,A,-,04,21703,NA,N,C,C,A,B,H,-,A,A,0,NA,NA,NA,NA,Y,NA,-,NA,0,1,1,0,0,0,0,0,0,-,NO,NA,NA,SAN DIEGO,SAN DIEGO,-117.09445,32.69041
6845517,2015,2015-03-23,3711,2015-03-03,1515,7278,NORTH,2,5,7,3711,0,0,0,NA,0,121,SEAWORLD DR,SEA WORLD WY,9,W,N,A,-,N,NA,NA,NA,NA,NA,NA,NA,NA,NA,N,4,0,1,2,A,-,12,21453,A,N,D,G,A,A,H,-,A,A,0,NA,Y,NA,NA,Y,NA,L,04,0,0,1,0,0,0,1,0,0,-,-,NA,NA,SAN DIEGO,SAN DIEGO,-117.23085808,32.76112329
6846222,2015,2015-04-14,3711,2015-01-18,0114,6987,SANDI,7,5,7,3711,0,0,0,NA,0,124,TORREY PINES RD,TORREY PINES RD 3400,0,NA,N,A,-,N,NA,NA,NA,NA,NA,NA,NA,NA,NA,Y,3,0,1,2,A,-,08,22107,NA,N,B,C,A,A,H,-,C,D,0,NA,NA,NA,NA,Y,NA,-,NA,0,1,0,0,0,0,0,0,0,-,-,32.86048,-117.2456,SAN DIEGO,SAN DIEGO,-117.2456,32.86048
6846800,2015,2015-07-08,3700,2015-02-25,1345,SH5502,NA,3,5,5,3713,0,0,0,NA,0,314,MONTE VISTA DR,SOUTH SANTA FE AV,30,E,N,A,-,N,NA,NA,NA,NA,NA,NA,NA,NA,NA,Y,3,0,2,3,A,-,03,22350,NA,N,C,C,A,A,H,-,A,A,0,NA,NA,NA,NA,Y,NA,D,22,0,1,1,0,0,0,0,0,0,-,-,NA,NA,SAN DIEGO,VISTA,-117.22705876,33.1900757
6849040,2015,2015-03-23,3711,2015-03-01,1015,6968,NA,7,5,7,3711,0,0,0,NA,0,627,WASHINGTON ST,3RD AV,12,W,N,B,C,N,NA,NA,NA,NA,NA,NA,NA,NA,NA,Y,4,0,1,2,A,-,03,22350,NA,N,D,C,A,B,H,-,A,D,0,NA,NA,NA,NA,Y,NA,-,NA,0,0,1,0,0,0,0,0,0,-,-,NA,NA,SAN DIEGO,SAN DIEGO,-117.16277889,32.74997936
6849148,2015,2015-03-25,3706,2015-01-29,1100,ES0388,NA,4,5,6,3706,0,0,0,NA,0,042,WASHINGTON AV,ELM ST,0,NA,Y,B,-,N,NA,NA,NA,NA,NA,NA,NA,NA,NA,N,3,0,1,2,A,-,09,21801,A,N,B,C,A,A,D,-,A,D,0,NA,NA,NA,Y,Y,NA,A,07,0,1,0,0,0,0,0,0,0,-,-,NA,NA,SAN DIEGO,ESCONDIDO,-117.0741601,33.12998008
6849628,2015,2016-09-06,9645,2015-02-22,0405,19496,NA,7,3,6,3702,0,1,1,NA,2,001,RT 5,PALOMAR ST,1000,N,N,A,-,Y,SD,11,5,-,-,6.25,H,-,N,Y,3,0,3,2,C,-,18,NA,NA,N,E,J,A,A,C,-,D,D,1,NA,NA,NA,NA,Y,NA,-,-,0,1,2,0,0,0,0,0,0,-,-,32.60748,-117.09028,SAN DIEGO,CHULA VISTA,-117.09018209,32.60715958
6850048,2015,2016-10-07,9645,2015-02-26,1725,19410,NA,4,2,7,3711,0,1,1,NA,2,005,RT 5,CLAIREMONT DR,900,N,N,A,-,Y,SD,11,5,-,R,22.43,H,-,S,Y,4,0,1,2,C,-,18,NA,NA,N,E,I,A,A,H,-,A,D,1,NA,NA,NA,NA,Y,NA,-,-,0,0,1,0,0,0,0,0,0,-,-,32.79545,-117.20874,SAN DIEGO,SAN DIEGO,-117.20781829,32.79306954
6850106,2015,2016-09-08,9645,2015-03-04,1555,017524,NA,3,2,7,3711,0,1,3,NA,2,023,RT 163,FRIARS RD,350,S,N,A,-,Y,SD,11,163,-,-,4.3,H,-,S,N,4,0,2,3,A,-,03,22350,NA,N,C,C,A,A,H,-,A,D,1,NA,NA,NA,NA,Y,NA,D,22,0,0,2,0,0,0,0,0,0,-,-,32.76823,-117.16245,SAN DIEGO,SAN DIEGO,-117.16169115,32.77073422
6850417,2015,2016-10-19,9650,2015-03-05,1000,012120,NA,4,1,9,3700,0,1,1,NA,2,001,RT 5,SAN ONOFRE INSPECTION FACILITY,5280,S,N,A,-,Y,SD,11,5,-,R,66.36,H,-,S,N,4,0,1,2,A,-,03,22350,NA,N,C,C,A,A,-,-,A,D,1,NA,NA,NA,NA,Y,NA,A,01,0,0,1,0,0,0,0,0,0,-,-,33.34324,-117.51218,SAN DIEGO,UNINCORPORATED,-117.51273105,33.34342391
6850679,2015,2016-09-23,9650,2015-03-04,0710,16103,NA,3,1,6,3706,0,1,1,NA,2,023,RT 15,9TH AV,1056,S,N,A,-,Y,SD,11,15,-,R,29.89,H,-,S,Y,4,0,1,2,A,-,03,22350,NA,N,C,C,A,A,H,-,A,D,1,NA,NA,NA,NA,Y,NA,A,01,0,0,1,0,0,0,0,0,0,-,-,33.1039,-117.09247,SAN DIEGO,ESCONDIDO,-117.09346016,33.10568703
6850700,2015,2015-03-20,3711,2015-03-06,2328,4759,NA,5,5,7,3711,0,0,0,NA,0,122,THOMAS AV,MISSION BL,33,W,N,A,-,N,NA,NA,NA,NA,NA,NA,NA,NA,NA,N,4,0,1,2,A,-,11,21954,A,N,-,-,-,A,G,-,C,-,0,Y,NA,NA,NA,Y,NA,N,60,0,0,1,0,1,0,0,0,0,-,-,NA,NA,SAN DIEGO,SAN DIEGO,-117.25469442,32.79361011
6850703,2015,2015-03-20,3711,2015-03-06,1540,5787,NA,5,5,7,3711,0,0,0,NA,0,124,TORREY PINES RD,ARDATH LN,1320,N,N,A,-,N,NA,NA,NA,NA,NA,NA,NA,NA,NA,N,3,0,1,2,A,-,09,21801,A,N,B,G,A,A,H,-,A,D,0,NA,Y,NA,NA,Y,NA,-,-,0,1,0,0,0,0,1,0,0,-,-,NA,NA,SAN DIEGO,SAN DIEGO,-117.24640298,32.85177405
6853951,2015,2015-03-25,3711,2015-03-11,1145,6044,3711,3,5,7,3711,0,0,0,NA,0,124,FAY AV,RUSHVILLE ST,72,N,N,A,-,N,NA,NA,NA,NA,NA,NA,NA,NA,NA,Y,3,0,1,2,A,-,08,22107,NA,N,C,E,A,A,H,-,A,A,0,NA,NA,NA,NA,Y,NA,-,NA,0,1,0,0,0,0,0,0,0,-,-,NA,NA,SAN DIEGO,SAN DIEGO,-117.2723133,32.83589989