CASE_ID,ACCIDENT_YEAR,PROC_DATE,JURIS,COLLISION_DATE,COLLISION_TIME,OFFICER_ID,REPORTING_DISTRICT,DAY_OF_WEEK,CHP_SHIFT,POPULATION,CNTY_CITY_LOC,SPECIAL_COND,BEAT_TYPE,CHP_BEAT_TYPE,CITY_DIVISION_LAPD,CHP_BEAT_CLASS,BEAT_NUMBER,PRIMARY_RD,SECONDARY_RD,DISTANCE,DIRECTION,INTERSECTION,WEATHER_1,WEATHER_2,STATE_HWY_IND,CALTRANS_COUNTY,CALTRANS_DISTRICT,STATE_ROUTE,ROUTE_SUFFIX,POSTMILE_PREFIX,POSTMILE,LOCATION_TYPE,RAMP_INTERSECTION,SIDE_OF_HWY,TOW_AWAY,COLLISION_SEVERITY,NUMBER_KILLED,NUMBER_INJURED,PARTY_COUNT,PRIMARY_COLL_FACTOR,PCF_CODE_OF_VIOL,PCF_VIOL_CATEGORY,PCF_VIOLATION,PCF_VIOL_SUBSECTION,HIT_AND_RUN,TYPE_OF_COLLISION,MVIW,PED_ACTION,ROAD_SURFACE,ROAD_COND_1,ROAD_COND_2,LIGHTING,CONTROL_DEVICE,CHP_ROAD_TYPE,PEDESTRIAN_ACCIDENT,BICYCLE_ACCIDENT,MOTORCYCLE_ACCIDENT,TRUCK_ACCIDENT,NOT_PRIVATE_PROPERTY,ALCOHOL_INVOLVED,STWD_VEHTYPE_AT_FAULT,CHP_VEHTYPE_AT_FAULT,COUNT_SEVERE_INJ,COUNT_VISIBLE_INJ,COUNT_COMPLAINT_PAIN,COUNT_PED_KILLED,COUNT_PED_INJURED,COUNT_BICYCLIST_KILLED,COUNT_BICYCLIST_INJURED,COUNT_MC_KILLED,COUNT_MC_INJURED,PRIMARY_RAMP,SECONDARY_RAMP,LATITUDE,LONGITUDE,COUNTY,CITY,POINT_X,POINT_Y
7198727,2016,2016-03-09,3700,2016-02-02,1518,SH0169,NA,2,5,5,3712,0,0,0,NA,0,350,PICO AV,WEST SAN MARCOS BL,160,N,N,A,-,N,NA,NA,NA,NA,NA,NA,NA,NA,NA,Y,4,0,2,2,A,-,08,22107,NA,N,C,C,A,A,H,-,A,D,0,NA,NA,NA,NA,Y,NA,A,01,0,0,2,0,0,0,0,0,0,-,-,NA,NA,SAN DIEGO,SAN MARCOS,-117.16536888,33.14135741
7198832,2016,2016-03-09,3711,2016-02-25,1930,7343,NA,4,5,7,3711,0,0,0,NA,0,327,70TH ST,70TH ST 5100,0,NA,-,A,-,N,NA,NA,NA,NA,NA,NA,NA,NA,NA,Y,2,0,4,3,A,-,03,22350,NA,N,C,C,A,A,H,-,C,A,0,NA,NA,NA,NA,Y,NA,-,NA,1,0,3,0,0,0,0,0,0,-,-,NA,NA,SAN DIEGO,SAN DIEGO,-117.04707921,32.77079571
7198836,2016,2016-03-09,3711,2016-02-23,2143,8861,NA,2,5,7,3711,0,0,0,NA,0,613,NIMITZ BL,SUNSET CLIFFS BL,30,N,N,A,-,N,NA,NA,NA,NA,NA,NA,NA,NA,NA,Y,3,0,3,2,A,-,05,21651,B,N,D,C,A,A,H,-,C,A,0,NA,NA,NA,NA,Y,NA,A,07,0,2,1,0,0,0,0,0,0,-,-,NA,NA,SAN DIEGO,SAN DIEGO,-117.2373,32.75412
7199301,2016,2016-03-08,3706,2016-02-20,1652,ES0486,NA,6,5,6,3706,0,0,0,NA,0,055,9TH AV,QUINCE ST,6,W,N,A,-,N,NA,NA,NA,NA,NA,NA,NA,NA,NA,Y,4,0,3,2,A,-,03,22350,NA,N,C,C,A,A,H,-,A,A,0,NA,NA,NA,NA,Y,NA,A,01,0,0,3,0,0,0,0,0,0,-,-,NA,NA,SAN DIEGO,ESCONDIDO,-117.08314679,33.11107161
7200095,2017,2017-05-12,3711,2017-04-05,2015,6686,NA,3,5,7,3711,0,0,0,NA,0,446,4TH ST,SOLOLA  AV,229,N,N,A,-,N,NA,NA,NA,NA,NA,NA,NA,NA,NA,N,1,1,0,2,A,-,00,21954,NA,F,A,B,D,A,H,-,C,D,0,Y,NA,NA,NA,Y,NA,N,60,0,0,0,1,0,0,0,0,0,-,-,NA,NA,SAN DIEGO,SAN DIEGO,-117.09376912,32.6942272
7201063,2015,2016-03-11,3700,2015-09-12,1354,SH5794,NA,6,5,5,3781,0,0,0,NA,0,518,PROSPECT AV,FANITA DR,0,NA,Y,A,-,N,NA,NA,NA,NA,NA,NA,NA,NA,NA,Y,4,0,2,2,A,-,09,21453,C,N,D,C,A,A,H,-,A,A,0,NA,NA,NA,NA,Y,NA,A,01,0,0,2,0,0,0,0,0,0,-,-,NA,NA,SAN DIEGO,SANTEE,-117.00071,32.83381006
7202832,2015,2017-01-28,3700,2015-09-02,2018,SH2405,NA,3,5,5,3781,0,0,0,NA,0,516,MISSION GORGE RD,RT 52,0,NA,Y,A,-,Y,SD,11,52,-,-,14.497,R,4,E,Y,4,0,2,2,A,-,12,21453,A,N,D,C,A,A,H,-,C,A,0,NA,NA,NA,NA,Y,NA,A,01,0,0,2,0,0,0,0,0,0,-,WF,NA,NA,SAN DIEGO,SANTEE,-117.01129532,32.83587567
7202840,2015,2017-01-28,3700,2015-09-14,1846,SH943,NA,1,5,5,3781,0,0,0,NA,0,516,MISSION GORGE RD,RT 125,0,NA,Y,A,-,Y,SD,11,125,-,-,22.301,I,6,N,N,3,0,1,2,A,-,01,23152,A,M,C,C,A,A,H,-,A,A,0,NA,NA,NA,NA,Y,Y,A,01,0,1,0,0,0,0,0,0,0,-,-,NA,NA,SAN DIEGO,SANTEE,-117.00318111,32.8385981
7203542,2016,2016-03-10,3708,2016-02-23,0730,LM1217,NA,2,5,5,3708,0,0,0,NA,0,001,MASSACHUSETTS AV,WAITE DR,0,NA,Y,A,-,N,NA,NA,NA,NA,NA,NA,NA,NA,NA,N,4,0,1,3,A,-,12,21453,A,N,D,C,A,A,H,-,A,A,0,NA,NA,NA,NA,Y,NA,A,07,0,0,1,0,0,0,0,0,0,-,-,NA,NA,SAN DIEGO,LA MESA,-117.04279002,32.74624001
7203752,2016,2016-05-06,3711,2016-03-01,0900,5555,NA,2,5,7,3711,0,0,0,NA,0,521,17TH ST,ISLAND,10,W,N,A,-,N,NA,NA,NA,NA,NA,NA,NA,NA,NA,N,4,0,1,2,A,-,12,22450,A,N,D,J,-,A,H,-,A,B,0,Y,NA,NA,NA,Y,NA,N,60,0,0,1,0,1,0,0,0,0,-,-,NA,NA,SAN DIEGO,SAN DIEGO,-117.14854,32.71045
7203863,2016,2016-03-11,3711,2016-02-29,2230,7233,NA,1,5,7,3711,0,0,0,NA,0,327,MONTEZUMA RD,FAIRMONT AV,360,E,N,A,-,N,NA,NA,NA,NA,NA,NA,NA,NA,NA,Y,4,0,2,3,A,-,03,22350,NA,N,C,C,A,A,G,-,C,D,0,NA,NA,NA,NA,Y,NA,-,NA,0,0,2,0,0,0,0,0,0,-,-,NA,NA,SAN DIEGO,SAN DIEGO,-117.09605024,32.77217206
7204518,2016,2016-03-10,3711,2016-02-21,1711,5939,NA,7,5,7,3711,0,0,0,NA,0,246,SCRIPPS POWAY PKWY,SCRIPPS SUMMIT DR,12,W,N,A,-,N,NA,NA,NA,NA,NA,NA,NA,NA,NA,Y,4,0,2,2,A,-,12,21453,A,N,D,C,A,A,H,-,A,A,0,NA,NA,NA,NA,Y,NA,-,NA,0,0,2,0,0,0,0,0,0,-,-,NA,NA,SAN DIEGO,SAN DIEGO,-117.10082893,32.93742169
7205721,2016,2016-03-15,3711,2016-02-27,1240,HB5213,NA,6,5,7,3711,0,0,0,NA,0,720,NORTH HARBOR DR,N HARBOR DR 3800,0,NA,N,A,-,N,NA,NA,NA,NA,NA,NA,NA,NA,NA,N,4,0,1,5,A,-,06,21750,NA,N,B,E,A,A,H,-,A,D,0,NA,NA,NA,NA,Y,NA,-,NA,0,0,1,0,0,0,0,0,0,-,-,NA,NA,SAN DIEGO,SAN DIEGO,-117.20581591,32.72925815
7205729,2016,2016-08-24,3710,2016-02-25,0640,OC1421,NA,4,5,6,3710,0,0,0,NA,0,006,WINDWARD ST,COAST HWY,0,NA,Y,A,-,N,NA,NA,NA,NA,NA,NA,NA,NA,NA,N,4,0,1,2,A,-,10,21950,A,F,G,B,B,A,H,-,A,D,0,Y,NA,NA,NA,Y,NA,A,01,0,0,1,0,1,0,0,0,0,-,-,NA,NA,SAN DIEGO,OCEANSIDE,-117.38312,33.20016008
7206101,2016,2017-02-15,3710,2016-03-06,0050,OC1416,NA,7,5,6,3710,0,0,0,NA,0,021,RT 76,RANCHO DEL ORO,9,E,N,C,-,Y,SD,11,76,-,R,4.211,I,5,W,Y,4,0,1,2,A,-,01,23152,A,N,D,C,A,B,H,-,C,A,0,NA,NA,NA,NA,Y,Y,A,01,0,0,1,0,0,0,0,0,0,-,-,NA,NA,SAN DIEGO,OCEANSIDE,-117.31826753,33.22799969
7206851,2016,2016-03-22,3701,2016-02-29,0644,5191,55,1,5,5,3701,0,0,0,NA,0,005,PALOMAR AIRPORT RD,EL FUERTE ST,934,W,N,E,-,N,NA,NA,NA,NA,NA,NA,NA,NA,NA,Y,3,0,1,1,A,-,03,22350,NA,N,E,I,A,A,H,-,A,D,0,NA,NA,NA,NA,Y,NA,A,01,0,1,0,0,0,0,0,0,0,-,-,33.1305,-117.25581,SAN DIEGO,CARLSBAD,-117.25565354,33.13035763
7207247,2016,2017-02-15,3711,2016-02-20,1533,7306,NA,6,5,7,3711,0,0,0,NA,0,234,WEST BERNARDO DR,RT 15,0,NA,Y,A,-,Y,SD,11,15,-,M,25.802,R,4,N,N,3,0,2,2,A,-,08,22107,NA,N,C,C,A,A,H,-,A,A,0,NA,NA,NA,NA,Y,NA,-,NA,0,2,0,0,0,0,0,0,0,-,NF,NA,NA,SAN DIEGO,SAN DIEGO,-117.07251082,33.05270621
7207590,2016,2016-03-16,3702,2016-02-06,1932,CV1060,NA,6,5,6,3702,0,0,0,NA,0,021,INDUSTRIAL,MOSS ST,187,N,N,A,-,N,NA,NA,NA,NA,NA,NA,NA,NA,NA,N,4,0,3,3,A,-,03,22350,NA,N,C,C,A,A,H,-,C,D,0,NA,NA,NA,NA,Y,NA,A,01,0,0,3,0,0,0,0,0,0,-,-,NA,NA,SAN DIEGO,CHULA VISTA,-117.08897143,32.61244593
7208601,2016,2016-03-22,3700,2016-02-08,1552,SH1654,NA,1,5,5,3782,0,0,0,NA,0,206,LEUCADIA BL,GARDEN VIEW RD,48,W,N,A,-,N,NA,NA,NA,NA,NA,NA,NA,NA,NA,Y,4,0,1,2,A,-,03,22350,NA,N,C,C,A,A,H,-,A,A,0,NA,NA,NA,NA,Y,NA,A,01,0,0,1,0,0,0,0,0,0,-,-,NA,NA,SAN DIEGO,ENCINITAS,-117.26780296,33.0685366
7209374,2016,2016-03-16,3711,2016-03-08,1019,6532,NA,2,5,7,3711,0,0,0,NA,0,614,WEST POINT LOMA BL,W POINT LOMA BL 4600,154,W,N,A,-,N,NA,NA,NA,NA,NA,NA,NA,NA,NA,Y,3,0,1,2,A,-,05,21460,A,N,A,C,A,A,H,-,A,D,0,NA,NA,NA,NA,Y,NA,-,NA,0,1,0,0,0,0,0,0,0,-,-,NA,NA,SAN DIEGO,SAN DIEGO,NA,NA
7209382,2016,2016-03-23,3711,2016-03-07,2112,7404,NA,1,5,7,3711,0,0,0,NA,0,627,UNIVERSITY AV,7TH AV,0,NA,Y,B,C,N,NA,NA,NA,NA,NA,NA,NA,NA,NA,N,4,0,1,2,A,-,10,21950,A,N,G,B,B,B,H,-,C,A,0,Y,NA,NA,NA,Y,NA,A,01,0,0,1,0,1,0,0,0,0,-,-,NA,NA,SAN DIEGO,SAN DIEGO,-117.15837009,32.74838008
7209395,2016,2016-03-16,3711,2016-03-05,1850,6788,NA,6,5,7,3711,0,0,0,NA,0,326,MONTEZUMA RD,COLLWOOD BL,528,W,N,A,-,N,NA,NA,NA,NA,NA,NA,NA,NA,NA,Y,4,0,3,2,A,-,03,22350,NA,N,C,C,A,A,H,-,C,A,0,NA,NA,NA,NA,Y,NA,A,01,0,0,3,0,0,0,0,0,0,-,-,NA,NA,SAN DIEGO,SAN DIEGO,-117.08764188,32.76964022
7209414,2016,2016-03-16,3711,2016-03-06,0743,6909,NA,7,5,7,3711,0,0,0,NA,0,826,EUCLID AV,ORANGE AV,127,S,N,B,C,N,NA,NA,NA,NA,NA,NA,NA,NA,NA,Y,4,0,1,2,A,-,03,22350,NA,N,C,C,A,B,H,-,A,D,0,NA,NA,NA,NA,Y,Y,-,NA,0,0,1,0,0,0,0,0,0,-,-,NA,NA,SAN DIEGO,SAN DIEGO,-117.09225398,32.75275214
7210392,2016,2017-02-10,3700,2016-02-27,1001,SH2619,NA,6,5,5,3712,0,0,0,NA,0,357,TWIN OAKS VALLEY RD,RT 78,0,NA,Y,A,-,Y,SD,11,78,-,-,13.039,R,4,E,Y,2,0,1,2,A,-,12,21453,A,N,D,C,A,A,H,-,A,A,0,NA,NA,Y,NA,Y,NA,D,22,1,0,0,0,0,0,0,0,1,-,EO,NA,NA,SAN DIEGO,SAN MARCOS,-117.16154793,33.13717581
7210686,2016,2016-03-28,3706,2016-03-03,1833,ES0409,NA,4,5,6,3706,0,0,0,NA,0,041,E EL NORTE PKWY,N FIG ST,0,NA,Y,A,-,N,NA,NA,NA,NA,NA,NA,NA,NA,NA,N,4,0,1,2,A,-,09,21802,B,F,D,C,A,A,H,-,C,D,0,NA,NA,NA,NA,Y,NA,A,01,0,0,1,0,0,0,0,0,0,-,-,NA,NA,SAN DIEGO,ESCONDIDO,-117.0813601,33.14221011
7213401,2016,2016-03-21,3702,2016-01-18,2208,CV1096,NA,1,5,6,3702,0,0,0,NA,0,031,TELEGRAPH CANYON RD,HALECREST,56,E,N,A,-,N,NA,NA,NA,NA,NA,NA,NA,NA,NA,N,4,0,1,2,A,-,03,22350,NA,N,C,C,A,A,H,-,C,A,0,NA,NA,NA,NA,Y,NA,A,01,0,0,1,0,0,0,0,0,0,-,-,NA,NA,SAN DIEGO,CHULA VISTA,-117.04208099,32.6286964
8000263,2016,2016-03-30,3711,2016-03-16,0810,7438,SD,3,5,7,3711,0,0,0,NA,0,123,INGRAHAM ST,VACATION RD,1320,N,N,A,-,N,NA,NA,NA,NA,NA,NA,NA,NA,NA,Y,4,0,1,3,A,-,03,22350,NA,N,C,C,A,A,H,-,A,A,0,NA,NA,NA,NA,Y,NA,A,01,0,0,1,0,0,0,0,0,0,-,-,NA,NA,SAN DIEGO,SAN DIEGO,-117.23600181,32.77853788
8000917,2016,2017-02-14,3711,2016-03-10,1710,6978,SANDI,4,5,7,3711,0,0,0,NA,0,115,RT 52,REGENTS RD,15,E,N,A,-,Y,SD,11,52,-,-,1.16,R,4,E,N,4,0,1,2,A,-,03,22350,NA,N,C,D,A,A,H,-,A,D,0,NA,NA,NA,NA,Y,NA,-,-,0,0,1,0,0,0,0,0,0,-,-,NA,NA,SAN DIEGO,SAN DIEGO,-117.22068383,32.84045126
8000934,2016,2016-03-30,3711,2016-03-20,2035,7004,SOUTH,7,5,7,3711,0,0,0,NA,0,722,HOLLISTER ST,INGRID AV,0,NA,Y,A,-,N,NA,NA,NA,NA,NA,NA,NA,NA,NA,N,4,0,2,2,A,-,17,21708,NA,M,C,C,A,A,H,-,C,D,0,NA,NA,NA,NA,Y,NA,-,99,0,0,2,0,0,0,0,0,0,-,-,NA,NA,SAN DIEGO,SAN DIEGO,-117.08410005,32.57279003
8002837,2016,2016-03-30,3711,2016-03-18,0700,6642,NA,5,5,7,3711,0,0,0,NA,0,444,36TH ST,J ST,10,N,N,B,-,N,NA,NA,NA,NA,NA,NA,NA,NA,NA,Y,3,0,1,2,A,-,09,21801,A,N,D,C,A,A,-,-,A,A,0,NA,NA,NA,NA,Y,NA,A,01,0,1,0,0,0,0,0,0,0,-,-,NA,NA,SAN DIEGO,SAN DIEGO,-117.11656947,32.70951739
8005748,2016,2016-08-24,3710,2016-03-10,2020,OC1420,NA,4,5,6,3710,0,0,0,NA,0,007,SOUTH COAST HWY,MINNESOTA AV,135,N,N,A,-,N,NA,NA,NA,NA,NA,NA,NA,NA,NA,Y,4,0,1,2,A,-,08,22107,NA,N,B,C,A,A,H,-,C,D,0,NA,NA,NA,NA,Y,NA,A,01,0,0,1,0,0,0,0,0,0,-,-,NA,NA,SAN DIEGO,OCEANSIDE,-117.37447644,33.18989056
8005949,2016,2016-03-24,3700,2016-02-10,0903,SH0029,NA,3,5,5,3713,0,0,0,NA,0,308,NORTH EMERALD DR,TIMOTHY PL,0,NA,Y,A,-,N,NA,NA,NA,NA,NA,NA,NA,NA,NA,Y,3,0,2,2,A,-,08,22103,NA,N,B,C,A,A,H,-,A,D,0,NA,NA,NA,NA,Y,NA,A,01,0,1,1,0,0,0,0,0,0,-,-,NA,NA,SAN DIEGO,VISTA,-117.27948009,33.19582011
8007557,2016,2016-04-05,3706,2016-03-17,1450,ES0493,NA,4,5,6,3706,0,0,0,NA,0,054,EAST VALLEY PKWY,MIDWAY DR,1056,W,N,A,-,N,NA,NA,NA,NA,NA,NA,NA,NA,NA,N,4,0,1,2,A,-,05,21650,1,N,D,G,A,A,H,-,A,D,0,NA,Y,NA,NA,Y,NA,L,04,0,0,1,0,0,0,1,0,0,-,-,NA,NA,SAN DIEGO,ESCONDIDO,-117.05482422,33.13611913
8008108,2016,2017-02-14,3711,2016-03-24,1240,7106,NA,4,5,7,3711,0,0,0,NA,0,233,RANCHO PENASQUITOS BL,AZUAGA ST,30,N,N,A,-,Y,SD,11,56,-,-,8.524,R,4,E,Y,4,0,1,2,A,-,03,22350,NA,N,C,C,A,A,H,-,A,A,0,NA,NA,NA,NA,Y,NA,A,01,0,0,1,0,0,0,0,0,0,-,-,NA,NA,SAN DIEGO,SAN DIEGO,-117.11415206,32.95820899
8010197,2016,2016-08-24,3701,2016-03-19,2236,5351,7,6,5,5,3701,0,0,0,NA,0,003,PIO PICO DR,CHESTNUT,0,NA,Y,A,-,N,NA,NA,NA,NA,NA,NA,NA,NA,NA,N,3,0,1,2,A,-,11,21954,A,N,G,B,D,A,H,-,C,D,0,Y,NA,NA,NA,Y,Y,N,60,0,1,0,0,1,0,0,0,0,-,-,NA,NA,SAN DIEGO,CARLSBAD,-117.33927007,33.15828006
8011367,2016,2016-04-08,3711,2016-03-22,1500,6659,NA,2,5,7,3711,0,0,0,NA,0,813,UPAS ST,PERSHING AV 3399,17,W,N,A,-,N,NA,NA,NA,NA,NA,NA,NA,NA,NA,N,4,0,1,2,A,-,04,21703,NA,M,C,C,A,A,H,-,A,A,0,NA,NA,NA,NA,Y,NA,-,-,0,0,1,0,0,0,0,0,0,-,-,NA,NA,SAN DIEGO,SAN DIEGO,-117.13470429,32.74098823
8012017,2016,2016-04-06,3705,2016-03-14,1635,EC0337,NA,1,5,5,3705,0,0,0,NA,0,007,E MAIN,GREENFIELD,0,NA,Y,A,-,N,NA,NA,NA,NA,NA,NA,NA,NA,NA,N,4,0,2,2,A,-,12,21457,A,N,D,C,A,A,H,-,A,A,0,NA,NA,NA,NA,Y,NA,D,22,0,0,2,0,0,0,0,0,0,-,-,NA,NA,SAN DIEGO,EL CAJON,-116.9185501,32.81231002
8012131,2016,2016-04-05,3705,2016-03-17,0622,EC0160,NA,4,5,5,3705,0,0,0,NA,0,008,W CHASE AV,GROSSMONT AV,226,E,N,A,-,N,NA,NA,NA,NA,NA,NA,NA,NA,NA,Y,4,0,1,3,A,-,03,22350,NA,N,C,C,A,A,H,-,C,A,0,NA,NA,NA,NA,Y,NA,A,01,0,0,1,0,0,0,0,0,0,-,-,NA,NA,SAN DIEGO,EL CAJON,-116.97729127,32.78209849
8013098,2016,2016-08-24,3700,2016-03-23,1317,SH2439,NA,3,5,5,3713,0,0,0,NA,0,312,HACIENDA DR,EMERALD DR,185,W,N,A,-,N,NA,NA,NA,NA,NA,NA,NA,NA,NA,Y,4,0,1,2,A,-,09,21804,A,N,F,C,A,A,H,-,A,D,0,NA,NA,NA,NA,Y,NA,A,07,0,0,1,0,0,0,0,0,0,-,-,NA,NA,SAN DIEGO,VISTA,-117.28014474,33.18669042
8014551,2016,2016-04-26,3711,2016-03-06,1803,6252,NA,7,5,7,3711,0,0,0,NA,0,313,RAYTHEON RD,MERCURY ST,113,W,N,C,-,N,NA,NA,NA,NA,NA,NA,NA,NA,NA,Y,3,0,1,2,A,-,03,22350,NA,N,B,E,A,B,H,-,A,D,0,NA,NA,NA,NA,Y,NA,J,48,0,1,0,0,0,0,0,0,0,-,-,NA,NA,SAN DIEGO,SAN DIEGO,-117.14920663,32.83088734
8014864,2016,2016-04-06,3711,2016-03-23,0755,9249,NA,3,5,7,3711,0,0,0,NA,0,311,SANDROCK RD,GREYLING DR,90,N,N,A,-,N,NA,NA,NA,NA,NA,NA,NA,NA,NA,Y,4,0,1,2,A,-,09,21804,A,N,H,C,A,A,H,-,A,D,0,NA,NA,NA,NA,Y,NA,-,NA,0,0,1,0,0,0,0,0,0,-,-,NA,NA,SAN DIEGO,SAN DIEGO,-117.13898835,32.80300835
8014869,2016,2016-08-24,3711,2016-03-22,1041,5929,NA,2,5,7,3711,0,0,0,NA,0,123,MISSION BAY DR,MISSION BAY DR 2601,0,NA,-,A,-,N,NA,NA,NA,NA,NA,NA,NA,NA,NA,N,3,0,1,2,A,-,09,21801,A,N,D,G,A,A,H,-,A,D,0,NA,Y,NA,NA,Y,NA,-,NA,0,1,0,0,0,0,1,0,0,-,-,NA,NA,SAN DIEGO,SAN DIEGO,NA,NA
8016385,2016,2016-04-15,3711,2016-04-02,2109,7451,NA,6,5,7,3711,0,0,0,NA,0,235,SAN PASQUAL RD,VIENTO VALLE,120,N,N,A,-,N,NA,NA,NA,NA,NA,NA,NA,NA,NA,Y,4,0,1,1,A,-,03,22350,NA,N,E,I,A,A,H,-,D,D,0,NA,NA,NA,NA,Y,NA,-,NA,0,0,1,0,0,0,0,0,0,-,-,NA,NA,SAN DIEGO,SAN DIEGO,-117.02660649,33.08575387
8017407,2016,2016-04-18,3711,2016-04-09,1555,5515,NA,6,5,7,3711,0,0,0,NA,0,623,TAYLOR ST,RT 8,500,W,N,B,-,N,NA,NA,NA,NA,NA,NA,NA,NA,NA,Y,3,0,1,2,A,-,03,22350,NA,N,C,C,A,A,H,-,A,D,0,NA,NA,NA,NA,Y,NA,-,NA,0,1,0,0,0,0,0,0,0,-,-,NA,NA,SAN DIEGO,SAN DIEGO,NA,NA
8017445,2016,2017-02-18,3711,2016-04-06,2022,8906,NA,3,5,7,3711,0,0,0,NA,0,234,BERNARDO CENTER DR,RT 15,0,NA,Y,A,-,Y,SD,11,15,-,M,22.744,R,4,N,Y,4,0,1,2,A,-,12,21453,A,N,-,C,A,A,H,-,C,A,0,NA,NA,NA,NA,Y,NA,-,NA,0,0,1,0,0,0,0,0,0,-,NF,NA,NA,SAN DIEGO,SAN DIEGO,-117.08006897,33.00926907
8017859,2016,2017-02-14,3702,2016-03-24,1018,CV0984,NA,4,5,6,3702,0,0,0,NA,0,032,OTAY LAKES RD,RT 125,150,E,N,A,-,Y,SD,11,125,-,-,4.272,R,4,N,N,3,0,1,2,D,-,00,NA,NA,N,C,G,A,A,H,-,A,D,0,NA,Y,NA,NA,Y,NA,-,-,0,1,0,0,0,0,1,0,0,-,NO,NA,NA,SAN DIEGO,CHULA VISTA,-116.97070628,32.64939867
8017919,2016,2016-04-22,3700,2016-03-11,1445,SH2076,NA,5,5,4,3780,0,0,0,NA,0,416,METATE LN,RANCHO CABALLO RD,0,NA,Y,A,-,N,NA,NA,NA,NA,NA,NA,NA,NA,NA,Y,4,0,1,2,A,-,06,21755,NA,N,D,C,A,A,H,-,A,D,0,NA,NA,NA,NA,Y,NA,A,01,0,0,1,0,0,0,0,0,0,-,-,NA,NA,SAN DIEGO,POWAY,-117.05979002,32.94755011
8018262,2016,2016-05-09,3710,2016-04-04,1655,OC1254,NA,1,5,6,3710,0,0,0,NA,0,012,OCEANSIDE BL,STATE TREE DR,0,NA,Y,A,-,N,NA,NA,NA,NA,NA,NA,NA,NA,NA,Y,4,0,2,2,A,-,00,20002,A,M,C,C,A,A,H,-,A,A,0,NA,NA,NA,NA,Y,NA,D,22,0,0,2,0,0,0,0,0,0,-,-,NA,NA,SAN DIEGO,OCEANSIDE,-117.35890007,33.19226008
8020524,2016,2016-08-29,3708,2016-04-01,2055,LM1244,NA,5,5,5,3708,0,0,0,NA,0,002,GROSSMONT BL,WOOD ST,0,NA,Y,A,-,N,NA,NA,NA,NA,NA,NA,NA,NA,NA,Y,2,0,1,2,A,-,21,22106,NA,N,B,C,A,A,H,-,D,D,0,NA,NA,Y,NA,Y,NA,A,01,1,0,0,0,0,0,0,0,1,-,-,NA,NA,SAN DIEGO,LA MESA,-117.00365013,32.77342009
8020663,2016,2016-04-18,3706,2016-03-29,1130,342,ESCON,2,5,6,3706,0,0,0,NA,0,041,BROADWAY,LINCOLN AV N,0,NA,Y,A,-,N,NA,NA,78,NA,NA,NA,NA,NA,NA,N,4,0,1,2,A,-,09,21801,A,N,D,C,A,A,H,-,A,A,0,NA,NA,NA,NA,Y,NA,A,01,0,0,1,0,0,0,0,0,0,-,-,33.13387,-117.08691,SAN DIEGO,ESCONDIDO,-117.08655028,33.13307335
8020978,2016,2016-04-15,3711,2016-04-05,1717,6852,NA,2,5,7,3711,0,0,0,NA,0,311,MURRAY RIDGE RD,FIRESIDE DR,50,N,N,A,-,N,NA,NA,NA,NA,NA,NA,NA,NA,NA,Y,3,0,3,3,A,-,03,22350,NA,N,C,C,A,A,H,-,A,-,0,NA,NA,NA,NA,Y,NA,-,NA,0,2,1,0,0,0,0,0,0,-,-,NA,NA,SAN DIEGO,SAN DIEGO,-117.14337085,32.79647389
8021335,2016,2017-02-18,3703,2016-04-02,0816,1118,NA,6,5,3,3703,0,0,0,NA,0,003,RT 75,8TH ST,0,NA,Y,A,-,Y,SD,11,75,-,-,19.16,I,5,N,N,4,0,1,2,A,-,11,21950,B,N,G,B,B,A,H,-,A,A,0,Y,NA,NA,NA,Y,NA,A,01,0,0,1,0,1,0,0,0,0,-,-,NA,NA,SAN DIEGO,CORONADO,-117.17811471,32.68872941
8023081,2016,2016-04-22,3702,2016-02-12,1017,CV1021,NA,5,5,6,3702,0,0,0,NA,0,022,QUINTARD ST,2ND AV,150,W,N,A,-,N,NA,NA,NA,NA,NA,NA,NA,NA,NA,Y,3,0,1,2,A,-,08,22107,NA,N,B,E,A,A,H,-,A,A,0,NA,NA,NA,NA,Y,NA,A,01,0,1,0,0,0,0,0,0,0,-,-,NA,NA,SAN DIEGO,CHULA VISTA,-117.06141904,32.60433646
8023098,2016,2016-04-22,3702,2016-02-26,0715,CV1004,NA,5,5,6,3702,0,0,0,NA,0,041,OLYMPIC PKWY,OTAY RANCH HS,210,E,N,A,-,N,NA,NA,NA,NA,NA,NA,NA,NA,NA,Y,3,0,1,2,A,-,03,22350,NA,N,B,C,A,A,H,-,A,A,0,NA,NA,Y,NA,Y,NA,C,02,0,1,0,0,0,0,0,0,1,-,-,NA,NA,SAN DIEGO,CHULA VISTA,-116.99278593,32.62116311
8023593,2016,2017-02-18,3711,2016-04-14,1950,4884,SDPD,4,5,7,3711,0,0,0,NA,0,233,CARMEL MOUNTAIN RD,RT 15,20,W,N,A,-,Y,SD,11,15,-,M,20.772,R,4,S,N,3,0,1,2,A,-,11,21456,A,N,B,B,B,A,H,-,C,A,0,Y,NA,NA,NA,Y,NA,N,60,0,1,0,0,1,0,0,0,0,-,SF,NA,NA,SAN DIEGO,SAN DIEGO,-117.08513172,32.98130243
8024142,2016,2016-04-20,3711,2016-04-03,1344,HB3855,NA,7,5,7,3711,0,0,0,NA,0,503,NORTH HARBOR DR,TERMINAL 1,0,NA,Y,A,-,N,NA,NA,NA,NA,NA,NA,NA,NA,NA,N,3,0,1,2,A,-,03,22350,NA,N,C,C,A,A,H,-,A,A,0,NA,NA,NA,NA,Y,NA,A,01,0,1,0,0,0,0,0,0,0,-,-,NA,NA,SAN DIEGO,SAN DIEGO,-117.19503522,32.72947325
8024169,2016,2016-04-20,3711,2016-04-09,2021,5600,NA,6,5,7,3711,0,0,0,NA,0,903,WEST SAN YSIDRO BL,COTTONWOOD RD,0,NA,Y,C,-,N,NA,NA,NA,NA,NA,NA,NA,NA,NA,N,4,0,1,2,A,-,10,21950,A,M,G,B,B,B,H,-,C,A,0,Y,NA,NA,NA,Y,NA,-,99,0,0,1,0,1,0,0,0,0,-,-,NA,NA,SAN DIEGO,SAN DIEGO,-117.04796003,32.55377012
8025523,2016,2016-04-19,3705,2016-04-01,1535,EC0295,NA,5,5,5,3705,0,0,0,NA,0,010,S MOLLISON,E LEXINGTON,138,N,N,A,-,N,NA,NA,NA,NA,NA,NA,NA,NA,NA,N,4,0,1,2,A,-,03,22350,NA,N,C,C,A,A,H,-,A,D,0,NA,NA,NA,NA,Y,NA,A,01,0,0,1,0,0,0,0,0,0,-,-,NA,NA,SAN DIEGO,EL CAJON,-116.95096859,32.79300786