CASE_ID,ACCIDENT_YEAR,PROC_DATE,JURIS,COLLISION_DATE,COLLISION_TIME,OFFICER_ID,REPORTING_DISTRICT,DAY_OF_WEEK,CHP_SHIFT,POPULATION,CNTY_CITY_LOC,SPECIAL_COND,BEAT_TYPE,CHP_BEAT_TYPE,CITY_DIVISION_LAPD,CHP_BEAT_CLASS,BEAT_NUMBER,PRIMARY_RD,SECONDARY_RD,DISTANCE,DIRECTION,INTERSECTION,WEATHER_1,WEATHER_2,STATE_HWY_IND,CALTRANS_COUNTY,CALTRANS_DISTRICT,STATE_ROUTE,ROUTE_SUFFIX,POSTMILE_PREFIX,POSTMILE,LOCATION_TYPE,RAMP_INTERSECTION,SIDE_OF_HWY,TOW_AWAY,COLLISION_SEVERITY,NUMBER_KILLED,NUMBER_INJURED,PARTY_COUNT,PRIMARY_COLL_FACTOR,PCF_CODE_OF_VIOL,PCF_VIOL_CATEGORY,PCF_VIOLATION,PCF_VIOL_SUBSECTION,HIT_AND_RUN,TYPE_OF_COLLISION,MVIW,PED_ACTION,ROAD_SURFACE,ROAD_COND_1,ROAD_COND_2,LIGHTING,CONTROL_DEVICE,CHP_ROAD_TYPE,PEDESTRIAN_ACCIDENT,BICYCLE_ACCIDENT,MOTORCYCLE_ACCIDENT,TRUCK_ACCIDENT,NOT_PRIVATE_PROPERTY,ALCOHOL_INVOLVED,STWD_VEHTYPE_AT_FAULT,CHP_VEHTYPE_AT_FAULT,COUNT_SEVERE_INJ,COUNT_VISIBLE_INJ,COUNT_COMPLAINT_PAIN,COUNT_PED_KILLED,COUNT_PED_INJURED,COUNT_BICYCLIST_KILLED,COUNT_BICYCLIST_INJURED,COUNT_MC_KILLED,COUNT_MC_INJURED,PRIMARY_RAMP,SECONDARY_RAMP,LATITUDE,LONGITUDE,COUNTY,CITY,POINT_X,POINT_Y
8026613,2016,2017-02-18,3706,2016-04-19,1631,322,ESOND,2,5,6,3706,0,0,0,NA,0,045,VALLEY PKWY,RT 15,0,NA,Y,A,-,Y,SD,11,15,-,R,30.685,R,4,S,Y,3,0,6,2,A,-,01,23152,A,F,D,C,A,A,H,-,A,A,0,NA,NA,NA,NA,Y,Y,A,01,0,1,5,0,0,0,0,0,0,-,SO,NA,NA,SAN DIEGO,ESCONDIDO,-117.0995038,33.1160133
8027394,2016,2016-04-29,3711,2016-04-19,1942,7332,SDPD,2,5,7,3711,0,0,0,NA,0,833,WIGHTMAN ST,47TH ST,90,E,N,A,-,N,NA,NA,NA,NA,NA,NA,NA,NA,NA,Y,3,0,3,3,A,-,08,22107,NA,N,A,C,A,A,H,-,C,D,0,NA,NA,NA,NA,Y,NA,-,NA,0,1,2,0,0,0,0,0,0,-,-,NA,NA,SAN DIEGO,SAN DIEGO,-117.09307828,32.74767
8027399,2016,2016-05-02,3706,2016-04-23,1115,493,ESCON,6,5,6,3706,0,0,0,NA,0,041,EL NORTE PKWY,ESCONDIDO BL,0,NA,Y,A,-,N,NA,NA,NA,NA,NA,NA,NA,NA,NA,N,4,0,1,2,A,-,09,21801,A,N,D,G,A,A,H,-,A,A,0,NA,Y,NA,NA,Y,NA,A,01,0,0,1,0,0,0,1,0,0,-,-,33.13948,-117.09242,SAN DIEGO,ESCONDIDO,-117.09239002,33.13934006
8027415,2016,2016-05-03,3706,2016-04-16,1240,412,ESPD,6,5,6,3706,0,0,0,NA,0,045,WASHINGTON AV,QUINCE ST,0,NA,Y,A,-,N,NA,NA,NA,NA,NA,NA,NA,NA,NA,Y,4,0,1,2,A,-,12,21453,A,N,D,C,A,A,H,-,A,A,0,NA,NA,NA,NA,Y,NA,-,-,0,0,1,0,0,0,0,0,0,-,-,33.12453,-117.09189,SAN DIEGO,ESCONDIDO,-117.09196004,33.12444006
8028580,2016,2016-07-07,3711,2016-05-12,1401,6857,SANDI,4,5,7,3711,0,0,0,NA,0,826,UNIVERSITY AV,54TH ST,150,W,N,A,-,N,NA,NA,NA,NA,NA,NA,NA,NA,NA,Y,3,0,1,2,A,-,08,22107,NA,N,C,C,A,A,H,-,A,D,0,NA,NA,NA,NA,Y,NA,A,01,0,1,0,0,0,0,0,0,0,-,-,NA,NA,SAN DIEGO,SAN DIEGO,-117.07994756,32.74890267
8028679,2016,2016-05-25,3711,2016-05-12,0917,7438,NA,4,5,7,3711,0,0,0,NA,0,313,MERCURY ST,ARMOUR ST,0,NA,Y,A,-,N,NA,NA,NA,NA,NA,NA,NA,NA,NA,Y,3,0,2,2,A,-,12,21453,A,N,B,C,A,A,H,-,A,A,0,NA,NA,NA,NA,Y,NA,A,01,0,1,1,0,0,0,0,0,0,-,-,NA,NA,SAN DIEGO,SAN DIEGO,-117.14905002,32.81998
8029339,2016,2016-05-02,3710,2016-03-08,1250,OC0740,NA,2,5,6,3710,0,0,0,NA,0,013,EL CAMINO REAL,OCEANSIDE BL,1741,S,N,B,-,N,NA,NA,NA,NA,NA,NA,NA,NA,NA,Y,4,0,2,2,A,-,03,22350,NA,N,C,C,A,A,H,-,A,A,0,NA,NA,NA,NA,Y,NA,A,01,0,0,2,0,0,0,0,0,0,-,-,NA,NA,SAN DIEGO,OCEANSIDE,-117.32972645,33.19763609
8029522,2016,2017-02-18,3703,2016-04-30,1525,1310,NA,6,5,3,3703,0,0,0,NA,0,001,4TH ST,A AV,0,NA,Y,A,-,Y,SD,11,75,-,R,19.922,I,5,N,Y,4,0,1,2,A,-,09,21802,A,N,D,C,A,A,H,-,A,A,0,NA,NA,NA,NA,Y,NA,A,01,0,0,1,0,0,0,0,0,0,-,-,NA,NA,SAN DIEGO,CORONADO,-117.17145003,32.69305039
8030767,2016,2016-05-04,3701,2016-04-22,1836,5474,4,5,5,5,3701,0,0,0,NA,0,001,JEFFERSON ST,LAGUNA DR,30,S,N,A,-,N,NA,NA,NA,NA,NA,NA,NA,NA,NA,Y,4,0,1,2,A,-,03,22350,NA,N,B,C,A,A,H,-,A,A,0,NA,NA,NA,NA,Y,NA,A,01,0,0,1,0,0,0,0,0,0,-,-,33.16535,-117.34848,SAN DIEGO,CARLSBAD,-117.34836743,33.16514783
8031028,2016,2016-05-06,3711,2016-04-25,0635,7252,NA,1,5,7,3711,0,0,0,NA,0,122,GRESHAM ST,PACIFIC BEACH DR,0,N,N,B,-,N,NA,NA,NA,NA,NA,NA,NA,NA,NA,Y,4,0,1,5,A,-,03,22350,NA,N,D,C,A,A,H,-,B,A,0,NA,NA,NA,NA,Y,NA,-,NA,0,0,1,0,0,0,0,0,0,-,-,NA,NA,SAN DIEGO,SAN DIEGO,-117.24278,32.79335009
8031943,2016,2016-05-12,3711,2016-05-02,1628,6495,NA,1,5,7,3711,0,0,0,NA,0,826,EUCLID AV,EL CAJON BL,90,S,N,A,-,N,NA,NA,NA,NA,NA,NA,NA,NA,NA,N,4,0,1,2,A,-,08,22107,NA,N,-,G,A,A,H,-,A,D,0,NA,Y,NA,NA,Y,NA,L,04,0,0,1,0,0,0,1,0,0,-,-,NA,NA,SAN DIEGO,SAN DIEGO,-117.09221226,32.75579348
8032826,2016,2016-05-04,3711,2016-04-16,2327,6415,NA,6,5,7,3711,0,0,0,NA,0,311,HURLBUT ST,GRIDLEY PL,52,E,N,B,-,N,NA,NA,NA,NA,NA,NA,NA,NA,NA,Y,4,0,1,4,A,-,08,22107,NA,N,-,E,A,A,H,-,C,D,0,NA,NA,NA,NA,Y,Y,A,01,0,0,1,0,0,0,0,0,0,-,-,NA,NA,SAN DIEGO,SAN DIEGO,-117.14325135,32.80491219
8037527,2016,2017-02-14,3711,2016-04-29,1315,7198,NA,5,5,7,3711,0,0,0,NA,0,526,ASH ST,10TH AV,0,NA,Y,A,-,Y,SD,11,163,-,-,0.598,I,5,S,Y,3,0,2,2,A,-,09,21802,A,N,D,C,A,A,H,-,A,A,0,NA,NA,NA,NA,Y,NA,-,NA,0,1,1,0,0,0,0,0,0,-,-,NA,NA,SAN DIEGO,SAN DIEGO,-117.15566279,32.71986955
8037579,2016,2016-08-29,3711,2016-04-29,2230,6830,NA,5,5,7,3711,0,0,0,NA,0,111,E INGERSOLL ST,E INGERSOLL ST 2400,0,NA,Y,-,-,N,NA,NA,NA,NA,NA,NA,NA,NA,NA,N,4,0,1,2,A,-,03,22350,NA,M,-,B,D,A,H,-,C,D,0,Y,NA,NA,NA,Y,NA,-,NA,0,0,1,0,1,0,0,0,0,-,-,NA,NA,SAN DIEGO,SAN DIEGO,-117.16370076,32.7878405
8037583,2016,2016-05-11,3711,2016-04-27,2046,7147,NA,3,5,7,3711,0,0,0,NA,0,451,54TH ST,WESTOVER PL,129,N,N,B,-,N,NA,NA,NA,NA,NA,NA,NA,NA,NA,N,2,0,1,2,A,-,-,NA,NA,F,A,B,D,A,H,-,C,D,0,Y,NA,NA,NA,Y,Y,N,60,1,0,0,0,1,0,0,0,0,-,-,NA,NA,SAN DIEGO,SAN DIEGO,-117.08375606,32.72511067
8038290,2016,2016-05-20,3711,2016-05-08,0554,6702,NA,7,5,7,3711,0,0,0,NA,0,524,B ST,8TH AV,0,NA,Y,A,-,N,NA,NA,NA,NA,NA,NA,NA,NA,NA,Y,4,0,1,2,A,-,09,21804,A,N,D,C,A,A,H,-,A,A,0,NA,NA,NA,NA,Y,NA,D,22,0,0,1,0,0,0,0,0,0,-,-,NA,NA,SAN DIEGO,SAN DIEGO,-117.15744,32.71780009
8039413,2016,2016-05-23,3702,2016-04-21,1240,CV0815,NA,4,5,6,3702,0,0,0,NA,0,012,H ST,4TH AV,60,E,N,A,-,N,NA,NA,NA,NA,NA,NA,NA,NA,NA,Y,3,0,1,1,A,-,03,22350,NA,N,E,I,A,A,H,-,A,A,0,NA,NA,Y,NA,Y,NA,C,02,0,1,0,0,0,0,0,0,1,-,-,NA,NA,SAN DIEGO,CHULA VISTA,-117.08112654,32.63330396
8039433,2016,2016-05-20,3702,2016-04-26,1949,CV1079,NA,2,5,6,3702,0,0,0,NA,0,022,NAPLES ST,DEL MAR AV,0,NA,Y,A,-,N,NA,NA,NA,NA,NA,NA,NA,NA,NA,N,3,0,1,2,A,-,14,21201,D,N,A,G,A,A,H,-,C,D,0,NA,Y,NA,NA,Y,NA,L,04,0,1,0,0,0,0,1,0,0,-,-,NA,NA,SAN DIEGO,CHULA VISTA,-117.06772001,32.6140601
8039675,2016,2016-05-17,3710,2016-04-10,1951,OC1426,NA,7,5,6,3710,0,0,0,NA,0,018,HOLIDAY,AVERY,9,S,N,A,-,N,NA,NA,NA,NA,NA,NA,NA,NA,NA,N,3,0,1,2,A,-,11,21950,B,N,G,B,D,A,H,-,C,D,0,Y,NA,NA,NA,Y,NA,N,60,0,1,0,0,1,0,0,0,0,-,-,NA,NA,SAN DIEGO,OCEANSIDE,-117.31520966,33.25100534
8040352,2016,2016-05-17,3700,2016-03-29,1542,SH3306,NA,2,5,5,3782,0,0,0,NA,0,230,LONE JACK RD,JACKIE LN,328,N,N,A,-,N,NA,NA,NA,NA,NA,NA,NA,NA,NA,Y,4,0,1,2,A,-,03,22350,NA,N,F,C,A,A,H,-,A,D,0,NA,NA,NA,NA,Y,NA,A,01,0,0,1,0,0,0,0,0,0,-,-,NA,NA,SAN DIEGO,ENCINITAS,-117.224219,33.056083
8041859,2016,2016-05-31,3705,2016-04-25,1646,EC0337,NA,1,5,5,3705,0,0,0,NA,0,009,EAST MAIN,SOUTH 1ST,5,E,N,A,-,N,NA,NA,NA,NA,NA,NA,NA,NA,NA,N,4,0,1,2,A,-,10,21950,A,N,G,B,B,A,H,-,A,A,0,Y,NA,NA,NA,Y,NA,A,07,0,0,1,0,1,0,0,0,0,-,-,NA,NA,SAN DIEGO,EL CAJON,-116.94458379,32.79494
8042769,2016,2016-05-17,3701,2016-05-08,1113,5487,85,7,5,5,3701,0,0,0,NA,0,006,POINSETTIA LN,PASEO ESCUELA,0,NA,Y,A,-,N,NA,NA,NA,NA,NA,NA,NA,NA,NA,Y,4,0,3,2,A,-,12,21453,A,N,A,C,A,A,H,-,A,A,0,NA,NA,NA,NA,Y,NA,A,01,0,0,3,0,0,0,0,0,0,-,-,NA,NA,SAN DIEGO,CARLSBAD,-117.2409001,33.11996012
8042997,2016,2016-05-18,3711,2016-05-09,1410,7348,NA,1,5,7,3711,0,0,0,NA,0,934,CARMEL VALLEY RD,RANCHO SANTA FE RD,0,NA,Y,A,-,N,NA,NA,NA,NA,NA,NA,NA,NA,NA,Y,4,0,1,2,A,-,12,21453,A,N,D,C,A,A,H,-,A,A,0,NA,NA,NA,NA,Y,NA,A,01,0,0,1,0,0,0,0,0,0,-,-,NA,NA,SAN DIEGO,SAN DIEGO,-117.17840552,32.96816436
8043715,2016,2016-05-24,3700,2016-01-01,0037,SH3095,NA,5,5,5,3781,0,0,0,NA,0,512,N MAGNOLIA AV,PALM GLEN,2,S,N,A,-,N,NA,NA,NA,NA,NA,NA,NA,NA,NA,Y,3,0,1,1,A,-,08,22107,NA,N,A,I,A,A,H,-,C,D,0,NA,NA,NA,NA,Y,Y,A,01,0,1,0,0,0,0,0,0,0,-,-,NA,NA,SAN DIEGO,SANTEE,-116.97112981,32.85329452
8044507,2016,2016-08-29,3706,2016-05-13,1454,223,ESCON,5,5,6,3706,0,0,0,NA,0,044,ASH ST,MISSION AV,191,N,N,A,-,N,NA,NA,NA,NA,NA,NA,NA,NA,NA,N,3,0,1,2,A,-,08,22107,NA,F,H,G,A,A,H,-,A,D,0,NA,Y,NA,NA,Y,NA,A,01,0,1,0,0,0,0,1,0,0,-,-,33.13608,-117.0705,SAN DIEGO,ESCONDIDO,-117.07081696,33.13651836
8045400,2016,2016-05-23,3702,2016-05-06,1554,CV0983,NA,5,5,6,3702,0,0,0,NA,0,012,H ST,OAKLAWN AV,75,W,N,A,-,N,NA,NA,NA,NA,NA,NA,NA,NA,NA,N,4,0,1,2,A,-,04,21703,NA,N,C,C,A,A,H,-,A,D,0,NA,NA,NA,NA,Y,NA,A,07,0,0,1,0,0,0,0,0,0,-,-,NA,NA,SAN DIEGO,CHULA VISTA,-117.09286974,32.63000357
8045587,2016,2016-05-26,3701,2016-05-14,1340,5433,81,6,5,5,3701,0,0,0,NA,0,006,GATEWAY RD,EL FUERTE ST,293,W,N,B,-,N,NA,NA,NA,NA,NA,NA,NA,NA,NA,N,4,0,1,2,A,-,09,21804,A,N,D,G,A,A,H,-,A,A,0,NA,Y,NA,NA,Y,NA,A,01,0,0,1,0,0,0,1,0,0,-,-,33.12735,-117.25328,SAN DIEGO,CARLSBAD,-117.25319675,33.12742744
8046074,2016,2017-02-18,3711,2016-04-29,1418,NA,NA,5,5,7,3711,0,0,0,NA,0,NA,RT 163,POLE MARKER #3444,102,S,N,A,-,Y,SD,11,163,-,-,3.38,H,-,N,Y,3,0,2,3,A,-,07,21658,A,N,C,C,A,A,H,-,A,D,0,NA,NA,NA,NA,Y,NA,A,01,0,2,0,0,0,0,0,0,0,-,-,NA,NA,SAN DIEGO,SAN DIEGO,-117.16103144,32.75851883
8046322,2016,2016-05-24,3702,2016-05-09,0030,CV1179,NA,1,5,6,3702,0,0,0,NA,0,041,LA MEDIA RD,SANTA VENETIA,0,NA,Y,A,-,N,NA,NA,NA,NA,NA,NA,NA,NA,NA,Y,4,0,2,2,A,-,03,22350,NA,N,C,C,A,A,H,-,C,A,0,NA,NA,NA,NA,Y,Y,A,01,0,0,2,0,0,0,0,0,0,-,-,NA,NA,SAN DIEGO,CHULA VISTA,-116.98457001,32.62155005
8046330,2016,2016-05-24,3702,2016-05-06,1717,CV0617,NA,5,5,6,3702,0,0,0,NA,0,023,NAPLES ST,PACIFIC HILL ST,20,E,N,B,-,N,NA,NA,NA,NA,NA,NA,NA,NA,NA,Y,4,0,1,2,A,-,08,22107,NA,N,A,C,A,A,H,-,A,D,0,NA,NA,Y,NA,Y,NA,C,02,0,0,1,0,0,0,0,0,1,-,-,NA,NA,SAN DIEGO,CHULA VISTA,-117.03202617,32.62396088
8046385,2016,2016-05-24,3703,2016-05-17,1436,1300,NA,2,5,3,3703,0,0,0,NA,0,001,ALAMEDA BL,PALM AV,159,S,N,B,-,N,NA,NA,NA,NA,NA,NA,NA,NA,NA,Y,4,0,2,2,A,-,08,22103,NA,N,D,C,A,A,H,-,A,D,0,NA,NA,NA,NA,Y,NA,A,01,0,0,2,0,0,0,0,0,0,-,-,NA,NA,SAN DIEGO,CORONADO,-117.18168328,32.70175746
8047638,2016,2016-05-23,3711,2016-05-15,1551,6437,NA,7,5,7,3711,0,0,0,NA,0,811,MONROE AV,36TH ST,108,W,N,B,-,N,NA,NA,NA,NA,NA,NA,NA,NA,NA,N,3,0,1,2,A,-,08,22107,NA,N,C,B,E,A,H,-,A,D,0,Y,NA,NA,NA,Y,NA,-,NA,0,1,0,0,1,0,0,0,0,-,-,NA,NA,SAN DIEGO,SAN DIEGO,-117.11557003,32.75899667
8049208,2016,2016-06-02,3711,2016-05-17,1150,6716,SANDI,2,5,7,3711,0,0,0,NA,0,115,LA JOLLA COLONY DR,ROSENDA CT,0,NA,Y,B,-,N,NA,NA,NA,NA,NA,NA,NA,NA,NA,N,4,0,3,2,A,-,09,21801,A,N,A,C,A,A,H,-,A,A,0,NA,NA,NA,NA,Y,NA,-,NA,0,0,3,0,0,0,0,0,0,-,-,NA,NA,SAN DIEGO,SAN DIEGO,-117.22982011,32.85453005
8049212,2016,2016-06-02,3711,2016-05-23,1502,6737,NA,1,5,7,3711,0,0,0,NA,0,821,EL CAJON BL,62ND ST,0,NA,Y,A,-,N,NA,NA,NA,NA,NA,NA,NA,NA,NA,Y,4,0,1,4,A,-,04,21703,NA,N,C,C,A,A,H,-,A,A,0,NA,NA,NA,NA,Y,NA,A,01,0,0,1,0,0,0,0,0,0,-,-,NA,NA,SAN DIEGO,SAN DIEGO,-117.06460006,32.76294012
8049226,2016,2016-06-29,3711,2016-05-19,1159,6276,NA,4,5,7,3711,0,0,0,NA,0,521,F ST,16TH ST,0,NA,Y,A,-,N,NA,NA,NA,NA,NA,NA,NA,NA,NA,N,4,0,1,2,A,-,08,22100,B,N,D,C,A,A,H,-,A,A,0,NA,NA,NA,NA,Y,NA,-,NA,0,0,1,0,0,0,0,0,0,-,-,NA,NA,SAN DIEGO,SAN DIEGO,-117.14943008,32.71367003
8049232,2016,2016-06-01,3711,2016-05-23,2054,4310,NA,1,5,7,3711,0,0,0,NA,0,111,BALBOA AV,MOUNT ALIFAN DR,0,NA,Y,B,-,N,NA,NA,NA,NA,NA,NA,NA,NA,NA,Y,4,0,2,2,A,-,12,21453,A,M,D,C,A,A,H,-,C,A,0,NA,NA,NA,NA,Y,NA,A,08,0,0,2,0,0,0,0,0,0,-,-,NA,NA,SAN DIEGO,SAN DIEGO,-117.17614012,32.82023006
8049329,2016,2016-06-02,3711,2016-05-21,1928,7425,NA,6,5,7,3711,0,0,0,NA,0,934,CARMEL CREEK RD,VALLEY CENTRE DR,0,NA,Y,A,-,N,NA,NA,NA,NA,NA,NA,NA,NA,NA,Y,3,0,1,2,A,-,09,21453,B,N,B,C,A,A,H,-,A,A,0,NA,NA,NA,NA,Y,NA,-,NA,0,1,0,0,0,0,0,0,0,-,-,NA,NA,SAN DIEGO,SAN DIEGO,-117.22977004,32.93823004
8049358,2016,2016-06-02,3711,2016-05-24,2025,7352,NA,2,5,7,3711,0,0,0,NA,0,627,UNIVERSITY AV,PARK BL,0,NA,Y,A,-,N,NA,NA,NA,NA,NA,NA,NA,NA,NA,Y,4,0,1,3,A,-,12,21453,A,N,D,C,A,A,H,-,C,A,0,NA,Y,NA,NA,Y,NA,-,NA,0,0,1,0,0,0,1,0,0,-,-,NA,NA,SAN DIEGO,SAN DIEGO,-117.14641001,32.74845002
8049932,2016,2016-06-08,3711,2016-05-30,2214,6339,NA,1,5,7,3711,0,0,0,NA,0,242,BLACK MOUNTAIN RD,MIRA MESA BL,0,NA,Y,B,-,N,NA,NA,NA,NA,NA,NA,NA,NA,NA,Y,4,0,1,2,A,-,12,21453,A,N,A,C,A,A,H,-,C,A,0,NA,NA,NA,NA,Y,NA,-,NA,0,0,1,0,0,0,0,0,0,-,-,NA,NA,SAN DIEGO,SAN DIEGO,-117.12489004,32.91723009
8049940,2016,2016-06-08,3711,2016-05-28,1650,3696,NA,6,5,7,3711,0,0,0,NA,0,122,MISSION BL,ORMOND CT,11,S,N,B,-,N,NA,NA,NA,NA,NA,NA,NA,NA,NA,Y,4,0,1,2,A,-,03,22350,NA,N,C,C,A,A,H,-,A,D,0,NA,NA,NA,NA,Y,NA,-,NA,0,0,1,0,0,0,0,0,0,-,-,NA,NA,SAN DIEGO,SAN DIEGO,-117.25256118,32.78142988
8051053,2016,2016-06-01,3710,2016-05-12,1454,OC1363,NA,4,5,6,3710,0,0,0,NA,0,011,MISSION,MESA,324,E,N,A,-,N,NA,NA,NA,NA,NA,NA,NA,NA,NA,Y,2,0,1,2,A,-,08,22107,NA,N,B,C,A,B,H,-,A,D,0,NA,NA,Y,NA,Y,NA,A,01,1,0,0,0,0,0,0,0,1,-,-,NA,NA,SAN DIEGO,OCEANSIDE,-117.35828966,33.20889007
8055241,2016,2016-06-09,3711,2016-05-24,1725,5762,NA,2,5,7,3711,0,0,0,NA,0,325,MISSION GORGE RD,JACKSON DR,0,NA,Y,A,-,N,NA,NA,NA,NA,NA,NA,NA,NA,NA,Y,3,0,3,2,A,-,12,21453,A,N,D,C,A,A,H,-,A,A,0,NA,NA,NA,NA,Y,NA,-,NA,0,2,1,0,0,0,0,0,0,-,-,NA,NA,SAN DIEGO,SAN DIEGO,-117.05961003,32.81712003
8055271,2016,2016-08-05,3711,2016-05-18,2202,6767,SD,3,5,7,3711,0,0,0,NA,0,452,SWEETWOOD ST,SWEETWOOD ST 300,270,S,N,A,-,N,NA,NA,NA,NA,NA,NA,NA,NA,NA,N,4,0,1,2,A,-,11,21954,A,N,G,B,E,A,H,-,C,D,0,Y,NA,NA,NA,Y,NA,N,60,0,0,1,0,1,0,0,0,0,-,-,NA,NA,SAN DIEGO,SAN DIEGO,NA,NA
8055348,2016,2016-06-14,3711,2016-05-25,1345,6963,SD,3,5,7,3711,0,0,0,NA,0,831,ORANGE AV,46TH ST,0,NA,Y,A,-,N,NA,NA,NA,NA,NA,NA,NA,NA,NA,Y,4,0,1,2,A,-,09,21802,A,N,D,C,A,A,H,-,A,D,0,NA,NA,NA,NA,Y,NA,-,NA,0,0,1,0,0,0,0,0,0,-,-,NA,NA,SAN DIEGO,SAN DIEGO,-117.09546002,32.75312005
8055388,2016,2016-06-09,3700,2016-05-02,1504,SH2619,NA,1,5,5,3712,0,0,0,NA,0,352,EAST MISSION RD,MISSION HILLS CT,46,E,N,A,-,N,NA,NA,NA,NA,NA,NA,NA,NA,NA,Y,4,0,4,2,A,-,03,22350,NA,N,C,C,A,A,H,-,A,A,0,NA,NA,NA,NA,Y,NA,D,22,0,0,4,0,0,0,0,0,0,-,-,NA,NA,SAN DIEGO,SAN MARCOS,-117.14587532,33.14458018
8056101,2016,2016-06-09,3709,2016-05-06,1222,452,3709,5,5,5,3709,0,0,0,NA,0,024,HIGHLAND AV,EAST 24TH ST,488,S,N,A,-,N,NA,NA,NA,NA,NA,NA,NA,NA,NA,N,4,0,1,2,A,-,09,21801,A,F,D,C,A,A,H,-,A,D,0,NA,NA,NA,NA,Y,NA,A,01,0,0,1,0,0,0,0,0,0,-,-,NA,NA,SAN DIEGO,NATIONAL CITY,-117.09285699,32.66309281
8057445,2016,2016-08-30,3711,2016-06-01,2150,8192,NA,3,5,7,3711,0,0,0,NA,0,327,FRIARS RD,RT 15,359,W,N,B,-,N,NA,NA,NA,NA,NA,NA,NA,NA,NA,N,3,0,2,2,A,-,03,22350,NA,M,C,C,A,A,H,-,C,A,0,NA,NA,NA,NA,Y,NA,-,99,0,1,1,0,0,0,0,0,0,-,SO,NA,NA,SAN DIEGO,SAN DIEGO,-117.11419,32.78823
8059289,2016,2016-08-30,3711,2016-06-05,1536,6398,NA,7,5,7,3711,0,0,0,NA,0,447,HOME AV,RT 805,300,E,N,A,-,N,NA,NA,NA,NA,NA,NA,NA,NA,NA,N,3,0,2,2,A,-,03,22350,NA,N,C,C,A,A,H,-,A,D,0,NA,NA,NA,NA,Y,NA,-,NA,0,2,0,0,0,0,0,0,0,-,NF,NA,NA,SAN DIEGO,SAN DIEGO,-117.1032,32.72577
8059341,2016,2016-06-28,3711,2016-06-03,0135,7427,NA,5,5,7,3711,0,0,0,NA,0,521,ISLAND AV,16TH ST,20,S,N,A,-,N,NA,NA,NA,NA,NA,NA,NA,NA,NA,Y,4,0,1,2,A,-,12,22450,A,M,B,C,A,A,H,-,C,D,0,NA,NA,NA,NA,Y,NA,-,99,0,0,1,0,0,0,0,0,0,-,-,NA,NA,SAN DIEGO,SAN DIEGO,-117.14946,32.71045
8059733,2016,2016-06-11,3701,2016-06-03,1626,5454,123,5,5,5,3701,0,0,0,NA,0,008,RANCHO SANTA FE RD,LA COSTA AV,45,S,N,A,-,N,NA,NA,NA,NA,NA,NA,NA,NA,NA,N,4,0,2,2,A,-,21,22106,NA,N,C,C,A,A,H,-,A,D,0,NA,NA,NA,NA,Y,NA,A,08,0,0,2,0,0,0,0,0,0,-,-,33.08077,-117.23756,SAN DIEGO,CARLSBAD,-117.23705986,33.08149266
8059912,2016,2016-06-16,3700,2016-05-12,2259,SH0817,NA,4,5,5,3713,0,0,0,NA,0,308,WEST VISTA WY,BRASS LN,32,E,N,A,-,N,NA,NA,NA,NA,NA,NA,NA,NA,NA,Y,2,0,2,2,A,-,01,23152,A,N,A,C,A,A,H,-,C,D,0,NA,NA,NA,NA,Y,Y,A,01,2,0,0,0,0,0,0,0,0,-,-,NA,NA,SAN DIEGO,VISTA,-117.25896573,33.19444
8061186,2016,2016-07-21,3711,2016-07-11,1920,8192,NA,1,5,7,3711,0,0,0,NA,0,838,UNIVERSITY AV,36TH ST,75,E,N,A,-,N,NA,NA,NA,NA,NA,NA,NA,NA,NA,Y,4,0,1,2,A,-,08,22107,NA,N,B,C,A,A,H,-,A,D,0,NA,NA,NA,NA,Y,NA,A,01,0,0,1,0,0,0,0,0,0,-,-,NA,NA,SAN DIEGO,SAN DIEGO,-117.11534693,32.7497362
8061187,2016,2016-07-21,3711,2016-07-12,1554,4507,SANDI,2,5,7,3711,0,0,0,NA,0,124,LA JOLLA VILLAGE DR,VILLA LA JOLLA DR,0,NA,Y,A,-,N,NA,NA,NA,NA,NA,NA,NA,NA,NA,Y,4,0,2,4,A,-,12,21453,A,N,B,C,A,A,H,-,A,A,0,NA,NA,NA,NA,Y,NA,-,NA,0,0,2,0,0,0,0,0,0,-,-,NA,NA,SAN DIEGO,SAN DIEGO,-117.2339,32.87178004
8062065,2016,2016-08-30,3710,2016-06-14,1700,OC1413,NA,2,5,6,3710,0,0,0,NA,0,037,COLLEGE BL,LAKE BL,0,NA,Y,A,-,N,NA,NA,NA,NA,NA,NA,NA,NA,NA,N,4,0,2,2,A,-,03,22350,NA,N,B,C,A,A,H,-,A,A,0,NA,NA,NA,NA,Y,NA,A,01,0,0,2,0,0,0,0,0,0,-,-,NA,NA,SAN DIEGO,OCEANSIDE,-117.29390008,33.17863005
8062903,2016,2016-09-29,3702,2016-09-05,1726,CV1151,NA,1,5,6,3702,0,0,0,NA,0,021,BROADWAY,OXFORD ST,45,S,N,A,-,N,NA,NA,NA,NA,NA,NA,NA,NA,NA,N,4,0,1,3,A,-,07,21658,A,N,D,C,A,A,H,-,A,A,0,NA,NA,Y,NA,Y,NA,C,02,0,0,1,0,0,0,0,0,1,-,-,NA,NA,SAN DIEGO,CHULA VISTA,-117.08001665,32.60662233
8064430,2016,2016-06-21,3711,2016-06-07,0738,7421,NA,2,5,7,3711,0,0,0,NA,0,444,MARKET ST,TOYNE ST,20,NA,N,B,-,N,NA,NA,NA,NA,NA,NA,NA,NA,NA,Y,4,0,1,2,A,-,09,21802,A,N,-,C,A,A,H,-,A,D,0,NA,NA,NA,NA,Y,NA,-,NA,0,0,1,0,0,0,0,0,0,-,-,NA,NA,SAN DIEGO,SAN DIEGO,-117.10373005,32.71148001
8064824,2016,2016-06-16,3702,2016-05-18,1949,CV1031,NA,3,5,6,3702,0,0,0,NA,0,012,MARINA PKWY,G ST,220,N,N,A,-,N,NA,NA,NA,NA,NA,NA,NA,NA,NA,Y,2,0,1,2,A,-,01,23152,A,N,A,C,A,A,H,-,B,D,0,NA,NA,Y,NA,Y,Y,A,01,1,0,0,0,0,0,0,0,1,-,-,NA,NA,SAN DIEGO,CHULA VISTA,-117.10412807,32.63129769