CASE_ID,ACCIDENT_YEAR,PROC_DATE,JURIS,COLLISION_DATE,COLLISION_TIME,OFFICER_ID,REPORTING_DISTRICT,DAY_OF_WEEK,CHP_SHIFT,POPULATION,CNTY_CITY_LOC,SPECIAL_COND,BEAT_TYPE,CHP_BEAT_TYPE,CITY_DIVISION_LAPD,CHP_BEAT_CLASS,BEAT_NUMBER,PRIMARY_RD,SECONDARY_RD,DISTANCE,DIRECTION,INTERSECTION,WEATHER_1,WEATHER_2,STATE_HWY_IND,CALTRANS_COUNTY,CALTRANS_DISTRICT,STATE_ROUTE,ROUTE_SUFFIX,POSTMILE_PREFIX,POSTMILE,LOCATION_TYPE,RAMP_INTERSECTION,SIDE_OF_HWY,TOW_AWAY,COLLISION_SEVERITY,NUMBER_KILLED,NUMBER_INJURED,PARTY_COUNT,PRIMARY_COLL_FACTOR,PCF_CODE_OF_VIOL,PCF_VIOL_CATEGORY,PCF_VIOLATION,PCF_VIOL_SUBSECTION,HIT_AND_RUN,TYPE_OF_COLLISION,MVIW,PED_ACTION,ROAD_SURFACE,ROAD_COND_1,ROAD_COND_2,LIGHTING,CONTROL_DEVICE,CHP_ROAD_TYPE,PEDESTRIAN_ACCIDENT,BICYCLE_ACCIDENT,MOTORCYCLE_ACCIDENT,TRUCK_ACCIDENT,NOT_PRIVATE_PROPERTY,ALCOHOL_INVOLVED,STWD_VEHTYPE_AT_FAULT,CHP_VEHTYPE_AT_FAULT,COUNT_SEVERE_INJ,COUNT_VISIBLE_INJ,COUNT_COMPLAINT_PAIN,COUNT_PED_KILLED,COUNT_PED_INJURED,COUNT_BICYCLIST_KILLED,COUNT_BICYCLIST_INJURED,COUNT_MC_KILLED,COUNT_MC_INJURED,PRIMARY_RAMP,SECONDARY_RAMP,LATITUDE,LONGITUDE,COUNTY,CITY,POINT_X,POINT_Y
8390202,2017,2017-06-19,3702,2017-04-13,0750,CV0928,NA,4,5,6,3702,0,0,0,NA,0,021,NAPLES ST,GRANJAS RD,15,W,N,A,-,N,NA,NA,NA,NA,NA,NA,NA,NA,NA,Y,3,0,1,3,A,-,03,22350,NA,N,C,C,A,A,H,-,A,D,0,NA,NA,Y,NA,Y,NA,C,02,0,1,0,0,0,0,0,0,1,-,-,NA,NA,SAN DIEGO,CHULA VISTA,-117.07931616,32.61081727
8391087,2017,2017-06-28,3708,2017-05-27,1515,IM1264,NA,6,5,5,3708,0,0,0,NA,0,001,DATE AV,LEMON AV,0,NA,Y,A,-,N,NA,NA,NA,NA,NA,NA,NA,NA,NA,N,3,0,3,2,A,-,09,21802,A,N,D,C,A,A,H,-,A,D,0,NA,NA,NA,NA,Y,NA,A,01,0,1,2,0,0,0,0,0,0,-,-,NA,NA,SAN DIEGO,LA MESA,-117.02096013,32.76315004
8393901,2017,2017-07-12,3710,2017-06-05,1425,OC0646,030,1,5,6,3710,0,0,0,NA,0,007,EMERALD DR,CHASIN ST,130,S,N,B,-,N,NA,NA,NA,NA,NA,NA,NA,NA,NA,Y,3,0,1,1,C,-,18,NA,NA,N,E,I,A,A,H,-,A,D,0,NA,NA,NA,NA,Y,NA,-,-,0,1,0,0,0,0,0,0,0,-,-,33.19957,-117.2796,SAN DIEGO,OCEANSIDE,-117.27949444,33.19926387
8395175,2017,2017-06-28,3705,2017-05-26,0958,EC0337,NA,5,5,5,3705,0,0,0,NA,0,009,E MAIN,ORLANDO,44,W,N,A,-,N,NA,NA,NA,NA,NA,NA,NA,NA,NA,N,4,0,1,2,A,-,03,22350,NA,N,C,C,A,A,H,-,A,D,0,NA,NA,NA,NA,Y,NA,A,01,0,0,1,0,0,0,0,0,0,-,-,NA,NA,SAN DIEGO,EL CAJON,-116.94027266,32.79493115
8395418,2017,2017-06-29,3710,2017-05-14,1430,OC1445,NA,7,5,6,3710,0,0,0,NA,0,013,VIA ESMARCA,COSTA VISTA WY,0,NA,Y,A,-,N,NA,NA,NA,NA,NA,NA,NA,NA,NA,N,3,0,1,1,A,-,03,22350,NA,N,H,-,A,A,H,-,A,D,0,NA,Y,NA,NA,Y,NA,L,04,0,1,0,0,0,0,1,0,0,-,-,NA,NA,SAN DIEGO,OCEANSIDE,-117.33289001,33.1907701
8395966,2017,2017-07-14,3709,2017-06-02,2222,NC0442,NA,5,5,5,3709,0,0,0,NA,0,023,SWEETWATER RD,LINE VALLEY RD,317,W,N,A,-,N,NA,NA,NA,NA,NA,NA,NA,NA,NA,N,3,0,1,3,A,-,08,22107,NA,N,C,E,A,A,H,-,C,D,0,NA,NA,NA,NA,Y,Y,A,01,0,1,0,0,0,0,0,0,0,-,-,NA,NA,SAN DIEGO,NATIONAL CITY,-117.07104743,32.66009173
8396498,2017,2017-06-26,3710,2017-06-03,2152,OC1421,NA,6,5,6,3710,0,0,0,NA,0,037,LAKE BL,ESPLANADE ST,0,NA,Y,A,-,N,NA,NA,NA,NA,NA,NA,NA,NA,NA,Y,3,0,2,1,A,-,03,22350,NA,N,A,I,A,A,H,-,C,A,0,NA,NA,NA,NA,Y,NA,A,01,0,1,1,0,0,0,0,0,0,-,-,NA,NA,SAN DIEGO,OCEANSIDE,-117.29159003,33.17915004
8396971,2017,2017-06-28,3706,2017-06-15,0801,380,ESCON,4,5,6,3706,0,0,0,NA,0,052,13TH AV,MAPLE ST,135,W,N,A,-,N,NA,NA,NA,NA,NA,NA,NA,NA,NA,Y,3,0,4,2,A,-,09,21804,A,N,D,C,A,A,H,-,A,D,0,NA,NA,NA,NA,Y,NA,D,22,0,2,2,0,0,0,0,0,0,-,-,33.11021,-117.07515,SAN DIEGO,ESCONDIDO,-117.0755892,33.10998323
8398434,2017,2017-07-06,3705,2017-06-01,0913,EC0337,NA,4,5,5,3705,0,0,0,NA,0,007,NARANCA,N 2ND,5,W,N,A,-,N,NA,NA,NA,NA,NA,NA,NA,NA,NA,N,3,0,1,2,A,-,08,22107,NA,N,D,G,A,A,H,-,A,D,0,NA,Y,NA,NA,Y,NA,A,01,0,1,0,0,0,0,1,0,0,-,-,NA,NA,SAN DIEGO,EL CAJON,-116.93580621,32.80390989
8398450,2017,2017-07-03,3711,2017-06-20,1750,7560,SANDI,2,5,7,3711,0,0,0,NA,0,321,FRIARS RD,RIVERDALE ST,100,E,N,A,-,N,NA,NA,NA,NA,NA,NA,NA,NA,NA,Y,3,0,1,2,A,-,08,22107,NA,N,B,C,A,A,H,-,A,A,0,NA,NA,Y,NA,Y,NA,A,01,0,1,0,0,0,0,0,0,1,-,-,NA,NA,SAN DIEGO,SAN DIEGO,-117.0993136,32.79070115
8400907,2017,2017-07-10,3711,2017-06-19,0553,5985,NA,1,5,7,3711,0,0,0,NA,0,611,ROSECRANS ST,QUIMBY ST,98,S,N,B,-,N,NA,NA,NA,NA,NA,NA,NA,NA,NA,Y,2,0,2,2,A,-,05,21460,A,N,A,C,A,A,H,-,B,D,0,NA,NA,NA,NA,Y,NA,A,01,1,1,0,0,0,0,0,0,0,-,-,NA,NA,SAN DIEGO,SAN DIEGO,-117.22345292,32.7313905
8400972,2017,2017-07-31,3711,2017-06-16,2106,6895,NA,5,5,7,3711,0,0,0,NA,0,822,UNIVERSITY AV,54TH ST,100,E,N,A,-,N,NA,NA,NA,NA,NA,NA,NA,NA,NA,N,4,0,1,2,A,-,11,21954,A,N,G,B,D,A,H,-,C,A,0,Y,NA,NA,NA,Y,Y,N,60,0,0,1,0,1,0,0,0,0,-,-,NA,NA,SAN DIEGO,SAN DIEGO,-117.07917012,32.74870966
8401060,2017,2017-07-31,3711,2017-06-21,2113,6146,NA,3,5,7,3711,0,0,0,NA,0,515,IMPERIAL AV,25TH ST,0,NA,Y,A,-,N,NA,NA,NA,NA,NA,NA,NA,NA,NA,Y,2,0,3,3,A,-,12,21453,A,N,D,C,A,A,H,-,C,A,0,NA,NA,NA,NA,Y,Y,A,01,1,1,1,0,0,0,0,0,0,-,-,NA,NA,SAN DIEGO,SAN DIEGO,-117.14019007,32.70635006
8401116,2017,2017-07-31,3711,2017-06-23,1125,7390,NA,5,5,7,3711,0,0,0,NA,0,122,INGRAHAM ST,BUENA VISTA,15,S,N,A,-,N,NA,NA,NA,NA,NA,NA,NA,NA,NA,Y,3,0,1,1,A,-,08,22107,NA,N,E,I,A,A,H,-,A,D,0,NA,NA,NA,NA,Y,NA,-,NA,0,1,0,0,0,0,0,0,0,-,-,NA,NA,SAN DIEGO,SAN DIEGO,-117.23641867,32.78050004
8402195,2017,2017-07-19,3710,2017-06-06,0451,OC1436,033,2,5,6,3710,0,0,0,NA,0,009,MISSION AV,AVENIDA DEL GADO,39,E,N,B,-,N,NA,NA,NA,NA,NA,NA,NA,NA,NA,Y,3,0,1,2,A,-,09,21802,B,N,E,I,A,A,H,-,B,D,0,NA,NA,Y,Y,Y,NA,F,26,0,1,0,0,0,0,0,0,1,-,-,NA,NA,SAN DIEGO,OCEANSIDE,-117.30443099,33.2299563
8404729,2017,2019-04-09,3711,2017-03-09,2352,6366,NA,4,5,7,3711,0,0,0,NA,0,312,SANTO RD,ANTIGUA BL,360,N,N,A,-,N,NA,NA,NA,NA,NA,NA,NA,NA,NA,N,1,1,0,2,A,-,11,21956,A,F,G,B,E,A,H,-,D,D,0,Y,NA,NA,NA,Y,Y,N,60,0,0,0,1,0,0,0,0,0,-,-,NA,NA,SAN DIEGO,SAN DIEGO,-117.10068167,32.83459068
8405674,2017,2017-08-23,3711,2017-08-01,1829,6000,NA,2,5,7,3711,0,0,0,NA,0,524,G ST,8TH AV,49,E,N,A,-,N,NA,NA,NA,NA,NA,NA,NA,NA,NA,N,4,0,1,2,A,-,04,21703,NA,N,C,C,A,A,H,-,A,D,0,NA,NA,NA,NA,Y,NA,D,22,0,0,1,0,0,0,0,0,0,-,-,NA,NA,SAN DIEGO,SAN DIEGO,-117.15725122,32.71259
8405847,2017,2017-07-26,3706,2017-07-07,0905,511,ESCON,5,5,6,3706,0,0,0,NA,0,NA,WASHINGTON AV,ASTER ST E,85,W,N,A,-,N,NA,NA,NA,NA,NA,NA,NA,NA,NA,Y,4,0,1,4,A,-,08,22107,NA,N,C,E,A,A,H,-,A,D,0,NA,NA,NA,NA,Y,NA,A,01,0,0,1,0,0,0,0,0,0,-,-,33.13849,-117.05882,SAN DIEGO,ESCONDIDO,-117.05919463,33.13830404
8406161,2017,2017-08-07,3706,2017-07-06,1203,318,ESCON,4,5,6,3706,0,0,0,NA,0,041,ESCONDIDO BL,DECATUR WY,505,N,N,A,-,N,NA,NA,NA,NA,NA,NA,NA,NA,NA,Y,3,0,2,2,A,-,09,21804,A,N,D,C,A,A,H,-,A,D,0,NA,NA,NA,NA,Y,NA,A,01,0,2,0,0,0,0,0,0,0,-,-,NA,NA,SAN DIEGO,ESCONDIDO,-117.09275239,33.13678211
8406979,2017,2018-07-09,3703,2017-07-29,0015,1300,NA,6,5,3,3703,0,0,0,NA,0,003,RT 75,AVENIDA DEL SOL,0,NA,Y,A,-,Y,SD,11,75,-,-,18.4,H,-,N,Y,4,0,1,1,A,-,01,23152,A,N,E,I,A,A,H,-,C,D,0,NA,NA,Y,NA,Y,Y,C,02,0,0,1,0,0,0,0,0,1,-,-,NA,NA,SAN DIEGO,CORONADO,-117.17561627,32.67932166
8407189,2017,2018-04-12,3710,2017-06-17,2154,OC1442,024,6,5,6,3710,0,0,0,NA,0,006,RT 76,DOUGLAS DR,0,NA,Y,A,-,Y,SD,11,76,-,R,3.745,I,5,E,Y,4,0,1,2,A,-,12,21453,A,N,D,C,A,A,H,-,C,A,0,NA,NA,NA,NA,Y,NA,A,01,0,0,1,0,0,0,0,0,0,-,-,33.22564,-117.32599,SAN DIEGO,OCEANSIDE,-117.32566607,33.22566352
8408565,2017,2017-07-31,3711,2017-07-17,1857,7160,SD,1,5,7,3711,0,0,0,NA,0,312,SALMON ST,SAMPLE ST,380,S,N,A,-,N,NA,NA,NA,NA,NA,NA,NA,NA,NA,N,3,0,1,2,A,-,00,21954,NA,N,G,B,E,A,H,-,A,D,0,Y,NA,NA,NA,Y,Y,N,60,0,1,0,0,1,0,0,0,0,-,-,NA,NA,SAN DIEGO,SAN DIEGO,-117.10640642,32.80225086
8408567,2017,2017-07-31,3711,2017-07-16,1915,8816,NA,7,5,7,3711,0,0,0,NA,0,122,PACIFIC BEACH DR,INGRAHAM ST,500,E,N,A,-,N,NA,NA,NA,NA,NA,NA,NA,NA,NA,N,4,0,1,2,A,-,03,22350,NA,M,G,B,E,A,H,-,A,A,0,Y,NA,NA,NA,Y,NA,-,NA,0,0,1,0,1,0,0,0,0,-,-,NA,NA,SAN DIEGO,SAN DIEGO,-117.23754113,32.79431679
8408969,2017,2017-09-11,3711,2017-07-14,1859,7576,SANDI,5,5,7,3711,0,0,0,NA,0,311,MURRAY RIDGE RD,MURRAY RIDGE RD 3300,0,NA,N,A,-,N,NA,NA,NA,NA,NA,NA,NA,NA,NA,Y,4,0,1,2,A,-,09,21802,A,N,D,C,A,A,H,-,A,A,0,NA,NA,NA,NA,Y,NA,-,NA,0,0,1,0,0,0,0,0,0,-,-,NA,NA,SAN DIEGO,SAN DIEGO,-117.14104414,32.80358496
8409377,2017,2017-07-24,3711,2017-07-07,0827,6418,NA,5,5,7,3711,0,0,0,NA,0,115,GENESEE AV,RADCLIFFE LN,0,NA,Y,A,-,N,NA,NA,NA,NA,NA,NA,NA,NA,NA,Y,4,0,1,2,A,-,09,21801,A,N,D,C,A,A,H,-,A,D,0,NA,NA,NA,NA,Y,NA,A,01,0,0,1,0,0,0,0,0,0,-,-,NA,NA,SAN DIEGO,SAN DIEGO,-117.20398007,32.85225012
8410373,2017,2017-07-26,3711,2017-06-30,1930,4576,NA,5,5,7,3711,0,0,0,NA,0,313,COPLEY DR,HICKMAN FIELD DR,528,W,N,A,-,N,NA,NA,NA,NA,NA,NA,NA,NA,NA,N,2,0,1,2,A,-,11,21954,A,F,G,B,D,A,H,-,B,D,0,Y,NA,NA,NA,Y,Y,N,60,1,0,0,0,1,0,0,0,0,-,-,NA,NA,SAN DIEGO,SAN DIEGO,-117.16915622,32.84069955
8410626,2017,2017-07-27,3711,2017-07-13,2122,5929,NA,4,5,7,3711,0,0,0,NA,0,123,MISSION BAY DR,SEA WORLD DR,510,S,N,A,-,N,NA,NA,NA,NA,NA,NA,NA,NA,NA,Y,4,0,2,2,A,-,04,21703,NA,N,C,C,A,A,H,-,D,D,0,NA,NA,NA,NA,Y,NA,A,01,0,0,2,0,0,0,0,0,0,-,-,NA,NA,SAN DIEGO,SAN DIEGO,-117.23021,32.76131
8411366,2017,2017-07-25,3705,2017-07-11,1534,EC0295,NA,2,5,5,3705,0,0,0,NA,0,010,NORTH MAGNOLIA,WISCONSIN,132,N,N,A,-,N,NA,NA,NA,NA,NA,NA,NA,NA,NA,N,3,0,1,1,A,-,08,22107,NA,N,F,A,A,A,H,-,A,D,0,NA,Y,NA,NA,Y,NA,L,04,0,1,0,0,0,0,1,0,0,-,-,NA,NA,SAN DIEGO,EL CAJON,-116.96236,32.79961141
8412603,2017,2017-09-05,3711,2017-08-17,1136,6830,NA,4,5,7,3711,0,0,0,NA,0,111,CLAIREMONT MESA BL,LIMERICK,36,W,N,A,-,N,NA,NA,NA,NA,NA,NA,NA,NA,NA,NA,4,0,2,2,A,-,04,21703,NA,N,C,C,A,A,H,-,A,A,0,NA,NA,NA,NA,Y,NA,-,NA,0,0,2,0,0,0,0,0,0,-,-,NA,NA,SAN DIEGO,SAN DIEGO,-117.17886758,32.83437158
8412612,2017,2017-09-06,3711,2017-08-16,1947,5679,NA,3,5,7,3711,0,0,0,NA,0,233,EMDEN RD,BLACK MOUNTAIN RD,18,W,N,A,-,N,NA,NA,NA,NA,NA,NA,NA,NA,NA,Y,2,0,2,2,A,-,09,21801,A,N,E,I,A,A,H,-,B,D,0,NA,NA,NA,NA,Y,NA,A,01,1,1,0,0,0,0,0,0,0,-,-,NA,NA,SAN DIEGO,SAN DIEGO,-117.13107838,32.98246684
8412638,2017,2017-09-11,3710,2017-08-11,0922,OC0740,005,5,5,6,3710,0,0,0,NA,0,004,OCEANSIDE BL,GREENBRIER DR,0,NA,Y,A,-,N,NA,NA,NA,NA,NA,NA,NA,NA,NA,Y,4,0,1,3,A,-,12,21453,A,N,D,C,A,A,H,-,A,A,0,NA,NA,NA,NA,Y,NA,D,22,0,0,1,0,0,0,0,0,0,-,-,NA,NA,SAN DIEGO,OCEANSIDE,-117.35494,33.19420008
8414337,2017,2017-09-20,3711,2017-09-03,1842,7604,SAN D,7,5,7,3711,0,0,0,NA,0,935,VIA DE LA VALLE,SAN ANDREAS BL,948,W,N,B,-,N,NA,NA,NA,NA,NA,NA,NA,NA,NA,Y,3,0,1,2,A,-,04,21703,NA,N,C,C,A,A,H,-,A,A,0,NA,NA,NA,NA,Y,NA,A,07,0,1,0,0,0,0,0,0,0,-,-,NA,NA,SAN DIEGO,SAN DIEGO,-117.25129701,32.98028481
8416875,2017,2017-08-07,3706,2017-06-26,1600,342,NA,1,5,6,3706,0,0,0,NA,0,NA,CENTRE CITY PKWY,VALLEY PKWY,0,NA,Y,A,-,N,NA,NA,NA,NA,NA,NA,NA,NA,NA,N,4,0,2,2,A,-,12,21453,A,N,D,C,A,A,H,-,A,A,0,NA,NA,NA,Y,Y,NA,A,01,0,0,2,0,0,0,0,0,0,-,-,33.12005,-117.08725,SAN DIEGO,ESCONDIDO,-117.08737011,33.11996005
8416901,2017,2017-08-07,3710,2017-07-02,0122,OC1418,036,7,5,6,3710,0,0,0,NA,0,009,OCEANSIDE BL,TEMPLE HEIGHTS DR,1500,E,N,A,-,N,NA,NA,NA,NA,NA,NA,NA,NA,NA,Y,3,0,1,1,A,-,03,22350,NA,N,E,I,A,A,H,-,C,D,0,NA,NA,NA,NA,Y,Y,A,01,0,1,0,0,0,0,0,0,0,-,-,NA,NA,SAN DIEGO,OCEANSIDE,-117.26685496,33.21925701
8417212,2017,2017-07-31,3702,2017-05-18,1500,CV1132,NA,4,5,6,3702,0,0,0,NA,0,013,BAY BL,BAY BL 700 PRIVATE DRIVEWAY,12,S,N,A,-,N,NA,NA,NA,NA,NA,NA,NA,NA,NA,Y,3,0,1,1,A,-,03,22350,NA,N,E,I,A,A,H,-,A,D,0,NA,NA,Y,NA,Y,NA,C,02,0,1,0,0,0,0,0,0,1,-,-,NA,NA,SAN DIEGO,CHULA VISTA,NA,NA
84176380,2024,2024-08-13,3701,2024-08-10,49,CB5583,NA,6,5,5,3701,0,0,0,NA,0,001,CARLSBAD VILLAGE DR,HOPE AV ALLEY,220,E,N,A,-,N,NA,NA,NA,NA,NA,NA,NA,NA,NA,Y,3,0,1,2,A,-,09,21804,A,F,D,C,A,A,H,-,C,D,0,NA,NA,NA,NA,Y,Y,A,01,0,1,0,0,0,0,0,0,0,-,-,33.162139892578125,-117.34407043457033,SAN DIEGO,CARLSBAD,-117.3435516357422,33.16261672973633
8418058,2017,2017-08-04,3711,2017-07-19,0051,4310,NA,3,5,7,3711,0,0,0,NA,0,124,TORREY PINES RD,ARDATH LN,492,E,N,A,-,N,NA,NA,NA,NA,NA,NA,NA,NA,NA,Y,3,0,1,2,A,-,08,22107,NA,N,C,E,A,A,H,-,C,D,0,NA,NA,NA,NA,Y,Y,A,01,0,1,0,0,0,0,0,0,0,-,-,NA,NA,SAN DIEGO,SAN DIEGO,-117.24894051,32.85102985
8420615,2017,2018-04-20,3700,2017-06-08,2124,SH0236,NA,4,5,5,3713,0,0,0,NA,0,312,NORTH EMERALD DR,RT 78,10,S,N,A,-,Y,SD,11,78,-,-,4.554,R,4,W,N,4,0,2,2,D,-,00,NA,NA,N,D,C,A,A,H,-,C,A,0,NA,NA,NA,NA,Y,NA,-,-,0,0,2,0,0,0,0,0,0,-,WO,NA,NA,SAN DIEGO,VISTA,-117.27695839,33.18933355
8420746,2017,2018-07-09,3711,2017-07-05,1541,5046,NA,3,5,7,3711,0,0,0,NA,0,623,ULRIC ST,FRIARS RD,265,N,N,A,-,Y,SD,11,163,-,-,4.273,R,4,S,Y,2,0,1,2,A,-,09,21801,A,N,D,-,A,-,H,-,A,D,0,NA,NA,Y,NA,Y,NA,A,07,1,0,0,0,0,0,0,0,1,-,-,NA,NA,SAN DIEGO,SAN DIEGO,-117.16177593,32.77043255
8421166,2017,2017-08-03,3711,2017-07-20,1859,6712,NA,4,5,7,3711,0,0,0,NA,0,124,TORREY PINES RD,TORREY PINES RD 4100,111,W,N,A,-,N,NA,NA,NA,NA,NA,NA,NA,NA,NA,N,2,0,1,2,A,-,03,22350,NA,N,C,G,A,A,H,-,B,D,0,NA,Y,NA,NA,Y,NA,-,NA,1,0,0,0,0,0,1,0,0,-,-,NA,NA,SAN DIEGO,SAN DIEGO,NA,NA
8422790,2017,2017-08-07,3700,2017-06-16,1550,SH2076,NA,5,5,4,3780,0,0,0,NA,0,414,POMERADO RD,OAK KNOLL RD,0,NA,Y,A,-,N,NA,NA,NA,NA,NA,NA,NA,NA,NA,N,3,0,1,2,A,-,06,21755,NA,N,D,C,A,A,H,-,A,A,0,NA,NA,Y,NA,Y,NA,C,03,0,1,0,0,0,0,0,0,1,-,-,NA,NA,SAN DIEGO,POWAY,-117.06256002,32.95004004
8424122,2017,2017-11-08,3701,2017-07-22,1215,CB5368,NA,6,5,5,3701,0,0,0,NA,0,008,LA COSTA AV,VIEJA CASTILLA,0,NA,Y,A,-,N,NA,NA,NA,NA,NA,NA,NA,NA,NA,N,4,0,2,2,A,-,-,NA,NA,N,C,C,A,A,H,-,A,A,0,NA,NA,NA,NA,Y,NA,A,01,0,0,2,0,0,0,0,0,0,-,-,NA,NA,SAN DIEGO,CARLSBAD,-117.25258005,33.08631007
8424275,2017,2017-08-11,3702,2017-06-22,1845,CV148,NA,4,5,6,3702,0,0,0,NA,0,042,EASTLAKE PKWY,OTAY LAKES,330,S,N,A,-,N,NA,NA,NA,NA,NA,NA,NA,NA,NA,N,4,0,1,2,A,-,03,22350,NA,N,C,C,A,A,H,-,A,D,0,NA,NA,NA,NA,Y,NA,A,01,0,0,1,0,0,0,0,0,0,-,-,NA,NA,SAN DIEGO,CHULA VISTA,-116.96523449,32.64740408
8426246,2017,2017-08-22,3706,2017-07-30,0531,450,ESCON,7,5,6,3706,0,0,0,NA,0,054,GRAND AV,GAYLAND ST,84,W,N,A,-,N,NA,NA,NA,NA,NA,NA,NA,NA,NA,Y,3,0,1,3,A,-,01,23152,A,N,B,E,A,A,H,-,C,D,0,NA,NA,NA,NA,Y,Y,A,01,0,1,0,0,0,0,0,0,0,-,-,33.13304,-117.05264,SAN DIEGO,ESCONDIDO,-117.05284888,33.13287803
8427904,2017,2017-11-15,3711,2017-07-26,1757,7127,NA,3,5,7,3711,0,0,0,NA,0,521,G ST,17TH ST,0,NA,Y,A,-,N,NA,NA,NA,NA,NA,NA,NA,NA,NA,Y,4,0,1,2,A,-,09,21802,A,N,D,C,A,A,H,-,A,D,0,NA,NA,NA,NA,Y,NA,-,-,0,0,1,0,0,0,0,0,0,-,-,NA,NA,SAN DIEGO,SAN DIEGO,-117.14857011,32.71263004
8427916,2017,2017-08-16,3711,2017-07-27,2012,7594,NA,4,5,7,3711,0,0,0,NA,0,813,30TH ST,LINCOLN AV,269,S,N,A,-,N,NA,NA,NA,NA,NA,NA,NA,NA,NA,N,3,0,1,2,A,-,08,22102,NA,N,D,G,A,A,H,-,C,D,0,NA,Y,NA,NA,Y,NA,A,01,0,1,0,0,0,0,1,0,0,-,-,NA,NA,SAN DIEGO,SAN DIEGO,-117.13015572,32.74959314
8428327,2017,2017-08-22,3711,2017-07-20,1830,HB5712,NA,4,5,7,3711,0,0,0,NA,0,503,HARBOR DR,WEST LAUREL ST,1056,W,N,A,-,N,NA,NA,NA,NA,NA,NA,NA,NA,NA,N,4,0,1,2,A,-,03,22350,NA,N,C,C,A,A,H,-,A,D,0,NA,NA,NA,NA,Y,NA,A,08,0,0,1,0,0,0,0,0,0,-,-,NA,NA,SAN DIEGO,SAN DIEGO,-117.18083195,32.7276702
8430359,2017,2017-09-13,3700,2017-08-21,1920,SH0029,NA,1,5,5,3713,0,0,0,NA,0,301,SPORTS PARK WY,W BOBIER DR,4,N,N,A,-,N,NA,NA,NA,NA,NA,NA,NA,NA,NA,N,4,0,1,2,A,-,05,21650,1,N,D,G,A,A,H,-,A,A,0,NA,Y,NA,NA,Y,NA,L,04,0,0,1,0,0,0,1,0,0,-,-,NA,NA,SAN DIEGO,VISTA,-117.25605038,33.22120095
8431674,2017,2018-05-08,3705,2017-08-17,2018,EC0354,NA,4,5,5,3705,0,0,0,NA,0,010,E MADISON,MAGNOLIA,56,N,N,A,-,N,NA,NA,NA,NA,NA,NA,NA,NA,NA,N,4,0,1,2,A,-,03,22350,NA,N,C,C,A,A,H,-,C,D,0,NA,NA,NA,NA,Y,NA,A,01,0,0,1,0,0,0,0,0,0,-,-,NA,NA,SAN DIEGO,EL CAJON,-116.96237,32.80087
8432336,2017,2017-08-22,3710,2017-07-21,0905,OC0740,011,5,5,6,3710,0,0,0,NA,0,004,MISSION AV,SAN DIEGO ST,0,NA,Y,A,-,N,NA,NA,NA,NA,NA,NA,NA,NA,NA,Y,4,0,2,2,A,-,09,21453,C,N,A,C,A,A,H,-,A,A,0,NA,NA,NA,NA,Y,NA,A,01,0,0,2,0,0,0,0,0,0,-,-,NA,NA,SAN DIEGO,OCEANSIDE,-117.36907004,33.20178003
8432670,2017,2017-08-22,3711,2017-08-08,2157,6146,NA,2,5,7,3711,0,0,0,NA,0,441,IMPERIAL AV,MARKETPLACE AV,0,NA,Y,A,-,N,NA,NA,NA,NA,NA,NA,NA,NA,NA,Y,2,0,1,2,A,-,09,21801,A,N,D,C,A,A,H,-,C,D,0,NA,NA,Y,NA,Y,NA,A,01,1,0,0,0,0,0,0,0,1,-,-,NA,NA,SAN DIEGO,SAN DIEGO,-117.09941003,32.70412007
8433241,2017,2017-08-30,3711,2017-07-18,0932,6303,NA,2,5,7,3711,0,0,0,NA,0,447,FEDERAL BL,47TH ST,0,NA,Y,A,-,N,NA,NA,NA,NA,NA,NA,NA,NA,NA,Y,3,0,3,2,A,-,12,21453,A,N,D,C,A,A,H,-,A,A,0,NA,NA,NA,NA,Y,NA,A,01,0,1,2,0,0,0,0,0,0,-,-,NA,NA,SAN DIEGO,SAN DIEGO,-117.09354002,32.72145002
84358816,2024,2024-08-19,3706,2024-08-15,612,488,NA,4,5,6,3706,0,0,0,NA,0,053,DEL LAGO BL,I-15 SB ON RA (N),0,NA,Y,A,-,N,NA,NA,NA,NA,NA,NA,NA,NA,NA,N,4,0,1,2,A,-,12,21453,A,F,D,C,A,A,H,-,A,A,0,NA,NA,NA,NA,Y,NA,A,01,0,0,1,0,0,0,0,0,0,-,-,33.07366180419922,-117.070068359375,SAN DIEGO,ESCONDIDO,-117.0702896118164,33.07353210449219
8436311,2017,2017-10-02,3700,2017-08-06,1120,SH5794,NA,7,5,5,3781,0,0,0,NA,0,518,MISSION GORGE RD,OLIVE LN,661,W,N,A,-,N,NA,NA,NA,NA,NA,NA,NA,NA,NA,Y,4,0,1,3,A,-,03,22350,NA,N,C,C,A,A,H,-,A,D,0,NA,NA,NA,NA,Y,NA,A,01,0,0,1,0,0,0,0,0,0,-,-,NA,NA,SAN DIEGO,SANTEE,-116.99047443,32.83862
8436319,2017,2017-10-02,3700,2017-08-01,1735,SH0013,NA,2,5,5,3781,0,0,0,NA,0,519,CUYAMACA ST,MISSION GORGE RD,419,S,N,A,-,N,NA,NA,NA,NA,NA,NA,NA,NA,NA,N,3,0,2,2,A,-,07,21658,A,N,B,C,A,A,H,-,A,D,0,NA,NA,NA,NA,Y,NA,A,01,0,1,1,0,0,0,0,0,0,-,-,NA,NA,SAN DIEGO,SANTEE,-116.98388,32.83761246
8436955,2017,2017-09-19,3705,2017-08-26,1803,EC0337,NA,6,5,5,3705,0,0,0,NA,0,010,BALLANTYNE,BEECH,0,NA,Y,A,-,N,NA,NA,NA,NA,NA,NA,NA,NA,NA,Y,3,0,2,2,A,-,09,21802,A,N,D,C,A,A,H,-,A,A,0,NA,NA,NA,NA,Y,NA,A,01,0,2,0,0,0,0,0,0,0,-,-,NA,NA,SAN DIEGO,EL CAJON,-116.95811003,32.80271004
84370544,2024,2025-10-10,3701,2024-08-16,1557,CB5566,NA,5,5,5,3701,0,0,0,NA,0,001,CREST DR,FOREST AV,580,S,N,A,-,N,NA,NA,NA,NA,NA,NA,NA,NA,NA,N,2,0,1,1,A,-,03,22350,NA,N,E,I,A,A,H,-,A,D,0,NA,NA,Y,NA,Y,NA,C,02,1,0,0,0,0,0,0,0,1,-,-,33.17380905151367,-117.33776092529295,SAN DIEGO,CARLSBAD,-117.3380126953125,33.17362976074219