CASE_ID,ACCIDENT_YEAR,PROC_DATE,JURIS,COLLISION_DATE,COLLISION_TIME,OFFICER_ID,REPORTING_DISTRICT,DAY_OF_WEEK,CHP_SHIFT,POPULATION,CNTY_CITY_LOC,SPECIAL_COND,BEAT_TYPE,CHP_BEAT_TYPE,CITY_DIVISION_LAPD,CHP_BEAT_CLASS,BEAT_NUMBER,PRIMARY_RD,SECONDARY_RD,DISTANCE,DIRECTION,INTERSECTION,WEATHER_1,WEATHER_2,STATE_HWY_IND,CALTRANS_COUNTY,CALTRANS_DISTRICT,STATE_ROUTE,ROUTE_SUFFIX,POSTMILE_PREFIX,POSTMILE,LOCATION_TYPE,RAMP_INTERSECTION,SIDE_OF_HWY,TOW_AWAY,COLLISION_SEVERITY,NUMBER_KILLED,NUMBER_INJURED,PARTY_COUNT,PRIMARY_COLL_FACTOR,PCF_CODE_OF_VIOL,PCF_VIOL_CATEGORY,PCF_VIOLATION,PCF_VIOL_SUBSECTION,HIT_AND_RUN,TYPE_OF_COLLISION,MVIW,PED_ACTION,ROAD_SURFACE,ROAD_COND_1,ROAD_COND_2,LIGHTING,CONTROL_DEVICE,CHP_ROAD_TYPE,PEDESTRIAN_ACCIDENT,BICYCLE_ACCIDENT,MOTORCYCLE_ACCIDENT,TRUCK_ACCIDENT,NOT_PRIVATE_PROPERTY,ALCOHOL_INVOLVED,STWD_VEHTYPE_AT_FAULT,CHP_VEHTYPE_AT_FAULT,COUNT_SEVERE_INJ,COUNT_VISIBLE_INJ,COUNT_COMPLAINT_PAIN,COUNT_PED_KILLED,COUNT_PED_INJURED,COUNT_BICYCLIST_KILLED,COUNT_BICYCLIST_INJURED,COUNT_MC_KILLED,COUNT_MC_INJURED,PRIMARY_RAMP,SECONDARY_RAMP,LATITUDE,LONGITUDE,COUNTY,CITY,POINT_X,POINT_Y
8557407,2018,2018-08-07,3711,2018-02-02,0717,7614,SANDI,5,5,7,3711,0,0,0,NA,0,628,INDIA ST,INDIA ST 3600,0,NA,-,A,-,Y,SD,11,5,-,R,18.252,R,2,N,N,3,0,2,2,A,-,03,22350,NA,N,C,C,A,A,H,-,A,D,0,NA,NA,NA,NA,Y,NA,I,20,0,1,1,0,0,0,0,0,0,-,-,NA,NA,SAN DIEGO,SAN DIEGO,-117.1815948486328,32.74220275878906
8557849,2018,2018-07-31,3711,2018-05-02,1252,7373,NA,3,5,7,3711,0,0,0,NA,0,115,LA JOLLA VILLAGE DR,LA JOLLA VISTA DR 3900,39,S,N,A,-,N,NA,NA,NA,NA,NA,NA,NA,NA,NA,Y,4,0,1,4,A,-,08,22100,B,N,B,C,A,A,H,-,A,A,0,NA,NA,NA,NA,Y,NA,A,01,0,0,1,0,0,0,0,0,0,-,-,NA,NA,SAN DIEGO,SAN DIEGO,NA,NA
8559142,2018,2018-08-09,3711,2018-02-05,0904,6796,NA,1,5,7,3711,0,0,0,NA,0,441,IMPERIAL AV,RT 805,10,E,N,A,-,Y,SD,11,805,-,-,12.483,R,4,N,N,4,0,3,2,A,-,03,22350,A,N,C,C,A,A,H,-,A,A,0,NA,NA,NA,NA,Y,NA,A,08,0,0,3,0,0,0,0,0,0,-,NO,NA,NA,SAN DIEGO,SAN DIEGO,-117.09575653076172,32.70615768432617
8559146,2018,2018-02-26,3711,2018-02-01,1732,5600,NA,4,5,7,3711,0,0,0,NA,0,123,DE ANZA RD,NORTH MISSION BAY DR,74,S,N,A,-,N,NA,NA,NA,NA,NA,NA,NA,NA,NA,N,2,0,2,2,A,-,08,22107,NA,N,B,G,A,A,H,-,A,D,0,NA,Y,NA,NA,Y,NA,L,04,1,0,1,0,0,0,2,0,0,-,-,NA,NA,SAN DIEGO,SAN DIEGO,-117.21580505371094,32.79848861694336
8561403,2018,2018-02-27,3711,2018-02-11,1030,6684,NA,7,5,7,3711,0,0,0,NA,0,313,CONVOY ST,OTHELLO AV,100,N,N,A,-,N,NA,NA,NA,NA,NA,NA,NA,NA,NA,Y,4,0,1,2,A,-,04,21703,NA,N,C,C,A,A,H,-,A,A,0,NA,NA,NA,NA,Y,NA,-,NA,0,0,1,0,0,0,0,0,0,-,-,NA,NA,SAN DIEGO,SAN DIEGO,-117.15479278564452,32.817413330078125
8563033,2018,2018-03-02,3710,2018-01-29,1629,OC0873,015,1,5,6,3710,0,0,0,NA,0,005,EL CAMINO REAL,MESA DR,160,S,N,A,-,N,NA,NA,NA,NA,NA,NA,NA,NA,NA,N,4,0,1,4,A,-,04,21703,NA,N,C,C,A,A,H,-,A,D,0,NA,NA,NA,NA,Y,NA,A,01,0,0,1,0,0,0,0,0,0,-,-,33.20867156982422,-117.33338928222656,SAN DIEGO,OCEANSIDE,-117.3335189819336,33.20819091796875
8564438,2018,2018-02-26,3702,2018-01-30,1105,CV1018,NA,2,5,6,3702,0,0,0,NA,0,013,BROADWAY,J ST,450,S,N,A,-,N,NA,NA,NA,NA,NA,NA,NA,NA,NA,Y,4,0,2,2,A,-,09,21804,A,N,D,C,A,A,H,-,A,D,0,NA,NA,NA,NA,Y,NA,A,01,0,0,2,0,0,0,0,0,0,-,-,NA,NA,SAN DIEGO,CHULA VISTA,-117.0863037109375,32.622859954833984
8564442,2018,2018-02-26,3702,2018-01-23,0808,CV1228,NA,2,5,6,3702,0,0,0,NA,0,022,QUINTARD ST,2ND AV,151,W,N,A,-,N,NA,NA,NA,NA,NA,NA,NA,NA,NA,N,4,0,1,2,A,-,09,21804,A,N,D,C,A,A,H,-,A,D,0,NA,NA,NA,NA,Y,NA,A,01,0,0,1,0,0,0,0,0,0,-,-,NA,NA,SAN DIEGO,CHULA VISTA,-117.06142425537108,32.60433578491211
8567371,2018,2018-03-13,3711,2018-02-21,1610,7077,SAN D,3,5,7,3711,0,0,0,NA,0,312,5100 SANTO RD,SANTO RD,0,NA,Y,B,-,N,NA,NA,NA,NA,NA,NA,NA,NA,NA,Y,3,0,1,2,A,-,09,21801,A,N,D,C,A,A,H,-,A,D,0,NA,NA,NA,NA,Y,NA,A,01,0,1,0,0,0,0,0,0,0,-,-,32.8273811340332,-117.10392761230467,SAN DIEGO,SAN DIEGO,-117.10392761,32.82738113
8567622,2018,2018-03-12,3700,2018-01-22,1458,SH2558,NA,1,5,5,3712,0,0,0,NA,0,350,WEST MISSION RD,PICO AV,0,NA,Y,A,-,N,NA,NA,NA,NA,NA,NA,NA,NA,NA,Y,2,0,1,2,A,-,09,21804,A,N,D,C,A,A,H,-,A,D,0,NA,NA,Y,NA,Y,NA,A,01,1,0,0,0,0,0,0,0,1,-,-,NA,NA,SAN DIEGO,SAN MARCOS,-117.16605377197266,33.143489837646484
8570821,2018,2018-03-08,3711,2018-02-21,1152,6774,NA,3,5,7,3711,0,0,0,NA,0,321,FRIARS RD,RIVERDALE ST,39,E,N,B,C,N,NA,NA,NA,NA,NA,NA,NA,NA,NA,N,4,0,1,2,A,-,03,22350,NA,N,C,C,A,B,H,-,A,A,0,NA,NA,NA,NA,Y,NA,J,41,0,0,1,0,0,0,0,0,0,-,-,NA,NA,SAN DIEGO,SAN DIEGO,-117.09949493408205,32.79063415527344
8571360,2018,2018-03-13,3702,2018-02-22,1510,CV0986,NA,4,5,6,3702,0,0,0,NA,0,041,TELEGRAPH CANYON RD,BUENA VISTA WY,0,NA,Y,B,-,N,NA,NA,NA,NA,NA,NA,NA,NA,NA,Y,3,0,2,2,A,-,12,21453,A,N,D,C,A,A,H,-,A,A,0,NA,NA,NA,NA,Y,NA,A,07,0,1,1,0,0,0,0,0,0,-,-,NA,NA,SAN DIEGO,CHULA VISTA,-117.0019073486328,32.62984085083008
8571478,2018,2018-03-14,3711,2018-02-23,1617,7024,NA,5,5,7,3711,0,0,0,NA,0,528,WEST CEDAR ST,COLUMBIA ST,5,E,N,A,-,N,NA,NA,NA,NA,NA,NA,NA,NA,NA,N,4,0,1,2,A,-,08,22100,B,N,G,B,B,A,H,-,A,A,0,Y,NA,NA,NA,Y,NA,A,01,0,0,1,0,1,0,0,0,0,-,-,NA,NA,SAN DIEGO,SAN DIEGO,-117.16739654541016,32.72195053100586
8571509,2018,2018-03-12,3711,2018-02-23,1541,6677,NA,5,5,7,3711,0,0,0,NA,0,313,CLAIREMONT MESA BL,KEARNY VILLA RD,0,NA,Y,A,-,N,NA,NA,NA,NA,NA,NA,NA,NA,NA,Y,2,0,1,2,A,-,12,21453,A,N,D,C,A,A,H,-,A,A,0,NA,NA,Y,NA,Y,NA,A,01,1,0,0,0,0,0,0,0,1,-,-,NA,NA,SAN DIEGO,SAN DIEGO,-117.13842010498048,32.8315315246582
8571770,2018,2018-03-13,3702,2018-02-10,0115,CV1122,NA,6,5,6,3702,0,0,0,NA,0,024,MAIN ST,BROADWAY,0,NA,Y,A,-,N,NA,NA,NA,NA,NA,NA,NA,NA,NA,Y,4,0,1,2,A,-,12,21453,A,F,A,C,A,A,H,-,C,A,0,NA,NA,NA,NA,Y,NA,D,22,0,0,1,0,0,0,0,0,0,-,-,NA,NA,SAN DIEGO,CHULA VISTA,-117.0751724243164,32.59477996826172
8574195,2018,2018-03-19,3701,2018-02-24,1412,CB5508,NA,6,5,5,3701,0,0,0,NA,0,002,CANNON RD,CAR COUNTRY DR,15,W,N,A,-,N,NA,NA,NA,NA,NA,NA,NA,NA,NA,N,4,0,1,2,A,-,03,22350,NA,N,C,C,A,A,H,-,A,A,0,NA,NA,NA,NA,Y,NA,A,01,0,0,1,0,0,0,0,0,0,-,-,NA,NA,SAN DIEGO,CARLSBAD,-117.32308959960938,33.13513946533203
8579510,2018,2018-03-19,3711,2018-03-06,1423,6391,NA,2,5,7,3711,0,0,0,NA,0,234,RANCHO BERNARDO RD,BERNARDO CENTER DR,114,W,N,A,-,N,NA,NA,NA,NA,NA,NA,NA,NA,NA,Y,3,0,1,2,A,-,09,21804,A,N,A,C,A,A,H,-,A,D,0,NA,NA,NA,NA,Y,NA,-,NA,0,1,0,0,0,0,0,0,0,-,-,NA,NA,SAN DIEGO,SAN DIEGO,-117.07479858398438,33.0229377746582
8579899,2018,2018-03-21,3711,2018-03-07,0205,8332,NA,3,5,7,3711,0,0,0,NA,0,233,CARMEL MOUNTAIN RD,ENTREKEN WY,138,N,N,A,-,N,NA,NA,NA,NA,NA,NA,NA,NA,NA,Y,2,0,1,1,A,-,08,22107,NA,N,E,I,A,A,H,-,C,D,0,NA,NA,NA,NA,Y,NA,A,01,1,0,0,0,0,0,0,0,0,-,-,NA,NA,SAN DIEGO,SAN DIEGO,-117.14047241210938,32.96259689331055
8580088,2018,2018-03-21,3711,2018-03-09,0717,8568,NA,5,5,7,3711,0,0,0,NA,0,833,DWIGHT ST,HIGHLAND AV,11,E,N,B,-,N,NA,NA,NA,NA,NA,NA,NA,NA,NA,N,3,0,1,2,A,-,10,21950,A,N,G,B,B,A,H,-,A,D,0,Y,NA,NA,NA,Y,NA,A,01,0,1,0,0,1,0,0,0,0,-,-,NA,NA,SAN DIEGO,SAN DIEGO,-117.09873199462892,32.74399185180664
8580143,2018,2018-08-09,3711,2018-03-10,1720,7678,NA,6,5,7,3711,0,0,0,NA,0,837,RT 805,HOME AV,39,S,N,C,-,Y,SD,11,805,-,-,14.035,R,4,N,N,4,0,1,2,A,-,08,22107,NA,N,C,C,A,B,H,-,C,A,0,NA,NA,NA,NA,Y,NA,A,01,0,0,1,0,0,0,0,0,0,NF,-,NA,NA,SAN DIEGO,SAN DIEGO,-117.10386657714844,32.72687911987305
8582450,2018,2018-04-11,3711,2018-03-16,1512,6814,NA,5,5,7,3711,0,0,0,NA,0,529,4TH AV,ELM ST,30,S,N,A,-,N,NA,NA,NA,NA,NA,NA,NA,NA,NA,N,3,0,1,2,A,-,11,21954,A,N,G,B,D,A,H,-,A,A,0,Y,NA,NA,NA,Y,NA,N,60,0,1,0,0,1,0,0,0,0,-,-,NA,NA,SAN DIEGO,SAN DIEGO,-117.1611328125,32.7239990234375
8582488,2018,2018-03-23,3710,2018-02-11,1200,OC1153,010,7,5,6,3710,0,0,0,NA,0,004,CANYON DR,CROUCH ST,6,W,N,A,-,N,NA,NA,NA,NA,NA,NA,NA,NA,NA,Y,3,0,1,3,A,-,03,22350,NA,N,C,C,A,A,H,-,A,A,0,NA,NA,NA,NA,Y,NA,A,01,0,1,0,0,0,0,0,0,0,-,-,33.19715118408203,-117.35385131835938,SAN DIEGO,OCEANSIDE,-117.35379791259766,33.197181701660156
8584220,2018,2018-04-09,3711,2018-02-20,0819,5611,NA,2,5,7,3711,0,0,0,NA,0,243,MIRAMAR RD,MOUNTAIN RD,450,W,N,A,-,N,NA,NA,NA,NA,NA,NA,NA,NA,NA,Y,3,0,1,2,A,-,09,21804,A,N,D,C,A,A,H,-,A,D,0,NA,NA,Y,NA,Y,NA,D,22,0,1,0,0,0,0,0,0,1,-,-,NA,NA,SAN DIEGO,SAN DIEGO,-117.12495804,32.89373209
8584243,2018,2018-03-30,3703,2018-03-14,0715,1270,NA,3,5,3,3703,0,0,0,NA,0,NA,10TH AV,POMONA AV 300,0,NA,N,B,-,N,NA,NA,NA,NA,NA,NA,NA,NA,NA,N,4,0,1,2,A,-,03,22350,NA,N,C,C,A,A,H,-,A,D,0,NA,NA,NA,NA,Y,NA,A,01,0,0,1,0,0,0,0,0,0,-,-,NA,NA,SAN DIEGO,CORONADO,NA,NA
8584248,2018,2018-04-04,3711,2018-03-16,1715,7056,NA,5,5,7,3711,0,0,0,NA,0,433,RADIO DR,60TH ST,250,E,N,A,-,N,NA,NA,NA,NA,NA,NA,NA,NA,NA,N,4,0,1,2,A,-,08,22107,NA,M,B,C,A,A,H,-,A,D,0,NA,NA,NA,NA,Y,NA,-,99,0,0,1,0,0,0,0,0,0,-,-,NA,NA,SAN DIEGO,SAN DIEGO,-117.06728363037108,32.71696472167969
8584275,2018,2018-03-30,3711,2018-03-12,1217,7412,SANDI,1,5,7,3711,0,0,0,NA,0,242,HILLERY DR,BLACK MOUNTAIN RD,0,NA,-,A,-,N,NA,NA,NA,NA,NA,NA,NA,NA,NA,N,3,0,1,2,A,-,10,21950,A,N,G,B,B,A,H,-,A,A,0,Y,NA,NA,NA,Y,NA,A,01,0,1,0,0,1,0,0,0,0,-,-,32.91299819946289,-117.12419128417967,SAN DIEGO,SAN DIEGO,-117.12441253662108,32.91286849975586
8584339,2018,2018-04-02,3701,2018-03-06,2003,CB5481,NA,2,5,5,3701,0,0,0,NA,0,008,EL CAMINIO REAL,COSTA DEL MAR,159,S,N,A,-,N,NA,NA,NA,NA,NA,NA,NA,NA,NA,Y,4,0,1,2,A,-,03,22350,NA,N,C,C,A,A,H,-,C,A,0,NA,NA,NA,NA,Y,NA,A,01,0,0,1,0,0,0,0,0,0,-,-,NA,NA,SAN DIEGO,CARLSBAD,-117.26937103271484,33.08890151977539
8585893,2018,2018-04-10,3701,2018-03-18,1704,CB5482,NA,7,5,5,3701,0,0,0,NA,0,001,CARLSBAD BL,PINE AV,92,S,N,A,-,N,NA,NA,NA,NA,NA,NA,NA,NA,NA,N,3,0,1,1,A,-,03,22350,NA,N,H,A,A,A,H,-,A,A,0,NA,NA,Y,NA,Y,NA,C,02,0,1,0,0,0,0,0,0,1,-,-,NA,NA,SAN DIEGO,CARLSBAD,-117.35079956054688,33.15495300292969
8585903,2018,2018-04-11,3706,2018-03-23,1227,512,ESCON,5,5,6,3706,0,0,0,NA,0,054,VALLEY PKWY,ROSE ST,541,E,N,A,-,N,NA,NA,NA,NA,NA,NA,NA,NA,NA,N,4,0,1,2,A,-,05,21650,1,N,H,G,A,A,H,-,A,D,0,NA,Y,NA,NA,Y,NA,L,04,0,0,1,0,0,0,1,0,0,-,-,33.1338996887207,-117.0595474243164,SAN DIEGO,ESCONDIDO,-117.05793762207033,33.13468551635742
8585909,2018,2018-04-10,3701,2018-03-21,0936,CB5363,NA,3,5,5,3701,0,0,0,NA,0,002,CANNON RD,CAR COUNTRY DR,87,E,N,A,-,N,NA,NA,NA,NA,NA,NA,NA,NA,NA,N,3,0,3,2,A,-,03,22350,NA,N,C,G,A,A,H,-,A,A,0,NA,Y,NA,NA,Y,NA,L,04,0,2,1,0,0,0,3,0,0,-,-,NA,NA,SAN DIEGO,CARLSBAD,-117.32276153564452,33.13507843017578
8586822,2018,2018-03-30,3711,2018-03-11,1632,7689,NA,7,5,7,3711,0,0,0,NA,0,311,AERO DR,AERO DR 9700,0,NA,Y,A,-,N,NA,NA,NA,NA,NA,NA,NA,NA,NA,Y,3,0,1,2,A,-,12,21453,A,N,B,C,A,A,H,-,A,A,0,NA,NA,NA,NA,Y,NA,-,NA,0,1,0,0,0,0,0,0,0,-,-,NA,NA,SAN DIEGO,SAN DIEGO,-117.12024808,32.80837511
8586845,2018,2018-04-02,3711,2018-03-13,1600,7305,NA,2,5,7,3711,0,0,0,NA,0,511,HARBOR DR,CESAR CHAVEZ PKWY,0,NA,Y,B,-,N,NA,NA,NA,NA,NA,NA,NA,NA,NA,N,4,0,1,2,A,-,12,21453,NA,N,A,G,A,A,H,-,A,A,0,NA,Y,NA,NA,Y,NA,A,01,0,0,1,0,0,0,1,0,0,-,-,NA,NA,SAN DIEGO,SAN DIEGO,-117.14735895,32.69831046
8587207,2018,2018-04-10,3702,2018-03-13,1434,0986,NA,2,5,6,3702,0,0,0,NA,0,031,BONITA RD,WILLOW ST,149,E,N,A,-,N,NA,NA,NA,NA,NA,NA,NA,NA,NA,Y,4,0,1,4,A,-,08,22107,NA,M,B,C,A,A,H,-,A,D,0,NA,NA,NA,NA,Y,NA,A,01,0,0,1,0,0,0,0,0,0,-,-,NA,NA,SAN DIEGO,CHULA VISTA,-117.04042816162108,32.65826416015625
8588387,2018,2018-07-06,3705,2018-03-14,0943,EC0324,NA,3,5,5,3705,0,0,0,NA,0,001,EL CAJON BL,RT 8,69,E,N,B,-,N,NA,NA,NA,NA,NA,NA,NA,NA,NA,Y,4,0,1,2,A,-,03,22350,NA,N,C,C,A,A,H,-,A,D,0,NA,NA,NA,NA,Y,NA,A,07,0,0,1,0,0,0,0,0,0,-,-,NA,NA,SAN DIEGO,EL CAJON,-116.98123931884766,32.78240203857422
8589115,2018,2018-04-16,3711,2018-03-21,1748,7265,NA,3,5,7,3711,0,0,0,NA,0,622,W MORENA BL,BUENOS AV,10,N,N,B,-,N,NA,NA,NA,NA,NA,NA,NA,NA,NA,N,4,0,1,2,A,-,12,21453,A,N,D,C,A,A,H,-,A,A,0,NA,NA,NA,NA,Y,NA,-,NA,0,0,1,0,0,0,0,0,0,-,-,NA,NA,SAN DIEGO,SAN DIEGO,-117.2011947631836,32.76815414428711
8590691,2018,2018-04-17,3711,2018-03-14,0730,7659,NA,3,5,7,3711,0,0,0,NA,0,832,UNIVERSITY AV,43RD ST,0,NA,Y,C,-,N,NA,NA,NA,NA,NA,NA,NA,NA,NA,Y,4,0,1,2,A,-,12,21453,A,N,D,C,A,B,H,-,A,A,0,NA,NA,NA,NA,Y,NA,A,01,0,0,1,0,0,0,0,0,0,-,-,NA,NA,SAN DIEGO,SAN DIEGO,-117.10202026367188,32.74961853027344
8590755,2018,2018-08-09,3700,2018-03-06,1923,SH3079,NA,2,5,5,3713,0,0,0,NA,0,316,SYCAMORE AV,RT 78,0,NA,Y,A,-,Y,SD,11,78,-,-,9.234,R,4,E,Y,4,0,1,2,A,-,08,22107,NA,N,B,C,A,A,H,-,C,A,0,NA,NA,NA,NA,Y,NA,A,01,0,0,1,0,0,0,0,0,0,-,EO,NA,NA,SAN DIEGO,VISTA,-117.21334838867188,33.165340423583984
8591537,2018,2018-04-20,3711,2018-03-31,2155,4310,NA,6,5,7,3711,0,0,0,NA,0,122,TURQUOISE ST,FANUEL ST,300,W,N,A,-,N,NA,NA,NA,NA,NA,NA,NA,NA,NA,Y,4,0,1,2,A,-,08,22107,NA,N,B,E,A,A,H,-,C,D,0,NA,NA,NA,NA,Y,Y,A,01,0,0,1,0,0,0,0,0,0,-,-,NA,NA,SAN DIEGO,SAN DIEGO,-117.25096893310548,32.810428619384766
8592157,2017,2018-04-19,3711,2017-03-28,1730,5840,NA,2,5,7,3711,0,0,0,NA,0,626,NOELL ST,FRONTAGE RD,0,NA,N,A,-,N,NA,NA,NA,NA,NA,NA,NA,NA,NA,Y,4,0,1,2,A,-,08,22107,NA,N,B,C,A,A,H,-,A,D,0,NA,NA,NA,NA,Y,NA,-,NA,0,0,1,0,0,0,0,0,0,-,-,NA,NA,SAN DIEGO,SAN DIEGO,-117.18755996,32.74203006
8592404,2018,2018-04-19,3711,2018-04-02,1525,7533,SAN D,1,5,7,3711,0,0,0,NA,0,627,ROBINSON AV,5TH AV,24,W,N,B,-,N,NA,NA,NA,NA,NA,NA,NA,NA,NA,Y,3,0,2,2,A,-,12,21453,A,N,D,C,A,A,H,-,A,A,0,NA,NA,NA,NA,Y,NA,-,NA,0,1,1,0,0,0,0,0,0,-,-,NA,NA,SAN DIEGO,SAN DIEGO,-117.16048431396484,32.74694061279297
8592809,2018,2018-04-11,3700,2018-02-08,1457,SH620,NA,4,5,4,3780,0,0,0,NA,0,415,POWAY RD,COMMUNITY RD,0,NA,Y,A,-,N,NA,NA,NA,NA,NA,NA,NA,NA,NA,N,4,0,1,2,A,-,12,21453,A,N,D,C,A,A,H,-,A,A,0,NA,NA,NA,NA,Y,NA,D,22,0,0,1,0,0,0,0,0,0,-,-,NA,NA,SAN DIEGO,POWAY,-117.04080963134766,32.95637893676758
8595409,2018,2018-04-26,3711,2018-04-11,0010,8332,NA,3,5,7,3711,0,0,0,NA,0,512,COMMERCIAL ST,29TH ST,224,E,N,A,-,N,NA,NA,NA,NA,NA,NA,NA,NA,NA,Y,4,0,1,1,A,-,08,22107,NA,N,G,-,A,A,A,-,C,D,0,NA,NA,Y,NA,Y,Y,C,02,0,0,1,0,0,0,0,0,1,-,-,NA,NA,SAN DIEGO,SAN DIEGO,-117.13133239746094,32.705406188964844
8596008,2018,2018-05-07,3706,2018-03-23,1819,511,ESCON,5,5,6,3706,0,0,0,NA,0,046,E EL NORTE PKWY,LA HONDA DR,0,NA,Y,A,-,N,NA,NA,NA,NA,NA,NA,NA,NA,NA,Y,4,0,2,2,A,-,09,21801,A,N,D,C,A,A,H,-,A,D,0,NA,NA,NA,NA,Y,NA,A,01,0,0,2,0,0,0,0,0,0,-,-,NA,NA,SAN DIEGO,ESCONDIDO,-117.05632019042967,33.15182113647461
8596012,2018,2018-05-07,3706,2018-03-23,2138,493,ESCON,5,5,6,3706,0,0,0,NA,0,044,WASHINGTON AV,ROSE ST,0,NA,Y,A,-,N,NA,NA,NA,NA,NA,NA,NA,NA,NA,Y,3,0,1,2,A,-,09,21801,A,N,D,C,A,A,H,-,C,A,0,NA,NA,Y,NA,Y,NA,C,02,0,1,0,0,0,0,0,0,1,-,-,33.13724136352539,-117.06095123291016,SAN DIEGO,ESCONDIDO,-117.06089782714844,33.137290954589844
8596144,2018,2018-07-30,3711,2018-04-30,1451,7310,NA,1,5,7,3711,0,0,0,NA,0,311,MURRAY RIDGE RD,REAJEAN AV,0,NA,Y,B,-,N,NA,NA,NA,NA,NA,NA,NA,NA,NA,Y,4,0,1,2,A,-,12,21453,A,N,C,C,A,A,H,-,A,A,0,NA,NA,NA,NA,Y,NA,A,01,0,0,1,0,0,0,0,0,0,-,-,NA,NA,SAN DIEGO,SAN DIEGO,-117.14485168457033,32.78976058959961
8596926,2018,2018-07-06,3711,2018-03-01,0717,5611,NA,4,5,7,3711,0,0,0,NA,0,243,RT 15,MIRAMAR WY,22,S,N,A,-,N,NA,NA,NA,NA,NA,NA,NA,NA,NA,Y,4,0,1,2,A,-,08,22107,NA,N,B,C,A,A,H,-,A,D,0,NA,NA,Y,NA,Y,NA,A,01,0,0,1,0,0,0,0,0,1,SF,-,NA,NA,SAN DIEGO,SAN DIEGO,-117.10888671875,32.880523681640625
8602608,2018,2018-05-21,3700,2018-02-19,1935,SH7554,NA,1,5,4,3707,0,0,0,NA,0,903,8TH ST,ELKWOOD AV,201,N,N,A,-,N,NA,NA,NA,NA,NA,NA,NA,NA,NA,Y,4,0,1,2,A,-,01,23152,A,N,C,E,A,A,H,-,C,D,0,NA,NA,NA,NA,Y,Y,-,NA,0,0,1,0,0,0,0,0,0,-,-,NA,NA,SAN DIEGO,IMPERIAL BEACH,-117.11655426025392,32.57836151123047
8603742,2018,2018-05-14,3711,2018-04-04,0236,6950,NA,3,5,7,3711,0,0,0,NA,0,116,KNAPP ST,WACO ST,30,W,N,A,-,N,NA,NA,NA,NA,NA,NA,NA,NA,NA,Y,3,0,2,2,A,-,08,22107,NA,N,A,C,A,A,H,-,A,D,0,NA,NA,NA,NA,Y,NA,-,NA,0,1,1,0,0,0,0,0,0,-,-,NA,NA,SAN DIEGO,SAN DIEGO,-117.19566345214844,32.802066802978516
8604566,2018,2018-05-16,3710,2018-04-17,0854,OC1063,007,2,5,6,3710,0,0,0,NA,0,002,SEAGAZE DR,TREMONT ST,35,E,N,A,-,N,NA,NA,NA,NA,NA,NA,NA,NA,NA,N,4,0,3,4,A,-,08,22107,NA,N,G,B,E,A,H,-,A,D,0,Y,NA,NA,NA,Y,NA,I,12,0,0,3,0,3,0,0,0,0,-,-,33.194549560546875,-117.37967681884766,SAN DIEGO,OCEANSIDE,-117.3795166015625,33.194618225097656
8604675,2018,2018-05-09,3705,2018-04-24,1621,EC0324,NA,2,5,5,3705,0,0,0,NA,0,001,CHATHAM,HOSMER,196,W,N,A,-,N,NA,NA,NA,NA,NA,NA,NA,NA,NA,Y,3,0,4,2,A,-,08,22107,NA,N,C,C,A,A,H,-,A,D,0,NA,NA,NA,NA,Y,NA,A,07,0,3,1,0,0,0,0,0,0,-,-,NA,NA,SAN DIEGO,EL CAJON,-116.99965667724608,32.798011779785156
8605271,2017,2018-05-15,3700,2017-09-07,1543,SH7790,NA,4,5,5,3781,0,0,0,NA,0,502,CARLTON HILLS BL,PENNYWOOD RD,0,NA,Y,A,-,N,NA,NA,NA,NA,NA,NA,NA,NA,NA,N,3,0,2,2,A,-,09,21800,A,N,D,C,A,A,H,-,A,D,0,NA,NA,NA,NA,Y,NA,A,01,0,2,0,0,0,0,0,0,0,-,-,NA,NA,SAN DIEGO,SANTEE,-116.99955005,32.85392007
8608082,2018,2018-04-25,3701,2018-04-11,1309,CB5492,NA,3,5,5,3701,0,0,0,NA,0,006,PALOMAR AIRPORT RD,EL FUERTE,0,NA,Y,A,-,N,NA,NA,NA,NA,NA,NA,NA,NA,NA,Y,4,0,4,3,A,-,12,21453,A,N,D,C,A,A,H,-,A,A,0,NA,NA,NA,NA,Y,NA,A,01,0,0,4,0,0,0,0,0,0,-,-,NA,NA,SAN DIEGO,CARLSBAD,-117.25272369384766,33.12968826293945
8608826,2018,2018-05-18,3711,2018-03-29,1900,6753,SAN D,4,5,7,3711,0,0,0,NA,0,623,HOTEL CIRCLE SOUTH,BACHMAN,6,S,N,A,-,N,NA,NA,NA,NA,NA,NA,NA,NA,NA,N,3,0,2,3,A,-,12,21453,A,N,G,B,B,A,H,-,A,A,0,Y,NA,NA,NA,Y,NA,-,NA,0,2,0,0,2,0,0,0,0,-,-,NA,NA,SAN DIEGO,SAN DIEGO,-117.16763305664063,32.76055908203125
8610125,2018,2018-08-02,3711,2018-04-21,1240,7654,SD,6,5,7,3711,0,0,0,NA,0,903,ELM ST,15TH ST,24,W,N,A,-,N,NA,NA,NA,NA,NA,NA,NA,NA,NA,N,3,0,1,1,B,-,22,NA,NA,N,H,J,A,A,H,-,A,D,0,NA,NA,NA,NA,Y,NA,A,01,0,1,0,0,0,0,0,0,0,-,-,NA,NA,SAN DIEGO,SAN DIEGO,-117.10100555419922,32.580650329589844
8610396,2018,2018-05-09,3711,2018-04-15,2101,7516,SDPD,7,5,7,3711,0,0,0,NA,0,523,4TH AV,4TH AV  900,0,NA,N,A,-,N,NA,NA,NA,NA,NA,NA,NA,NA,NA,N,3,0,1,1,D,-,00,NA,NA,N,F,A,A,A,H,-,C,D,0,NA,Y,NA,NA,Y,NA,-,-,0,1,0,0,0,0,1,0,0,-,-,NA,NA,SAN DIEGO,SAN DIEGO,-117.16106057,32.71493647