CASE_ID,ACCIDENT_YEAR,PROC_DATE,JURIS,COLLISION_DATE,COLLISION_TIME,OFFICER_ID,REPORTING_DISTRICT,DAY_OF_WEEK,CHP_SHIFT,POPULATION,CNTY_CITY_LOC,SPECIAL_COND,BEAT_TYPE,CHP_BEAT_TYPE,CITY_DIVISION_LAPD,CHP_BEAT_CLASS,BEAT_NUMBER,PRIMARY_RD,SECONDARY_RD,DISTANCE,DIRECTION,INTERSECTION,WEATHER_1,WEATHER_2,STATE_HWY_IND,CALTRANS_COUNTY,CALTRANS_DISTRICT,STATE_ROUTE,ROUTE_SUFFIX,POSTMILE_PREFIX,POSTMILE,LOCATION_TYPE,RAMP_INTERSECTION,SIDE_OF_HWY,TOW_AWAY,COLLISION_SEVERITY,NUMBER_KILLED,NUMBER_INJURED,PARTY_COUNT,PRIMARY_COLL_FACTOR,PCF_CODE_OF_VIOL,PCF_VIOL_CATEGORY,PCF_VIOLATION,PCF_VIOL_SUBSECTION,HIT_AND_RUN,TYPE_OF_COLLISION,MVIW,PED_ACTION,ROAD_SURFACE,ROAD_COND_1,ROAD_COND_2,LIGHTING,CONTROL_DEVICE,CHP_ROAD_TYPE,PEDESTRIAN_ACCIDENT,BICYCLE_ACCIDENT,MOTORCYCLE_ACCIDENT,TRUCK_ACCIDENT,NOT_PRIVATE_PROPERTY,ALCOHOL_INVOLVED,STWD_VEHTYPE_AT_FAULT,CHP_VEHTYPE_AT_FAULT,COUNT_SEVERE_INJ,COUNT_VISIBLE_INJ,COUNT_COMPLAINT_PAIN,COUNT_PED_KILLED,COUNT_PED_INJURED,COUNT_BICYCLIST_KILLED,COUNT_BICYCLIST_INJURED,COUNT_MC_KILLED,COUNT_MC_INJURED,PRIMARY_RAMP,SECONDARY_RAMP,LATITUDE,LONGITUDE,COUNTY,CITY,POINT_X,POINT_Y
8738342,2018,2018-12-31,3711,2018-11-14,1455,7803,NA,3,5,7,3711,0,0,0,NA,0,813,UNIVERSITY AV,ARIZONA ST,19,E,N,A,-,N,NA,NA,NA,NA,NA,NA,NA,NA,NA,N,3,0,1,2,A,-,11,21950,B,N,D,C,A,A,H,-,B,D,0,NA,NA,Y,NA,Y,NA,C,03,0,1,0,0,0,0,0,0,1,-,-,NA,NA,SAN DIEGO,SAN DIEGO,-117.13780975341795,32.748451232910156
8738555,2018,2019-01-11,3706,2018-11-13,1453,342,ESCON,2,5,6,3706,0,0,0,NA,0,041,BROADWAY,LINCOLN AV N,400,N,N,A,-,N,NA,NA,78,NA,NA,NA,NA,NA,NA,N,4,0,2,3,A,-,03,22350,NA,N,C,C,A,A,A,-,A,D,0,NA,NA,NA,NA,Y,NA,A,01,0,0,2,0,0,0,0,0,0,-,-,33.13386917114258,-117.08690643310548,SAN DIEGO,ESCONDIDO,-117.0865478515625,33.13307189941406
8740699,2018,2018-12-04,3700,2018-09-22,2334,SH0013,NA,6,5,5,3782,0,0,0,NA,0,215,DELPHINIUM ST,SUNFLOWER ST,82,N,N,A,-,N,NA,NA,NA,NA,NA,NA,NA,NA,NA,Y,3,0,1,5,A,-,08,22107,NA,M,B,E,A,A,H,-,C,D,0,NA,NA,NA,NA,Y,NA,D,22,0,1,0,0,0,0,0,0,0,-,-,NA,NA,SAN DIEGO,ENCINITAS,-117.27554321289063,33.05132293701172
8740938,2018,2018-11-15,3705,2018-08-22,0801,EC0163,NA,3,5,5,3705,0,0,0,NA,0,002,2ND,MADISON,0,NA,Y,A,-,N,NA,NA,NA,NA,NA,NA,NA,NA,NA,Y,4,0,1,3,A,-,08,22107,NA,M,D,C,A,A,H,-,A,A,0,NA,NA,Y,NA,Y,Y,A,01,0,0,1,0,0,0,0,0,1,-,-,NA,NA,SAN DIEGO,EL CAJON,-116.93575286865234,32.80015182495117
8741153,2018,2018-11-28,3711,2018-11-07,1744,7255,SD,3,5,7,3711,0,0,0,NA,0,615,ROSECRANS ST,EMERSON,0,NA,Y,A,-,N,NA,NA,NA,NA,NA,NA,NA,NA,NA,Y,3,0,1,2,A,-,09,21801,A,N,D,C,A,A,H,-,C,D,0,NA,NA,NA,NA,Y,NA,A,01,0,1,0,0,0,0,0,0,0,-,-,NA,NA,SAN DIEGO,SAN DIEGO,-117.22942352294922,32.72438049316406
8741859,2018,2018-12-06,3700,2018-09-13,1440,SH1725,NA,4,5,5,3712,0,0,0,NA,0,355,SOUTH RANCHO SANTA FE RD,GRANDON AV,85,N,N,A,-,N,NA,NA,NA,NA,NA,NA,NA,NA,NA,N,4,0,1,2,A,-,03,22350,NA,N,C,C,A,A,H,-,A,D,0,NA,NA,NA,NA,Y,NA,D,22,0,0,1,0,0,0,0,0,0,-,-,NA,NA,SAN DIEGO,SAN MARCOS,-117.20571136474608,33.13560485839844
8743353,2018,2019-01-24,3705,2018-11-10,2131,EC0371,NA,6,5,5,3705,0,0,0,NA,0,002,E MADISON AV,N 2ND ST,132,E,N,A,-,N,NA,NA,NA,NA,NA,NA,NA,NA,NA,N,2,0,1,2,A,-,11,21955,NA,F,G,B,D,A,H,-,C,D,0,Y,NA,NA,NA,Y,NA,N,60,1,0,0,0,1,0,0,0,0,-,-,NA,NA,SAN DIEGO,EL CAJON,-116.9353256225586,32.80015563964844
8743446,2018,2018-11-28,3705,2018-09-23,2029,EC0357,NA,7,5,5,3705,0,0,0,NA,0,001,WASHINGTON,VAN HOUTEN,110,E,N,A,-,N,NA,NA,NA,NA,NA,NA,NA,NA,NA,N,4,0,1,2,A,-,09,21801,A,N,D,C,A,A,H,-,C,D,0,NA,NA,NA,NA,Y,NA,A,01,0,0,1,0,0,0,0,0,0,-,-,NA,NA,SAN DIEGO,EL CAJON,-116.96578979492188,32.78766632080078
8744158,2018,2018-11-26,3703,2018-10-26,0720,1270,NA,5,5,3,3703,0,0,0,NA,0,003,POMONA AV,STRAND WY,17,E,N,A,-,N,NA,NA,NA,NA,NA,NA,NA,NA,NA,Y,4,0,1,2,A,-,03,22350,NA,N,C,C,A,A,H,-,A,D,0,NA,NA,NA,NA,Y,NA,A,01,0,0,1,0,0,0,0,0,0,-,-,NA,NA,SAN DIEGO,CORONADO,-117.17486572265624,32.68254852294922
8744883,2018,2018-11-30,3711,2018-11-04,1250,7345,NA,7,5,7,3711,0,0,0,NA,0,114,CLAIREMONT MESA BL,RT 805,168,W,N,A,-,N,NA,NA,NA,NA,NA,NA,NA,NA,NA,Y,3,0,1,2,A,-,09,21801,NA,N,C,C,A,A,H,-,A,D,0,NA,NA,NA,NA,Y,NA,-,NA,0,1,0,0,0,0,0,0,0,-,SO,NA,NA,SAN DIEGO,SAN DIEGO,-117.17003631591795,32.83372116088867
8746800,2018,2019-01-24,3710,2018-11-20,1716,OC1429,015,2,5,6,3710,0,0,0,NA,0,005,EL CAMINIO REAL,VISTA REY,1347,S,N,A,-,N,NA,NA,NA,NA,NA,NA,NA,NA,NA,Y,3,0,2,3,A,-,03,22350,NA,N,C,C,A,A,H,-,C,A,0,NA,NA,NA,NA,Y,NA,A,01,0,1,1,0,0,0,0,0,0,-,-,33.218528747558594,-117.33216094970705,SAN DIEGO,OCEANSIDE,-117.33260345458984,33.21473693847656
8747850,2018,2019-01-22,3702,2018-11-12,0749,CV0986,NA,1,5,6,3702,0,0,0,NA,0,013,3RD AV,I ST,6,S,N,A,-,N,NA,NA,NA,NA,NA,NA,NA,NA,NA,N,4,0,1,2,A,-,10,21950,A,N,G,B,B,A,H,-,A,A,0,Y,NA,NA,NA,Y,NA,A,01,0,0,1,0,1,0,0,0,0,-,-,NA,NA,SAN DIEGO,CHULA VISTA,-117.07583618164063,32.63091278076172
8747905,2018,2019-01-22,3702,2018-11-09,1408,CV1051,NA,5,5,6,3702,0,0,0,NA,0,031,EAST H ST,TIERRA DEL REY,0,NA,Y,A,-,N,NA,NA,NA,NA,NA,NA,NA,NA,NA,Y,4,0,2,3,A,-,12,21453,A,N,B,C,A,A,H,-,A,A,0,NA,NA,NA,NA,Y,NA,A,08,0,0,2,0,0,0,0,0,0,-,-,NA,NA,SAN DIEGO,CHULA VISTA,-117.02062225341795,32.63597106933594
8747924,2018,2019-01-24,3711,2018-11-26,2202,4310,NA,1,5,7,3711,0,0,0,NA,0,311,ABBOTSHILL RD,PHYLLIS PL,124,N,N,A,-,N,NA,NA,NA,NA,NA,NA,NA,NA,NA,Y,3,0,1,1,A,-,08,22107,NA,N,E,I,A,A,H,-,C,D,0,NA,NA,NA,NA,Y,Y,A,01,0,1,0,0,0,0,0,0,0,-,-,NA,NA,SAN DIEGO,SAN DIEGO,-117.14981842041016,32.7847900390625
8748057,2018,2019-01-25,3711,2018-11-16,1942,5918,NA,5,5,7,3711,0,0,0,NA,0,451,54TH ST,WESTOVER PL,0,NA,Y,A,-,N,NA,NA,NA,NA,NA,NA,NA,NA,NA,N,4,0,3,2,A,-,12,21453,A,N,D,C,A,A,H,-,C,A,0,NA,NA,NA,NA,Y,NA,A,01,0,0,3,0,0,0,0,0,0,-,-,NA,NA,SAN DIEGO,SAN DIEGO,-117.0840072631836,32.724830627441406
8748461,2018,2018-12-13,3700,2018-10-08,1702,SH0057,NA,1,5,4,3780,0,0,0,NA,0,410,MCFERON RD,POMERADO RD,43,E,N,A,-,N,NA,NA,NA,NA,NA,NA,NA,NA,NA,N,4,0,1,2,A,-,08,22107,NA,N,A,C,A,A,H,-,A,D,0,NA,NA,NA,NA,Y,NA,A,01,0,0,1,0,0,0,0,0,0,-,-,NA,NA,SAN DIEGO,POWAY,-117.06233215332033,32.956905364990234
8749093,2018,2018-12-13,3708,2018-10-15,0124,LM1158,NA,1,5,5,3708,0,0,0,NA,0,002,UNIVERSITY AV,BALTIMORE DR,0,NA,Y,A,-,N,NA,NA,NA,NA,NA,NA,NA,NA,NA,Y,2,0,1,1,A,-,01,23152,A,N,E,I,A,A,H,-,C,A,0,NA,NA,Y,NA,Y,Y,C,02,1,0,0,0,0,0,0,0,1,-,-,NA,NA,SAN DIEGO,LA MESA,-117.0234603881836,32.767791748046875
8751357,2018,2019-01-16,3711,2018-11-02,1832,5963,NA,5,5,7,3711,0,0,0,NA,0,503,NORTH HARBOR DR,WINSHIP LN,0,NA,Y,A,-,N,NA,NA,NA,NA,NA,NA,NA,NA,NA,Y,4,0,2,2,A,-,03,22350,NA,N,C,C,A,A,H,-,C,D,0,NA,NA,NA,NA,Y,NA,-,-,0,0,2,0,0,0,0,0,0,-,-,NA,NA,SAN DIEGO,SAN DIEGO,-117.19106292724608,32.729740142822266
8752087,2018,2019-01-25,3711,2018-11-28,0755,5572,NA,3,5,7,3711,0,0,0,NA,0,324,NAVAJO RD,COWLES MOUNTAIN,800,E,N,A,-,N,NA,NA,NA,NA,NA,NA,NA,NA,NA,Y,3,0,2,2,A,-,04,21703,NA,N,C,C,A,A,H,-,A,D,0,NA,NA,NA,NA,Y,NA,-,NA,0,1,1,0,0,0,0,0,0,-,-,NA,NA,SAN DIEGO,SAN DIEGO,-117.02277374267578,32.803524017333984
8752489,2018,2019-01-22,3711,2018-11-09,0700,7807,SANDI,5,5,7,3711,0,0,0,NA,0,122,INGRAHAM ST,OLIVER AV,0,NA,Y,A,-,N,NA,NA,NA,NA,NA,NA,NA,NA,NA,Y,3,0,1,3,A,-,08,22107,NA,N,F,C,A,A,H,-,A,D,0,NA,NA,NA,NA,Y,NA,-,-,0,1,0,0,0,0,0,0,0,-,-,NA,NA,SAN DIEGO,SAN DIEGO,-117.2393798828125,32.795021057128906
8753078,2018,2019-01-28,3711,2018-12-03,1458,7039,NA,1,5,7,3711,0,0,0,NA,0,723,CORONADO AV,CORONADO AV 2900,0,NA,N,A,-,N,NA,NA,NA,NA,NA,NA,NA,NA,NA,N,3,0,1,2,D,-,00,NA,NA,N,G,B,E,A,H,-,A,A,0,Y,NA,NA,NA,Y,NA,-,-,0,1,0,0,1,0,0,0,0,-,-,32.57609176635742,-117.07022094726563,SAN DIEGO,SAN DIEGO,-117.07026243,32.57646924
8753860,2018,2019-01-14,3700,2018-10-18,1500,SH2573,NA,4,5,5,3782,0,0,0,NA,0,224,MANCHESTER AV,RT 5,0,NA,Y,A,-,Y,SD,11,5,-,R,38.617,R,4,S,N,4,0,1,2,A,-,03,22350,NA,N,C,C,A,A,H,-,A,A,0,NA,NA,NA,NA,Y,NA,A,01,0,0,1,0,0,0,0,0,0,-,SO,NA,NA,SAN DIEGO,ENCINITAS,-117.265625,33.01107406616211
8755573,2018,2018-12-31,3710,2018-09-11,2305,OC1322,025,2,5,6,3710,0,0,0,NA,0,006,OCEANSIDE BL,RANCHO DEL ORO DR,0,NA,Y,B,-,N,NA,NA,NA,NA,NA,NA,NA,NA,NA,Y,3,0,1,2,A,-,12,21453,A,N,D,C,A,A,H,-,C,A,0,NA,NA,NA,NA,Y,NA,A,01,0,1,0,0,0,0,0,0,0,-,-,33.20322036743164,-117.3109893798828,SAN DIEGO,OCEANSIDE,-117.31101989746094,33.20320129394531
8757157,2018,2018-12-19,3711,2018-11-29,1527,7821,NA,4,5,7,3711,0,0,0,NA,0,233,CARMEL MOUNTAIN RD,PENASQUITOS DR,100,N,N,B,C,N,NA,NA,NA,NA,NA,NA,NA,NA,NA,Y,3,0,1,1,A,-,03,22350,NA,N,A,I,A,B,H,-,A,A,0,NA,NA,NA,NA,Y,NA,D,22,0,1,0,0,0,0,0,0,0,-,-,NA,NA,SAN DIEGO,SAN DIEGO,-117.09017944335938,32.97772979736328
8757590,2018,2018-12-19,3711,2018-11-26,0906,8192,NA,1,5,7,3711,0,0,0,NA,0,824,FAIRMOUNT AV,ORANGE AV,125,S,N,A,-,N,NA,NA,NA,NA,NA,NA,NA,NA,NA,N,4,0,1,2,A,-,03,22350,NA,N,C,-,A,A,H,-,A,D,0,NA,NA,NA,NA,Y,NA,A,07,0,0,1,0,0,0,0,0,0,-,-,NA,NA,SAN DIEGO,SAN DIEGO,-117.10086822509766,32.75282669067383
8759596,2018,2019-01-03,3711,2018-11-26,1414,6000,NA,1,5,7,3711,0,0,0,NA,0,713,CAMINO MAQUILADORA,1600 PACIFIC RIM CT,28,E,N,A,-,N,NA,NA,NA,NA,NA,NA,NA,NA,NA,Y,2,0,3,2,A,-,03,22350,NA,N,D,C,A,A,H,-,A,D,0,NA,NA,NA,Y,Y,NA,D,22,2,1,0,0,0,0,0,0,0,-,-,NA,NA,SAN DIEGO,SAN DIEGO,NA,NA
8759850,2018,2019-01-26,3711,2018-12-01,1905,4617,NA,6,5,7,3711,0,0,0,NA,0,242,PEGASUS AV,CAPRICORN,228,S,N,A,-,N,NA,NA,NA,NA,NA,NA,NA,NA,NA,Y,4,0,1,3,A,-,12,22451,A,N,B,E,A,A,H,-,C,D,0,NA,NA,NA,NA,Y,Y,-,NA,0,0,1,0,0,0,0,0,0,-,-,NA,NA,SAN DIEGO,SAN DIEGO,-117.12760162353516,32.9242057800293
8762282,2018,2019-01-02,3711,2018-11-27,1741,7592,SDPD,2,5,7,3711,0,0,0,NA,0,122,INGRAHAM ST,MOORLAND DR,0,NA,Y,A,-,N,NA,NA,NA,NA,NA,NA,NA,NA,NA,Y,2,0,1,2,A,-,10,21950,A,N,G,B,B,A,H,-,C,D,0,Y,NA,NA,NA,Y,NA,A,01,1,0,0,0,1,0,0,0,0,-,-,NA,NA,SAN DIEGO,SAN DIEGO,-117.23686981201172,32.786781311035156
8762381,2018,2019-01-14,3711,2018-12-10,0643,18120014,NA,1,5,7,3711,0,0,0,NA,0,521,F ST,PARK BL,0,NA,Y,B,-,N,NA,NA,NA,NA,NA,NA,NA,NA,NA,N,3,0,1,2,A,-,05,21651,B,M,-,B,A,A,H,-,B,D,0,NA,NA,NA,NA,Y,NA,-,NA,0,1,0,0,0,0,0,0,0,-,-,32.71379852294922,-117.15380096435548,SAN DIEGO,SAN DIEGO,-117.15374755859376,32.71363830566406
8762397,2018,2019-01-10,3711,2018-12-13,1710,5679,NA,4,5,7,3711,0,0,0,NA,0,233,CARMEL MOUNTAIN RD,PENASQUITOS DR,45,N,N,A,-,N,NA,NA,NA,NA,NA,NA,NA,NA,NA,N,4,0,1,2,A,-,03,22350,NA,N,C,C,A,A,H,-,C,A,0,NA,NA,NA,NA,Y,Y,A,07,0,0,1,0,0,0,0,0,0,-,-,NA,NA,SAN DIEGO,SAN DIEGO,-117.0902862548828,32.97761154174805
8762399,2018,2019-01-08,3711,2018-12-13,1820,6976,NA,4,5,7,3711,0,0,0,NA,0,618,SUNSET CLIFFS,CATALINA BL,0,NA,-,A,-,N,NA,NA,NA,NA,NA,NA,NA,NA,NA,N,3,0,1,3,A,-,08,22107,NA,M,B,E,E,A,H,-,D,D,0,Y,NA,NA,NA,Y,NA,-,NA,0,1,0,0,1,0,0,0,0,-,-,32.71979904174805,-117.25679779052734,SAN DIEGO,SAN DIEGO,NA,NA
8762748,2018,2018-12-28,3700,2018-12-07,1735,SH0817,NA,5,5,5,3712,0,0,0,NA,0,359,W SAN MARCOS  AV,S BENT AV,20,E,N,B,-,N,NA,NA,NA,NA,NA,NA,NA,NA,NA,Y,4,0,3,3,A,-,03,22350,NA,N,C,C,A,A,H,-,C,A,0,NA,NA,NA,NA,Y,NA,A,07,0,0,3,0,0,0,0,0,0,-,-,NA,NA,SAN DIEGO,SAN MARCOS,-117.18196868896484,33.13645553588867
8763004,2018,2019-01-09,3710,2018-10-16,1728,OC1157,026,2,5,6,3710,0,0,0,NA,0,006,RANCHO DEL ORO DR,VIZCAYA WY,0,NA,Y,A,-,N,NA,NA,NA,NA,NA,NA,NA,NA,NA,Y,4,0,1,2,A,-,12,21453,A,N,D,C,A,A,H,-,A,A,0,NA,NA,NA,Y,Y,NA,A,01,0,0,1,0,0,0,0,0,0,-,-,33.19282913208008,-117.3094482421875,SAN DIEGO,OCEANSIDE,-117.3093719482422,33.192710876464844
8763464,2018,2019-01-02,3700,2018-12-09,0620,SH2439,NA,7,5,5,3713,0,0,0,NA,0,311,VISTA VILLAGE DR,CIVIC CENTER DR,0,NA,Y,A,-,N,NA,NA,NA,NA,NA,NA,NA,NA,NA,N,4,0,1,2,A,-,09,21453,C,N,D,C,A,A,H,-,A,A,0,NA,NA,NA,NA,Y,NA,A,08,0,0,1,0,0,0,0,0,0,-,-,NA,NA,SAN DIEGO,VISTA,-117.23712921142578,33.20532989501953
8764368,2018,2019-01-04,3711,2018-11-27,1320,5700,NA,2,5,7,3711,0,0,0,NA,0,446,LOGAN AV,LOGAN AV 5000,0,NA,Y,A,-,N,NA,NA,NA,NA,NA,NA,NA,NA,NA,N,4,0,3,2,A,-,03,22350,NA,N,C,C,A,A,H,-,A,A,0,NA,NA,NA,NA,Y,NA,-,NA,0,0,3,0,0,0,0,0,0,-,-,NA,NA,SAN DIEGO,SAN DIEGO,-117.08724082,32.69677257
8765786,2018,2019-01-17,3706,2018-12-11,0618,453,ESCON,2,5,6,3706,0,0,0,NA,0,053,BEAR VALLEY PKWY,CASTENEDA DR,0,NA,Y,A,-,N,NA,NA,NA,NA,NA,NA,NA,NA,NA,Y,4,0,1,2,A,-,17,21461,A,N,D,C,A,A,H,-,B,D,0,NA,NA,NA,NA,Y,NA,A,07,0,0,1,0,0,0,0,0,0,-,-,NA,NA,SAN DIEGO,ESCONDIDO,-117.05954164,33.07231655
8765790,2018,2019-01-17,3706,2018-12-16,1350,405,ESCON,7,5,6,3706,0,0,0,NA,0,042,EAST VALLEY PKWY,FIG ST,0,NA,Y,A,-,N,NA,NA,NA,NA,NA,NA,NA,NA,NA,Y,3,0,2,2,A,-,09,21801,NA,N,A,C,A,A,H,-,A,A,0,NA,NA,NA,NA,Y,NA,A,07,0,2,0,0,0,0,0,0,0,-,-,NA,NA,SAN DIEGO,ESCONDIDO,-117.07392120361328,33.127288818359375
8767179,2018,2019-01-08,3711,2018-12-04,1440,5700,NA,2,5,7,3711,0,0,0,NA,0,445,47TH ST,47TH ST 600,0,NA,-,A,-,N,NA,NA,NA,NA,NA,NA,NA,NA,NA,N,4,0,1,1,A,-,21,22106,NA,N,H,-,A,A,H,-,A,D,0,NA,Y,NA,NA,Y,NA,L,04,0,0,1,0,0,0,1,0,0,-,-,NA,NA,SAN DIEGO,SAN DIEGO,-117.09360838,32.71142878
8768498,2018,2019-01-26,3711,2018-12-25,1143,7438,NA,2,5,7,3711,0,0,0,NA,0,524,PACIFIC HWY,BAYFRONT CT,5,N,N,A,C,N,NA,NA,NA,NA,NA,NA,NA,NA,NA,N,4,0,1,1,A,-,08,22107,NA,N,H,J,A,B,H,-,A,A,0,NA,NA,Y,NA,Y,NA,C,03,0,0,1,0,0,0,0,0,1,-,-,NA,NA,SAN DIEGO,SAN DIEGO,-117.17105102539063,32.71675491333008
8769318,2018,2019-02-01,3702,2018-12-16,1655,CV1069,NA,7,5,6,3702,0,0,0,NA,0,023,OLEANDER AV,MONTCLAIR ST,0,NA,Y,A,-,N,NA,NA,NA,NA,NA,NA,NA,NA,NA,Y,4,0,1,2,A,-,08,22107,NA,N,B,E,A,A,H,-,A,D,0,NA,NA,NA,NA,Y,NA,A,01,0,0,1,0,0,0,0,0,0,-,-,NA,NA,SAN DIEGO,CHULA VISTA,-117.03761291503906,32.624290466308594
8769338,2018,2019-02-01,3702,2018-12-23,0510,CV1207,NA,7,5,6,3702,0,0,0,NA,0,031,TELEGRAPH CANYON RD,MEDICAL CENTER DR,25,E,N,E,-,N,NA,NA,NA,NA,NA,NA,NA,NA,NA,Y,4,0,3,2,A,-,03,22350,NA,N,C,C,A,A,H,-,C,A,0,NA,NA,NA,NA,Y,NA,A,01,0,0,3,0,0,0,0,0,0,-,-,NA,NA,SAN DIEGO,CHULA VISTA,-117.02555847167967,32.62473678588867
8769653,2018,2019-01-29,3711,2018-12-18,1805,5842,NA,2,5,7,3711,0,0,0,NA,0,934,CARMEL VALLEY RD,CAMINITO VISTANA,2112,E,N,A,-,N,NA,NA,NA,NA,NA,NA,NA,NA,NA,Y,3,0,1,2,A,-,04,21703,NA,N,C,C,A,A,H,-,D,A,0,NA,NA,NA,NA,Y,NA,-,NA,0,1,0,0,0,0,0,0,0,-,-,NA,NA,SAN DIEGO,SAN DIEGO,-117.15715026855467,32.9707145690918
8769673,2018,2019-01-29,3711,2018-12-17,1121,5454,NA,1,5,7,3711,0,0,0,NA,0,833,FAIRMOUNT AV,UNIVERSITY AV,285,S,N,A,-,N,NA,NA,NA,NA,NA,NA,NA,NA,NA,N,4,0,2,2,A,-,12,22450,A,N,H,G,A,A,H,-,A,A,0,NA,Y,Y,NA,Y,NA,C,02,0,0,2,0,0,0,1,0,1,-,-,NA,NA,SAN DIEGO,SAN DIEGO,-117.10092163085938,32.74882125854492
8770336,2018,2019-01-14,3710,2018-08-26,1900,OC0658,012,7,5,6,3710,0,0,0,NA,0,005,CASSIDY ST,HUNSAKER ST,255,W,N,A,-,N,NA,NA,NA,NA,NA,NA,NA,NA,NA,N,3,0,1,2,A,-,08,22107,NA,N,C,E,A,A,H,-,A,A,0,NA,NA,NA,NA,Y,NA,A,01,0,1,0,0,0,0,0,0,0,-,-,33.18220138549805,-117.35028076171876,SAN DIEGO,OCEANSIDE,-117.35100555419922,33.18187713623047
8770384,2018,2019-01-14,3710,2018-08-31,1730,OC1420,002,5,5,6,3710,0,0,0,NA,0,001,BREAKWATER WY,THE STRAND N,12,E,N,A,-,N,NA,NA,NA,NA,NA,NA,NA,NA,NA,N,3,0,1,1,A,-,21,22106,NA,N,F,A,A,D,B,-,A,D,0,NA,NA,Y,NA,Y,NA,C,02,0,1,0,0,0,0,0,0,1,-,-,33.200618743896484,-117.38931274414063,SAN DIEGO,OCEANSIDE,-117.3893585205078,33.2005500793457
8771475,2018,2019-01-03,3700,2018-11-28,1930,SH7217,NA,3,5,4,3780,0,0,0,NA,0,410,TWIN PEAKS RD,SILVERSET ST,0,NA,Y,A,-,N,NA,NA,NA,NA,NA,NA,NA,NA,NA,Y,4,0,1,2,A,-,12,21453,A,N,A,I,A,A,H,-,C,A,0,NA,NA,NA,NA,Y,NA,A,01,0,0,1,0,0,0,0,0,0,-,-,NA,NA,SAN DIEGO,POWAY,-117.05172729492188,32.97798156738281
8771750,2018,2019-01-08,3710,2018-09-23,1750,OC1157,021,7,5,6,3710,0,0,0,NA,0,008,COLLEGE BL,NORTH RIVER RD,11,E,N,A,-,N,NA,NA,NA,NA,NA,NA,NA,NA,NA,N,4,0,1,1,A,-,03,22350,NA,N,H,A,A,A,H,-,A,A,0,NA,NA,Y,NA,Y,NA,C,02,0,0,1,0,0,0,0,0,1,-,-,33.25069046020508,-117.30027770996094,SAN DIEGO,OCEANSIDE,-117.3002471923828,33.25082015991211
8772491,2018,2019-01-16,3711,2018-12-29,1422,4769,SAN D,6,5,7,3711,0,0,0,NA,0,124,DRAPER AV,PEARL ST,4,N,N,A,-,N,NA,NA,NA,NA,NA,NA,NA,NA,NA,N,3,0,1,2,A,-,10,21950,A,N,D,B,B,A,H,-,A,A,0,Y,NA,NA,NA,Y,NA,-,NA,0,1,0,0,1,0,0,0,0,-,-,NA,NA,SAN DIEGO,SAN DIEGO,-117.27611541748048,32.83967971801758
8772528,2018,2019-01-12,3711,2018-12-29,1520,7721,NA,6,5,7,3711,0,0,0,NA,0,627,6TH AV,PENNSYLVANIA AV,0,NA,-,A,-,N,NA,NA,NA,NA,NA,NA,NA,NA,NA,N,3,0,1,2,A,-,10,21950,A,N,G,B,D,A,H,-,A,A,0,Y,NA,Y,NA,Y,NA,C,06,0,1,0,0,1,0,0,0,0,-,-,NA,NA,SAN DIEGO,SAN DIEGO,-117.15956878662108,32.7451286315918
8773335,2018,2019-01-08,3709,2018-12-16,1524,NC0493,NA,7,5,5,3709,0,0,0,NA,0,021,EAST 4TH ST,HARBISON AV,0,NA,Y,A,-,N,NA,NA,NA,NA,NA,NA,NA,NA,NA,Y,4,0,3,5,A,-,12,22450,A,N,D,C,A,A,H,-,A,A,0,NA,NA,NA,NA,Y,NA,A,01,0,0,3,0,0,0,0,0,0,-,-,NA,NA,SAN DIEGO,NATIONAL CITY,-117.07655334472656,32.68817901611328
8773778,2018,2019-02-15,3702,2018-11-27,0300,CV1231,NA,2,5,6,3702,0,0,0,NA,0,021,PALOMAR ST,RT 5,373,W,N,A,-,Y,SD,11,5,-,-,6.164,R,4,N,N,2,0,1,2,D,-,00,NA,NA,F,G,B,E,A,H,-,D,D,0,Y,NA,NA,NA,Y,NA,-,-,1,0,0,0,1,0,0,0,0,-,NO,NA,NA,SAN DIEGO,CHULA VISTA,-117.0900421142578,32.605918884277344
8773963,2019,2019-02-04,3711,2019-01-10,1115,SD5624,NA,4,5,7,3711,0,0,0,NA,0,722,PALM AV,SATURN BL,0,NA,Y,A,-,N,NA,NA,NA,NA,NA,NA,NA,NA,NA,N,3,0,2,2,A,-,12,21453,A,N,D,C,A,A,H,-,A,A,0,NA,NA,NA,NA,Y,NA,A,01,0,1,1,0,0,0,0,0,0,-,-,NA,NA,SAN DIEGO,SAN DIEGO,-117.09262847900392,32.583740234375
8773967,2018,2019-01-30,3711,2018-12-26,0855,SD4491,NA,3,5,7,3711,0,0,0,NA,0,613,FAMOSA,CAMINITO UMBRAL,18,S,N,A,-,N,NA,NA,NA,NA,NA,NA,NA,NA,NA,N,4,0,1,3,A,-,08,22107,NA,N,B,E,A,A,H,-,A,D,0,NA,NA,NA,NA,Y,NA,A,01,0,0,1,0,0,0,0,0,0,-,-,NA,NA,SAN DIEGO,SAN DIEGO,-117.22978973388672,32.74643325805664
8774764,2018,2019-02-12,3705,2018-12-25,0912,EC0163,NA,2,5,5,3705,0,0,0,NA,0,001,MAGNOLIA,MAIN,0,NA,Y,B,-,N,NA,NA,NA,NA,NA,NA,NA,NA,NA,Y,4,0,2,2,A,-,12,21453,A,N,D,C,A,B,H,-,A,A,0,NA,NA,NA,NA,Y,NA,A,01,0,0,2,0,0,0,0,0,0,-,-,NA,NA,SAN DIEGO,EL CAJON,-116.96234893798828,32.79494857788086