CASE_ID,ACCIDENT_YEAR,PROC_DATE,JURIS,COLLISION_DATE,COLLISION_TIME,OFFICER_ID,REPORTING_DISTRICT,DAY_OF_WEEK,CHP_SHIFT,POPULATION,CNTY_CITY_LOC,SPECIAL_COND,BEAT_TYPE,CHP_BEAT_TYPE,CITY_DIVISION_LAPD,CHP_BEAT_CLASS,BEAT_NUMBER,PRIMARY_RD,SECONDARY_RD,DISTANCE,DIRECTION,INTERSECTION,WEATHER_1,WEATHER_2,STATE_HWY_IND,CALTRANS_COUNTY,CALTRANS_DISTRICT,STATE_ROUTE,ROUTE_SUFFIX,POSTMILE_PREFIX,POSTMILE,LOCATION_TYPE,RAMP_INTERSECTION,SIDE_OF_HWY,TOW_AWAY,COLLISION_SEVERITY,NUMBER_KILLED,NUMBER_INJURED,PARTY_COUNT,PRIMARY_COLL_FACTOR,PCF_CODE_OF_VIOL,PCF_VIOL_CATEGORY,PCF_VIOLATION,PCF_VIOL_SUBSECTION,HIT_AND_RUN,TYPE_OF_COLLISION,MVIW,PED_ACTION,ROAD_SURFACE,ROAD_COND_1,ROAD_COND_2,LIGHTING,CONTROL_DEVICE,CHP_ROAD_TYPE,PEDESTRIAN_ACCIDENT,BICYCLE_ACCIDENT,MOTORCYCLE_ACCIDENT,TRUCK_ACCIDENT,NOT_PRIVATE_PROPERTY,ALCOHOL_INVOLVED,STWD_VEHTYPE_AT_FAULT,CHP_VEHTYPE_AT_FAULT,COUNT_SEVERE_INJ,COUNT_VISIBLE_INJ,COUNT_COMPLAINT_PAIN,COUNT_PED_KILLED,COUNT_PED_INJURED,COUNT_BICYCLIST_KILLED,COUNT_BICYCLIST_INJURED,COUNT_MC_KILLED,COUNT_MC_INJURED,PRIMARY_RAMP,SECONDARY_RAMP,LATITUDE,LONGITUDE,COUNTY,CITY,POINT_X,POINT_Y
8969709,2019,2019-11-15,3711,2019-09-30,0725,158,NA,1,5,7,3711,0,0,0,NA,0,521,BROADWAY,17TH ST,3,E,N,A,-,N,NA,NA,NA,NA,NA,NA,NA,NA,NA,N,3,0,1,2,A,-,10,21950,A,N,G,B,B,A,H,-,A,D,0,Y,NA,NA,NA,Y,NA,-,NA,0,1,0,0,1,0,0,0,0,-,-,32.71577072143555,-117.14853668212892,SAN DIEGO,SAN DIEGO,-117.14859008789063,32.71575927734375
8972637,2019,2019-11-19,3709,2019-10-13,1152,NC0490,NA,7,5,5,3709,0,0,0,NA,0,024,HOOVER AV,W 22ND ST,75,S,N,A,-,N,NA,NA,NA,NA,NA,NA,NA,NA,NA,N,3,0,1,2,A,-,21,22106,NA,N,C,G,A,A,H,-,A,D,0,NA,Y,NA,NA,Y,NA,A,01,0,1,0,0,0,0,1,0,0,-,-,NA,NA,SAN DIEGO,NATIONAL CITY,-117.10435485839844,32.662925720214844
8973034,2019,2019-11-19,3711,2019-10-23,1254,SD5628,NA,3,5,7,3711,0,0,0,NA,0,111,MESA COLLEGE DR,LINDA VISTA RD,123,E,N,A,-,N,NA,NA,NA,NA,NA,NA,NA,NA,NA,Y,4,0,1,3,A,-,08,22107,NA,N,E,E,A,A,H,-,A,D,0,NA,NA,NA,NA,Y,NA,A,07,0,0,1,0,0,0,0,0,0,-,-,NA,NA,SAN DIEGO,SAN DIEGO,-117.15775299072266,32.8007926940918
8973408,2019,2019-12-16,3711,2019-10-11,0630,SD7431,NA,5,5,7,3711,0,0,0,NA,0,443,DIVISION ST,DIVISION ST 4100,0,NA,-,A,-,N,NA,NA,NA,NA,NA,NA,NA,NA,NA,N,3,0,1,3,A,-,08,22107,NA,N,A,C,A,A,H,-,A,D,0,NA,NA,NA,NA,Y,NA,-,NA,0,1,0,0,0,0,0,0,0,-,-,NA,NA,SAN DIEGO,SAN DIEGO,NA,NA
8975807,2019,2019-11-21,3711,2019-10-16,2020,SD5958,NA,3,5,7,3711,0,0,0,NA,0,243,MIRAMAR RD,BLACK MOUNTAIN RD,0,NA,Y,A,-,N,NA,NA,NA,NA,NA,NA,NA,NA,NA,Y,4,0,2,2,A,-,03,22350,NA,N,C,C,A,A,H,-,C,D,0,NA,NA,NA,NA,Y,Y,A,01,0,0,2,0,0,0,0,0,0,-,-,NA,NA,SAN DIEGO,SAN DIEGO,-117.12345886230467,32.89377975463867
8976139,2019,2019-11-19,3711,2019-10-22,1550,7954,NA,2,5,7,3711,0,0,0,NA,0,831,47TH ST,EL CAJON BL,330,S,N,A,-,N,NA,NA,NA,NA,NA,NA,NA,NA,NA,N,3,0,1,2,A,-,11,21954,A,N,G,B,D,A,H,-,A,D,0,Y,NA,NA,NA,Y,NA,N,60,0,1,0,0,1,0,0,0,0,-,-,NA,NA,SAN DIEGO,SAN DIEGO,-117.0932846069336,32.7550048828125
8976641,2019,2019-12-23,3702,2019-10-23,1445,CV1242,NA,3,5,6,3702,0,0,0,NA,0,042,MAGDALENA AV,SANTA VENETIA ST,729,S,N,A,-,N,NA,NA,NA,NA,NA,NA,NA,NA,NA,N,4,0,1,2,D,-,00,NA,NA,N,D,G,A,A,H,-,A,D,0,NA,Y,NA,NA,Y,NA,-,-,0,0,1,0,0,0,1,0,0,-,-,NA,NA,SAN DIEGO,CHULA VISTA,-116.9778289794922,32.62110900878906
8976662,2019,2019-12-17,3702,2019-10-22,2030,CV1289,NA,2,5,6,3702,0,0,0,NA,0,042,LA MEDIA RD,TELEGRAPH CANYON RD,9,S,N,A,-,N,NA,NA,NA,NA,NA,NA,NA,NA,NA,N,3,0,1,2,A,-,05,21202,A,N,H,G,A,A,H,-,C,A,0,NA,Y,NA,NA,Y,NA,L,04,0,1,0,0,0,0,1,0,0,-,-,NA,NA,SAN DIEGO,CHULA VISTA,-116.99039459228516,32.63861846923828
8976698,2019,2019-12-17,3700,2019-10-28,0753,SH2558,NA,1,5,5,3712,0,0,0,NA,0,356,CAPALINA RD,HOLLENCREST RD,0,NA,Y,A,-,N,NA,NA,NA,NA,NA,NA,NA,NA,NA,Y,4,0,1,3,A,-,03,22350,NA,N,C,C,A,A,H,-,A,D,0,NA,NA,NA,NA,Y,NA,A,01,0,0,1,0,0,0,0,0,0,-,-,NA,NA,SAN DIEGO,SAN MARCOS,-117.19860076904295,33.152278900146484
8976705,2019,2019-12-23,3702,2019-10-19,0511,CV1232,NA,6,5,6,3702,0,0,0,NA,0,031,EAST H ST,TIERRA DEL REY,165,W,N,A,-,N,NA,NA,NA,NA,NA,NA,NA,NA,NA,N,3,0,1,2,A,-,11,21950,B,N,G,B,D,A,H,-,C,A,0,Y,NA,NA,NA,Y,Y,N,60,0,1,0,0,1,0,0,0,0,-,-,NA,NA,SAN DIEGO,CHULA VISTA,-117.02115631103516,32.63596725463867
8977421,2019,2019-12-06,3711,2019-08-21,0946,SD5498,NA,3,5,7,3711,0,0,0,NA,0,517,BROADWAY,30TH ST,0,NA,Y,A,-,N,NA,NA,NA,NA,NA,NA,NA,NA,NA,N,4,0,1,2,A,-,12,21453,A,M,D,C,A,A,H,-,A,A,0,NA,NA,NA,NA,Y,NA,A,01,0,0,1,0,0,0,0,0,0,-,-,NA,NA,SAN DIEGO,SAN DIEGO,-117.1295928955078,32.71586990356445
8978335,2019,2020-01-23,3711,2019-11-09,1307,SD6146,NA,6,5,7,3711,0,0,0,NA,0,822,ORANGE AV,COLTS WY,101,W,N,A,-,N,NA,NA,NA,NA,NA,NA,NA,NA,NA,Y,3,0,1,2,A,-,08,22107,NA,M,B,E,A,A,H,-,A,D,0,NA,NA,NA,NA,Y,Y,A,01,0,1,0,0,0,0,0,0,0,-,-,NA,NA,SAN DIEGO,SAN DIEGO,-117.07725524902344,32.753116607666016
8980171,2019,2019-11-21,3701,2019-10-15,0751,5521,002,2,5,5,3701,0,0,0,NA,0,001,CARLSBAD VILLAGE DR,ROOSEVELT ST,0,NA,Y,A,-,N,NA,NA,NA,NA,NA,NA,NA,NA,NA,NA,4,0,1,2,A,-,00,21905,A,N,G,B,B,A,H,-,A,A,0,Y,NA,NA,NA,Y,NA,A,01,0,0,1,0,1,0,0,0,0,-,-,NA,NA,SAN DIEGO,CARLSBAD,-117.34768676757813,33.16020965576172
8980220,2019,2019-11-21,3706,2019-10-30,1013,446,ESCON,3,5,6,3706,0,0,0,NA,0,046,VALLEY PY,MIDWAY DR,1020,E,N,A,-,N,NA,NA,NA,NA,NA,NA,NA,NA,NA,N,4,0,1,2,A,-,09,21801,A,N,D,C,A,A,H,-,A,A,0,NA,NA,NA,NA,Y,NA,A,01,0,0,1,0,0,0,0,0,0,-,-,33.1375617980957,-117.05184173583984,SAN DIEGO,ESCONDIDO,-117.04891204833984,33.13887405395508
8982313,2019,2019-11-25,3700,2019-11-06,1738,SH0320,NA,3,5,5,3713,0,0,0,NA,0,308,NORTH EMERALD DR,BORRA CT,21,N,N,A,-,N,NA,NA,NA,NA,NA,NA,NA,NA,NA,Y,3,0,1,2,A,-,03,22350,NA,N,C,C,A,A,H,-,C,D,0,NA,NA,Y,NA,Y,NA,C,02,0,1,0,0,0,0,0,0,1,-,-,NA,NA,SAN DIEGO,VISTA,-117.2795181274414,33.200965881347656
8983077,2019,2020-01-14,3710,2019-11-15,1514,OC1177,NA,5,5,6,3710,0,0,0,NA,0,016,MISSION AV,DOUGLAS DR,50,E,N,B,-,N,NA,NA,NA,NA,NA,NA,NA,NA,NA,N,4,0,2,3,A,-,03,22350,NA,N,C,C,A,A,H,-,A,A,0,NA,NA,NA,NA,Y,NA,D,22,0,0,2,0,0,0,0,0,0,-,-,NA,NA,SAN DIEGO,OCEANSIDE,-117.32588958740234,33.227840423583984
8984379,2019,2020-01-11,3705,2019-10-12,2035,EC0409,NA,6,5,5,3705,0,0,0,NA,0,002,MADISON AV,N 1ST ST,0,NA,Y,A,-,N,NA,NA,NA,NA,NA,NA,NA,NA,NA,Y,4,0,1,2,A,-,09,21801,A,N,A,C,A,A,H,-,C,A,0,NA,NA,NA,NA,Y,NA,A,08,0,0,1,0,0,0,0,0,0,-,-,NA,NA,SAN DIEGO,EL CAJON,-116.94461059570313,32.800140380859375
8984804,2019,2019-12-31,3706,2019-11-10,2045,1860,ESCON,7,5,6,3706,0,0,0,NA,0,564,GRAND AV,ROSE ST,147,E,N,E,-,N,NA,NA,NA,NA,NA,NA,NA,NA,NA,N,4,0,1,2,A,-,03,22350,NA,N,C,C,A,A,H,-,C,D,0,NA,NA,NA,NA,Y,NA,A,01,0,0,1,0,0,0,0,0,0,-,-,33.130859375,-117.05748748779295,SAN DIEGO,ESCONDIDO,-117.05699157714844,33.13095474243164
8985627,2019,2020-05-20,3702,2019-10-20,1915,CV1207,NA,7,5,6,3702,0,0,0,NA,0,024,E ORANGE ST,RT 805,18,E,N,A,-,Y,SD,11,805,-,-,4.602,R,4,S,N,4,0,10,3,A,-,03,22350,NA,N,-,B,A,A,H,-,C,A,0,NA,NA,NA,NA,Y,NA,A,01,0,0,10,0,0,0,0,0,0,-,-,NA,NA,SAN DIEGO,CHULA VISTA,-117.03650665283205,32.60845184326172
8985707,2019,2020-01-10,3701,2019-11-18,0641,CB5288,44,1,5,5,3701,0,0,0,NA,0,005,EL CAMINO REAL,CANNON RD,0,NA,Y,A,-,N,NA,NA,NA,NA,NA,NA,NA,NA,NA,Y,4,0,2,2,A,-,12,21453,A,N,D,C,A,A,H,-,A,A,0,NA,NA,NA,NA,Y,NA,A,01,0,0,2,0,0,0,0,0,0,-,-,NA,NA,SAN DIEGO,CARLSBAD,-117.2976531982422,33.14945983886719
8986277,2019,2019-12-03,3711,2019-10-31,1009,SD6395,NA,4,5,7,3711,0,0,0,NA,0,723,PALM AV,HAWAII AV,0,NA,Y,A,-,N,NA,NA,NA,NA,NA,NA,NA,NA,NA,Y,4,0,2,2,A,-,12,21453,A,N,D,C,A,A,H,-,A,A,0,NA,NA,NA,Y,Y,NA,F,26,0,0,2,0,0,0,0,0,0,-,-,NA,NA,SAN DIEGO,SAN DIEGO,-117.0663604736328,32.5837516784668
8986353,2019,2019-12-02,3711,2019-10-30,2125,SD8377,NA,3,5,7,3711,0,0,0,NA,0,524,BROADWAY,11TH AV,13,E,N,A,-,N,NA,NA,NA,NA,NA,NA,NA,NA,NA,N,3,0,1,2,A,-,10,21950,A,N,G,B,B,A,H,-,C,A,0,Y,NA,Y,NA,Y,NA,C,02,0,1,0,0,1,0,0,0,0,-,-,NA,NA,SAN DIEGO,SAN DIEGO,-117.15468597412108,32.71574020385742
8986523,2019,2019-12-20,3711,2019-10-30,0750,SD4491,NA,3,5,7,3711,0,0,0,NA,0,612,ROSECRANS ST,ROSECRANS PL,0,NA,Y,A,-,N,NA,NA,NA,NA,NA,NA,NA,NA,NA,N,3,0,1,2,A,-,05,21650,NA,N,D,G,A,A,H,-,A,A,0,NA,Y,NA,NA,Y,NA,L,04,0,1,0,0,0,0,1,0,0,-,-,NA,NA,SAN DIEGO,SAN DIEGO,-117.21190643310548,32.7448616027832
8987521,2019,2019-11-22,3711,2019-09-06,0828,SD6588,NA,5,5,7,3711,0,0,0,NA,0,723,PALM AV,PALM AV 3600,0,NA,-,A,-,N,NA,NA,NA,NA,NA,NA,NA,NA,NA,N,4,0,1,2,D,-,00,NA,NA,N,G,B,E,A,H,-,A,D,0,Y,NA,NA,NA,Y,NA,-,-,0,0,1,0,1,0,0,0,0,-,-,NA,NA,SAN DIEGO,SAN DIEGO,NA,NA
8987962,2019,2019-11-27,3711,2019-07-29,0930,SD6259,NA,1,5,7,3711,0,0,0,NA,0,434,SAN VICENTE,CARDIFF,53,W,N,A,-,N,NA,NA,NA,NA,NA,NA,NA,NA,NA,N,3,0,2,2,A,-,08,22107,NA,N,C,C,A,A,H,-,A,D,0,NA,NA,NA,NA,Y,NA,A,01,0,1,1,0,0,0,0,0,0,-,-,NA,NA,SAN DIEGO,SAN DIEGO,-117.02455902099608,32.712257385253906
8989261,2019,2020-01-14,3710,2019-11-05,1005,OC1358,NA,2,5,6,3710,0,0,0,NA,0,024,RANCHO DEL ORO DR,VIA RANCHO RD,267,N,N,A,-,N,NA,NA,NA,NA,NA,NA,NA,NA,NA,Y,4,0,3,2,A,-,09,21804,A,N,D,C,A,A,H,-,A,D,0,NA,NA,NA,NA,Y,NA,A,01,0,0,3,0,0,0,0,0,0,-,-,NA,NA,SAN DIEGO,OCEANSIDE,-117.3193588256836,33.22049331665039
8990078,2019,2019-12-04,3711,2019-06-10,0658,SD7824,NA,1,5,7,3711,0,0,0,NA,0,122,INGRAHAM ST,LA CIMA,100,N,N,A,-,N,NA,NA,NA,NA,NA,NA,NA,NA,NA,N,4,0,1,3,B,-,22,NA,NA,N,C,C,A,A,H,-,A,D,0,NA,NA,NA,NA,Y,NA,A,01,0,0,1,0,0,0,0,0,0,-,-,NA,NA,SAN DIEGO,SAN DIEGO,-117.2365951538086,32.78302001953125
8991266,2019,2020-01-24,3701,2019-11-20,1318,CB5492,070,3,5,5,3701,0,0,0,NA,0,006,PALOMAR AIRPORT RD,AVENIDA ENCINAS,0,NA,Y,C,-,N,NA,NA,NA,NA,NA,NA,NA,NA,NA,Y,4,0,2,3,A,-,12,21453,A,N,D,C,A,B,H,-,A,A,0,NA,NA,NA,NA,Y,NA,A,01,0,0,2,0,0,0,0,0,0,-,-,NA,NA,SAN DIEGO,CARLSBAD,-117.3249282836914,33.122310638427734
8991483,2019,2019-12-18,3705,2019-03-29,0849,0219,NA,5,5,5,3705,0,0,0,NA,0,003,BROADWAY,BOSTONIA ST,0,NA,Y,A,-,N,NA,NA,NA,NA,NA,NA,NA,NA,NA,Y,4,0,2,2,A,-,09,21801,A,N,D,C,A,A,H,-,A,A,0,NA,NA,NA,NA,Y,NA,D,22,0,0,2,0,0,0,0,0,0,-,-,NA,NA,SAN DIEGO,EL CAJON,-116.93348693847656,32.807708740234375
8991991,2019,2020-01-29,3705,2019-11-06,1450,EC0219,NA,3,5,5,3705,0,0,0,NA,0,001,CUYAMACA ST,VERNON WY,0,NA,Y,A,-,N,NA,NA,NA,NA,NA,NA,NA,NA,NA,N,2,0,1,2,A,-,11,21950,B,N,G,B,B,A,H,-,A,A,0,Y,NA,NA,NA,Y,NA,N,60,1,0,0,0,1,0,0,0,0,-,-,NA,NA,SAN DIEGO,EL CAJON,-116.97962951660156,32.81201171875
8992211,2019,2020-01-23,3711,2019-11-12,1529,SD7942,NA,2,5,7,3711,0,0,0,NA,0,611,MIDWAY DR,WING ST,180,E,N,A,-,N,NA,NA,NA,NA,NA,NA,NA,NA,NA,N,4,0,1,2,A,-,08,22107,NA,N,D,C,A,A,H,-,A,D,0,NA,NA,NA,NA,Y,NA,A,01,0,0,1,0,0,0,0,0,0,-,-,NA,NA,SAN DIEGO,SAN DIEGO,-117.21166229248048,32.75040817260742
8992234,2019,2020-01-21,3711,2019-11-09,1203,AS5106,NA,6,5,7,3711,0,0,0,NA,0,722,ORO VISTA RD,ORO VISTA RD  1500,0,NA,Y,A,-,N,NA,NA,NA,NA,NA,NA,NA,NA,NA,N,3,0,2,3,A,-,03,22350,NA,M,G,B,B,A,H,-,A,A,0,Y,NA,NA,NA,Y,Y,A,01,0,2,0,0,2,0,0,0,0,-,-,NA,NA,SAN DIEGO,SAN DIEGO,NA,NA
8992239,2019,2020-01-23,3711,2019-11-11,1918,SD6982,NA,1,5,7,3711,0,0,0,NA,0,111,GENESEE AV,BALBOA AV,0,NA,Y,A,-,N,NA,NA,NA,NA,NA,NA,NA,NA,NA,N,3,0,1,2,A,-,11,21456,B,N,G,B,B,A,H,-,C,A,0,Y,NA,NA,NA,Y,NA,N,60,0,1,0,0,1,0,0,0,0,-,-,NA,NA,SAN DIEGO,SAN DIEGO,-117.18202209472656,32.81937026977539
8992920,2019,2020-01-22,3711,2019-11-05,1839,SD7931,NA,2,5,7,3711,0,0,0,NA,0,434,ENCINITAS AV,ENCINITAS AV 627,0,NA,N,A,-,N,NA,NA,NA,NA,NA,NA,NA,NA,NA,N,2,0,1,3,A,-,11,21956,B,N,G,B,E,A,H,-,D,D,0,Y,NA,NA,NA,Y,NA,N,60,1,0,0,0,1,0,0,0,0,-,-,NA,NA,SAN DIEGO,SAN DIEGO,NA,NA
8993036,2019,2019-12-10,3708,2019-10-22,1618,LM1206,NA,2,5,5,3708,0,0,0,NA,0,001,UNIVERSITY AV,HARBINSON AV,0,NA,Y,A,-,N,NA,NA,NA,NA,NA,NA,NA,NA,NA,N,2,0,1,2,A,-,08,22107,NA,N,B,C,A,A,H,-,A,A,0,NA,NA,Y,NA,Y,NA,D,22,1,0,0,0,0,0,0,0,1,-,-,NA,NA,SAN DIEGO,LA MESA,-117.04656982421876,32.754878997802734
8993721,2019,2019-12-11,3708,2019-10-24,1620,LM1158,NA,4,5,5,3708,0,0,0,NA,0,004,FLETCHER PKWY,GROSSMONT CENTER DR,34,E,N,A,-,N,NA,NA,NA,NA,NA,NA,NA,NA,NA,N,2,0,1,2,A,-,17,21461,A,F,G,B,B,A,H,-,A,A,0,Y,NA,NA,NA,Y,NA,-,NA,1,0,0,0,1,0,0,0,0,-,-,NA,NA,SAN DIEGO,LA MESA,-117.0120086669922,32.782379150390625
8993999,2019,2020-01-14,3711,2019-11-14,1013,SD6706,NA,4,5,7,3711,0,0,0,NA,0,242,MIRA MESA BL,WESTVIEW PKWY,0,NA,Y,A,-,N,NA,NA,NA,NA,NA,NA,NA,NA,NA,N,3,0,1,2,A,-,08,22107,NA,N,B,C,A,A,H,-,A,A,0,NA,NA,Y,NA,Y,NA,C,02,0,1,0,0,0,0,0,0,0,-,-,NA,NA,SAN DIEGO,SAN DIEGO,-117.12052154541016,32.917320251464844
8994294,2019,2019-12-11,3700,2019-10-26,1547,1147,NA,6,5,5,3782,0,0,0,NA,0,222,SOUTH EL CAMINO REAL,LA FITNES SHOPPING CENTER DR,0,NA,Y,A,-,N,NA,NA,NA,NA,NA,NA,NA,NA,NA,Y,4,0,1,3,A,-,12,21453,A,N,D,C,A,A,H,-,A,A,0,NA,NA,NA,NA,Y,NA,A,01,0,0,1,0,0,0,0,0,0,-,-,NA,NA,SAN DIEGO,ENCINITAS,NA,NA
8995941,2019,2020-01-07,3711,2019-11-23,2320,SD8382,NA,6,5,7,3711,0,0,0,NA,0,122,GRAND AV,LEE ST,0,NA,Y,B,-,N,NA,NA,NA,NA,NA,NA,NA,NA,NA,Y,3,0,2,2,A,-,12,21453,A,N,D,C,A,A,H,-,C,A,0,NA,NA,NA,NA,Y,NA,A,01,0,1,1,0,0,0,0,0,0,-,-,NA,NA,SAN DIEGO,SAN DIEGO,-117.22464752197266,32.801368713378906
8996028,2019,2020-01-08,3711,2019-11-22,1730,SD5877,NA,5,5,7,3711,0,0,0,NA,0,234,RANCHO BERNARDO RD,MATINAL RD,390,E,N,A,-,N,NA,NA,NA,NA,NA,NA,NA,NA,NA,N,4,0,1,4,B,-,22,NA,NA,N,C,C,A,A,H,-,C,A,0,NA,NA,NA,NA,Y,NA,A,01,0,0,1,0,0,0,0,0,0,-,-,NA,NA,SAN DIEGO,SAN DIEGO,-117.09097290039063,33.024497985839844
8996032,2019,2020-01-08,3711,2019-11-22,1811,SD7892,NA,5,5,7,3711,0,0,0,NA,0,626,WASHINGTON PL,WASHINGTON PL  1300,30,S,N,A,-,N,NA,NA,NA,NA,NA,NA,NA,NA,NA,Y,3,0,1,1,B,-,22,NA,NA,N,E,I,A,A,H,-,C,D,0,NA,NA,NA,NA,Y,NA,A,01,0,1,0,0,0,0,0,0,0,-,-,NA,NA,SAN DIEGO,SAN DIEGO,NA,NA
8998304,2019,2019-12-12,3702,2019-10-31,2340,1219,NA,4,5,6,3702,0,0,0,NA,0,013,4TH AV,KEARNY ST,20,N,N,A,-,N,NA,NA,NA,NA,NA,NA,NA,NA,NA,Y,4,0,1,2,A,-,03,22350,NA,N,F,E,A,A,H,-,C,D,0,NA,NA,NA,NA,Y,NA,A,01,0,0,1,0,0,0,0,0,0,-,-,NA,NA,SAN DIEGO,CHULA VISTA,-117.07794952392578,32.624671936035156
8998346,2019,2020-01-29,3702,2019-11-09,1630,1258,NA,6,5,6,3702,0,0,0,NA,0,032,NORTHWOODS  DR,ALDER GROVE WY,230,N,N,A,-,N,NA,NA,NA,NA,NA,NA,NA,NA,NA,N,3,0,1,1,A,-,03,22350,NA,N,E,I,A,A,H,-,A,D,0,NA,NA,NA,NA,Y,NA,A,01,0,1,0,0,0,0,0,0,0,-,-,NA,NA,SAN DIEGO,CHULA VISTA,-116.94512176513672,32.65807342529297
8998410,2019,2020-01-24,3701,2019-11-23,1754,CB5552,004,6,5,5,3701,0,0,0,NA,0,004,MARRON RD,EL CAMINO REAL,541,W,N,A,-,N,NA,NA,NA,NA,NA,NA,NA,NA,NA,N,3,0,1,2,A,-,01,23152,B,N,C,C,A,A,H,-,C,A,0,NA,NA,NA,NA,Y,NA,A,01,0,1,0,0,0,0,0,0,0,-,-,NA,NA,SAN DIEGO,CARLSBAD,-117.32833099365234,33.17715072631836
9001115,2019,2020-01-02,3705,2019-11-26,0947,EC0398,NA,2,5,5,3705,0,0,0,NA,0,003,EAST MAIN ST,BROADWAY,120,S,N,A,-,N,NA,NA,NA,NA,NA,NA,NA,NA,NA,Y,4,0,1,2,A,-,08,22107,NA,N,C,E,A,A,H,-,A,D,0,NA,NA,NA,NA,Y,NA,D,22,0,0,1,0,0,0,0,0,0,-,-,NA,NA,SAN DIEGO,EL CAJON,-116.92237091064452,32.807498931884766
9001229,2019,2020-01-23,3711,2019-11-20,0810,SD6743,NA,3,5,7,3711,0,0,0,NA,0,713,ROLL DR,DE LA AMISTAD,0,N,N,C,-,N,NA,NA,NA,NA,NA,NA,NA,NA,NA,Y,4,0,1,2,A,-,08,22107,NA,N,D,C,A,B,H,-,A,D,0,NA,NA,NA,NA,Y,NA,A,01,0,0,1,0,0,0,0,0,0,-,-,NA,NA,SAN DIEGO,SAN DIEGO,-116.93743133544922,32.552921295166016
9001245,2019,2020-01-23,3711,2019-11-20,1845,SD7930,NA,3,5,7,3711,0,0,0,NA,0,521,11TH ST,G ST,0,NA,Y,C,-,N,NA,NA,NA,NA,NA,NA,NA,NA,NA,N,3,0,1,2,B,-,22,NA,NA,N,G,B,B,B,H,-,C,A,0,Y,NA,NA,NA,Y,NA,A,01,0,1,0,0,1,0,0,0,0,-,-,NA,NA,SAN DIEGO,SAN DIEGO,-117.15469360351563,32.71260070800781
9001253,2019,2020-01-23,3711,2019-11-20,1753,SD7971,NA,3,5,7,3711,0,0,0,NA,0,529,LAUREL ST,5TH AV,0,NA,Y,C,-,N,NA,NA,NA,NA,NA,NA,NA,NA,NA,N,3,0,1,2,A,-,11,21456,B,N,G,B,B,B,H,-,C,A,0,Y,NA,NA,NA,Y,NA,N,60,0,1,0,0,1,0,0,0,0,-,-,NA,NA,SAN DIEGO,SAN DIEGO,-117.16029357910156,32.73139953613281
90023807,2015,2015-10-19,9650,2015-09-27,2224,015868,NA,7,3,5,3782,0,1,1,NA,2,007,INTERSTATE 5 (S/B),ENCINITAS BLVD,528,N,N,B,-,Y,NA,NA,5,NA,NA,NA,NA,NA,NA,Y,3,0,2,2,A,-,03,22350,NA,N,C,C,A,A,H,-,D,D,0,NA,NA,NA,NA,Y,NA,A,01,0,1,1,0,0,0,0,0,0,-,-,33.05011,-117.28789,SAN DIEGO,ENCINITAS,-117.28788983,33.05011005
90025281,2015,2015-10-19,9680,2015-09-25,1610,020738,NA,5,2,5,3708,0,1,1,NA,2,081,I-8 W/B,GROSSMONT BLVD.,15,E,N,A,-,Y,NA,NA,8,NA,NA,NA,NA,NA,W,Y,4,0,1,2,C,-,18,NA,NA,N,E,I,A,A,A,-,A,D,0,NA,NA,NA,NA,Y,NA,-,-,0,0,1,0,0,0,0,0,0,-,-,32.7793,-116.99033,SAN DIEGO,LA MESA,-116.99033294,32.77920788
90026530,2015,2015-10-19,9680,2015-09-28,1005,018672,NA,1,1,9,3700,0,1,3,NA,1,051,SR-79,OLD CUYAMACA RD,125,N,N,A,-,Y,NA,NA,79,NA,NA,NA,NA,NA,NA,Y,4,0,2,1,A,-,05,21460,A,N,E,I,A,A,H,-,A,D,0,NA,NA,NA,NA,Y,NA,A,01,0,0,2,0,0,0,0,0,0,-,-,33.06565,-116.58342,SAN DIEGO,UNINCORPORATED,-116.58344822,33.06561772
90027442,2015,2015-10-19,9645,2015-10-05,1055,013393,NA,1,1,7,3711,0,1,1,NA,2,005,I-5 N/B TO I-8 W/B,I-8 O/C,117,S,N,C,-,Y,NA,NA,NA,NA,NA,NA,NA,NA,NA,Y,4,0,1,1,A,-,03,22350,NA,N,E,I,A,B,H,-,A,D,0,NA,NA,NA,NA,Y,NA,A,01,0,0,1,0,0,0,0,0,0,-,-,NA,NA,SAN DIEGO,SAN DIEGO,-117.20378032,32.75932674
90027485,2015,2015-10-19,9680,2015-09-29,1350,017621,NA,2,1,9,3700,0,1,3,NA,1,090,SR-67,ROCKHOUSE RD,450,S,N,A,-,Y,NA,NA,67,NA,NA,NA,NA,NA,NA,Y,4,0,1,2,A,-,05,21460,A,N,B,C,A,A,H,-,A,A,0,NA,NA,NA,NA,Y,NA,A,01,0,0,1,0,0,0,0,0,0,-,-,33.0001,-116.95836,SAN DIEGO,UNINCORPORATED,-116.95835435,33.00009621
90028431,2015,2015-10-19,9650,2015-10-02,1545,016026,NA,5,2,5,3713,0,1,3,NA,2,017,SR-78 E/B,SYCAMORE AVE,300,W,N,A,-,Y,NA,NA,78,NA,NA,NA,NA,NA,E,Y,4,0,1,2,A,-,03,22350,NA,N,C,C,A,A,H,-,A,D,0,NA,NA,NA,NA,Y,NA,A,01,0,0,1,0,0,0,0,0,0,-,-,33.16746,-117.21526,SAN DIEGO,VISTA,-117.21525743,33.16746294
90029072,2015,2015-10-19,9645,2015-09-29,0118,015664,SAN D,2,3,7,3711,0,1,3,NA,2,016,SR-52 W/B,I-15,2640,E,N,A,-,Y,NA,NA,52,NA,NA,NA,NA,NA,W,Y,4,0,1,1,A,-,08,22107,NA,N,E,I,A,A,H,-,C,D,0,NA,NA,NA,NA,Y,NA,A,01,0,0,1,0,0,0,0,0,0,-,-,32.84177,-117.10793,SAN DIEGO,SAN DIEGO,-117.10792806,32.84182017