CASE_ID,ACCIDENT_YEAR,PROC_DATE,JURIS,COLLISION_DATE,COLLISION_TIME,OFFICER_ID,REPORTING_DISTRICT,DAY_OF_WEEK,CHP_SHIFT,POPULATION,CNTY_CITY_LOC,SPECIAL_COND,BEAT_TYPE,CHP_BEAT_TYPE,CITY_DIVISION_LAPD,CHP_BEAT_CLASS,BEAT_NUMBER,PRIMARY_RD,SECONDARY_RD,DISTANCE,DIRECTION,INTERSECTION,WEATHER_1,WEATHER_2,STATE_HWY_IND,CALTRANS_COUNTY,CALTRANS_DISTRICT,STATE_ROUTE,ROUTE_SUFFIX,POSTMILE_PREFIX,POSTMILE,LOCATION_TYPE,RAMP_INTERSECTION,SIDE_OF_HWY,TOW_AWAY,COLLISION_SEVERITY,NUMBER_KILLED,NUMBER_INJURED,PARTY_COUNT,PRIMARY_COLL_FACTOR,PCF_CODE_OF_VIOL,PCF_VIOL_CATEGORY,PCF_VIOLATION,PCF_VIOL_SUBSECTION,HIT_AND_RUN,TYPE_OF_COLLISION,MVIW,PED_ACTION,ROAD_SURFACE,ROAD_COND_1,ROAD_COND_2,LIGHTING,CONTROL_DEVICE,CHP_ROAD_TYPE,PEDESTRIAN_ACCIDENT,BICYCLE_ACCIDENT,MOTORCYCLE_ACCIDENT,TRUCK_ACCIDENT,NOT_PRIVATE_PROPERTY,ALCOHOL_INVOLVED,STWD_VEHTYPE_AT_FAULT,CHP_VEHTYPE_AT_FAULT,COUNT_SEVERE_INJ,COUNT_VISIBLE_INJ,COUNT_COMPLAINT_PAIN,COUNT_PED_KILLED,COUNT_PED_INJURED,COUNT_BICYCLIST_KILLED,COUNT_BICYCLIST_INJURED,COUNT_MC_KILLED,COUNT_MC_INJURED,PRIMARY_RAMP,SECONDARY_RAMP,LATITUDE,LONGITUDE,COUNTY,CITY,POINT_X,POINT_Y
90078453,2015,2016-01-05,9650,2015-12-12,1200,012168,NA,6,1,6,3706,0,1,1,NA,2,023,I-15 N/B,ROCK SPRINGS RD,400,S,N,A,-,Y,NA,NA,15,NA,NA,NA,NA,NA,N,Y,4,0,2,2,A,-,03,22350,NA,N,C,C,A,A,H,-,A,D,0,NA,NA,NA,NA,Y,NA,A,01,0,0,2,0,0,0,0,0,0,-,-,33.1394,-117.10411,SAN DIEGO,ESCONDIDO,-117.10475121,33.13942985
90078561,2015,2015-12-21,9645,2015-12-16,0710,014922,NA,3,1,6,3702,0,1,3,NA,2,031,SR-125 S/B (SOUTH BAY EXPRESSWAY),H ST U/C,500,N,N,A,-,Y,NA,NA,125,NA,NA,NA,NA,NA,S,Y,4,0,1,2,A,-,03,22350,NA,N,C,C,A,A,H,-,A,D,0,NA,NA,NA,Y,Y,NA,D,23,0,0,1,0,0,0,0,0,0,-,-,32.66066,-116.9788,SAN DIEGO,CHULA VISTA,-116.97878036,32.660689
90082263,2015,2015-12-24,9650,2015-12-16,1808,014772,NA,3,2,5,3701,0,1,1,NA,2,005,I-5 N/B,LAS FLORES DR,1584,S,N,A,-,Y,NA,NA,5,NA,NA,NA,NA,NA,N,Y,4,0,1,3,A,-,03,22350,NA,N,C,C,A,A,H,-,C,D,0,NA,NA,NA,NA,Y,NA,A,01,0,0,1,0,0,0,0,0,0,-,-,33.16676,-117.34376,SAN DIEGO,CARLSBAD,-117.34388215,33.16669751
90083631,2015,2015-12-28,9650,2015-12-21,0707,012818,NA,1,1,9,3700,0,1,1,NA,2,001,I-5 SOUTHBOUND,AGRA OH,300,N,N,A,-,Y,NA,NA,5,NA,NA,NA,NA,NA,S,Y,4,0,1,2,A,-,03,22350,NA,N,C,C,A,A,D,-,A,D,0,NA,NA,NA,NA,Y,NA,A,01,0,0,1,0,0,0,0,0,0,-,-,33.31401,-117.4824,SAN DIEGO,UNINCORPORATED,-117.48198154,33.31414616
90083634,2015,2015-12-28,9645,2015-12-27,1126,020066,NA,7,1,7,3711,0,1,1,NA,2,005,I-5 S/B,CLAIREMONT DR.,1500,S,N,A,-,Y,NA,NA,5,NA,NA,NA,NA,NA,S,Y,3,0,1,2,A,-,07,21658,A,N,C,C,A,A,H,-,A,D,0,NA,NA,Y,NA,Y,NA,C,02,0,1,0,0,0,0,0,0,1,-,-,32.7815,-117.2083,SAN DIEGO,SAN DIEGO,-117.20826117,32.78149307
90085362,2015,2015-12-30,9650,2015-12-25,1855,015276,NA,5,2,9,3700,0,1,1,NA,2,021,I-15 N/B,GOPHER CANYON RD,3696,S,N,A,-,Y,NA,NA,15,NA,NA,NA,NA,NA,N,Y,4,0,1,2,A,-,03,22350,NA,N,C,C,A,A,H,-,D,D,0,NA,NA,NA,NA,Y,NA,D,22,0,0,1,0,0,0,0,0,0,-,-,33.24466,-117.15197,SAN DIEGO,UNINCORPORATED,-117.15208382,33.24461093
90085856,2015,2015-12-31,9645,2015-11-21,0255,020623,NA,6,3,7,3711,0,1,3,NA,2,006,SR-94 EASTBOUND,KELTON RD.,1300,E,N,A,-,Y,NA,NA,NA,NA,NA,NA,NA,NA,NA,Y,3,0,2,2,A,-,01,23152,A,N,E,I,A,A,H,-,D,D,0,NA,NA,NA,NA,Y,Y,D,22,0,1,1,0,0,0,0,0,0,-,-,32.71972,-117.01827,SAN DIEGO,SAN DIEGO,NA,NA
90089750,2015,2016-01-06,9680,2015-12-28,1855,016173,NA,1,2,5,3705,0,1,1,NA,2,082,I-8 E/B TO SR-67 N/B,SR-67,300,W,N,B,C,Y,NA,NA,8,NA,NA,NA,R,NA,E,Y,4,0,1,2,A,-,03,22350,NA,N,C,C,A,B,H,-,C,D,0,NA,NA,NA,NA,Y,NA,A,01,0,0,1,0,0,0,0,0,0,-,-,32.8027,-116.9677,SAN DIEGO,EL CAJON,-116.9677,32.8027
90089843,2015,2016-01-06,9680,2015-12-28,1419,019519,NA,1,2,9,3700,0,2,4,NA,1,021,DEHESA RD,HARBISON CANYON RD,2323,W,N,B,-,N,NA,NA,NA,NA,NA,NA,NA,NA,NA,Y,4,0,1,2,A,-,03,22350,NA,N,C,C,A,A,H,-,A,D,0,NA,NA,NA,NA,Y,NA,A,01,0,0,1,0,0,0,0,0,0,-,-,32.78372,-116.84665,SAN DIEGO,UNINCORPORATED,-116.84553,32.79006
90090359,2016,2016-01-07,9645,2016-01-05,1152,013383,NA,2,1,7,3711,0,1,1,NA,2,019,I-15 N/B,WEST BERNARDO DR.,580,N,N,B,C,Y,NA,NA,15,NA,NA,NA,NA,NA,N,Y,4,0,1,1,A,-,03,22350,NA,N,E,I,A,B,H,-,A,D,0,NA,NA,NA,NA,Y,NA,A,01,0,0,1,0,0,0,0,0,0,-,-,33.06022,-117.06939,SAN DIEGO,SAN DIEGO,-117.06934603,33.06020625
90090752,2015,2016-01-07,9645,2015-12-23,1250,014804,NA,3,1,7,3711,0,1,1,NA,2,011,I-805 (N/B) TO I-8 (W/B),I-8 U/C,1584,N,N,A,-,Y,NA,NA,805,NA,NA,NA,R,NA,NA,Y,4,0,2,4,A,-,04,21703,NA,N,C,C,A,A,H,-,A,D,0,NA,NA,NA,NA,Y,NA,A,01,0,0,2,0,0,0,0,0,0,-,-,32.77102,-117.13413,SAN DIEGO,SAN DIEGO,-117.13413,32.77102
90091564,2015,2016-01-08,9680,2015-12-25,0545,015008,NA,5,3,9,3700,0,1,3,NA,1,091,STATE ROUTE 67,ROCKHOUSE RD,1056,S,N,C,-,Y,NA,NA,67,NA,NA,NA,NA,NA,NA,Y,3,0,1,1,A,-,08,22107,NA,N,E,I,A,B,H,-,D,D,0,NA,NA,NA,NA,Y,NA,A,07,0,1,0,0,0,0,0,0,0,-,-,32.99868,-116.96065,SAN DIEGO,UNINCORPORATED,-116.96062069,32.99854578
90095277,2016,2016-01-14,9645,2016-01-11,0615,016766,NA,1,1,7,3711,0,1,1,NA,2,009,I-805 N/B,MARKET ST,528,N,N,A,-,Y,NA,NA,805,NA,NA,NA,NA,NA,N,Y,3,0,1,3,A,-,03,22350,NA,N,B,C,A,A,H,-,D,D,0,NA,NA,Y,NA,Y,NA,C,02,0,1,0,0,0,0,0,0,1,-,-,32.71148,-117.09978,SAN DIEGO,SAN DIEGO,-117.10018594,32.71113637
90096653,2016,2016-01-18,9645,2016-01-13,0755,014922,NA,3,1,9,3700,0,3,5,NA,2,018,BRIARWOOD ROAD N/B,ROBINWOOD ROAD,0,NA,Y,A,-,Y,NA,NA,NA,NA,NA,NA,NA,NA,NA,Y,4,0,2,2,A,-,03,22350,NA,N,C,C,A,A,H,-,A,D,0,NA,NA,NA,NA,Y,NA,A,07,0,0,2,0,0,0,0,0,0,-,-,32.68094,-117.02925,SAN DIEGO,UNINCORPORATED,-117.02905004,32.68077009
90097597,2016,2016-01-19,9680,2016-01-08,0455,017460,NA,5,3,9,3700,0,1,1,NA,2,086,I-8 W/B,CAINBRAKE ROAD,46,W,N,A,-,Y,NA,NA,8,NA,NA,NA,NA,NA,W,Y,3,0,1,1,C,-,18,NA,NA,N,E,I,A,C,G,-,D,D,0,NA,NA,NA,NA,Y,NA,-,-,0,1,0,0,0,0,0,0,0,-,-,32.70091,-116.32563,SAN DIEGO,UNINCORPORATED,-116.32563609,32.70085826
90097968,2015,2016-01-19,9645,2015-11-04,1736,014692,NA,3,2,5,3709,0,1,1,NA,2,009,INTERSTATE  805 S/B,PLAZA BOULEVARD U/C,290,S,N,B,-,Y,NA,NA,805,NA,NA,NA,NA,NA,S,Y,4,0,1,4,A,-,03,22350,NA,N,C,C,A,A,D,-,D,D,0,NA,NA,NA,NA,Y,NA,A,01,0,0,1,0,0,0,0,0,0,-,-,32.6757,-117.084,SAN DIEGO,NATIONAL CITY,-117.08403942,32.6756802
90098401,2015,2016-01-20,9645,2015-10-15,0810,016061,NA,4,1,7,3711,0,1,1,NA,2,027,STATE ROUTE 15 NORTHBOUND,ADAMS AVENUE,1643,N,N,A,-,Y,NA,NA,15,NA,NA,NA,NA,NA,N,Y,1,1,0,2,A,-,08,22107,NA,N,C,E,A,A,H,-,A,A,0,NA,NA,NA,NA,Y,NA,A,01,0,0,0,0,0,0,0,0,0,-,-,32.76869,-117.1116,SAN DIEGO,SAN DIEGO,-117.11178365,32.76861909
90099495,2015,2016-01-21,9680,2015-12-08,2500,020249,NA,2,4,9,3700,0,1,3,NA,1,051,STATE ROUTE 79,CHIHUAHUA VALLEY ROAD,7392,N,N,B,-,Y,NA,NA,79,NA,NA,NA,NA,NA,NA,Y,1,1,0,1,A,-,08,22107,NA,N,F,I,A,A,H,-,D,D,0,NA,NA,NA,NA,Y,NA,A,01,0,0,0,0,0,0,0,0,0,-,-,33.40996,-116.81742,SAN DIEGO,UNINCORPORATED,-116.81745801,33.40979766
90100018,2016,2016-01-21,9650,2016-01-15,1710,016121,NA,5,2,6,3710,0,1,3,NA,2,015,SR-78 W/B,EL CAMINO REAL,2640,E,N,B,-,Y,NA,NA,78,NA,NA,NA,NA,NA,W,Y,4,0,1,2,A,-,03,22350,NA,N,C,C,A,A,H,-,D,D,0,NA,NA,NA,NA,Y,NA,A,01,0,0,1,0,0,0,0,0,0,-,-,33.18163,-117.31956,SAN DIEGO,OCEANSIDE,-117.31958053,33.18156282
90100022,2016,2016-01-21,9645,2016-01-11,1625,019496,NA,1,2,7,3711,0,1,1,NA,2,003,I-5 S/B,SR-163,200,S,N,A,-,Y,NA,NA,5,NA,NA,NA,NA,NA,S,Y,3,0,1,2,A,-,03,22350,NA,F,C,C,A,A,H,-,A,D,0,NA,NA,NA,NA,Y,NA,A,01,0,1,0,0,0,0,0,0,0,-,-,32.72432,-117.15342,SAN DIEGO,SAN DIEGO,-117.15341372,32.72419759
9010026,2019,2020-01-07,3711,2019-11-24,1739,SD4310,NA,7,5,7,3711,0,0,0,NA,0,937,CAMINO DEL SUR,GARRETSON ST,240,E,N,A,-,N,NA,NA,NA,NA,NA,NA,NA,NA,NA,N,4,0,1,2,A,-,04,21703,NA,N,C,C,A,A,H,-,C,D,0,NA,NA,NA,NA,Y,NA,A,01,0,0,1,0,0,0,0,0,0,-,-,NA,NA,SAN DIEGO,SAN DIEGO,-117.12571716308594,33.02177810668945
9010077,2019,2020-01-08,3711,2019-11-27,1243,SD8192,NA,3,5,7,3711,0,0,0,NA,0,826,54TH ST,UNIVERSITY AV,0,NA,Y,B,-,N,NA,NA,NA,NA,NA,NA,NA,NA,NA,N,4,0,1,2,A,-,03,22350,NA,M,A,G,A,A,H,-,A,A,0,NA,Y,NA,NA,Y,NA,-,NA,0,0,1,0,0,0,1,0,0,-,-,NA,NA,SAN DIEGO,SAN DIEGO,-117.07948303222656,32.7487907409668
90100801,2016,2016-01-22,9650,2016-01-15,1545,017263,NA,5,2,9,3700,0,3,5,NA,2,191,HARMONY GROVE RD,COUNTRY CLUB DR,2112,W,N,A,-,N,NA,NA,NA,NA,NA,NA,NA,NA,NA,N,3,0,1,1,A,-,03,22350,NA,N,F,A,A,A,B,-,A,D,0,NA,NA,Y,NA,Y,NA,C,02,0,1,0,0,0,0,0,0,1,-,-,33.09676,-117.13838,SAN DIEGO,UNINCORPORATED,-117.13718272,33.09889493
90102048,2016,2016-01-25,9680,2016-01-24,1845,018979,NA,7,2,5,3705,0,1,1,NA,2,082,I-8 W/B,2ND ST,1584,W,N,A,-,Y,NA,NA,8,NA,NA,NA,NA,NA,W,Y,4,0,1,4,A,-,03,22350,NA,N,C,C,A,A,H,-,C,D,0,NA,NA,NA,NA,Y,NA,A,01,0,0,1,0,0,0,0,0,0,-,-,32.8033,-116.94062,SAN DIEGO,EL CAJON,-116.94061977,32.80316
9010228,2019,2020-01-08,3711,2019-11-01,0701,SD8192,NA,5,5,7,3711,0,0,0,NA,0,833,WIGHTMAN ST,FAIRMONT AV,0,NA,Y,A,-,N,NA,NA,NA,NA,NA,NA,NA,NA,NA,N,4,0,1,2,A,-,12,21453,A,N,B,C,A,A,H,-,A,A,0,NA,NA,NA,NA,Y,NA,A,01,0,0,1,0,0,0,0,0,0,-,-,NA,NA,SAN DIEGO,SAN DIEGO,-117.10092926025392,32.74787902832031
90103394,2016,2016-01-27,9650,2016-01-19,0702,015027,NA,2,1,9,3700,0,3,5,NA,2,006,OLD HWY 395,VIA ALTIMIRA,50,N,N,A,-,N,NA,NA,NA,NA,NA,NA,NA,NA,NA,Y,4,0,1,3,A,-,03,22350,NA,N,C,C,A,A,H,-,A,D,0,NA,NA,NA,NA,Y,NA,D,22,0,0,1,0,0,0,0,0,0,-,-,33.330799999999996,-117.1622,SAN DIEGO,UNINCORPORATED,-117.16202135,33.33098073
90103475,2016,2016-01-27,9645,2016-01-17,1835,017953,NA,7,2,7,3711,0,1,1,NA,2,019,I-15 S/B,DUENDA ROAD O/C,6336,N,N,A,-,Y,NA,NA,15,NA,NA,NA,NA,NA,S,Y,3,0,4,2,A,-,08,22107,NA,N,E,I,A,A,H,-,D,D,0,NA,NA,NA,NA,Y,NA,A,01,0,1,3,0,0,0,0,0,0,-,-,33.04795,-117.07321,SAN DIEGO,SAN DIEGO,-117.07308329,33.04796089
90103493,2016,2016-01-27,9680,2016-01-15,0735,015962,NA,5,1,9,3700,0,2,4,NA,1,032,LA CRESTA BLVD,OLD BEND RD,528,W,N,B,-,N,NA,NA,NA,NA,NA,NA,NA,NA,NA,Y,4,0,1,1,A,-,08,22107,NA,N,E,I,A,A,H,-,A,D,0,NA,NA,NA,NA,Y,NA,A,01,0,0,1,0,0,0,0,0,0,-,-,32.80944,-116.88968,SAN DIEGO,UNINCORPORATED,-116.8901997,32.80948246
90106363,2016,2016-04-14,9680,2016-01-17,1601,018801,NA,7,2,9,3700,0,3,5,NA,2,003,OLD HIGHWAY 80,PINE VALLEY ROAD,214,E,N,A,-,N,NA,NA,NA,NA,NA,NA,NA,NA,NA,Y,4,0,3,2,A,-,01,23152,NA,N,C,C,A,A,H,-,A,D,0,NA,NA,NA,NA,Y,NA,A,01,0,0,3,0,0,0,0,0,0,-,-,32.82251,-116.53044,SAN DIEGO,UNINCORPORATED,-116.53042312,32.8223697
90107798,2016,2016-02-02,9680,2016-01-27,1255,019490,NA,3,1,9,3700,0,1,3,NA,1,024,SR-94,LYONS VALLEY RD,0,NA,Y,A,-,Y,NA,NA,94,NA,NA,NA,NA,NA,NA,Y,4,0,1,2,A,-,09,21801,A,N,D,C,A,A,H,-,A,D,0,NA,NA,NA,NA,Y,NA,D,22,0,0,1,0,0,0,0,0,0,-,-,32.72006,-116.87976,SAN DIEGO,UNINCORPORATED,-116.87998168,32.71972509
90108108,2016,2016-02-03,9645,2016-01-20,1450,018344,NA,3,2,7,3711,0,1,1,NA,2,015,I-805 NORTHBOUND,BALBOA AVE,1500,S,N,A,-,Y,NA,NA,805,NA,NA,NA,NA,NA,N,Y,4,0,1,2,A,-,08,22107,NA,N,E,I,A,A,H,-,A,D,0,NA,NA,NA,NA,Y,NA,A,08,0,0,1,0,0,0,0,0,0,-,-,32.82033,-117.16139,SAN DIEGO,SAN DIEGO,-117.1614874,32.82027413
9010817,2019,2020-02-15,3711,2019-12-01,2137,SD7917,NA,7,5,7,3711,0,0,0,NA,0,327,MONTEZUMA RD,MONTEZUMA RD 6500,0,NA,-,A,-,N,NA,NA,NA,NA,NA,NA,NA,NA,NA,N,4,0,1,2,A,-,04,21703,NA,N,C,C,A,A,D,-,C,D,0,NA,NA,NA,NA,Y,NA,A,01,0,0,1,0,0,0,0,0,0,-,-,NA,NA,SAN DIEGO,SAN DIEGO,NA,NA
90108837,2016,2016-02-03,9645,2016-01-30,1628,018446,NA,6,2,5,3709,0,1,3,NA,2,008,SR-54 W/B,NATIONAL CITY BOULEVARD O/C,200,E,N,B,-,Y,NA,NA,54,NA,NA,NA,NA,NA,W,Y,4,0,1,2,A,-,17,23114,A,N,E,J,A,A,H,-,A,D,0,NA,NA,NA,NA,Y,NA,D,22,0,0,1,0,0,0,0,0,0,-,-,32.65354,-117.09739,SAN DIEGO,NATIONAL CITY,-117.0973862,32.653527
90110024,2016,2016-02-05,9650,2016-01-31,0505,018675,NA,7,3,9,3700,0,3,5,NA,2,006,GIRD RD,RECHE RD,2112,S,N,B,-,N,NA,NA,NA,NA,NA,NA,NA,NA,NA,Y,4,0,1,1,A,-,08,22107,NA,N,E,I,A,B,H,-,D,D,0,NA,NA,NA,NA,Y,NA,A,08,0,0,1,0,0,0,0,0,0,-,-,33.35587,-117.20073,SAN DIEGO,UNINCORPORATED,-117.20184215,33.35640902
90112697,2016,2016-02-10,9680,2016-01-29,0605,015008,NA,5,1,9,3700,0,1,3,NA,1,090,STATE ROUTE 67,MUSSEY GRADE RD,3168,S,N,A,-,Y,NA,NA,67,NA,NA,NA,NA,NA,NA,N,4,0,1,2,A,-,04,21703,NA,N,B,C,A,A,H,-,A,D,0,NA,NA,Y,NA,Y,NA,C,02,0,0,1,0,0,0,0,0,1,-,-,33.00856,-116.92427,SAN DIEGO,UNINCORPORATED,-116.92427117,33.00853777
90112834,2016,2016-02-10,9645,2016-01-29,0710,016728,NA,5,1,7,3711,0,1,1,NA,2,003,I-5 SOUTHBOUND,FIRST AVENUE,50,N,N,A,-,Y,NA,NA,5,NA,NA,NA,NA,NA,S,Y,4,0,1,2,A,-,08,22107,NA,N,B,C,A,A,H,-,A,D,0,NA,NA,NA,NA,Y,NA,A,01,0,0,1,0,0,0,0,0,0,-,-,32.72294,-117.16354,SAN DIEGO,SAN DIEGO,-117.16348503,32.72304872
9011335,2019,2020-02-18,3711,2019-12-13,1456,SD6000,NA,5,5,7,3711,0,0,0,NA,0,122,GARNET AV,FOGG ST,286,W,N,A,-,N,NA,NA,NA,NA,NA,NA,NA,NA,NA,Y,3,0,1,3,A,-,08,22107,NA,N,C,C,A,A,H,-,A,D,0,NA,NA,Y,NA,Y,NA,D,22,0,1,0,0,0,0,0,0,1,-,-,NA,NA,SAN DIEGO,SAN DIEGO,-117.2268524169922,32.80278778076172
9011339,2019,2020-02-26,3711,2019-12-14,0850,SD7496,NA,6,5,7,3711,0,0,0,NA,0,524,A ST,10TH ST,0,NA,Y,A,-,N,NA,NA,NA,NA,NA,NA,NA,NA,NA,N,4,0,1,2,A,-,12,21453,A,N,D,C,A,A,H,-,A,A,0,NA,NA,NA,NA,Y,NA,D,22,0,0,1,0,0,0,0,0,0,-,-,NA,NA,SAN DIEGO,SAN DIEGO,-117.15561676025392,32.7188606262207
90114145,2016,2016-02-12,9645,2016-01-19,1405,017499,NA,2,2,9,3700,0,3,5,NA,2,018,SWEETWATER RD (5800 BLOCK),SR-54 E/B TO SR-125 S/B O/C,91,S,N,B,-,N,NA,NA,NA,NA,NA,NA,NA,NA,NA,Y,4,0,1,2,A,-,09,21804,A,F,D,C,A,A,H,-,A,D,0,NA,NA,NA,NA,Y,NA,A,01,0,0,1,0,0,0,0,0,0,-,-,32.69212,-117.97184,SAN DIEGO,UNINCORPORATED,NA,NA
90114629,2016,2016-02-12,9645,2016-02-08,1745,017025,NA,1,2,7,3711,0,1,1,NA,2,005,I-5 S/B,SEA WORLD DR.,1056,S,N,A,-,Y,NA,NA,NA,NA,NA,NA,NA,NA,NA,Y,4,0,1,3,A,-,03,22350,NA,N,C,A,A,A,H,-,C,D,0,NA,NA,NA,NA,Y,NA,A,01,0,0,1,0,0,0,0,0,0,-,-,32.90368,-117.22345,SAN DIEGO,SAN DIEGO,-117.20603485,32.76713509
90114744,2016,2016-02-15,9645,2016-02-10,0545,014669,NA,3,3,7,3711,0,1,1,NA,2,017,I-15 N/B,MIRAMAR WAY,1200,S,N,A,-,Y,NA,NA,15,NA,NA,NA,NA,NA,N,Y,4,0,1,1,A,-,08,22107,NA,N,F,A,A,A,H,-,D,D,0,NA,NA,Y,NA,Y,NA,C,02,0,0,1,0,0,0,0,0,1,-,-,32.87789,-117.10752,SAN DIEGO,SAN DIEGO,-117.10741866,32.87790715
90119140,2016,2016-02-18,9650,2016-02-13,1254,019227,NA,6,1,9,3700,0,1,3,NA,1,028,SR-76,RICE CANYON RD,25,W,N,A,-,Y,NA,NA,76,NA,NA,NA,NA,NA,NA,N,4,0,1,1,A,-,03,22350,NA,N,F,A,A,A,H,-,A,D,0,NA,NA,Y,NA,Y,NA,C,02,0,0,1,0,0,0,0,0,1,-,-,33.34284,-117.13306,SAN DIEGO,UNINCORPORATED,-117.13302224,33.34284932
90120423,2016,2016-02-22,9680,2016-02-05,2500,018907,NA,5,4,9,3700,0,3,5,NA,2,001,BRIDON RD,DUNBAR LN,528,N,N,A,-,N,NA,NA,NA,NA,NA,NA,NA,NA,NA,Y,3,0,1,1,A,-,01,23152,A,N,E,I,A,A,H,-,D,D,0,NA,NA,NA,NA,Y,Y,A,01,0,1,0,0,0,0,0,0,0,-,-,32.8622,-116.8192,SAN DIEGO,UNINCORPORATED,-116.81928855,32.8613741
90122288,2016,2016-02-23,9645,2016-01-22,0555,017498,NA,5,3,7,3711,0,1,3,NA,2,002,SR-905 NORTHBOUND TO I-5 NORTHBOUND,HOWARD AVE U/C,589,N,N,E,-,Y,NA,NA,NA,NA,NA,NA,NA,NA,NA,N,1,1,0,2,A,-,11,21954,A,N,G,B,E,A,H,-,C,D,0,Y,NA,NA,NA,Y,NA,N,60,0,0,0,1,0,0,0,0,0,-,-,32.56754,-117.06849,SAN DIEGO,SAN DIEGO,-117.06491681,32.56842448
90123014,2016,2016-02-24,9645,2016-02-22,0811,012733,NA,1,1,7,3711,0,1,3,NA,2,023,SR-163 N/B,FULTON STREET PED O/C,2000,S,N,A,-,Y,NA,NA,163,NA,NA,NA,NA,NA,N,Y,4,0,1,3,A,-,03,22350,NA,N,C,C,A,A,H,-,A,D,0,NA,NA,NA,NA,Y,NA,A,01,0,0,1,0,0,0,0,0,0,-,-,32.78015,-117.16269,SAN DIEGO,SAN DIEGO,-117.1629072,32.78015568
90124200,2016,2016-02-25,9680,2016-02-15,1730,019822,NA,1,2,5,3708,0,1,3,NA,2,028,SR-125 S/B,MARIPOSA ST,638,S,N,A,-,Y,NA,NA,125,NA,NA,NA,NA,NA,S,Y,4,0,2,3,A,-,03,22350,NA,N,C,C,A,A,H,-,B,D,0,NA,NA,NA,NA,Y,NA,A,07,0,0,2,0,0,0,0,0,0,-,-,32.75879,-117.00554,SAN DIEGO,LA MESA,-117.00549416,32.75872798
90124710,2016,2016-02-26,9650,2016-02-25,1835,014886,NA,4,2,6,3710,0,1,1,NA,2,005,I-5 N/B,CALIFORNIA ST,200,S,N,A,-,Y,NA,NA,5,NA,NA,NA,NA,NA,N,Y,4,0,1,3,A,-,03,22350,NA,F,C,C,A,A,H,-,D,D,0,NA,NA,NA,NA,Y,NA,A,01,0,0,1,0,0,0,0,0,0,-,-,33.18103,-117.35448,SAN DIEGO,OCEANSIDE,-117.35445664,33.18104941
90124868,2016,2016-02-29,9650,2016-02-26,1103,014615,NA,5,1,5,3701,0,1,1,NA,2,005,I-5 N/B (SAN DIEGO FREEWAY),PALOMAR AIRPORT RD,800,S,N,A,-,Y,NA,NA,NA,NA,NA,NA,NA,NA,NA,Y,4,0,1,4,A,-,07,21658,A,N,C,C,A,A,H,-,A,D,0,NA,NA,NA,NA,Y,NA,A,01,0,0,1,0,0,0,0,0,0,-,-,NA,NA,SAN DIEGO,CARLSBAD,-117.32075965,33.12022084
90124881,2016,2016-02-29,9645,2016-02-05,2320,020720,NA,5,3,7,3711,0,1,3,NA,2,006,SR94 WB FROM FEDERAL BLVD ON-RAMP,FEDERAL BLVD UC,305,W,N,A,-,Y,NA,NA,94,NA,NA,NA,R,NA,W,Y,3,0,1,1,A,-,01,23152,A,N,F,I,A,A,H,-,C,D,0,NA,NA,NA,NA,Y,Y,A,01,0,1,0,0,0,0,0,0,0,-,-,32.728,-117.069,SAN DIEGO,SAN DIEGO,-117.069,32.728
90124890,2016,2016-02-29,9645,2016-02-11,1629,019291,NA,4,2,7,3711,0,1,3,NA,2,020,I-15 S/B S OF FRIARS RD,FRIARS RD,1056,S,N,A,-,Y,NA,NA,15,NA,NA,NA,R,NA,S,Y,4,0,1,5,A,-,03,22350,NA,N,C,C,A,A,H,-,A,D,0,NA,NA,NA,NA,Y,NA,A,01,0,0,1,0,0,0,0,0,0,-,-,32.78548,-117.1145,SAN DIEGO,SAN DIEGO,-117.1145,32.78548
90124909,2016,2016-02-29,9645,2016-02-04,2108,019344,NA,4,2,7,3711,0,1,1,NA,2,010,I-8 W/B,WARING ROAD U/C,600,W,N,A,-,Y,NA,NA,8,NA,NA,NA,NA,NA,W,Y,4,0,3,3,A,-,03,22350,NA,N,C,C,A,A,H,-,C,D,0,NA,NA,NA,NA,Y,NA,A,07,0,0,3,0,0,0,0,0,0,-,-,32.7805,-117.0935,SAN DIEGO,SAN DIEGO,-117.09350122,32.7805079
90125366,2016,2016-02-29,9645,2016-02-10,0910,014804,NA,3,1,7,3711,0,1,1,NA,2,010,I-8 (E/B),PRESIDIO PARK O/C,1584,W,N,A,-,Y,NA,NA,8,NA,NA,NA,NA,NA,NA,Y,3,0,1,2,A,-,03,22350,NA,N,B,C,A,A,H,-,A,D,0,NA,NA,Y,NA,Y,NA,C,02,0,1,0,0,0,0,0,0,1,-,-,32.76027,-117.19157,SAN DIEGO,SAN DIEGO,-117.19155439,32.76036558
90125610,2016,2016-02-29,9645,2016-02-06,2320,020737,NA,6,3,7,3711,0,1,1,NA,2,021,SR-15 S/B,UNIVERSITY AVE.,73,S,N,A,-,Y,NA,NA,15,NA,NA,NA,NA,NA,S,Y,3,0,1,1,A,-,08,22107,NA,N,E,I,A,A,H,-,C,D,0,NA,NA,NA,NA,Y,NA,A,07,0,1,0,0,0,0,0,0,0,-,-,32.74962,-117.10893,SAN DIEGO,SAN DIEGO,-117.10900177,32.74962211
90126757,2016,2016-03-01,9645,2016-02-07,1545,018950,NA,7,2,7,3711,0,1,1,NA,2,017,I-15 S/B,MERCY ROAD U/C,10,S,N,A,-,Y,NA,NA,15,NA,NA,NA,NA,NA,S,Y,4,0,1,2,A,-,08,22107,NA,N,E,I,A,A,H,-,A,D,0,NA,NA,NA,NA,Y,NA,A,01,0,0,1,0,0,0,0,0,0,-,-,32.93659,-117.11164,SAN DIEGO,SAN DIEGO,-117.11158158,32.93657253