CASE_ID,ACCIDENT_YEAR,PROC_DATE,JURIS,COLLISION_DATE,COLLISION_TIME,OFFICER_ID,REPORTING_DISTRICT,DAY_OF_WEEK,CHP_SHIFT,POPULATION,CNTY_CITY_LOC,SPECIAL_COND,BEAT_TYPE,CHP_BEAT_TYPE,CITY_DIVISION_LAPD,CHP_BEAT_CLASS,BEAT_NUMBER,PRIMARY_RD,SECONDARY_RD,DISTANCE,DIRECTION,INTERSECTION,WEATHER_1,WEATHER_2,STATE_HWY_IND,CALTRANS_COUNTY,CALTRANS_DISTRICT,STATE_ROUTE,ROUTE_SUFFIX,POSTMILE_PREFIX,POSTMILE,LOCATION_TYPE,RAMP_INTERSECTION,SIDE_OF_HWY,TOW_AWAY,COLLISION_SEVERITY,NUMBER_KILLED,NUMBER_INJURED,PARTY_COUNT,PRIMARY_COLL_FACTOR,PCF_CODE_OF_VIOL,PCF_VIOL_CATEGORY,PCF_VIOLATION,PCF_VIOL_SUBSECTION,HIT_AND_RUN,TYPE_OF_COLLISION,MVIW,PED_ACTION,ROAD_SURFACE,ROAD_COND_1,ROAD_COND_2,LIGHTING,CONTROL_DEVICE,CHP_ROAD_TYPE,PEDESTRIAN_ACCIDENT,BICYCLE_ACCIDENT,MOTORCYCLE_ACCIDENT,TRUCK_ACCIDENT,NOT_PRIVATE_PROPERTY,ALCOHOL_INVOLVED,STWD_VEHTYPE_AT_FAULT,CHP_VEHTYPE_AT_FAULT,COUNT_SEVERE_INJ,COUNT_VISIBLE_INJ,COUNT_COMPLAINT_PAIN,COUNT_PED_KILLED,COUNT_PED_INJURED,COUNT_BICYCLIST_KILLED,COUNT_BICYCLIST_INJURED,COUNT_MC_KILLED,COUNT_MC_INJURED,PRIMARY_RAMP,SECONDARY_RAMP,LATITUDE,LONGITUDE,COUNTY,CITY,POINT_X,POINT_Y
90128209,2016,2016-03-02,9650,2016-02-21,0855,015758,NA,7,1,9,3700,0,3,5,NA,2,070,LAS COLINAS,VIA DE LA VALLE,0,NA,Y,A,-,N,NA,NA,NA,NA,NA,NA,NA,NA,NA,Y,4,0,1,2,A,-,09,21802,A,N,D,C,A,A,H,-,A,A,0,NA,NA,NA,NA,Y,NA,A,01,0,0,1,0,0,0,0,0,0,-,-,33.02271,-117.19906,SAN DIEGO,UNINCORPORATED,-117.19909,33.02277011
90129064,2016,2016-03-03,9645,2016-02-16,0650,017723,NA,2,1,6,3702,0,1,1,NA,2,009,I-805 N/B,E ST.,860,N,N,A,-,Y,NA,NA,805,NA,NA,NA,NA,NA,N,Y,4,0,2,3,A,-,03,22350,NA,N,C,C,A,A,H,-,A,D,0,NA,NA,NA,NA,Y,NA,A,01,0,0,2,0,0,0,0,0,0,-,-,32.6535,-117.0697,SAN DIEGO,CHULA VISTA,-117.06986123,32.65334166
90129511,2016,2016-03-04,9650,2016-02-26,0100,018296,NA,5,3,9,3700,0,3,5,NA,1,212,ANTHONY RD,LILAC RD,1584,N,N,A,-,N,NA,NA,NA,NA,NA,NA,NA,NA,NA,Y,3,0,1,1,A,-,01,23152,A,M,F,A,A,A,H,-,D,D,0,NA,NA,NA,NA,Y,Y,A,01,0,1,0,0,0,0,0,0,0,-,-,33.24353,-117.05348,SAN DIEGO,UNINCORPORATED,-117.05368205,33.24290191
90130256,2016,2016-03-07,9645,2016-02-13,1003,018149,NA,6,1,7,3711,0,1,1,NA,2,021,SR-15 N/B FROM MAIN ST.,MAIN STREET,162,N,N,A,-,Y,NA,NA,15,NA,NA,NA,R,NA,N,Y,4,0,2,2,A,-,03,22350,NA,N,C,C,A,A,H,-,A,D,0,NA,NA,NA,NA,Y,NA,A,01,0,0,2,0,0,0,0,0,0,-,-,32.69199,-117.1223,SAN DIEGO,SAN DIEGO,-117.1223,32.69199
90130534,2016,2016-03-07,9680,2016-02-24,0950,020249,NA,3,1,9,3700,0,3,5,NA,2,005,BOULDER CREEK ROAD,ENGINEERS ROAD,4224,N,N,A,-,N,NA,NA,NA,NA,NA,NA,NA,NA,NA,N,3,0,1,1,A,-,17,21662,NA,N,E,I,A,A,H,-,A,D,0,NA,Y,NA,NA,Y,NA,L,04,0,1,0,0,0,0,1,0,0,-,-,32.98735,-116.62768,SAN DIEGO,UNINCORPORATED,-116.63334839,33.02585492
90131050,2016,2016-03-07,9680,2016-02-25,1030,013741,NA,4,1,9,3700,0,3,5,NA,2,002,JAMACHA BLVD,FOLEX WAY,39,E,N,A,-,N,NA,NA,NA,NA,NA,NA,NA,NA,NA,Y,3,0,5,2,A,-,03,22350,NA,N,C,C,A,A,H,-,A,A,0,NA,NA,NA,NA,Y,NA,A,07,0,3,2,0,0,0,0,0,0,-,-,32.72742,-116.96622,SAN DIEGO,UNINCORPORATED,-116.96628409,32.72731825
9013182,2020,2020-08-03,3700,2020-02-23,0910,SH7710,NA,7,5,5,3782,0,0,0,NA,0,240,SOUTH COAST HWY,CORNISH DR,500,S,N,A,-,N,NA,NA,NA,NA,NA,NA,NA,NA,NA,N,2,0,1,1,C,-,18,NA,NA,N,H,I,A,A,H,-,A,D,0,NA,Y,NA,NA,Y,NA,-,-,1,0,0,0,0,0,1,0,0,-,-,NA,NA,SAN DIEGO,ENCINITAS,NA,NA
9013547,2019,2020-01-10,3709,2019-10-16,0615,NC0515,NA,3,5,5,3709,0,0,0,NA,0,020,EAST 2ND ST,B AV,23,E,N,A,-,N,NA,NA,NA,NA,NA,NA,NA,NA,NA,N,4,0,1,2,A,-,12,22450,A,F,G,B,D,A,H,-,A,A,0,Y,NA,NA,NA,Y,NA,-,NA,0,0,1,0,1,0,0,0,0,-,-,NA,NA,SAN DIEGO,NATIONAL CITY,-117.10678863525392,32.68157958984375
90135872,2016,2016-03-14,9645,2016-02-27,2104,019352,NA,6,2,7,3711,0,1,1,NA,2,011,I-805 S/B,HOME AVE.,1584,N,N,A,-,Y,NA,NA,805,NA,NA,NA,NA,NA,S,Y,4,0,1,3,A,-,08,22107,NA,N,B,C,A,A,H,-,C,D,0,NA,NA,NA,NA,Y,NA,A,01,0,0,1,0,0,0,0,0,0,-,-,32.73219,-117.11185,SAN DIEGO,SAN DIEGO,-117.11190529,32.7321235
90138576,2016,2016-03-17,9645,2016-02-22,1545,018950,NA,1,2,7,3711,0,1,1,NA,2,027,SR-15 NB TO I-8,CAMINO DEL RIO SOUTH,1056,S,N,A,-,Y,NA,NA,15,NA,NA,NA,R,NA,N,Y,3,0,1,3,A,-,03,22350,NA,N,C,C,A,A,H,-,A,D,0,NA,NA,NA,NA,Y,Y,A,01,0,1,0,0,0,0,0,0,0,-,-,32.77557,-117.11094,SAN DIEGO,SAN DIEGO,-117.11094,32.77557
90138603,2016,2016-03-17,9680,2016-03-08,0630,015877,NA,2,1,4,3720,0,1,3,NA,2,027,SR-94 E/B TO SR-125 S/B,GROVE ST.,1056,E,N,A,F,Y,NA,NA,94,NA,NA,NA,R,NA,E,Y,4,0,1,2,A,-,03,22350,NA,N,E,I,A,A,H,-,A,D,0,NA,NA,NA,NA,Y,NA,A,01,0,0,1,0,0,0,0,0,0,-,-,32.74673,-117.02363,SAN DIEGO,LEMON GROVE,-117.02363,32.74673
90139254,2016,2016-03-18,9645,2016-02-18,0828,016474,NA,4,1,6,3702,0,1,1,NA,2,009,I-805 SOUTHBOUND,BONITA ROAD,400,N,N,B,-,Y,NA,NA,805,NA,NA,NA,NA,NA,S,Y,4,0,1,2,A,-,03,22350,NA,F,C,C,A,A,H,-,A,D,0,NA,NA,NA,NA,Y,NA,A,01,0,0,1,0,0,0,0,0,0,-,-,32.64328,-117.05754,SAN DIEGO,CHULA VISTA,-117.05755087,32.64327305
90139406,2016,2016-03-18,9645,2016-03-07,0925,016766,NA,1,1,6,3702,0,1,1,NA,2,009,I-805 N/B,E ST,1056,N,N,B,C,Y,NA,NA,805,NA,NA,NA,NA,NA,N,Y,4,0,1,1,A,-,03,22350,NA,N,E,I,A,B,H,-,A,D,0,NA,NA,NA,NA,Y,NA,A,01,0,0,1,0,0,0,0,0,0,-,-,32.65254,-117.06894,SAN DIEGO,CHULA VISTA,-117.06900816,32.65247306
90139450,2016,2016-03-18,9645,2016-03-07,1130,016766,NA,1,1,9,3700,0,3,5,NA,2,018,BRIARWOOD RD S/B,BONITA WOODS DRIVE,100,N,N,B,-,N,NA,NA,NA,NA,NA,NA,NA,NA,NA,Y,3,0,1,3,A,-,03,22350,NA,N,C,C,A,B,H,-,A,D,0,NA,NA,NA,NA,Y,NA,A,07,0,1,0,0,0,0,0,0,0,-,-,32.67773,-117.02547,SAN DIEGO,UNINCORPORATED,-117.02546196,32.677737
90139634,2016,2016-03-18,9680,2016-02-08,0515,018268,NA,1,3,9,3700,0,1,1,NA,2,084,I-8 E/B,WEST VICTORIA DRIVE,1061,W,N,A,-,Y,NA,NA,8,NA,NA,NA,NA,NA,E,Y,1,1,0,2,A,-,03,22350,NA,N,C,C,A,A,H,-,D,D,0,NA,NA,NA,Y,Y,NA,A,08,0,0,0,0,0,0,0,0,0,-,-,32.83942,-116.77088,SAN DIEGO,UNINCORPORATED,-116.77087579,32.8394476
90139868,2016,2016-03-21,9650,2016-03-19,1545,015788,NA,6,2,6,3710,0,1,1,NA,2,005,I-5 S/B,SR-78,250,S,N,A,-,Y,NA,NA,5,NA,NA,NA,NA,NA,S,Y,4,0,1,2,A,-,03,22350,NA,N,C,C,A,A,H,-,A,D,0,NA,NA,NA,NA,Y,NA,A,01,0,0,1,0,0,0,0,0,0,-,-,33.17613,-117.35067,SAN DIEGO,OCEANSIDE,-117.35074647,33.17607188
90141049,2016,2016-03-22,9645,2016-03-11,1713,017524,NA,5,2,7,3711,0,1,1,NA,2,015,I-805 N/B,MIRA MESA BLVD. U/C,150,S,N,B,C,Y,NA,NA,805,NA,NA,NA,NA,NA,N,N,4,0,1,1,A,-,03,22350,NA,N,E,I,A,B,D,-,A,D,0,NA,NA,NA,NA,Y,NA,A,01,0,0,1,0,0,0,0,0,0,-,-,32.88884,-117.20424,SAN DIEGO,SAN DIEGO,-117.20420661,32.88886763
90141905,2016,2016-03-23,9680,2016-03-15,1249,015877,NA,2,1,9,3700,0,1,3,NA,1,022,SR-54 (JAMACHA RD.),CALLE ALBARA,65,E,N,A,-,Y,NA,NA,54,NA,NA,NA,NA,NA,NA,N,4,0,1,2,A,-,21,22106,NA,N,C,C,A,A,H,-,A,A,0,NA,NA,NA,NA,Y,NA,A,07,0,0,1,0,0,0,0,0,0,-,-,32.75326,-116.92692,SAN DIEGO,UNINCORPORATED,-116.92727154,32.75331482
90142259,2016,2016-03-23,9645,2016-03-14,0700,016156,NA,1,1,7,3711,0,1,1,NA,2,017,I-15 S/B,CARROLL CANYON ROAD,1490,S,N,B,-,Y,NA,NA,15,NA,NA,NA,NA,NA,S,Y,4,0,1,2,A,-,08,22107,NA,N,D,C,A,B,H,-,A,D,0,NA,NA,NA,NA,Y,NA,A,01,0,0,1,0,0,0,0,0,0,-,-,32.89923,-117.11657,SAN DIEGO,SAN DIEGO,-117.11655809,32.89923036
90145341,2016,2016-03-28,9645,2016-03-08,1411,016864,NA,2,2,7,3711,0,1,1,NA,2,007,I-5 N/B,DEL MAR HEIGHTS ROAD,200,S,N,A,-,Y,NA,NA,5,NA,NA,NA,NA,NA,N,Y,4,0,1,2,C,-,18,NA,NA,N,C,C,A,A,H,-,A,D,0,NA,NA,NA,NA,Y,NA,-,-,0,0,1,0,0,0,0,0,0,-,-,32.948480000000004,-117.24372,SAN DIEGO,SAN DIEGO,-117.2432944,32.94855994
90149107,2016,2016-04-01,9650,2016-03-15,1554,016516,NA,2,2,5,3712,0,1,3,NA,2,019,SR-78 E/B,TWIN OAKS VALLEY RD,900,E,N,A,-,Y,NA,NA,78,NA,NA,NA,NA,NA,E,Y,4,0,2,5,A,-,03,22350,NA,N,C,C,A,A,H,-,A,D,0,NA,NA,NA,NA,Y,NA,D,22,0,0,2,0,0,0,0,0,0,-,-,33.13896,-117.15436,SAN DIEGO,SAN MARCOS,-117.15434285,33.138896
90149385,2016,2016-04-04,9645,2016-03-28,1600,017953,NA,1,2,7,3711,0,1,1,NA,2,003,I-5 N/B TO SR-163 N/B,PARK AVENUE O/C,388,N,N,B,-,Y,NA,NA,5,NA,NA,NA,R,NA,N,Y,4,0,3,3,A,-,03,22350,NA,N,C,C,A,A,H,-,A,D,0,NA,NA,NA,NA,Y,NA,A,01,0,0,3,0,0,0,0,0,0,-,-,32.72464,-117.15253,SAN DIEGO,SAN DIEGO,-117.15253,32.72464
90150006,2016,2016-04-04,9650,2016-03-31,2320,013958,NA,4,3,9,3700,0,1,1,NA,2,003,I-5 S/B,COCKLEBURR RD. O/C,3696,N,N,A,-,Y,NA,NA,5,NA,NA,NA,NA,NA,S,Y,4,0,1,1,C,-,18,NA,NA,N,E,I,A,A,H,-,D,D,0,NA,NA,NA,NA,Y,NA,-,-,0,0,1,0,0,0,0,0,0,-,-,33.2639,-117.43124,SAN DIEGO,UNINCORPORATED,-117.43128941,33.26386085
90150473,2016,2016-04-04,9645,2016-01-23,0225,015698,NA,6,3,7,3711,0,1,1,NA,2,010,I-8 W/B,TAYLOR ST. O/C,200,E,N,B,-,Y,NA,NA,8,NA,NA,NA,NA,NA,W,Y,3,0,3,2,A,-,01,23152,A,N,D,C,A,A,H,-,D,D,0,NA,NA,NA,NA,Y,Y,A,01,0,1,2,0,0,0,0,0,0,-,-,32.75984,-117.18788,SAN DIEGO,SAN DIEGO,-117.18788297,32.75981392
90151423,2016,2016-04-05,9645,2016-03-21,0715,017473,NA,1,1,7,3711,0,1,1,NA,2,021,SR-15 S/B TO MARKET ST.,MARKET ST.,400,S,N,B,-,Y,NA,NA,15,NA,NA,NA,R,NA,S,Y,4,0,1,1,A,-,08,22107,NA,N,E,I,A,A,H,-,A,D,0,NA,NA,NA,NA,Y,NA,A,07,0,0,1,0,0,0,0,0,0,-,-,32.71098,-117.12,SAN DIEGO,SAN DIEGO,-117.12,32.71098
90152027,2016,2016-04-06,9680,2016-03-24,0712,015061,NA,4,1,9,3700,0,3,5,NA,2,001,AURORA DR,SERENITY CT,74,E,N,A,-,N,NA,NA,NA,NA,NA,NA,NA,NA,NA,Y,4,0,1,1,A,-,08,22107,NA,N,E,I,A,A,H,-,A,D,0,NA,NA,NA,NA,Y,NA,A,07,0,0,1,0,0,0,0,0,0,-,-,32.82912,-116.10772,SAN DIEGO,UNINCORPORATED,-116.90771006,32.82907553
90154670,2016,2016-04-11,9680,2016-03-29,1725,018427,NA,2,2,5,3708,0,1,3,NA,2,028,SR-125 S/B,NAVAJO RD,528,S,N,B,-,N,NA,NA,125,NA,NA,NA,NA,NA,S,Y,4,0,1,2,A,-,03,22350,NA,N,C,C,A,A,H,-,A,D,0,NA,NA,NA,NA,Y,NA,A,01,0,0,1,0,0,0,0,0,0,-,-,32.79735,-117.00573,SAN DIEGO,LA MESA,-117.00562788,32.79735
90155789,2016,2016-04-12,9680,2016-03-22,0725,013283,NA,2,1,5,3708,0,1,1,NA,2,081,I-8 W/B,SEVERIN DR,1056,W,N,A,-,Y,NA,NA,8,NA,NA,NA,NA,NA,W,N,3,0,1,2,A,-,07,21658,A,N,B,C,A,A,H,-,A,D,0,NA,NA,NA,NA,Y,NA,-,-,0,1,0,0,0,0,0,0,0,-,-,32.77941,-116.99996,SAN DIEGO,LA MESA,-116.99994261,32.77931681
90156973,2016,2016-04-13,9680,2016-04-03,1013,015877,NA,7,1,5,3705,0,1,1,NA,2,082,I-8 E/B,FIRST ST.,62,E,N,A,-,Y,NA,NA,8,NA,NA,NA,NA,NA,E,Y,3,0,6,1,A,-,07,21658,A,N,E,I,A,A,H,-,A,D,0,NA,NA,NA,NA,Y,NA,A,07,0,4,2,0,0,0,0,0,0,-,-,32.80285,-116.94353,SAN DIEGO,EL CAJON,-116.94352917,32.80295594
90157603,2016,2016-04-14,9645,2016-03-02,0656,016409,NA,3,1,5,3709,0,1,1,NA,2,009,I-805 N/B,SWEETWATER ROAD,250,S,N,B,-,Y,NA,NA,805,NA,NA,NA,NA,NA,N,Y,2,0,2,2,A,-,03,22350,NA,N,C,C,A,A,H,-,A,D,0,NA,NA,NA,NA,Y,NA,A,01,1,0,1,0,0,0,0,0,0,-,-,32.65995,-117.07588,SAN DIEGO,NATIONAL CITY,-117.07583075,32.65999332
90158445,2016,2016-04-15,9680,2016-04-06,1235,015983,NA,3,1,5,3705,0,1,1,NA,2,082,I-8 E/B,MOLLISON AVE,1584,E,N,A,-,Y,NA,NA,8,NA,NA,NA,NA,NA,E,Y,4,0,1,2,A,-,03,22350,NA,N,C,C,A,A,D,-,A,D,0,NA,NA,NA,NA,Y,NA,A,01,0,0,1,0,0,0,0,0,0,-,-,32.80298,-116.94491,SAN DIEGO,EL CAJON,-116.94490976,32.80296136
90158736,2016,2016-04-15,9650,2016-04-07,1535,015788,NA,4,2,3,3783,0,1,1,NA,2,007,I-5 N/B,LOMAS SANTA FE DR,0,NA,N,B,C,Y,NA,NA,5,NA,NA,NA,NA,NA,N,Y,4,0,1,2,A,-,03,22350,NA,N,C,C,A,B,H,-,A,D,0,NA,NA,NA,NA,Y,NA,D,22,0,0,1,0,0,0,0,0,0,-,-,33.00168,-117.25733,SAN DIEGO,SOLANA BEACH,-117.2574128,33.001667
90161643,2016,2016-04-20,9680,2016-04-11,1503,015070,NA,1,2,9,3700,0,1,1,NA,2,084,I-8 WB,E. WILLOWS RD.,2640,E,N,B,C,Y,NA,NA,NA,NA,NA,NA,NA,NA,NA,Y,3,0,2,1,A,-,03,22350,NA,N,E,I,A,B,H,-,A,D,0,NA,NA,NA,NA,Y,NA,A,01,0,1,1,0,0,0,0,0,0,-,-,32.64319,-115.536,SAN DIEGO,UNINCORPORATED,NA,NA
90161671,2016,2016-04-20,9645,2016-04-08,1525,017678,NA,5,2,9,3700,0,3,5,NA,2,018,BRIARWOOD RD. S/B,CAMINO ROBERTO,0,NA,Y,B,-,N,NA,NA,NA,NA,NA,NA,NA,NA,NA,Y,4,0,1,1,A,-,08,22107,NA,N,E,I,A,A,H,-,A,D,0,NA,NA,NA,NA,Y,NA,A,01,0,0,1,0,0,0,0,0,0,-,-,32.56582,-117.07416,SAN DIEGO,UNINCORPORATED,-117.02728013,32.67946006
90163602,2016,2016-04-22,9680,2016-04-13,0110,020625,NA,3,3,9,3700,0,3,5,NA,2,003,VIEJAS GRADE RD,ALTO CIRCLE,60,N,N,A,-,N,NA,NA,NA,NA,NA,NA,NA,NA,NA,Y,3,0,1,1,A,-,01,23152,A,N,E,I,A,A,H,-,D,D,0,NA,NA,NA,NA,Y,Y,A,01,0,1,0,0,0,0,0,0,0,-,-,32.8538,-116.7022,SAN DIEGO,UNINCORPORATED,NA,NA
9016521,2020,2020-05-27,3710,2020-02-08,1432,OC0873,NA,6,5,6,3710,0,0,0,NA,0,035,NORTH SANTA FE AV,RT 76,340,S,N,A,-,N,NA,NA,NA,NA,NA,NA,NA,NA,NA,Y,3,0,3,3,A,-,01,23153,A,F,C,C,A,A,H,-,A,A,0,NA,NA,NA,NA,Y,Y,A,01,0,1,2,0,0,0,0,0,0,-,-,NA,NA,SAN DIEGO,OCEANSIDE,-117.2811279296875,33.24531936645508
90166116,2016,2016-04-26,9680,2016-04-16,1716,019822,NA,6,2,9,3700,0,2,4,NA,1,026,BANCROFT DR,MAC LN,85,S,N,A,-,N,NA,NA,NA,NA,NA,NA,NA,NA,NA,Y,4,0,1,2,A,-,09,21801,B,N,D,C,A,A,H,-,A,D,0,NA,NA,NA,NA,Y,NA,A,01,0,0,1,0,0,0,0,0,0,-,-,32.73743,-117.00593,SAN DIEGO,UNINCORPORATED,-117.00589246,32.737456
90166469,2016,2016-04-27,9645,2016-04-14,1945,017498,NA,4,2,7,3711,0,1,1,NA,2,010,I-8 EASTBOUND TO MISSION CENTER ROAD,MISSION CENTER ROAD,90,W,N,A,-,Y,NA,NA,8,NA,NA,NA,R,NA,E,Y,3,0,2,4,C,-,18,NA,NA,N,C,C,A,A,H,-,C,A,0,NA,NA,NA,NA,Y,NA,-,-,0,1,1,0,0,0,0,0,0,-,-,32.76491,-117.15413,SAN DIEGO,SAN DIEGO,-117.15413,32.76491
90166550,2016,2016-04-27,9645,2016-04-19,1403,019054,NA,2,2,5,3709,0,1,3,NA,2,008,SR-54 W/B TO HIGHLAND AVE.,HIGHLAND AVE.,70,E,N,A,-,Y,NA,NA,NA,NA,NA,NA,NA,NA,NA,N,4,0,1,2,A,-,03,22350,NA,N,C,C,A,A,H,-,A,D,0,NA,NA,NA,NA,Y,NA,I,11,0,0,1,0,0,0,0,0,0,-,-,NA,NA,SAN DIEGO,NATIONAL CITY,-117.0899763,32.65626957
90167706,2016,2016-04-28,9645,2016-04-18,1515,017953,NA,1,2,7,3711,0,1,1,NA,2,017,I-15 S/B,TED WILLIAMS PKWY O/C,500,S,N,A,-,Y,NA,NA,15,NA,NA,NA,NA,NA,S,Y,4,0,2,2,A,-,03,22350,NA,N,C,C,A,A,H,-,A,D,0,NA,NA,NA,NA,Y,NA,A,01,0,0,2,0,0,0,0,0,0,-,-,32.96284,-117.097,SAN DIEGO,SAN DIEGO,-117.09685842,32.96274527
90167792,2016,2016-04-28,9650,2016-02-27,1315,017994,NA,6,1,9,3700,0,3,5,NA,2,211,WOODS VALLEY RD,VALLEY CENTER RD,4752,E,N,A,-,N,NA,NA,NA,NA,NA,NA,NA,NA,NA,Y,4,0,2,1,A,-,01,23152,E,N,E,I,A,A,H,-,A,D,0,NA,NA,NA,NA,Y,NA,D,22,0,0,2,0,0,0,0,0,0,-,-,33.20516,-117.01373,SAN DIEGO,UNINCORPORATED,-117.01987431,33.20465338
90168137,2016,2016-04-28,9645,2016-04-26,1315,016047,NA,2,1,7,3711,0,1,1,NA,2,009,I-805 NORTHBOUND,SAN YSIDRO BLVD.,1056,N,N,A,-,Y,NA,NA,805,NA,NA,NA,NA,NA,N,Y,4,0,3,2,A,-,03,22350,NA,N,C,C,A,A,D,-,A,D,0,NA,NA,NA,NA,Y,NA,A,01,0,0,3,0,0,0,0,0,0,-,-,32.55688,-117.04209,SAN DIEGO,SAN DIEGO,-117.0421218,32.55687441
9016862,2020,2020-02-28,3709,2020-01-24,1900,NC0514,NA,5,5,5,3709,0,0,0,NA,0,020,W DIVISION ST,OSBORN ST,0,NA,Y,A,-,N,NA,NA,NA,NA,NA,NA,NA,NA,NA,N,4,0,2,2,A,-,01,23152,B,F,A,C,A,A,H,-,C,D,0,NA,NA,NA,NA,Y,Y,-,NA,0,0,2,0,0,0,0,0,0,-,-,NA,NA,SAN DIEGO,NATIONAL CITY,-117.10962677001952,32.68273162841797
9016960,2020,2020-03-20,3706,2020-02-14,2047,509,ESCON,5,5,6,3706,0,0,0,NA,0,054,GRAND AV,GAYLAND ST,0,NA,Y,A,-,N,NA,NA,NA,NA,NA,NA,NA,NA,NA,N,4,0,3,2,A,-,09,21802,A,N,D,C,A,A,H,-,C,D,0,NA,NA,NA,Y,Y,NA,F,21,0,0,3,0,0,0,0,0,0,-,-,33.13304138183594,-117.05264282226563,SAN DIEGO,ESCONDIDO,-117.0526123046875,33.132991790771484
90170509,2016,2016-05-02,9680,2016-04-23,1115,016181,NA,6,1,9,3700,0,3,5,NA,2,001,MAGNOLIA AVE,BRADLEY AVE,30,S,N,A,-,N,NA,NA,NA,NA,NA,NA,NA,NA,NA,Y,4,0,1,3,A,-,03,22350,NA,N,C,C,A,A,H,-,A,A,0,NA,NA,NA,NA,Y,NA,D,22,0,0,1,0,0,0,0,0,0,-,-,32.81882,-116.96219,SAN DIEGO,UNINCORPORATED,-116.96231,32.81902784
90171512,2016,2016-05-03,9645,2016-04-12,0855,014692,NA,2,1,9,3700,0,1,3,NA,2,008,SR 54 W/B FROM REO DRIVE,REO DRIVE,450,W,N,A,-,Y,NA,NA,NA,NA,NA,NA,NA,NA,NA,Y,4,0,1,2,A,-,03,22350,NA,N,C,C,A,A,H,-,A,A,0,NA,NA,NA,NA,Y,NA,A,07,0,0,1,0,0,0,0,0,0,-,-,32.66445,-117.05911,SAN DIEGO,UNINCORPORATED,NA,NA
90172486,2016,2016-05-04,9680,2016-04-25,1505,018427,NA,1,2,9,3700,0,1,1,NA,2,081,I-8 E/B TO CHASE AVE,CHASE AVE,200,W,N,A,-,Y,NA,NA,NA,NA,NA,NA,NA,NA,NA,N,4,0,1,2,A,-,21,22106,NA,N,C,C,A,A,H,-,A,B,0,NA,NA,NA,NA,Y,NA,A,01,0,0,1,0,0,0,0,0,0,-,-,32.78275,-116.9795,SAN DIEGO,UNINCORPORATED,NA,NA
90173971,2016,2016-05-05,9645,2016-05-03,0630,014804,NA,2,1,7,3711,0,1,1,NA,2,011,I-805 (N/B),UNIVERSITY AVENUE O/C,3168,S,N,B,-,Y,NA,NA,805,NA,NA,NA,NA,NA,NA,Y,4,0,1,3,A,-,04,21703,NA,N,C,C,A,A,H,-,A,D,0,NA,NA,NA,NA,Y,NA,D,22,0,0,1,0,0,0,0,0,0,-,-,32.73475,-117.11339,SAN DIEGO,SAN DIEGO,-117.11328724,32.73478963
90174735,2016,2016-05-31,9650,2016-04-29,2050,017328,NA,5,2,9,3700,0,3,5,NA,1,160,OLD HIGHWAY 395,W. LILAC RD.,0,NA,Y,A,-,N,NA,NA,NA,NA,NA,NA,NA,NA,NA,Y,3,0,3,2,A,-,12,22450,A,N,D,C,A,A,H,-,C,A,0,NA,NA,NA,NA,Y,NA,A,07,0,1,2,0,0,0,0,0,0,-,-,33.3012,-117.15354,SAN DIEGO,UNINCORPORATED,-117.15351008,33.30118001
90176344,2016,2016-05-10,9650,2016-04-26,1610,016485,NA,2,2,6,3710,0,1,3,NA,2,015,SR-78 W/B,COLLEGE BLVD,3168,W,N,A,-,Y,NA,NA,78,NA,NA,NA,NA,NA,W,Y,4,0,5,3,A,-,08,22107,NA,N,B,C,A,A,H,-,A,D,0,NA,NA,NA,NA,Y,NA,A,01,0,0,5,0,0,0,0,0,0,-,-,33.1804,-117.30696,SAN DIEGO,OCEANSIDE,-117.30696047,33.18040144
90176961,2016,2016-05-11,9645,2016-04-19,0914,017025,NA,2,1,7,3711,0,1,3,NA,2,008,SR-54 W/B,BRIARWOOD RD. O/C,1056,E,N,A,-,Y,NA,NA,54,NA,NA,NA,NA,NA,W,Y,3,0,1,2,A,-,03,22350,NA,N,C,C,A,A,H,-,A,D,0,NA,NA,NA,NA,Y,NA,A,07,0,1,0,0,0,0,0,0,0,-,-,32.6852,-117.0256,SAN DIEGO,SAN DIEGO,-117.02558563,32.68518005
90178036,2016,2016-05-12,9645,2016-05-09,1345,018950,NA,1,1,7,3711,0,1,1,NA,2,005,I-5 S/B FRWY,4TH AVENUE O/C,20,N,N,A,-,Y,NA,NA,5,NA,NA,NA,NA,NA,S,N,4,0,1,2,A,-,03,22350,NA,N,C,C,A,A,H,-,A,D,0,NA,NA,NA,NA,Y,NA,A,08,0,0,1,0,0,0,0,0,0,-,-,32.72266,-117.1622,SAN DIEGO,SAN DIEGO,-117.16219468,32.72269098
90178081,2016,2016-05-12,9645,2016-05-11,1750,018095,NA,3,2,7,3711,0,1,3,NA,2,023,SR-163 S/B,I-8 O/C,60,N,N,A,-,Y,NA,NA,163,NA,NA,NA,NA,NA,S,N,4,0,1,2,A,-,03,22350,NA,N,C,A,A,A,H,-,A,D,0,NA,NA,NA,NA,Y,NA,A,01,0,0,1,0,0,0,0,0,0,-,-,32.76319,-117.16352,SAN DIEGO,SAN DIEGO,-117.1635722,32.7631887
90178409,2016,2016-05-12,9650,2016-04-28,0230,017028,NA,4,3,6,3706,0,1,1,NA,2,023,I-15 NB,CENTRE CITY PKWY,1056,N,N,A,-,Y,NA,NA,15,NA,NA,NA,NA,NA,N,Y,3,0,1,1,A,-,08,22107,NA,N,F,A,A,A,H,-,D,D,0,NA,NA,NA,NA,Y,NA,A,01,0,1,0,0,0,0,0,0,0,-,-,33.16291,-117.1055,SAN DIEGO,ESCONDIDO,-117.10576857,33.16277863