CASE_ID,ACCIDENT_YEAR,PROC_DATE,JURIS,COLLISION_DATE,COLLISION_TIME,OFFICER_ID,REPORTING_DISTRICT,DAY_OF_WEEK,CHP_SHIFT,POPULATION,CNTY_CITY_LOC,SPECIAL_COND,BEAT_TYPE,CHP_BEAT_TYPE,CITY_DIVISION_LAPD,CHP_BEAT_CLASS,BEAT_NUMBER,PRIMARY_RD,SECONDARY_RD,DISTANCE,DIRECTION,INTERSECTION,WEATHER_1,WEATHER_2,STATE_HWY_IND,CALTRANS_COUNTY,CALTRANS_DISTRICT,STATE_ROUTE,ROUTE_SUFFIX,POSTMILE_PREFIX,POSTMILE,LOCATION_TYPE,RAMP_INTERSECTION,SIDE_OF_HWY,TOW_AWAY,COLLISION_SEVERITY,NUMBER_KILLED,NUMBER_INJURED,PARTY_COUNT,PRIMARY_COLL_FACTOR,PCF_CODE_OF_VIOL,PCF_VIOL_CATEGORY,PCF_VIOLATION,PCF_VIOL_SUBSECTION,HIT_AND_RUN,TYPE_OF_COLLISION,MVIW,PED_ACTION,ROAD_SURFACE,ROAD_COND_1,ROAD_COND_2,LIGHTING,CONTROL_DEVICE,CHP_ROAD_TYPE,PEDESTRIAN_ACCIDENT,BICYCLE_ACCIDENT,MOTORCYCLE_ACCIDENT,TRUCK_ACCIDENT,NOT_PRIVATE_PROPERTY,ALCOHOL_INVOLVED,STWD_VEHTYPE_AT_FAULT,CHP_VEHTYPE_AT_FAULT,COUNT_SEVERE_INJ,COUNT_VISIBLE_INJ,COUNT_COMPLAINT_PAIN,COUNT_PED_KILLED,COUNT_PED_INJURED,COUNT_BICYCLIST_KILLED,COUNT_BICYCLIST_INJURED,COUNT_MC_KILLED,COUNT_MC_INJURED,PRIMARY_RAMP,SECONDARY_RAMP,LATITUDE,LONGITUDE,COUNTY,CITY,POINT_X,POINT_Y
90229452,2016,2016-07-25,9680,2016-07-13,1300,017928,NA,3,1,9,3700,0,2,4,NA,1,094,WILDCAT CANYON RD,SAN VICENTE RD,4224,S,N,A,-,N,NA,NA,NA,NA,NA,NA,NA,NA,NA,N,4,0,2,2,A,-,04,21703,NA,N,C,C,A,A,H,-,A,D,0,NA,NA,NA,NA,Y,NA,A,01,0,0,2,0,0,0,0,0,0,-,-,32.98967,-116.83484,SAN DIEGO,UNINCORPORATED,-116.83675913,32.9891001
90230393,2016,2016-07-26,9680,2016-07-14,0945,016435,NA,4,1,9,3700,0,1,3,NA,1,090,SR-67 SOUTHBOUND (MAIN ST),14TH ST,225,S,N,A,-,Y,NA,NA,67,NA,NA,NA,NA,NA,S,Y,4,0,1,2,A,-,09,21801,A,N,D,C,A,A,H,-,A,D,0,NA,NA,NA,NA,Y,NA,A,01,0,0,1,0,0,0,0,0,0,-,-,33.0382,-116.87571,SAN DIEGO,UNINCORPORATED,-116.87566507,33.03811722
90231055,2016,2016-07-27,9645,2016-07-11,1744,020066,NA,1,2,7,3711,0,1,1,NA,2,005,I-5 S/B,GILMAN DRIVE,1000,S,N,A,-,Y,NA,NA,5,NA,NA,NA,NA,NA,S,Y,4,0,1,3,A,-,08,22107,NA,N,B,C,A,A,H,-,A,D,0,NA,NA,NA,NA,Y,NA,D,22,0,0,1,0,0,0,0,0,0,-,-,32.84537,-117.23645,SAN DIEGO,SAN DIEGO,-117.23641317,32.84536438
90233311,2016,2016-07-29,9645,2016-07-15,1845,016864,NA,5,2,7,3711,0,1,1,NA,2,007,I-5 S/B,GENESEE AVENUE,2112,N,N,A,-,Y,NA,NA,5,NA,NA,NA,NA,NA,S,Y,3,0,1,2,A,-,01,23152,A,F,B,C,A,A,H,-,A,D,0,NA,NA,Y,NA,Y,Y,A,01,0,1,0,0,0,0,0,0,1,-,-,32.89305,-117.22717,SAN DIEGO,SAN DIEGO,-117.2272659,32.89306227
90233832,2016,2016-08-01,9645,2016-07-27,1740,017270,NA,3,2,7,3711,0,1,1,NA,2,007,I-5 N/B,CARMEL MOUNTAIN ROAD,1700,S,N,A,-,Y,NA,NA,5,NA,NA,NA,NA,NA,N,Y,4,0,3,2,A,-,03,22350,NA,N,C,C,A,A,H,-,A,D,0,NA,NA,NA,NA,Y,NA,D,22,0,0,3,0,0,0,0,0,0,-,-,32.9084,-117.2255,SAN DIEGO,SAN DIEGO,-117.2256693,32.90824838
90236376,2016,2016-08-03,9645,2016-07-26,2243,019445,NA,2,3,7,3711,0,1,1,NA,2,013,I-805 S/B,MESA COLLEGE DR O/C,990,S,N,A,-,Y,NA,NA,805,NA,NA,NA,NA,NA,S,Y,4,0,1,2,A,-,08,22107,NA,N,B,C,A,A,H,-,C,D,0,NA,NA,NA,NA,Y,NA,A,01,0,0,1,0,0,0,0,0,0,-,-,32.80256,-117.15068,SAN DIEGO,SAN DIEGO,-117.15065369,32.80256681
90237434,2016,2016-08-04,9680,2016-07-25,0815,016181,NA,1,1,9,3700,0,2,4,NA,1,013,WILDCAT CANYON RD,WILLOW RD,13728,N,N,B,-,N,NA,NA,NA,NA,NA,NA,NA,NA,NA,Y,3,0,1,1,A,-,08,22107,NA,N,E,I,A,A,H,-,A,D,0,NA,NA,NA,NA,Y,NA,A,01,0,1,0,0,0,0,0,0,0,-,-,32.8853,-116.89571,SAN DIEGO,UNINCORPORATED,-116.88489989,32.90332443
90238015,2016,2016-08-04,9650,2016-07-22,1435,015830,NA,5,2,5,3701,0,1,1,NA,2,005,I-5 S/B,POINSETTIA AVE,1800,N,N,A,-,Y,NA,NA,NA,NA,NA,NA,NA,NA,NA,N,4,0,1,2,A,-,03,22350,NA,N,F,A,A,A,H,-,A,D,0,NA,NA,Y,NA,Y,NA,C,02,0,0,1,0,0,0,0,0,1,-,-,33.0636,-117.18538,SAN DIEGO,CARLSBAD,-117.31350537,33.10769492
90238212,2016,2016-08-05,9645,2016-07-25,1515,017953,NA,1,2,7,3711,0,1,1,NA,2,015,I-805 S/B,NOBEL DRIVE O/C,3326,S,N,A,-,Y,NA,NA,805,NA,NA,NA,NA,NA,S,Y,4,0,3,4,A,-,03,22350,NA,N,C,C,A,A,H,-,A,D,0,NA,NA,NA,Y,Y,NA,D,22,0,0,3,0,0,0,0,0,0,-,-,32.86231,-117.18834,SAN DIEGO,SAN DIEGO,-117.18815523,32.8624783
90238309,2016,2016-08-05,9645,2016-07-25,1729,019291,NA,1,2,7,3711,0,1,3,NA,2,023,SR-163 S/B,FRIARS RD,1056,S,N,A,-,Y,NA,NA,163,NA,NA,NA,NA,NA,S,N,4,0,1,2,A,-,03,22350,NA,N,C,C,A,A,H,-,A,D,0,NA,NA,NA,NA,Y,NA,A,07,0,0,1,0,0,0,0,0,0,-,-,32.76842,-117.16224,SAN DIEGO,SAN DIEGO,-117.16235267,32.76845495
9023854,2019,2020-02-04,3711,2019-12-21,2102,SD7284,NA,6,5,7,3711,0,0,0,NA,0,836,HOME AV,47TH ST,29,E,N,B,-,N,NA,NA,NA,NA,NA,NA,NA,NA,NA,N,4,0,2,2,A,-,08,22107,NA,N,D,C,A,A,H,-,C,D,0,NA,NA,NA,NA,Y,NA,A,01,0,0,2,0,0,0,0,0,0,-,-,NA,NA,SAN DIEGO,SAN DIEGO,-117.09329986572266,32.734901428222656
9023874,2019,2020-02-04,3711,2019-12-21,2358,SD7998,NA,6,5,7,3711,0,0,0,NA,0,521,PARK BL,F ST,0,NA,Y,A,-,N,NA,NA,NA,NA,NA,NA,NA,NA,NA,Y,3,0,1,2,A,-,12,21453,A,N,D,C,A,A,H,-,C,A,0,NA,NA,NA,NA,Y,NA,A,01,0,1,0,0,0,0,0,0,0,-,-,NA,NA,SAN DIEGO,SAN DIEGO,-117.15374755859376,32.71363830566406
9023917,2019,2020-02-04,3711,2019-12-30,1110,SD7734,NA,1,5,7,3711,0,0,0,NA,0,124,GIRARD AV,GIRARD AV 7713,0,NA,Y,B,-,N,NA,NA,NA,NA,NA,NA,NA,NA,NA,N,3,0,1,1,A,-,08,22107,NA,N,E,I,A,A,H,-,A,D,0,NA,NA,NA,NA,Y,NA,A,01,0,1,0,0,0,0,0,0,0,-,-,NA,NA,SAN DIEGO,SAN DIEGO,NA,NA
9024087,2019,2020-01-14,3711,2019-11-24,0230,SD7973,NA,7,5,7,3711,0,0,0,NA,0,523,4TH AV,E ST,0,NA,Y,-,-,N,NA,NA,NA,NA,NA,NA,NA,NA,NA,N,4,0,2,3,A,-,12,21453,A,N,G,B,B,A,H,-,C,A,0,Y,NA,NA,NA,Y,NA,A,08,0,0,2,0,2,0,0,0,0,-,-,NA,NA,SAN DIEGO,SAN DIEGO,-117.16107177734376,32.71464920043945
90241209,2016,2016-08-09,9645,2016-08-02,1730,013648,NA,2,2,7,3711,0,1,1,NA,2,015,I-805 SOUTHBOUND,SORRENTO VALLEY BLVD U/C,1320,N,N,A,-,Y,NA,NA,NA,NA,NA,NA,NA,NA,NA,Y,3,0,1,2,A,-,03,22350,NA,N,C,C,A,A,H,-,A,D,0,NA,NA,NA,NA,Y,NA,A,08,0,1,0,0,0,0,0,0,0,-,-,32.99902,-117.15722,SAN DIEGO,SAN DIEGO,-117.22294382,32.903491700000004
9024140,2019,2020-02-15,3711,2019-12-21,2500,7696,NA,6,5,7,3711,0,0,0,NA,0,826,54TH ST,TROJAN AV,0,NA,Y,A,-,N,NA,NA,NA,NA,NA,NA,NA,NA,NA,N,4,0,2,2,A,-,03,22350,NA,N,C,C,A,A,H,-,C,D,0,NA,NA,NA,NA,Y,NA,-,NA,0,0,2,0,0,0,0,0,0,-,-,NA,NA,SAN DIEGO,SAN DIEGO,-117.07939910888672,32.7548713684082
90241694,2016,2016-08-10,9680,2016-07-31,1725,019270,NA,7,2,9,3700,0,3,5,NA,2,003,ARNOLD WAY,TAVERN RD,1056,E,N,A,-,N,NA,NA,NA,NA,NA,NA,NA,NA,NA,Y,4,0,1,1,A,-,08,22107,NA,N,F,A,A,A,H,-,A,D,0,NA,NA,NA,NA,Y,NA,A,01,0,0,1,0,0,0,0,0,0,-,-,32.83637,-116.77135,SAN DIEGO,UNINCORPORATED,-116.77208319,32.83630082
90242639,2016,2016-08-11,9680,2016-07-31,1430,020738,NA,7,2,9,3700,0,2,4,NA,1,026,JAMACHA ROAD,FELICITA AVENUE,0,NA,Y,A,-,N,NA,NA,NA,NA,NA,NA,NA,NA,NA,Y,3,0,1,2,A,-,01,23152,A,N,E,I,A,A,H,-,A,A,0,NA,NA,NA,NA,Y,Y,A,01,0,1,0,0,0,0,0,0,0,-,-,32.71496,-117.00043,SAN DIEGO,UNINCORPORATED,-117.00076005,32.71488001
90243360,2016,2016-08-11,9650,2016-08-09,1000,013636,NA,2,1,5,3782,0,1,1,NA,2,007,I-5 N/B,BIRMINGHAM DR,528,N,N,A,-,Y,NA,NA,NA,NA,NA,NA,NA,NA,NA,Y,3,0,1,2,A,-,03,22350,NA,N,C,C,A,A,H,-,A,D,0,NA,NA,Y,NA,Y,NA,C,02,0,1,0,0,0,0,0,0,1,-,-,NA,NA,SAN DIEGO,ENCINITAS,-117.27552269,33.02764346
90243661,2016,2016-08-12,9645,2016-08-02,0448,015664,NA,2,3,7,3711,0,1,1,NA,2,017,I-15 S/B TO SR-52,SR-52,1056,N,N,A,-,Y,NA,NA,15,NA,NA,NA,R,NA,S,Y,4,0,1,2,A,-,08,22107,NA,N,B,C,A,A,H,-,C,D,0,NA,NA,NA,NA,Y,NA,A,01,0,0,1,0,0,0,0,0,0,-,-,32.84482,-117.1197,SAN DIEGO,SAN DIEGO,-117.1197,32.84482
90243864,2016,2016-08-12,9645,2016-08-02,1830,019352,NA,2,2,5,3709,0,1,1,NA,2,009,I-805 S/B,PLAZA BLVD.,1320,S,N,A,-,Y,NA,NA,805,NA,NA,NA,NA,NA,S,Y,4,0,2,2,A,-,03,22350,NA,N,C,C,A,A,H,-,A,D,0,NA,NA,NA,NA,Y,NA,D,23,0,0,2,0,0,0,0,0,0,-,-,32.66845,-117.08099,SAN DIEGO,NATIONAL CITY,-117.08103579,32.66843257
90244262,2016,2016-08-15,9650,2016-08-12,1640,014886,NA,5,2,9,3700,0,1,1,NA,2,003,I-5 S/B,CAMP DEL MAR,50,N,N,A,-,Y,NA,NA,5,NA,NA,NA,NA,NA,S,Y,3,0,1,3,A,-,03,22350,NA,N,C,C,A,A,H,-,A,D,0,NA,NA,NA,NA,Y,NA,A,01,0,1,0,0,0,0,0,0,0,-,-,33.21592,-117.3903,SAN DIEGO,UNINCORPORATED,-117.3903627,33.21590115
90244688,2016,2016-08-15,9680,2016-08-05,1720,016173,NA,5,2,9,3700,0,3,5,NA,2,003,WILLOWS RD,VIEJAS GRADE RD,510,W,N,A,-,N,NA,NA,NA,NA,NA,NA,NA,NA,NA,Y,3,0,2,2,A,-,08,22107,NA,N,B,C,A,A,H,-,A,D,0,NA,NA,NA,NA,Y,NA,A,01,0,1,1,0,0,0,0,0,0,-,-,32.8367,-116.7195,SAN DIEGO,UNINCORPORATED,-116.71950123,32.83672816
90246348,2016,2016-08-17,9680,2016-08-14,0305,016822,NA,7,3,9,3700,0,2,4,NA,1,095,SAN VICENTE ROAD,GREEN HAVEN LANE (WEST),127,E,N,A,-,N,NA,NA,NA,NA,NA,NA,NA,NA,NA,Y,4,0,1,2,A,-,05,21651,B,N,B,C,A,A,H,-,D,D,0,NA,NA,NA,NA,Y,NA,A,07,0,0,1,0,0,0,0,0,0,-,-,33.0044,-116.8117,SAN DIEGO,UNINCORPORATED,-116.81225678,33.0047149
90247973,2016,2016-08-18,9645,2016-08-07,1608,019729,NA,7,2,7,3711,0,1,1,NA,2,017,I-15 SB,SR-52,1200,N,N,A,-,Y,NA,NA,15,NA,NA,NA,NA,NA,S,Y,4,0,1,1,A,-,01,23152,A,N,E,I,A,A,H,-,A,D,0,NA,NA,NA,NA,Y,Y,A,01,0,0,1,0,0,0,0,0,0,-,-,32.85502,-117.11485,SAN DIEGO,SAN DIEGO,-117.11489787,32.85503611
9025055,2020,2020-03-10,3710,2020-01-14,1440,OC1429,NA,2,5,6,3710,0,0,0,NA,0,012,EL CAMINIO REAL,SKYLINE  DR,92,S,N,A,-,N,NA,NA,NA,NA,NA,NA,NA,NA,NA,Y,4,0,2,2,A,-,01,23152,A,N,C,C,A,A,H,-,A,A,0,NA,NA,NA,NA,Y,Y,A,01,0,0,2,0,0,0,0,0,0,-,-,NA,NA,SAN DIEGO,OCEANSIDE,-117.32797241210938,33.19234848022461
90250587,2016,2016-08-23,9680,2016-08-13,1755,017621,NA,6,2,9,3700,0,3,5,NA,2,009,DAZA DR,GEORGIOS WAY,248,S,N,A,-,N,NA,NA,NA,NA,NA,NA,NA,NA,NA,Y,3,0,1,1,A,-,01,23152,A,N,E,I,A,A,H,-,A,D,0,NA,NA,NA,NA,Y,Y,A,07,0,1,0,0,0,0,0,0,0,-,-,33.0157,-116.78938,SAN DIEGO,UNINCORPORATED,-116.79087264,33.01605695
90251248,2016,2016-08-24,9645,2016-08-11,0910,017025,NA,4,1,7,3711,0,1,1,NA,2,010,I-8 E/B,I-805 O/C,584,E,N,A,-,Y,NA,NA,8,NA,NA,NA,NA,NA,E,Y,3,0,1,3,A,-,08,22107,NA,F,B,C,E,A,H,-,A,D,0,Y,NA,NA,NA,Y,NA,A,01,0,1,0,0,1,0,0,0,0,-,-,32.77218,-117.12977,SAN DIEGO,SAN DIEGO,-117.12980041,32.77227309
90254393,2016,2016-08-26,9645,2016-08-16,1700,019291,NA,2,2,7,3711,0,1,3,NA,2,016,SR-52 E/B,I-15,100,E,N,A,-,Y,NA,NA,52,NA,NA,NA,NA,NA,E,Y,4,0,2,2,A,-,03,22350,NA,N,C,C,A,A,H,-,A,D,0,NA,NA,NA,NA,Y,NA,A,01,0,0,2,0,0,0,0,0,0,-,-,32.84173,-117.11996,SAN DIEGO,SAN DIEGO,-117.11995954,32.84169132
90254783,2016,2016-08-26,9645,2016-08-14,1509,020474,NA,7,2,7,3711,0,1,3,NA,2,006,SR-94 E/B,FEDERAL BLVD UNDERCROSSING,1056,E,N,A,-,Y,NA,NA,94,NA,NA,NA,NA,NA,E,Y,2,0,2,3,A,-,08,22107,NA,N,C,E,E,A,H,-,A,D,0,Y,NA,NA,Y,Y,NA,A,01,1,1,0,0,1,0,0,0,0,-,-,32.72866,-117.06792,SAN DIEGO,SAN DIEGO,-117.0678321,32.72840569
90255009,2016,2016-08-29,9645,2016-08-18,1350,017953,NA,4,1,7,3711,0,1,1,NA,2,017,I-15 N/B,AMMO ROAD O/C,4382,S,N,A,-,Y,NA,NA,15,NA,NA,NA,NA,NA,N,N,4,0,1,2,A,-,03,22350,NA,N,C,C,A,A,H,-,A,D,0,NA,NA,NA,NA,Y,NA,A,01,0,0,1,0,0,0,0,0,0,-,-,32.86853,-117.10753,SAN DIEGO,SAN DIEGO,-117.10778908,32.86860777
90255015,2016,2016-08-29,9645,2016-08-17,1500,017270,NA,3,2,7,3711,0,1,1,NA,2,015,I-805 S/B,NOBEL DRIVE,50,S,N,A,-,Y,NA,NA,NA,NA,NA,NA,NA,NA,NA,Y,4,0,1,3,A,-,03,22350,NA,N,C,C,A,A,H,-,A,D,0,NA,NA,NA,NA,Y,NA,D,22,0,0,1,0,0,0,0,0,0,-,-,32.528,-117.1141,SAN DIEGO,SAN DIEGO,-117.19491532,32.86960532
90255034,2016,2016-08-29,9650,2016-08-18,0920,013570,NA,4,1,6,3710,0,1,3,NA,2,015,SR-78 W/B FROM EL CAMINO REAL,EL CAMINO REAL,500,W,N,A,-,Y,NA,NA,78,NA,NA,NA,R,NA,W,Y,4,0,1,3,A,-,03,22350,NA,N,C,C,A,A,H,-,A,A,0,NA,NA,NA,NA,Y,NA,D,22,0,0,1,0,0,0,0,0,0,-,-,33.18158,-117.32871,SAN DIEGO,OCEANSIDE,-117.32871,33.18158
90257436,2016,2016-08-31,9645,2016-08-22,0610,016047,NA,1,1,7,3711,0,1,1,NA,2,021,SR-15 SOUTHBOUND,MARKET STREET,528,S,N,A,-,Y,NA,NA,15,NA,NA,NA,NA,NA,S,Y,4,0,1,2,A,-,03,22350,NA,N,C,C,A,A,H,-,A,D,0,NA,NA,NA,NA,Y,NA,D,22,0,0,1,0,0,0,0,0,0,-,-,32.70823,-117.12016,SAN DIEGO,SAN DIEGO,-117.12016077,32.708230209999996
90258250,2016,2016-08-31,9680,2016-08-21,0720,018356,NA,7,1,9,3700,0,2,4,NA,1,014,WINTER GARDENS BLVD,ROYAL RD,60,S,N,A,-,N,NA,NA,NA,NA,NA,NA,NA,NA,NA,N,4,0,1,1,C,-,18,NA,NA,N,E,J,A,A,H,-,A,A,0,NA,NA,NA,NA,Y,NA,-,-,0,0,1,0,0,0,0,0,0,-,-,32.82378,-116.93336,SAN DIEGO,UNINCORPORATED,-116.93348735,32.8239257
90258704,2016,2016-09-01,9680,2016-08-22,1140,018279,NA,1,1,9,3700,0,1,3,NA,1,071,STATE ROUTE 78,SAN FELIPE RD,7920,E,N,A,-,Y,NA,NA,78,NA,NA,NA,NA,NA,NA,Y,4,0,2,2,A,-,03,22350,NA,N,D,C,A,A,H,-,A,A,0,NA,NA,NA,Y,Y,NA,A,01,0,0,2,0,0,0,0,0,0,-,-,33.10832,-116.45038,SAN DIEGO,UNINCORPORATED,-116.45036918,33.10829427
90259662,2016,2016-09-02,9645,2016-07-27,2155,018987,NA,3,2,5,3709,0,1,1,NA,2,001,I-5 N/B FROM MILE OF CARS WAY E/B,MILE OF CARS WAY,3,N,N,A,-,Y,NA,NA,5,NA,NA,NA,R,NA,N,N,3,0,1,2,A,-,10,21950,A,F,D,G,A,A,H,-,C,A,0,NA,Y,NA,NA,Y,NA,-,99,0,1,0,0,0,0,1,0,0,-,-,32.66029,-117.10764,SAN DIEGO,NATIONAL CITY,-117.10764,32.66029
90260089,2016,2016-09-02,9645,2016-08-26,1630,017499,NA,5,2,9,3700,0,1,3,NA,2,008,SR-54 WESTBOUND,WOODMAN ST. O/C,1474,W,N,A,-,Y,NA,NA,NA,NA,NA,NA,NA,NA,NA,Y,3,0,2,1,A,-,08,22107,NA,N,E,I,A,A,H,-,A,D,0,NA,NA,NA,NA,Y,NA,A,01,0,1,1,0,0,0,0,0,0,-,-,NA,NA,SAN DIEGO,UNINCORPORATED,-117.04302107,32.67079671
90261377,2016,2016-09-06,9650,2016-08-29,0830,015273,NA,1,1,9,3700,0,1,1,NA,2,021,I-15 S/B,GOPHER CANYON RD,200,S,N,A,-,Y,NA,NA,15,NA,NA,NA,NA,NA,S,Y,4,0,1,2,A,-,03,22350,NA,N,C,C,A,A,H,-,A,D,0,NA,NA,Y,NA,Y,NA,C,02,0,0,1,0,0,0,0,0,1,-,-,33.25269,-117.15604,SAN DIEGO,UNINCORPORATED,-117.15607916,33.25267275
90261389,2016,2016-09-06,9650,2016-08-30,0925,015295,NA,2,1,6,3706,0,1,1,NA,2,023,INTERSTATE 15 SOUTHBOUND,9TH AVENUE,3168,S,N,A,-,Y,NA,NA,15,NA,NA,NA,NA,NA,S,Y,4,0,1,2,A,-,03,22350,NA,N,C,C,A,A,H,-,A,D,0,NA,NA,NA,NA,Y,NA,A,07,0,0,1,0,0,0,0,0,0,-,-,33.10051,-117.09061,SAN DIEGO,ESCONDIDO,-117.09043951,33.10061897
90262324,2016,2016-09-06,9680,2016-08-26,1850,019998,NA,5,2,9,3700,0,3,5,NA,2,002,LAMAR ST,AVENIDA DE LAMAR,149,W,N,A,-,N,NA,NA,NA,NA,NA,NA,NA,NA,NA,Y,3,0,4,2,A,-,09,21801,A,N,D,C,A,A,H,-,B,D,0,NA,NA,NA,NA,Y,NA,A,01,0,3,1,0,0,0,0,0,0,-,-,32.7355,-117.00308,SAN DIEGO,UNINCORPORATED,-117.00290286,32.73942
90262451,2016,2016-09-07,9650,2016-08-31,2212,016487,NA,3,3,9,3700,0,1,3,NA,2,065,SR-76 W/B,S. MISSION RD,100,E,N,B,-,Y,NA,NA,76,NA,NA,NA,NA,NA,W,Y,4,0,1,2,A,-,03,22350,NA,N,C,C,A,A,D,-,C,A,0,NA,NA,NA,NA,Y,NA,A,01,0,0,1,0,0,0,0,0,0,-,-,33.29473,-117.22172,SAN DIEGO,UNINCORPORATED,-117.22168976,33.29469314
90263337,2016,2016-09-07,9680,2016-08-28,1510,019910,NA,7,2,9,3700,0,3,5,NA,2,003,TAVERN RD,SOUTH GRADE RD,2112,N,N,A,-,N,NA,NA,NA,NA,NA,NA,NA,NA,NA,Y,4,0,1,1,A,-,08,22107,NA,N,E,I,A,A,H,-,A,D,0,NA,NA,NA,NA,Y,NA,A,01,0,0,1,0,0,0,0,0,0,-,-,32.82346,-116.77561,SAN DIEGO,UNINCORPORATED,-116.77630137,32.82116741
90264468,2016,2016-09-09,9645,2016-07-19,1315,013383,NA,2,1,9,3700,0,3,5,NA,2,024,DOVE CANYON ROAD N/B,CAMINO SAN BERNARDO,425,S,N,A,-,N,NA,NA,NA,NA,NA,NA,NA,NA,NA,N,3,0,1,1,A,-,03,22350,NA,N,E,I,A,A,H,-,A,D,0,NA,Y,NA,NA,Y,NA,L,04,0,1,0,0,0,0,1,0,0,-,-,33.0091,-117.11108,SAN DIEGO,UNINCORPORATED,-117.11100276,33.00914475
90265103,2016,2016-09-12,9650,2016-07-28,2500,017994,NA,4,4,9,3700,0,1,3,NA,1,028,SR-76,COLE GRADE RD,4224,E,N,A,-,Y,NA,NA,76,NA,NA,NA,NA,NA,NA,Y,3,0,2,1,A,-,01,23152,A,F,E,I,A,A,H,-,D,D,0,NA,NA,NA,NA,Y,Y,A,07,0,2,0,0,0,0,0,0,0,-,-,33.30794,-116.983,SAN DIEGO,UNINCORPORATED,-116.98298793,33.30795203
90265124,2016,2016-09-12,9650,2016-09-05,1535,014772,NA,1,2,9,3700,0,1,1,NA,2,001,I-5 N/B,USBP CHECKPOINT,3960,N,N,A,-,Y,NA,NA,5,NA,NA,NA,NA,NA,N,N,4,0,1,2,A,-,03,22350,NA,N,C,C,A,A,H,-,A,D,0,NA,NA,NA,NA,Y,NA,A,01,0,0,1,0,0,0,0,0,0,-,-,33.35965,-117.5357,SAN DIEGO,UNINCORPORATED,-117.53567967,33.35967962
90265153,2016,2016-09-12,9650,2016-08-17,1638,016026,NA,3,2,5,3712,0,1,3,NA,2,019,SR-78 W/B,NORDAHL RD.,200,W,N,A,-,Y,NA,NA,78,NA,NA,NA,NA,NA,W,N,4,0,1,3,A,-,03,22350,NA,N,C,C,A,A,H,-,A,D,0,NA,NA,Y,NA,Y,NA,C,02,0,0,1,0,0,0,0,0,1,-,-,33.13276,-117.12276,SAN DIEGO,SAN MARCOS,-117.12274334,33.13279731
90265538,2016,2016-09-12,9680,2016-08-31,2255,016694,NA,3,3,9,3700,0,3,5,NA,2,003,MOUNTAIN VIEW RD,LA CRESTA RD,3696,E,N,A,-,N,NA,NA,NA,NA,NA,NA,NA,NA,NA,Y,4,0,1,2,A,-,08,22107,NA,F,F,A,A,A,H,-,D,D,0,NA,NA,Y,NA,Y,NA,-,99,0,0,1,0,0,0,0,0,1,-,-,32.82061,-116.85227,SAN DIEGO,UNINCORPORATED,-116.85267434,32.82030138
90266750,2016,2016-09-13,9645,2016-09-01,0740,017723,NA,4,1,7,3711,0,1,1,NA,2,019,I-15 S/B,SR-56,150,N,N,B,-,Y,NA,NA,NA,NA,NA,NA,NA,NA,NA,Y,4,0,1,3,A,-,03,22350,NA,N,C,C,A,A,H,-,A,D,0,NA,NA,NA,NA,Y,NA,A,01,0,0,1,0,0,0,0,0,0,-,-,32.6844,-117.0888,SAN DIEGO,SAN DIEGO,NA,NA
90268135,2016,2016-09-15,9650,2016-09-05,0010,019191,NA,1,3,9,3700,0,1,1,NA,2,021,I-15 S/B,SAN LUIS REY RIVER,2640,S,N,A,-,Y,NA,NA,15,NA,NA,NA,NA,NA,S,Y,3,0,3,3,A,-,07,21658,A,N,B,C,A,A,H,-,D,D,0,NA,NA,NA,NA,Y,NA,M,47,0,1,2,0,0,0,0,0,0,-,-,33.31644,-117.15428,SAN DIEGO,UNINCORPORATED,-117.15427263,33.31644468
90269114,2016,2016-09-16,9650,2016-09-09,1820,016026,NA,5,2,5,3713,0,1,3,NA,2,017,SR-78 W/B FROM CIVIC CENTER DRIVE,CIVIC CENTER DR,650,W,N,A,-,Y,NA,NA,78,NA,NA,NA,R,NA,W,Y,4,0,2,2,A,-,03,22350,NA,N,C,C,A,A,H,-,A,A,0,NA,NA,NA,NA,Y,NA,A,01,0,0,2,0,0,0,0,0,0,-,-,33.19035,-117.24094,SAN DIEGO,VISTA,-117.24094,33.19035
90269513,2016,2016-09-16,9680,2016-09-06,0750,017996,NA,2,1,9,3700,0,2,4,NA,1,026,JAMACHA BOULEVARD,TRACE ROAD,418,W,N,A,-,N,NA,NA,NA,NA,NA,NA,NA,NA,NA,Y,3,0,5,3,A,-,09,21804,A,N,D,C,A,A,H,-,A,D,0,NA,NA,NA,NA,Y,NA,A,01,0,2,3,0,0,0,0,0,0,-,-,32.73202,-116.95933,SAN DIEGO,UNINCORPORATED,-116.95915673,32.732143980000004
90269804,2016,2016-09-19,9650,2016-09-17,1105,014615,NA,6,1,9,3700,0,1,1,NA,2,001,I-5 N/B,BASILONE ROAD,500,S,N,A,-,Y,NA,NA,NA,NA,NA,NA,NA,NA,NA,Y,4,0,1,2,A,-,03,22350,NA,N,C,C,A,A,H,-,A,D,0,NA,NA,NA,NA,Y,NA,A,01,0,0,1,0,0,0,0,0,0,-,-,NA,NA,SAN DIEGO,UNINCORPORATED,-117.58155223,33.38500621
90273169,2016,2016-09-21,9645,2016-09-08,0915,015847,NA,4,1,7,3711,0,1,1,NA,2,010,I-8 E/B,COLLEGE AVE,1584,W,N,A,-,Y,NA,NA,8,NA,NA,NA,NA,NA,E,Y,4,0,1,2,A,-,03,22350,NA,N,C,C,A,A,H,-,A,D,0,NA,NA,NA,NA,Y,NA,A,01,0,0,1,0,0,0,0,0,0,-,-,32.77941,-117.07799,SAN DIEGO,SAN DIEGO,-117.07796833,32.77958089