CASE_ID,ACCIDENT_YEAR,PROC_DATE,JURIS,COLLISION_DATE,COLLISION_TIME,OFFICER_ID,REPORTING_DISTRICT,DAY_OF_WEEK,CHP_SHIFT,POPULATION,CNTY_CITY_LOC,SPECIAL_COND,BEAT_TYPE,CHP_BEAT_TYPE,CITY_DIVISION_LAPD,CHP_BEAT_CLASS,BEAT_NUMBER,PRIMARY_RD,SECONDARY_RD,DISTANCE,DIRECTION,INTERSECTION,WEATHER_1,WEATHER_2,STATE_HWY_IND,CALTRANS_COUNTY,CALTRANS_DISTRICT,STATE_ROUTE,ROUTE_SUFFIX,POSTMILE_PREFIX,POSTMILE,LOCATION_TYPE,RAMP_INTERSECTION,SIDE_OF_HWY,TOW_AWAY,COLLISION_SEVERITY,NUMBER_KILLED,NUMBER_INJURED,PARTY_COUNT,PRIMARY_COLL_FACTOR,PCF_CODE_OF_VIOL,PCF_VIOL_CATEGORY,PCF_VIOLATION,PCF_VIOL_SUBSECTION,HIT_AND_RUN,TYPE_OF_COLLISION,MVIW,PED_ACTION,ROAD_SURFACE,ROAD_COND_1,ROAD_COND_2,LIGHTING,CONTROL_DEVICE,CHP_ROAD_TYPE,PEDESTRIAN_ACCIDENT,BICYCLE_ACCIDENT,MOTORCYCLE_ACCIDENT,TRUCK_ACCIDENT,NOT_PRIVATE_PROPERTY,ALCOHOL_INVOLVED,STWD_VEHTYPE_AT_FAULT,CHP_VEHTYPE_AT_FAULT,COUNT_SEVERE_INJ,COUNT_VISIBLE_INJ,COUNT_COMPLAINT_PAIN,COUNT_PED_KILLED,COUNT_PED_INJURED,COUNT_BICYCLIST_KILLED,COUNT_BICYCLIST_INJURED,COUNT_MC_KILLED,COUNT_MC_INJURED,PRIMARY_RAMP,SECONDARY_RAMP,LATITUDE,LONGITUDE,COUNTY,CITY,POINT_X,POINT_Y
90997870,2019,2019-06-17,9650,2019-05-27,1420,019270,NA,1,2,5,3701,0,1,1,NA,2,005,I-5 N/B,LA COSTA AVE,1584,N,N,A,-,Y,NA,NA,5,NA,NA,NA,NA,NA,N,N,4,0,1,2,A,-,03,22350,NA,N,C,C,A,A,H,-,A,D,0,NA,NA,NA,NA,Y,NA,A,01,0,0,1,0,0,0,0,0,0,-,-,33.08835983276367,-117.30049896240234,SAN DIEGO,CARLSBAD,-117.3005828857422,33.08830261230469
9099802,2020,2020-07-06,3700,2020-03-04,1045,SH0446,NA,3,5,5,3712,0,0,0,NA,0,352,NORTH TWIN OAKS VALLEY DR,OLIVE ST,0,NA,Y,A,-,N,NA,NA,NA,NA,NA,NA,NA,NA,NA,N,4,0,1,2,A,-,03,22350,NA,N,C,C,A,A,H,-,A,B,0,NA,NA,NA,NA,Y,NA,A,01,0,0,1,0,0,0,0,0,0,-,-,NA,NA,SAN DIEGO,SAN MARCOS,-117.15666198730467,33.180999755859375
90998127,2019,2019-05-29,9645,2019-05-19,1005,017717,NA,7,1,7,3711,0,1,1,NA,2,017,I-15 S/B FROM MERCY RD,MERCY RD,35,S,N,B,C,Y,NA,NA,15,NA,NA,NA,R,NA,S,Y,4,0,1,1,A,-,00,22230,NA,N,F,A,A,B,H,-,A,D,0,NA,NA,Y,NA,Y,NA,C,02,0,0,1,0,0,0,0,0,1,-,-,32.936500549316406,-117.11271667480467,SAN DIEGO,SAN DIEGO,-117.11271667480467,32.936500549316406
90998307,2019,2019-05-29,9650,2019-05-19,1400,021200,NA,7,2,6,3710,0,1,1,NA,2,005,I-5 N/B,SR-76,50,S,N,B,-,Y,NA,NA,5,NA,NA,NA,NA,NA,N,Y,3,0,2,3,A,-,03,22350,NA,N,D,C,A,B,H,-,A,D,0,NA,NA,NA,NA,Y,NA,A,01,0,2,0,0,0,0,0,0,0,-,-,33.20512008666992,-117.38313293457033,SAN DIEGO,OCEANSIDE,-117.38323974609376,33.204986572265625
91001128,2019,2019-05-31,9645,2019-01-13,1605,021680,NA,7,2,7,3711,0,1,1,NA,2,005,INTERSTATE-5 SOUTHBOUND,SIXTH AVENUE,56,S,N,A,-,Y,NA,NA,5,NA,NA,NA,NA,NA,S,Y,1,1,1,2,A,-,01,23152,A,N,A,C,A,A,H,-,A,D,0,NA,NA,NA,NA,Y,Y,A,01,1,0,0,0,0,0,0,0,0,-,-,32.72315979003906,-117.15928649902344,SAN DIEGO,SAN DIEGO,-117.15923309326172,32.72300720214844
91001437,2019,2019-05-31,9650,2019-05-31,0800,016487,NA,5,1,9,3700,0,3,5,NA,1,160,GOPHER CANYON RD,LITTLE GOPHER CANYON RD,985,W,N,B,-,N,NA,NA,NA,NA,NA,NA,NA,NA,NA,Y,3,0,1,1,A,-,08,22107,NA,N,E,I,A,A,H,-,A,D,0,NA,NA,NA,NA,Y,NA,A,07,0,1,0,0,0,0,0,0,0,-,-,33.25511932373047,-117.21495819091795,SAN DIEGO,UNINCORPORATED,-117.21485900878906,33.255348205566406
91004388,2019,2019-06-05,9650,2019-05-31,1648,019490,NA,5,2,6,3706,0,1,3,NA,2,019,SR-78 W/B,NORDAHL RD,2640,E,N,B,-,Y,NA,NA,78,NA,NA,NA,NA,NA,W,N,4,0,1,2,A,-,03,22350,NA,N,C,C,A,A,H,-,A,D,0,NA,NA,NA,NA,Y,NA,D,22,0,0,1,0,0,0,0,0,0,-,-,33.12981033325195,-117.11592864990234,SAN DIEGO,ESCONDIDO,-117.1159210205078,33.12983322143555
91004872,2019,2019-06-06,9650,2019-05-31,2204,019227,NA,5,3,9,3700,0,3,5,NA,2,070,VIA DE FORTUNA,EL MIRLO,50,N,N,A,-,N,NA,NA,NA,NA,NA,NA,NA,NA,NA,Y,4,0,1,2,A,-,01,23152,A,N,A,C,A,A,H,-,D,D,0,NA,NA,NA,NA,Y,Y,A,07,0,0,1,0,0,0,0,0,0,-,-,33.03401184082031,-117.21846771240234,SAN DIEGO,UNINCORPORATED,-117.21871185302734,33.033897399902344
91005040,2019,2019-06-06,9680,2019-05-26,1250,018356,NA,7,1,9,3700,0,3,5,NA,2,002,JAMACHA RD,SR-125 N/B TO JAMACHA RD,0,NA,Y,B,C,Y,NA,NA,NA,NA,NA,NA,NA,NA,NA,Y,3,0,2,2,A,-,12,21453,A,N,D,C,A,B,H,-,A,A,0,NA,NA,NA,NA,Y,NA,A,01,0,2,0,0,0,0,0,0,0,-,-,32.71467971801758,-117.01370239257813,SAN DIEGO,UNINCORPORATED,NA,NA
91005420,2019,2019-06-07,9645,2019-05-24,0940,021470,NA,5,1,3,3703,0,1,3,NA,1,004,SR-75 SOUTHBOUND,GLORIETTA BLVD,2746,N,N,A,-,Y,NA,NA,75,NA,NA,NA,NA,NA,S,Y,4,0,1,2,A,-,03,22350,NA,N,F,A,A,A,H,-,A,D,0,NA,NA,Y,NA,Y,NA,C,02,0,0,1,0,0,0,0,0,1,-,-,32.68730926513672,-117.16201019287108,SAN DIEGO,CORONADO,-117.16201782226563,32.68729782104492
91005759,2019,2019-06-07,9680,2019-05-29,1818,021441,NA,3,2,5,3781,0,1,3,NA,2,015,SR-52 E/B FROM FANITA DR.,FANITA DR,63,E,N,A,-,Y,NA,NA,52,NA,NA,NA,R,NA,E,Y,3,0,1,1,A,-,03,22350,NA,N,F,A,A,A,H,-,A,D,0,NA,NA,NA,NA,Y,NA,A,07,0,1,0,0,0,0,0,0,0,-,-,32.83599853515625,-117.0006103515625,SAN DIEGO,SANTEE,-117.0006103515625,32.83599853515625
91005799,2019,2020-02-04,9645,2019-05-28,2318,018646,NA,2,3,7,3711,0,1,1,NA,2,019,I-15 S/B,SR-56 O/C,450,N,N,A,-,Y,NA,NA,15,NA,NA,NA,NA,NA,S,Y,4,0,1,2,A,-,03,22350,NA,F,C,C,A,A,H,-,C,D,0,NA,NA,NA,NA,Y,NA,A,01,0,0,1,0,0,0,0,0,0,-,-,32.97230911254883,-117.09071350097656,SAN DIEGO,SAN DIEGO,-117.09076690673828,32.972347259521484
91005969,2019,2019-06-07,9680,2019-05-30,1119,015578,NA,4,1,9,3700,0,2,4,NA,1,025,SWEETWATER RD.,JAMACHA RD.,148,S,N,A,-,N,NA,NA,NA,NA,NA,NA,NA,NA,NA,N,4,0,1,2,A,-,07,21658,A,N,B,C,A,A,H,-,A,D,0,NA,NA,NA,NA,Y,NA,A,01,0,0,1,0,0,0,0,0,0,-,-,32.714229583740234,-117.01262664794922,SAN DIEGO,UNINCORPORATED,-117.01272583007813,32.71435546875
91007236,2019,2019-06-11,9650,2019-06-03,2215,013890,NA,1,3,6,3710,0,1,3,NA,2,015,SR-78 W/B FROM EL CAMINO REAL,EL CAMINO REAL,42,W,N,B,-,Y,NA,NA,78,NA,NA,NA,R,NA,W,N,2,0,1,2,A,-,11,21954,A,N,G,B,D,A,H,-,C,A,0,Y,NA,NA,NA,Y,NA,N,60,1,0,0,0,1,0,0,0,0,-,-,33.182159423828125,-117.32726287841795,SAN DIEGO,OCEANSIDE,-117.32726287841795,33.182159423828125
91009189,2019,2019-06-13,9680,2019-06-03,1830,020951,NA,1,2,5,3705,0,1,1,NA,2,081,I-8 W/B,MAGNOLIA AVE,500,W,N,B,-,Y,NA,NA,8,NA,NA,NA,NA,NA,W,N,4,0,1,2,A,-,08,22107,NA,N,B,C,A,A,H,-,A,D,0,NA,NA,NA,NA,Y,NA,A,01,0,0,1,0,0,0,0,0,0,-,-,32.8032112121582,-116.96481323242188,SAN DIEGO,EL CAJON,-116.96481323242188,32.80314636230469
91009682,2019,2019-06-13,9645,2019-06-04,2005,016864,NA,2,2,7,3711,0,1,1,NA,2,015,I-805 N/B,SR-52,400,N,N,B,-,Y,NA,NA,805,NA,NA,NA,NA,NA,N,Y,3,0,1,2,A,-,03,22350,NA,N,C,C,A,A,H,-,B,D,0,NA,NA,NA,NA,Y,NA,A,01,0,1,0,0,0,0,0,0,0,-,-,32.8491096496582,-117.17884826660156,SAN DIEGO,SAN DIEGO,-117.17888641357422,32.849090576171875
91010572,2019,2019-06-14,9645,2019-06-05,1340,020992,NA,3,1,7,3711,0,1,1,NA,2,010,I-8 WESTBOUND,70TH ST.,800,W,N,A,-,Y,NA,NA,NA,NA,NA,NA,NA,NA,NA,Y,4,0,1,2,A,-,03,22350,NA,N,C,C,A,A,H,-,A,D,0,NA,NA,NA,NA,Y,NA,D,22,0,0,1,0,0,0,0,0,0,-,-,NA,NA,SAN DIEGO,SAN DIEGO,NA,NA
91010613,2019,2019-06-14,9650,2019-06-11,0715,013636,NA,2,1,5,3701,0,1,1,NA,2,005,I-5 S/B,TAMARACK AVE,250,S,N,B,-,Y,NA,NA,5,NA,NA,NA,NA,NA,S,N,4,0,1,3,A,-,03,22350,NA,N,C,C,A,A,H,-,A,D,0,NA,NA,NA,NA,Y,NA,A,01,0,0,1,0,0,0,0,0,0,-,-,33.15108108520508,-117.33576202392578,SAN DIEGO,CARLSBAD,-117.3359146118164,33.1509895324707
91011429,2019,2019-06-17,9645,2019-06-06,2200,019712,NA,4,3,7,3711,0,1,1,NA,2,010,I-8 E/B,COLLEGE AVE. O/C,2640,E,N,B,-,Y,NA,NA,8,NA,NA,NA,NA,NA,E,Y,3,0,1,1,A,-,08,22107,NA,N,E,I,A,A,H,-,C,D,0,NA,NA,NA,NA,Y,NA,A,01,0,1,0,0,0,0,0,0,0,-,-,32.7775993347168,-117.05773162841795,SAN DIEGO,SAN DIEGO,-117.05770111083984,32.77774429321289
91011742,2019,2019-06-17,9650,2019-06-17,0700,019191,NA,1,1,6,3706,0,1,1,NA,2,023,I-15 S/B,HALE AVE,100,S,N,B,-,Y,NA,NA,15,NA,NA,NA,NA,NA,S,N,4,0,1,2,A,-,03,22350,NA,N,C,C,A,B,H,-,A,D,0,NA,NA,NA,NA,Y,NA,A,01,0,0,1,0,0,0,0,0,0,-,-,33.11935043334961,-117.10143280029295,SAN DIEGO,ESCONDIDO,-117.10147094726563,33.119327545166016
91011800,2019,2019-06-17,9680,2019-06-08,1300,016535,NA,6,1,9,3700,0,3,5,NA,2,003,OLD HIGHWAY 80,GUATAY VIEW LANE,528,W,N,A,-,N,NA,NA,NA,NA,NA,NA,NA,NA,NA,N,2,0,1,1,A,-,08,22107,NA,N,F,A,A,A,H,-,A,D,0,NA,Y,NA,NA,Y,NA,L,04,1,0,0,0,0,0,1,0,0,-,-,32.84931945800781,-116.56118774414063,SAN DIEGO,UNINCORPORATED,-116.5610809326172,32.849273681640625
91011818,2019,2019-06-17,9650,2019-06-15,1040,020673,NA,6,1,5,3701,0,1,1,NA,2,005,I-5 NORTHBOUND,CHINQUAPIN AVE,1050,S,N,A,-,Y,NA,NA,NA,NA,NA,NA,NA,NA,NA,Y,4,0,1,3,A,-,03,22350,NA,N,C,C,A,A,H,-,A,D,0,NA,NA,NA,NA,Y,NA,A,01,0,0,1,0,0,0,0,0,0,-,-,33.08510971069336,-117.2001495361328,SAN DIEGO,CARLSBAD,-117.33375549316406,33.14754867553711
91012462,2019,2019-06-18,9645,2019-06-08,0030,020867,NA,6,3,9,3700,0,1,1,NA,2,009,I-805 N/B,SR-54,1000,S,N,A,-,Y,NA,NA,805,NA,NA,NA,NA,NA,N,Y,3,0,2,2,A,-,01,23152,A,N,C,C,A,A,H,-,C,D,0,NA,NA,Y,NA,Y,Y,C,02,0,2,0,0,0,0,0,0,1,-,-,32.65504837036133,-117.07135772705078,SAN DIEGO,UNINCORPORATED,-117.07136535644533,32.65504837036133
91014051,2019,2019-06-20,9645,2019-06-10,1658,021268,NA,1,2,7,3711,0,1,1,NA,2,007,I-5 N/B,DEL MAR HEIGHTS ROAD O/C,20,N,N,A,-,Y,NA,NA,5,NA,NA,NA,NA,NA,N,Y,4,0,2,3,A,-,03,22350,NA,N,C,C,A,A,H,-,A,D,0,NA,NA,NA,NA,Y,NA,D,22,0,0,2,0,0,0,0,0,0,-,-,32.95050048828125,-117.24359893798828,SAN DIEGO,SAN DIEGO,-117.24365234375,32.95048904418945
91014473,2019,2019-06-20,9650,2019-06-15,1048,018840,NA,6,1,5,3782,0,1,1,NA,2,007,I-5 N/B,ENCINITAS BLVD,230,N,N,A,-,Y,NA,NA,5,NA,NA,NA,NA,NA,N,Y,3,0,1,3,A,-,03,22350,NA,N,C,C,A,A,D,-,A,D,0,NA,NA,NA,NA,Y,NA,A,01,0,1,0,0,0,0,0,0,0,-,-,33.049198150634766,-117.28726959228516,SAN DIEGO,ENCINITAS,-117.28732299804688,33.0491828918457
91014869,2019,2019-06-21,9645,2019-06-12,0520,021768,NA,3,3,7,3711,0,1,1,NA,2,010,I-8 E/B FROM TEXAS ST.,TEXAS ST.,500,E,N,A,-,Y,NA,NA,8,NA,NA,NA,R,NA,E,N,4,0,2,1,A,-,03,22350,NA,N,E,I,A,A,H,-,A,B,0,NA,NA,NA,NA,Y,NA,A,07,0,0,2,0,0,0,0,0,0,-,-,32.7696418762207,-117.13735961914063,SAN DIEGO,SAN DIEGO,-117.13735961914063,32.7696418762207
91015629,2019,2019-06-24,9650,2019-06-06,2103,021154,NA,4,2,6,3710,0,1,3,NA,2,015,SR-78 E/B,JEFFERSON ST,1500,W,N,A,-,Y,NA,NA,78,NA,NA,NA,NA,NA,E,N,2,0,1,2,A,-,11,21956,NA,N,G,B,E,A,H,-,D,D,0,Y,NA,NA,NA,Y,NA,N,60,1,0,0,0,1,0,0,0,0,-,-,33.17924118041992,-117.34731292724608,SAN DIEGO,OCEANSIDE,-117.3473663330078,33.1793327331543
9101563,2020,2020-11-09,3711,2020-05-17,1912,SD7699,NA,7,5,7,3711,0,0,0,NA,0,722,HOLLISTER ST,GROVE AV,60,S,N,A,-,N,NA,NA,NA,NA,NA,NA,NA,NA,NA,Y,4,0,2,2,A,-,09,21804,A,N,B,C,A,A,H,-,B,A,0,NA,NA,NA,NA,Y,NA,A,01,0,0,2,0,0,0,0,0,0,-,-,NA,NA,SAN DIEGO,SAN DIEGO,-117.08409881591795,32.57262420654297
9101565,2020,2020-11-09,3711,2020-05-16,2003,SD6865,NA,6,5,7,3711,0,0,0,NA,0,621,GENESSE AV,RICHLAND ST,511,E,N,A,-,N,NA,NA,NA,NA,NA,NA,NA,NA,NA,N,4,0,1,2,A,-,08,22107,NA,N,B,C,A,A,H,-,C,D,0,NA,NA,NA,NA,Y,Y,A,01,0,0,1,0,0,0,0,0,0,-,-,NA,NA,SAN DIEGO,SAN DIEGO,-117.16136932373048,32.79121398925781
91016151,2019,2019-06-24,9680,2019-06-12,0550,013848,NA,3,3,9,3700,0,1,3,NA,1,040,SR-94,BARRETT SCHOOL RD,460,W,N,A,-,Y,NA,NA,94,NA,NA,NA,NA,NA,NA,Y,2,0,1,1,A,-,08,22107,NA,N,E,I,A,A,H,-,A,D,0,NA,NA,NA,NA,Y,NA,A,01,1,0,0,0,0,0,0,0,0,-,-,32.606689453125,-116.69857788085938,SAN DIEGO,UNINCORPORATED,-116.69853973388672,32.606727600097656
91017105,2019,2019-06-25,9645,2019-06-15,1235,021470,NA,6,1,7,3711,0,1,1,NA,2,011,I-805 NB,EL CAJON BLVD,150,N,N,A,-,Y,NA,NA,805,NA,NA,NA,NA,NA,N,Y,4,0,1,3,A,-,03,22350,NA,N,C,C,A,A,H,-,A,D,0,NA,NA,NA,NA,Y,NA,A,01,0,0,1,0,0,0,0,0,0,-,-,32.75590133666992,-117.12499237060548,SAN DIEGO,SAN DIEGO,-117.12499237060548,32.75590133666992
91017236,2019,2019-06-25,9650,2019-06-18,1050,013388,NA,2,1,9,3700,0,1,1,NA,2,005,I-5 S/B,LA COSTA AVE,600,N,N,B,-,Y,NA,NA,NA,NA,NA,NA,NA,NA,NA,Y,3,0,2,5,A,-,03,22350,NA,N,C,C,A,A,D,-,A,D,0,NA,NA,NA,NA,Y,NA,D,22,0,1,1,0,0,0,0,0,0,-,-,33.0866813659668,-117.29965972900392,SAN DIEGO,UNINCORPORATED,NA,NA
91018463,2019,2019-06-26,9650,2019-06-25,1155,013636,NA,2,1,9,3700,0,1,1,NA,2,001,I-5 S/B,SAN ONOFRE INSPECTION FACILITY,1320,S,N,B,-,Y,NA,NA,5,NA,NA,NA,NA,NA,S,Y,3,0,1,1,A,-,03,22350,NA,N,F,A,A,A,H,-,A,D,0,NA,NA,NA,NA,Y,NA,D,22,0,1,0,0,0,0,0,0,0,-,-,33.34934997558594,-117.52139282226563,SAN DIEGO,UNINCORPORATED,-117.52127838134766,33.349517822265625
91018864,2019,2019-06-27,9645,2019-06-19,2217,019577,NA,3,3,7,3711,0,1,3,NA,2,012,SR-52 E/B,REGENTS RD.,1267,E,N,A,-,Y,NA,NA,52,NA,NA,NA,NA,NA,E,Y,4,0,1,3,A,-,03,22350,NA,N,C,C,A,A,H,-,D,D,0,NA,NA,NA,NA,Y,NA,A,01,0,0,1,0,0,0,0,0,0,-,-,32.84029006958008,-117.22100830078124,SAN DIEGO,SAN DIEGO,-117.22102355957033,32.84034729003906
9101930,2020,2020-05-29,3700,2020-02-26,1825,SH0084,NA,3,5,5,3782,0,0,0,NA,0,224,ENCINITAS BL,VILLAGE PARK WY,0,NA,Y,A,-,N,NA,NA,NA,NA,NA,NA,NA,NA,NA,N,3,0,1,2,A,-,09,21453,B,N,D,G,A,A,H,-,C,A,0,NA,Y,NA,NA,Y,Y,J,48,0,1,0,0,0,0,1,0,0,-,-,NA,NA,SAN DIEGO,ENCINITAS,-117.2485809326172,33.04505157470703
91020934,2019,2019-06-28,9650,2019-06-20,1312,020422,NA,4,1,9,3700,0,1,3,NA,1,028,SR-76,VALLEY CENTER RD,0,NA,Y,A,-,Y,NA,NA,76,NA,NA,NA,NA,NA,NA,Y,2,0,1,1,A,-,08,22107,NA,N,F,A,A,A,H,-,A,B,0,NA,NA,Y,NA,Y,NA,C,02,1,0,0,0,0,0,0,0,1,-,-,33.28876876831055,-116.9578094482422,SAN DIEGO,UNINCORPORATED,-116.95777893066406,33.288665771484375
91022913,2019,2019-07-02,9680,2019-06-21,1200,019255,NA,5,1,9,3700,0,3,5,NA,2,001,SCRIPPS POWAY PKWY,SR-67,3696,W,N,A,-,Y,NA,NA,NA,NA,NA,NA,NA,NA,NA,N,2,0,1,2,A,-,08,22107,NA,N,C,G,A,A,H,-,A,D,0,NA,Y,NA,NA,Y,NA,A,08,1,0,0,0,0,0,1,0,0,-,-,32.951210021972656,-116.97963714599608,SAN DIEGO,UNINCORPORATED,-116.9801025390625,32.95122528076172
91023131,2019,2019-07-02,9645,2019-06-27,1203,016838,NA,4,1,7,3711,0,1,1,NA,2,015,I-805 N/B,NOBEL DRIVE,20,S,N,A,-,Y,NA,NA,NA,NA,NA,NA,NA,NA,NA,Y,4,0,1,2,D,-,00,NA,NA,N,C,C,A,A,H,-,A,A,0,NA,NA,NA,NA,Y,NA,-,-,0,0,1,0,0,0,0,0,0,-,-,32.871150970458984,-117.1933135986328,SAN DIEGO,SAN DIEGO,-117.19478607177734,32.86985778808594
91023933,2019,2019-07-03,9650,2019-06-29,1205,019549,NA,6,1,3,3783,0,1,1,NA,2,007,I-5 S/B,VIA DE LA VALLE,1500,N,N,A,-,Y,NA,NA,5,NA,NA,NA,NA,NA,S,Y,3,0,2,3,A,-,03,22350,NA,N,C,C,A,A,H,-,A,D,0,NA,NA,NA,NA,Y,NA,A,07,0,2,0,0,0,0,0,0,0,-,-,32.98521041870117,-117.25521850585938,SAN DIEGO,SOLANA BEACH,-117.25505828857422,32.98523712158203
91024296,2019,2019-07-03,9650,2019-06-25,1913,015868,NA,2,2,9,3700,0,1,1,NA,2,022,INTERSTATE 15 (S/B),RAINBOW GLEN RD,1901,S,N,B,-,Y,NA,NA,15,NA,NA,NA,NA,NA,NA,Y,3,0,1,1,A,-,08,22107,NA,N,E,I,A,A,H,-,A,D,0,NA,NA,NA,NA,Y,NA,D,22,0,1,0,0,0,0,0,0,0,-,-,33.40299987792969,-117.16835021972656,SAN DIEGO,UNINCORPORATED,-117.16827392578124,33.40293502807617
91026048,2019,2019-07-08,9650,2019-07-03,0030,018496,NA,3,3,9,3700,0,2,4,NA,2,061,SOUTH MISSION RD,PASO DEL LAGOS,209,S,N,A,-,N,NA,NA,NA,NA,NA,NA,NA,NA,NA,Y,3,0,1,1,A,-,08,22107,NA,N,E,I,A,A,H,-,D,D,0,NA,NA,Y,NA,Y,NA,C,02,0,1,0,0,0,0,0,0,1,-,-,33.32447814941406,-117.23522186279295,SAN DIEGO,UNINCORPORATED,-117.23528289794922,33.32443618774414
91030418,2019,2019-07-15,9645,2019-07-03,1800,016137,NA,3,2,7,3711,0,1,1,NA,2,015,I-805 SOUTHBOUND,SR-52,300,N,N,A,-,Y,NA,NA,805,NA,NA,NA,NA,NA,S,Y,4,0,1,3,A,-,03,22350,NA,N,C,C,A,A,H,-,A,D,0,NA,NA,NA,NA,Y,NA,A,07,0,0,1,0,0,0,0,0,0,-,-,32.85850143432617,-117.18460083007813,SAN DIEGO,SAN DIEGO,-117.18487548828124,32.85832595825195
91030566,2019,2019-08-12,9680,2019-07-03,2125,014676,NA,3,2,9,3700,0,3,5,NA,2,001,SCRIPPS POWAY PKWY,SR-67,2112,W,N,A,-,N,NA,NA,NA,NA,NA,NA,NA,NA,NA,Y,3,0,1,2,A,-,03,22350,NA,N,C,C,A,A,H,-,D,D,0,NA,NA,NA,NA,Y,NA,A,01,0,1,0,0,0,0,0,0,0,-,-,32.95204162597656,-116.97527313232422,SAN DIEGO,UNINCORPORATED,-116.97509765625,32.95207595825195
91034064,2019,2019-07-19,9650,2019-07-11,2300,019227,NA,4,3,9,3700,0,1,1,NA,2,001,I-5 S/B,AGRA OVERHEAD,8448,N,N,A,-,Y,NA,NA,5,NA,NA,NA,NA,NA,S,Y,3,0,1,2,A,-,08,22107,NA,N,C,C,A,A,H,-,D,D,0,NA,NA,NA,Y,Y,NA,D,22,0,1,0,0,0,0,0,0,0,-,-,33.33388137817383,-117.49968719482422,SAN DIEGO,UNINCORPORATED,-117.49965667724608,33.333919525146484
91037262,2019,2019-07-24,9645,2019-07-14,1648,020265,NA,7,2,6,3702,0,1,1,NA,2,009,I-805 N/B TO ORANGE AVE,ORANGE AVE.,20,S,N,A,-,Y,NA,NA,805,NA,NA,NA,R,NA,N,Y,3,0,1,2,A,-,03,22350,NA,N,C,C,A,A,H,-,A,D,0,NA,NA,Y,NA,Y,NA,A,01,0,1,0,0,0,0,0,0,1,-,-,32.60580062866211,-117.03530120849608,SAN DIEGO,CHULA VISTA,-117.03530120849608,32.60580062866211
91037849,2019,2019-07-25,9680,2019-07-15,1018,020116,NA,1,1,9,3700,0,2,4,NA,1,010,MAINE AVE,LAUREL ST,295,S,N,A,-,N,NA,NA,NA,NA,NA,NA,NA,NA,NA,N,3,0,1,2,A,-,09,21804,A,N,H,G,A,A,H,-,A,D,0,NA,Y,NA,NA,Y,NA,L,04,0,1,0,0,0,0,1,0,0,-,-,32.86112976074219,-116.92204284667967,SAN DIEGO,UNINCORPORATED,-116.92196655273438,32.860599517822266
91039532,2019,2019-07-26,9645,2019-07-17,1000,016838,NA,3,1,7,3711,0,1,1,NA,2,015,I-805 S/B,GOVERNOR DR,975,N,N,B,-,Y,NA,NA,805,NA,NA,NA,NA,NA,S,N,3,0,1,1,A,-,08,22107,NA,N,F,A,A,A,H,-,A,D,0,NA,NA,Y,NA,Y,NA,C,02,0,1,0,0,0,0,0,0,1,-,-,32.85940933227539,-117.18569946289063,SAN DIEGO,SAN DIEGO,-117.18557739257813,32.85948181152344
91040110,2019,2019-07-29,9645,2019-07-17,1527,021651,NA,3,2,7,3711,0,1,3,NA,2,006,SR-94 E/B,SR-15,500,W,N,A,-,Y,NA,NA,94,NA,NA,NA,NA,NA,E,Y,4,0,1,2,A,-,03,22350,NA,N,C,C,A,A,H,-,A,D,0,NA,NA,NA,NA,Y,NA,A,01,0,0,1,0,0,0,0,0,0,-,-,32.715858459472656,-117.12110137939452,SAN DIEGO,SAN DIEGO,-117.12109375,32.71582794189453
91041561,2019,2019-07-30,9680,2019-04-18,0415,019384,NA,4,3,5,3705,0,1,3,NA,2,028,SR-125 S/B,CHATHAM STREET,5,N,N,A,-,Y,NA,NA,125,NA,NA,NA,NA,NA,S,Y,2,0,2,1,A,-,01,23152,A,N,E,I,A,A,H,-,D,D,0,NA,NA,NA,NA,Y,Y,A,07,1,1,0,0,0,0,0,0,0,-,-,32.79774856567383,-117.00565338134766,SAN DIEGO,EL CAJON,-117.00563049316406,32.79774856567383
91041791,2019,2019-07-30,9650,2019-07-24,1719,021327,NA,3,2,9,3700,0,3,5,NA,2,213,PALA TEMECULA RD.,AROUBA RD.,2950,S,N,A,-,N,NA,NA,NA,NA,NA,NA,NA,NA,NA,Y,2,0,3,2,A,-,01,23152,F,N,A,C,A,A,H,-,A,D,0,NA,NA,NA,NA,Y,NA,A,01,2,1,0,0,0,0,0,0,0,-,-,33.23305130004883,-117.05027770996094,SAN DIEGO,UNINCORPORATED,-117.08414459228516,33.39179992675781