CASE_ID,ACCIDENT_YEAR,PROC_DATE,JURIS,COLLISION_DATE,COLLISION_TIME,OFFICER_ID,REPORTING_DISTRICT,DAY_OF_WEEK,CHP_SHIFT,POPULATION,CNTY_CITY_LOC,SPECIAL_COND,BEAT_TYPE,CHP_BEAT_TYPE,CITY_DIVISION_LAPD,CHP_BEAT_CLASS,BEAT_NUMBER,PRIMARY_RD,SECONDARY_RD,DISTANCE,DIRECTION,INTERSECTION,WEATHER_1,WEATHER_2,STATE_HWY_IND,CALTRANS_COUNTY,CALTRANS_DISTRICT,STATE_ROUTE,ROUTE_SUFFIX,POSTMILE_PREFIX,POSTMILE,LOCATION_TYPE,RAMP_INTERSECTION,SIDE_OF_HWY,TOW_AWAY,COLLISION_SEVERITY,NUMBER_KILLED,NUMBER_INJURED,PARTY_COUNT,PRIMARY_COLL_FACTOR,PCF_CODE_OF_VIOL,PCF_VIOL_CATEGORY,PCF_VIOLATION,PCF_VIOL_SUBSECTION,HIT_AND_RUN,TYPE_OF_COLLISION,MVIW,PED_ACTION,ROAD_SURFACE,ROAD_COND_1,ROAD_COND_2,LIGHTING,CONTROL_DEVICE,CHP_ROAD_TYPE,PEDESTRIAN_ACCIDENT,BICYCLE_ACCIDENT,MOTORCYCLE_ACCIDENT,TRUCK_ACCIDENT,NOT_PRIVATE_PROPERTY,ALCOHOL_INVOLVED,STWD_VEHTYPE_AT_FAULT,CHP_VEHTYPE_AT_FAULT,COUNT_SEVERE_INJ,COUNT_VISIBLE_INJ,COUNT_COMPLAINT_PAIN,COUNT_PED_KILLED,COUNT_PED_INJURED,COUNT_BICYCLIST_KILLED,COUNT_BICYCLIST_INJURED,COUNT_MC_KILLED,COUNT_MC_INJURED,PRIMARY_RAMP,SECONDARY_RAMP,LATITUDE,LONGITUDE,COUNTY,CITY,POINT_X,POINT_Y
91748502,2022,2022-04-15,9680,2022-04-04,1715,022554,NA,1,2,9,3700,0,3,5,NA,2,009,RAMONA OAKS ROAD,ABAJO DRIVE,0,NA,Y,A,-,N,NA,NA,NA,NA,NA,NA,NA,NA,NA,N,4,0,1,2,A,-,09,21802,A,N,D,C,A,A,H,-,A,A,0,NA,NA,NA,NA,Y,NA,A,07,0,0,1,0,0,0,0,0,0,-,-,33.004398345947266,-116.79688262939452,SAN DIEGO,UNINCORPORATED,-116.79695129394533,33.00438690185547
91748953,2022,2022-04-15,9650,2022-04-12,2210,019549,NA,2,3,9,3700,0,1,3,NA,2,065,SR-76,S. MISSION RD.,0,NA,Y,A,-,Y,SD,NA,76,NA,R,12.38,H,NA,R,Y,3,0,2,1,A,-,01,23152,A,N,E,I,A,A,H,-,C,A,0,NA,NA,NA,NA,Y,Y,A,07,0,2,0,0,0,0,0,0,0,-,-,33.29436111450195,-117.22171020507813,SAN DIEGO,UNINCORPORATED,-117.22178649902344,33.294429779052734
9174984,2020,2020-12-17,3711,2020-10-26,0802,SD7422,NA,1,5,7,3711,0,0,0,NA,0,622,COLUSA ST,RILEY ST,0,NA,Y,A,-,N,NA,NA,NA,NA,NA,NA,NA,NA,NA,N,4,0,1,2,A,-,09,21800,B,N,A,C,A,A,H,-,A,A,0,NA,NA,NA,NA,Y,NA,A,01,0,0,1,0,0,0,0,0,0,-,-,NA,NA,SAN DIEGO,SAN DIEGO,-117.19035339355467,32.76702117919922
91751485,2022,2022-04-19,9680,2022-04-08,0706,015877,NA,5,1,9,3700,0,1,1,NA,2,082,I-8 E/B TO LOS COCHES RD.,LOS COCHES RD.,0,NA,Y,A,-,Y,NA,NA,NA,NA,NA,NA,NA,NA,NA,Y,3,0,1,2,A,-,12,21453,A,N,D,C,A,A,H,-,A,A,0,NA,NA,NA,NA,Y,NA,-,-,0,1,0,0,0,0,0,0,0,-,-,32.82611846923828,-116.90292358398438,SAN DIEGO,UNINCORPORATED,-116.90322113037108,32.82651138305664
91752566,2022,2022-04-20,9645,2022-04-15,1718,020561,NA,5,2,7,3711,0,1,3,NA,2,023,SR-163 S/B,GENESEE AVE. U/C,258,S,N,A,-,Y,SD,NA,163,NA,NA,5.745,H,NA,L,Y,3,0,1,4,A,-,03,22350,NA,N,C,C,A,A,H,-,A,D,0,NA,NA,NA,NA,Y,NA,A,01,0,1,0,0,0,0,0,0,0,-,-,32.79084014892578,-117.15957641601563,SAN DIEGO,SAN DIEGO,-117.15951538085938,32.79082107543945
91752697,2022,2022-04-20,9645,2022-04-15,2320,022426,NA,5,3,7,3711,0,1,1,NA,2,001,INTERSTATE 5 SOUTHBOUND,PALM AVENUE,1800,N,N,A,-,Y,SD,NA,5,NA,NA,4.998,H,NA,L,Y,3,0,2,1,A,-,01,23152,A,N,F,A,A,A,H,-,D,D,0,NA,NA,NA,NA,Y,Y,A,01,0,1,1,0,0,0,0,0,0,-,-,32.58906173706055,-117.08817291259766,SAN DIEGO,SAN DIEGO,-117.08803558349608,32.58907699584961
91753695,2022,2022-04-21,9645,2022-04-16,1750,018936,NA,6,2,7,3711,0,1,1,NA,2,007,INTERSTATE 5 SOUTHBOUND,CARMEL VALLEY ROAD,310,N,N,A,-,Y,SD,NA,5,NA,R,32.98,H,NA,L,N,3,0,3,4,A,-,08,22107,NA,N,E,8,A,A,H,-,A,D,0,NA,NA,NA,NA,Y,NA,A,07,0,3,0,0,0,0,0,0,0,-,-,32.93320846557617,-117.24138641357422,SAN DIEGO,SAN DIEGO,-117.2414321899414,32.93320846557617
91753838,2022,2022-04-21,9645,2022-04-03,2335,021617,NA,7,3,7,3711,0,1,1,NA,2,013,I-805 S/B,MURRAY RIDGE ROAD O/C,1425,N,N,C,-,Y,SD,NA,805,NA,NA,19.113,H,NA,L,N,4,0,1,2,A,-,03,22350,NA,F,C,C,A,B,H,-,C,D,0,NA,NA,NA,NA,Y,NA,-,99,0,0,1,0,0,0,0,0,0,-,-,32.78799819946289,-117.14800262451172,SAN DIEGO,SAN DIEGO,-117.14801025390624,32.787994384765625
91757946,2022,2022-04-27,9680,2022-04-15,1238,015877,NA,5,1,5,3705,0,1,1,NA,2,082,I-8 W/B,SR-67,166,E,N,A,-,Y,SD,NA,8,NA,NA,15.854,H,NA,L,Y,3,0,1,3,A,-,03,22350,NA,N,C,C,A,A,H,-,A,D,0,NA,NA,NA,NA,Y,NA,D,22,0,1,0,0,0,0,0,0,0,-,-,32.8032112121582,-116.96167755126952,SAN DIEGO,EL CAJON,-116.96167755126952,32.80316925048828
91761325,2022,2022-12-14,9680,2022-03-25,1340,018672,NA,5,1,9,3700,0,3,5,NA,2,007,TILTING T DRIVE,BORREGO SPRINGS ROAD,0,NA,Y,A,-,N,NA,NA,NA,NA,NA,NA,NA,NA,NA,Y,2,0,3,2,A,-,12,22450,A,F,D,C,A,A,H,-,A,A,0,NA,NA,NA,NA,Y,Y,A,01,3,0,0,0,0,0,0,0,0,-,-,33.231571197509766,-116.37583923339844,SAN DIEGO,UNINCORPORATED,-116.37593841552734,33.2314453125
91761991,2022,2022-05-02,9645,2022-04-02,0407,021470,NA,6,3,7,3711,0,1,1,NA,2,001,INTERSTATE 5 NORTHBOUND,H STREET,25,N,N,A,-,Y,SD,NA,5,NA,NA,7.845,H,NA,R,Y,2,0,1,2,A,-,01,23152,A,N,C,C,A,A,H,-,C,D,0,NA,NA,Y,NA,Y,Y,A,07,1,0,0,0,0,0,0,0,1,-,-,32.62968063354492,-117.095947265625,SAN DIEGO,SAN DIEGO,-117.095947265625,32.62968063354492
91762998,2022,2022-05-03,9650,2022-04-22,0649,016490,NA,5,1,9,3700,0,2,4,NA,2,061,S. MISSION RD.,OLIVE HILL RD.,0,NA,Y,B,-,N,NA,NA,NA,NA,NA,NA,NA,NA,NA,Y,3,0,1,2,A,-,08,22107,NA,N,D,C,A,B,H,-,A,D,0,NA,NA,NA,NA,Y,NA,A,07,0,1,0,0,0,0,0,0,0,-,-,33.34812927246094,-117.24381256103516,SAN DIEGO,UNINCORPORATED,-117.2436294555664,33.34817886352539
91763497,2022,2023-01-27,9645,2022-04-27,1635,018146,NA,3,2,7,3711,0,1,1,NA,2,017,INTERSTATE 15 N/B,CARROL CANYON ROAD,300,N,N,A,-,Y,SD,NA,15,NA,M,15.163,H,NA,R,Y,4,0,1,4,A,-,03,22350,NA,N,C,C,A,A,H,-,A,D,0,NA,NA,NA,NA,Y,NA,A,01,0,0,1,0,0,0,0,0,0,-,-,32.90584182739258,-117.11612701416016,SAN DIEGO,SAN DIEGO,-117.11614990234376,32.90584182739258
91764110,2022,2022-05-04,9645,2022-04-25,0855,015494,NA,1,1,7,3711,0,1,1,NA,2,011,I-805 N/B,RALENE ST,300,N,N,A,-,Y,SD,NA,805,NA,NA,14.417,H,NA,R,N,4,0,1,3,A,-,03,22350,NA,N,C,C,A,A,H,-,A,D,0,NA,NA,NA,NA,Y,NA,A,07,0,0,1,0,0,0,0,0,0,-,-,32.73046875,-117.10851287841795,SAN DIEGO,SAN DIEGO,-117.10853576660156,32.730430603027344
91767506,2022,2022-05-09,9650,2022-04-27,1745,021338,NA,3,2,9,3700,0,3,5,NA,2,213,PALA TEMECULA ROAD,AROUBA ROAD,3168,S,N,A,-,N,NA,NA,NA,NA,NA,NA,NA,NA,NA,Y,4,0,1,2,A,-,03,22350,NA,N,A,C,A,A,H,-,A,D,0,NA,NA,NA,NA,Y,NA,A,01,0,0,1,0,0,0,0,0,0,-,-,33.3914794921875,-117.084228515625,SAN DIEGO,UNINCORPORATED,NA,NA
91768565,2022,2022-05-10,9645,2022-05-01,1534,020301,NA,7,2,7,3711,0,1,1,NA,2,011,I-805 NORTHBOUND,EL CAJON BLVD,300,S,N,A,-,Y,SD,NA,805,NA,NA,16.172,H,NA,R,N,3,0,2,2,A,-,03,22350,NA,N,B,C,A,A,H,-,A,D,0,NA,NA,NA,NA,Y,NA,A,01,0,2,0,0,0,0,0,0,0,-,-,32.75178146362305,-117.12362670898438,SAN DIEGO,SAN DIEGO,-117.12364959716795,32.751773834228516
91770750,2022,2022-05-12,9645,2022-05-11,1414,020180,NA,3,2,7,3711,0,1,1,NA,2,010,I-8 E/B,SR-163,510,W,N,A,-,Y,SD,NA,8,NA,NA,2.32,H,NA,R,N,3,0,2,4,A,-,07,21658,A,N,B,C,A,A,H,-,A,D,0,NA,NA,NA,NA,Y,NA,A,01,0,1,1,0,0,0,0,0,0,-,-,32.76166915893555,-117.16509246826172,SAN DIEGO,SAN DIEGO,-117.16513061523438,32.76173782348633
91773990,2022,2022-05-17,9680,2022-05-06,1150,015877,NA,5,1,5,3708,0,1,1,NA,2,081,I-8 W/B,GROSSMONT BLVD.,180,E,N,A,-,Y,SD,NA,8,NA,NA,13.085,H,NA,L,Y,4,0,2,2,A,-,03,22350,NA,N,C,C,A,A,H,-,A,D,0,NA,NA,NA,NA,Y,NA,A,07,0,0,2,0,0,0,0,0,0,-,-,32.77925109863281,-116.98973846435548,SAN DIEGO,LA MESA,-116.98974609375,32.779197692871094
91775056,2022,2022-05-18,9645,2022-05-16,0005,018987,NA,1,3,7,3711,0,1,1,NA,2,007,I-5 SOUTHBOUND,CARMEL MOUNTAIN ROAD,400,N,N,A,-,Y,SD,NA,5,NA,R,32.169,H,NA,R,Y,4,0,2,2,A,-,08,22107,NA,N,B,C,A,A,H,-,C,D,0,NA,NA,NA,NA,Y,NA,D,22,0,0,2,0,0,0,0,0,0,-,-,32.922119140625,-117.23780822753906,SAN DIEGO,SAN DIEGO,-117.23793792724608,32.92207336425781
91775413,2022,2022-05-18,9645,2022-05-11,1740,018936,NA,3,2,7,3711,0,1,1,NA,2,021,SR-15 S/B TO I-805 S/B,SR-15 U/C,1056,N,N,A,-,Y,NA,NA,NA,NA,NA,NA,NA,NA,NA,N,4,0,1,2,A,-,03,22350,NA,N,C,C,A,A,H,-,A,D,0,NA,NA,NA,NA,Y,NA,A,07,0,0,1,0,0,0,0,0,0,-,-,32.734920501708984,-117.1140365600586,SAN DIEGO,SAN DIEGO,-117.1140365600586,32.734920501708984
91775914,2022,2022-05-19,9645,2022-05-11,1450,018936,NA,3,2,7,3711,0,1,1,NA,2,011,I-805 S/B,SR-15 U/C,20,N,N,A,-,Y,SD,NA,805,NA,NA,14.55,H,NA,L,N,3,0,1,2,A,-,08,22107,NA,N,B,C,A,A,H,-,A,D,0,NA,NA,Y,Y,Y,NA,C,02,0,1,0,0,0,0,0,0,1,-,-,32.73128890991211,-117.1103515625,SAN DIEGO,SAN DIEGO,-117.11040496826172,32.731224060058594
91776254,2022,2022-05-19,9680,2022-05-09,1850,020500,NA,1,2,9,3700,0,1,3,NA,1,091,SR-78 W/B,WEEKEND VILLA RD,160,W,N,A,-,Y,SD,NA,78,NA,NA,33.017,H,NA,L,N,3,0,2,1,A,-,08,22107,NA,N,E,I,A,A,H,-,A,D,0,NA,NA,NA,NA,Y,NA,A,01,0,2,0,0,0,0,0,0,0,-,-,33.07027816772461,-116.88536834716795,SAN DIEGO,UNINCORPORATED,-116.88534545898438,33.07018280029297
91777027,2022,2022-05-20,9680,2022-05-10,1700,021353,NA,2,2,5,3708,0,1,3,NA,2,028,SR-125 S/B,MERRITT BLVD,400,S,N,A,-,Y,SD,NA,125,NA,NA,14.039,H,NA,L,N,4,0,4,2,A,-,03,22350,NA,N,C,C,A,A,H,-,A,D,0,NA,NA,NA,NA,Y,NA,A,07,0,0,4,0,0,0,0,0,0,-,-,32.75891876220703,-117.00533294677734,SAN DIEGO,LA MESA,-117.00528717041016,32.75887680053711
91777606,2022,2022-05-23,9645,2022-05-20,0740,017678,NA,5,1,7,3711,0,1,1,NA,2,010,I-8 E/B TO TEXAS STREET,TEXAS STREET,500,W,N,B,C,Y,NA,NA,NA,NA,NA,NA,NA,NA,NA,N,3,0,1,1,A,-,03,22350,NA,N,F,A,A,B,H,-,A,D,0,NA,NA,NA,NA,Y,NA,A,07,0,1,0,0,0,0,0,0,0,-,-,32.7688102722168,-117.14128875732422,SAN DIEGO,SAN DIEGO,-117.14128875732422,32.7688102722168
9177801,2020,2021-01-11,3705,2020-10-15,0928,EC0279,NA,4,5,5,3705,0,0,0,NA,0,001,CUYAMACA ST,FESLER ST,0,NA,Y,A,-,N,NA,NA,NA,NA,NA,NA,NA,NA,NA,NA,4,0,1,2,A,-,09,21802,A,N,D,C,A,A,H,-,A,A,0,NA,NA,NA,NA,Y,NA,A,01,0,0,1,0,0,0,0,0,0,-,-,NA,NA,SAN DIEGO,EL CAJON,-116.97962951660156,32.80876159667969
91778420,2022,2022-05-23,9680,2022-05-11,1904,017460,NA,3,2,9,3700,0,1,3,NA,1,040,STATE ROUTE 94,POTRERO VALLEY ROAD,315,E,N,A,-,Y,SD,NA,94,NA,NA,41.457,H,NA,R,N,4,0,1,2,A,-,05,21460,NA,N,B,C,A,A,H,-,A,D,0,NA,NA,Y,NA,Y,NA,C,02,0,0,1,0,0,0,0,0,1,-,-,32.6050910949707,-116.61215209960938,SAN DIEGO,UNINCORPORATED,-116.61215209960938,32.60508346557617
91778515,2022,2022-05-24,9650,2022-05-11,1945,018321,NA,3,2,5,3782,0,1,1,NA,2,007,INTERSTATE 5 S/B,ENCINITAS BLVD,390,N,N,A,-,Y,SD,NA,5,NA,R,41.634,H,NA,L,Y,4,0,2,1,A,-,01,23152,A,M,E,I,A,A,H,-,B,D,0,NA,NA,NA,NA,Y,Y,A,01,0,0,2,0,0,0,0,0,0,-,-,33.049930572509766,-117.28798675537108,SAN DIEGO,ENCINITAS,-117.287841796875,33.04996109008789
9177926,2020,2020-12-11,3700,2020-10-23,1848,SH6444,NA,5,5,5,3712,0,0,0,NA,0,359,WEST SAN MARCOS BL,DAISY LN,40,E,N,A,-,N,NA,NA,NA,NA,NA,NA,NA,NA,NA,Y,3,0,1,3,A,-,03,22350,NA,N,C,C,A,A,H,-,C,D,0,NA,NA,NA,NA,Y,NA,A,07,0,1,0,0,0,0,0,0,0,-,-,NA,NA,SAN DIEGO,SAN MARCOS,-117.18338775634766,33.13593292236328
91780352,2022,2022-05-25,9645,2022-05-24,1135,015494,NA,2,1,7,3711,0,1,3,NA,2,023,SR-163 S/B,QUINCE ST OVER CROSSING,400,N,N,A,-,Y,SD,NA,163,NA,NA,1.908,H,NA,L,Y,4,0,3,3,A,-,03,22350,NA,N,C,C,A,A,H,-,A,D,0,NA,NA,NA,NA,Y,NA,D,22,0,0,3,0,0,0,0,0,0,-,-,32.738319396972656,-117.15624237060548,SAN DIEGO,SAN DIEGO,-117.15621948242188,32.73832321166992
91783291,2022,2022-05-27,9645,2022-05-25,1329,020180,NA,3,1,7,3711,0,1,1,NA,2,005,I-5 N/B,SEA WORLD DR,1465,S,N,A,-,Y,SD,NA,5,NA,R,20.543,H,NA,R,N,2,0,2,3,A,-,03,22350,NA,N,C,C,A,A,H,-,A,D,0,NA,NA,NA,NA,Y,NA,A,07,1,0,1,0,0,0,0,0,0,-,-,32.765960693359375,-117.20545959472656,SAN DIEGO,SAN DIEGO,-117.20548248291016,32.76595687866211
91787849,2022,2022-06-03,9645,2022-04-25,0637,015676,NA,1,1,7,3711,0,1,3,NA,2,023,STATE ROUTE 163 NORTHBOUND,GENESEE AVENUE,3168,S,N,A,-,Y,SD,NA,163,NA,NA,5.155,H,NA,R,Y,1,1,0,2,A,-,03,22350,NA,N,C,C,A,A,H,-,A,D,0,NA,NA,NA,Y,Y,NA,A,01,0,0,0,0,0,0,0,0,0,-,-,32.782588958740234,-117.16204833984376,SAN DIEGO,SAN DIEGO,-117.16226959228516,32.78264617919922
91787925,2022,2022-06-03,9680,2022-05-22,0002,018672,NA,7,3,9,3700,0,1,3,NA,1,051,STATE ROUTE 79,LOST VALLEY ROAD,750,N,N,A,-,Y,SD,NA,79,NA,NA,37.04,H,NA,R,Y,3,0,1,1,A,-,08,22107,NA,N,E,I,A,A,H,-,D,D,0,NA,NA,NA,NA,Y,NA,A,01,0,1,0,0,0,0,0,0,0,-,-,33.28620147705078,-116.66149139404295,SAN DIEGO,UNINCORPORATED,-116.66136169433594,33.285953521728516
91789255,2022,2022-06-06,9645,2022-05-28,2119,020301,NA,6,2,7,3711,0,1,3,NA,2,002,SR-905 WESTBOUND TO I-805 NORTHBOUND,I-805,1500,E,N,A,-,N,NA,NA,NA,NA,NA,NA,NA,NA,NA,Y,3,0,1,2,A,-,08,22107,NA,F,E,I,A,A,H,-,C,A,0,NA,NA,NA,NA,Y,NA,-,99,0,1,0,0,0,0,0,0,0,-,-,32.56829833984375,-117.03302764892578,SAN DIEGO,SAN DIEGO,-117.03302764892578,32.56829833984375
91789328,2022,2022-06-06,9680,2022-05-24,1540,019910,NA,2,2,9,3700,0,3,5,NA,2,001,OAK CREEK DR,GEM HILL LN,7,E,N,A,-,N,NA,NA,NA,NA,NA,NA,NA,NA,NA,N,4,0,1,2,A,-,09,21804,A,N,D,C,A,A,H,-,A,D,0,NA,NA,NA,NA,Y,NA,A,01,0,0,1,0,0,0,0,0,0,-,-,32.888648986816406,-116.95601654052734,SAN DIEGO,UNINCORPORATED,-116.9560089111328,32.88862609863281
91790073,2022,2022-06-07,9650,2022-05-30,0855,019490,NA,1,1,5,3782,0,1,1,NA,2,007,I-5 N/B,ENCINITAS BLVD,1320,N,N,B,-,Y,SD,NA,5,NA,R,41.79,H,NA,R,Y,4,0,1,1,A,-,01,23152,A,N,E,I,A,A,H,-,A,D,0,NA,NA,NA,NA,Y,Y,D,22,0,0,1,0,0,0,0,0,0,-,-,33.052181243896484,-117.28814697265624,SAN DIEGO,ENCINITAS,-117.28822326660156,33.05216598510742
91792772,2022,2022-06-10,9680,2022-05-31,0430,021859,NA,2,3,9,3700,0,1,3,NA,2,028,SR-125 N/B,BLOSSOM LN.,1584,S,N,A,-,Y,SD,NA,125,NA,NA,11.672,H,NA,R,Y,3,0,1,2,A,-,08,22107,NA,F,B,C,A,A,H,-,D,D,0,NA,NA,NA,NA,Y,NA,-,99,0,1,0,0,0,0,0,0,0,-,-,32.72975158691406,-117.01476287841795,SAN DIEGO,UNINCORPORATED,-117.0148696899414,32.729740142822266
91793134,2022,2022-06-13,9650,2022-06-08,0805,017328,NA,3,1,6,3706,0,1,1,NA,2,023,I-15 S/B,FELICITA RD.,150,N,N,A,-,Y,SD,NA,15,NA,R,28.982,H,NA,L,Y,4,0,1,4,A,-,03,22350,NA,N,C,C,A,A,H,-,A,D,0,NA,NA,NA,NA,Y,Y,A,07,0,0,1,0,0,0,0,0,0,-,-,33.09440994262695,-117.0849609375,SAN DIEGO,ESCONDIDO,-117.0849838256836,33.094390869140625
91793996,2022,2022-06-13,9680,2022-06-01,0700,017621,NA,3,1,9,3700,0,2,4,NA,1,094,SAN VICENTE RD,WILDCAT CANYON RD,272,E,N,A,-,N,NA,NA,NA,NA,NA,NA,NA,NA,NA,Y,4,0,1,2,A,-,03,22350,NA,N,C,C,A,A,H,-,A,A,0,NA,NA,NA,NA,Y,NA,A,01,0,0,1,0,0,0,0,0,0,-,-,32.99795913696289,-116.84353637695313,SAN DIEGO,UNINCORPORATED,-116.84369659423828,32.99789810180664
91796728,2022,2022-06-16,9645,2022-06-04,2220,021359,NA,6,3,5,3709,0,3,5,NA,2,018,RIDGEWAY DRIVE W/B,EUCLID AVENUE,106,W,N,A,-,N,NA,NA,NA,NA,NA,NA,NA,NA,NA,N,3,0,1,2,A,-,08,22107,NA,N,B,E,A,A,H,-,D,D,0,NA,NA,NA,NA,Y,NA,A,01,0,1,0,0,0,0,0,0,0,-,-,32.66429901123047,-117.07771301269533,SAN DIEGO,NATIONAL CITY,-117.07613372802734,32.66606521606445
91797906,2022,2022-06-17,9650,2022-06-07,1650,021154,NA,2,2,9,3700,0,2,4,NA,1,027,MAZZETTI LN.,VALLEY CENTER RD,0,NA,Y,A,-,N,NA,NA,NA,NA,NA,NA,NA,NA,NA,Y,2,0,1,2,A,-,09,21802,A,N,D,C,A,A,H,-,A,A,0,NA,NA,Y,NA,Y,NA,C,06,1,0,0,0,0,0,0,0,1,-,-,33.27714157104492,-116.95368957519533,SAN DIEGO,UNINCORPORATED,-116.95364379882813,33.277103424072266
9179842,2020,2020-11-24,3711,2020-10-26,2149,SD6513,NA,1,5,7,3711,0,0,0,NA,0,122,GARNET AV,MISSION BAY DR,47,E,N,A,-,N,NA,NA,NA,NA,NA,NA,NA,NA,NA,Y,4,0,1,2,A,-,03,22350,NA,N,C,C,A,A,H,-,C,A,0,NA,NA,NA,NA,Y,NA,A,01,0,0,1,0,0,0,0,0,0,-,-,NA,NA,SAN DIEGO,SAN DIEGO,-117.21881866455078,32.806182861328125
91798982,2022,2022-07-08,9650,2022-06-11,1325,020966,NA,6,1,5,3701,0,1,1,NA,2,005,I-5 N/B,PALOMAR AIRPORT ROAD,150,S,N,A,-,Y,SD,NA,5,NA,R,46.986,H,NA,R,Y,3,0,2,3,A,-,03,22350,NA,N,C,C,A,A,H,-,A,D,0,NA,NA,NA,NA,Y,NA,A,07,0,1,1,0,0,0,0,0,0,-,-,33.12158966064453,-117.32164001464844,SAN DIEGO,CARLSBAD,-117.32160949707033,33.12160110473633
91799174,2022,2022-06-20,9650,2022-06-15,1625,014886,NA,3,2,9,3700,0,1,1,NA,2,005,I-5 S/B,OCEANSIDE BLVD,50,S,N,A,-,Y,SD,NA,5,NA,R,52.299,H,NA,L,Y,4,0,1,4,A,-,03,22350,NA,M,C,C,A,A,H,-,A,D,0,NA,NA,NA,NA,Y,NA,A,01,0,0,1,0,0,0,0,0,0,-,-,33.190040588378906,-117.36224365234376,SAN DIEGO,UNINCORPORATED,-117.36226654052734,33.190025329589844
91799880,2022,2022-06-21,9650,2022-06-09,0920,015600,NA,4,1,9,3700,0,2,4,NA,1,027,VALLEY CENTER RD,MORALES LN,120,N,N,A,-,N,NA,NA,NA,NA,NA,NA,NA,NA,NA,N,4,0,1,1,A,-,08,22107,NA,N,E,I,A,A,H,-,A,D,0,NA,NA,NA,NA,Y,NA,A,01,0,0,1,0,0,0,0,0,0,-,-,33.26955032348633,-116.95369720458984,SAN DIEGO,UNINCORPORATED,-116.95374298095705,33.266868591308594
91802125,2022,2022-06-23,9650,2022-06-17,1136,016490,NA,5,1,9,3700,0,1,1,NA,2,003,I-5 S/B,SOUTHBOUND ALISO CREEK REST AREA,3168,S,N,A,-,Y,SD,NA,5,NA,R,59.165,H,NA,L,Y,2,0,1,2,A,-,03,22350,NA,N,C,C,A,A,H,-,A,D,0,NA,NA,NA,NA,Y,NA,A,01,1,0,0,0,0,0,0,0,0,-,-,33.265769958496094,-117.43345642089844,SAN DIEGO,UNINCORPORATED,-117.43350982666016,33.26572036743164
91803960,2022,2022-06-27,9650,2022-06-17,1135,020497,NA,5,1,5,3713,0,1,3,NA,2,017,SR-78 E/B,EMERALD DR,4500,E,N,A,-,Y,SD,NA,78,NA,NA,5.206,H,NA,R,Y,3,0,2,2,A,-,03,22350,NA,N,B,C,A,A,H,-,A,D,0,NA,NA,NA,NA,Y,NA,A,01,0,2,0,0,0,0,0,0,0,-,-,33.19348907470703,-117.26699829101563,SAN DIEGO,VISTA,-117.26702117919922,33.19352722167969
91807128,2022,2022-06-30,9650,2022-04-27,2317,017590,NA,3,3,5,3701,0,1,1,NA,2,005,I-5 S/B,AQUA HEDIONDA CREEK,934,S,N,B,-,Y,SD,NA,5,NA,R,48.509,H,NA,L,Y,1,1,0,3,A,-,01,23152,A,N,G,E,E,A,D,-,D,D,0,Y,NA,NA,NA,Y,Y,A,01,0,0,0,1,0,0,0,0,0,-,-,33.14152145385742,-117.33316802978516,SAN DIEGO,CARLSBAD,-117.33310699462892,33.14154052734375
91807155,2022,2022-08-16,9645,2022-06-28,0800,016766,NA,2,1,7,3711,0,1,1,NA,2,027,I-15 N/B,BALBOA AVE,1320,S,N,A,-,Y,NA,NA,NA,NA,NA,NA,NA,NA,NA,Y,2,0,1,2,A,-,03,22350,NA,N,C,C,A,A,H,-,A,D,0,NA,NA,Y,NA,Y,NA,C,02,1,0,0,0,0,0,0,0,1,-,-,32.81092071533203,-117.13925170898438,SAN DIEGO,SAN DIEGO,-117.11557769775392,32.819461822509766
91807188,2022,2022-06-30,9650,2022-06-23,0725,021406,NA,4,1,9,3700,0,2,4,NA,1,027,VALLEY CENTER RD,WOODS VALLEY ROAD,0,NA,Y,A,-,N,NA,NA,NA,NA,NA,NA,NA,NA,NA,Y,3,0,1,2,A,-,08,22100,A,N,B,C,A,A,H,-,A,A,0,NA,NA,NA,NA,Y,NA,A,01,0,1,0,0,0,0,0,0,0,-,-,33.20587921142578,-117.033203125,SAN DIEGO,UNINCORPORATED,-117.03327178955078,33.20588684082031