CASE_ID,ACCIDENT_YEAR,PROC_DATE,JURIS,COLLISION_DATE,COLLISION_TIME,OFFICER_ID,REPORTING_DISTRICT,DAY_OF_WEEK,CHP_SHIFT,POPULATION,CNTY_CITY_LOC,SPECIAL_COND,BEAT_TYPE,CHP_BEAT_TYPE,CITY_DIVISION_LAPD,CHP_BEAT_CLASS,BEAT_NUMBER,PRIMARY_RD,SECONDARY_RD,DISTANCE,DIRECTION,INTERSECTION,WEATHER_1,WEATHER_2,STATE_HWY_IND,CALTRANS_COUNTY,CALTRANS_DISTRICT,STATE_ROUTE,ROUTE_SUFFIX,POSTMILE_PREFIX,POSTMILE,LOCATION_TYPE,RAMP_INTERSECTION,SIDE_OF_HWY,TOW_AWAY,COLLISION_SEVERITY,NUMBER_KILLED,NUMBER_INJURED,PARTY_COUNT,PRIMARY_COLL_FACTOR,PCF_CODE_OF_VIOL,PCF_VIOL_CATEGORY,PCF_VIOLATION,PCF_VIOL_SUBSECTION,HIT_AND_RUN,TYPE_OF_COLLISION,MVIW,PED_ACTION,ROAD_SURFACE,ROAD_COND_1,ROAD_COND_2,LIGHTING,CONTROL_DEVICE,CHP_ROAD_TYPE,PEDESTRIAN_ACCIDENT,BICYCLE_ACCIDENT,MOTORCYCLE_ACCIDENT,TRUCK_ACCIDENT,NOT_PRIVATE_PROPERTY,ALCOHOL_INVOLVED,STWD_VEHTYPE_AT_FAULT,CHP_VEHTYPE_AT_FAULT,COUNT_SEVERE_INJ,COUNT_VISIBLE_INJ,COUNT_COMPLAINT_PAIN,COUNT_PED_KILLED,COUNT_PED_INJURED,COUNT_BICYCLIST_KILLED,COUNT_BICYCLIST_INJURED,COUNT_MC_KILLED,COUNT_MC_INJURED,PRIMARY_RAMP,SECONDARY_RAMP,LATITUDE,LONGITUDE,COUNTY,CITY,POINT_X,POINT_Y
91983005,2023,2023-01-31,9650,2023-01-27,1401,021933,NA,5,2,9,3700,0,1,3,NA,1,028,SR-76,RED GATE RD,660,E,N,A,-,Y,SD,NA,76,NA,NA,37.102,H,NA,R,Y,3,0,1,1,A,-,03,22350,NA,N,E,I,A,A,H,-,A,D,0,NA,NA,Y,NA,Y,NA,C,02,0,1,0,0,0,0,0,0,1,-,-,33.30202102661133,-116.91380310058594,SAN DIEGO,UNINCORPORATED,-116.91373443603516,33.30200958251953
91983408,2022,2023-01-31,9645,2022-09-22,0600,022948,NA,4,1,7,3711,0,1,1,NA,2,003,INTERSTATE 5 (I-5) NORTHBOUND,5TH AVENUE,25,S,N,A,-,Y,SD,NA,5,NA,R,16.332,H,NA,R,N,1,1,0,2,A,-,11,21954,A,N,G,B,E,A,H,-,C,D,0,Y,NA,NA,NA,Y,NA,N,60,0,0,0,1,0,0,0,0,0,-,-,32.723148345947266,-117.1597900390625,SAN DIEGO,SAN DIEGO,-117.15972137451172,32.72301483154297
91984351,2023,2023-02-01,9650,2023-01-14,2100,022403,NA,6,2,5,3712,0,1,3,NA,2,019,STATE ROUTE 78 W/B,SMILAX ROAD,1600,E,N,C,-,Y,SD,NA,78,NA,NA,10.217,H,NA,L,Y,2,0,1,5,A,-,03,22350,NA,M,B,2,A,B,H,-,C,D,0,NA,NA,NA,NA,Y,NA,A,01,1,0,0,0,0,0,0,0,0,-,-,33.154300689697266,-117.20291900634766,SAN DIEGO,SAN MARCOS,-117.20298004150392,33.15425109863281
91985154,2023,2023-02-02,9680,2023-01-23,2120,021800,NA,1,2,9,3700,0,1,1,NA,2,083,I-8 EASTBOUND,DUNBAR LANE,5808,W,N,A,-,Y,SD,NA,8,NA,R,24.54,H,NA,R,Y,4,0,1,1,C,-,18,NA,NA,N,E,J,A,A,H,-,D,D,0,NA,NA,NA,NA,Y,NA,-,-,0,0,1,0,0,0,0,0,0,-,-,32.85361099243164,-116.83892059326172,SAN DIEGO,UNINCORPORATED,-116.8389129638672,32.85358810424805
91985219,2023,2023-02-02,9645,2023-01-25,1445,017499,NA,3,2,7,3711,0,1,3,NA,2,006,SR-94 EASTBOUND,HOME AVE. OC,900,W,N,A,-,Y,SD,NA,94,NA,NA,3.577,H,NA,R,N,4,0,1,3,A,-,03,22350,NA,N,C,C,A,A,H,-,A,D,0,NA,NA,NA,NA,Y,NA,A,01,0,0,1,0,0,0,0,0,0,-,-,32.718040466308594,-117.11134338378906,SAN DIEGO,SAN DIEGO,-117.11134338378906,32.718055725097656
91985263,2023,2023-02-02,9650,2023-01-29,1940,018496,NA,7,2,9,3700,0,3,5,NA,2,191,HARMONY GROVE RD,WILD WILLOW HOLLOW ROAD,1788,W,N,B,C,N,NA,NA,NA,NA,NA,NA,NA,NA,NA,Y,4,0,2,1,A,-,03,22350,NA,N,E,I,A,B,H,-,D,D,0,NA,NA,NA,NA,Y,NA,A,07,0,0,2,0,0,0,0,0,0,-,-,33.08591079711914,-117.14900207519533,SAN DIEGO,UNINCORPORATED,-117.14906311035156,33.08594512939453
91985298,2023,2023-02-02,9680,2023-01-22,1542,019555,NA,7,2,9,3700,0,3,5,NA,2,001,LAKESIDE AVE,LAKESIDE AVENUE,38,N,N,A,-,N,NA,NA,NA,NA,NA,NA,NA,NA,NA,Y,2,0,3,2,C,-,18,NA,NA,N,A,C,A,A,H,-,A,A,0,NA,NA,NA,NA,Y,NA,-,-,1,1,1,0,0,0,0,0,0,-,-,32.86619186401367,-116.9281997680664,SAN DIEGO,UNINCORPORATED,-116.93319702148438,32.866294860839844
91986445,2022,2023-02-03,9680,2022-11-16,1710,019475,NA,3,2,5,3708,0,1,1,NA,2,081,I-8 E/B,SEVERIN DR,278,W,N,A,-,Y,SD,NA,8,NA,NA,12.587,H,NA,R,Y,4,0,2,7,A,-,07,21658,A,N,B,C,A,A,H,-,D,D,0,NA,NA,NA,NA,Y,NA,A,01,0,0,2,0,0,0,0,0,0,-,-,32.77920150756836,-116.998291015625,SAN DIEGO,LA MESA,-116.99828338623048,32.779266357421875
91988591,2023,2023-03-07,9645,2023-02-01,1710,022814,NA,3,2,6,3702,0,1,1,NA,2,009,I-805 NORTHBOUND,EAST J STREET,41,S,N,A,-,Y,SD,NA,805,NA,NA,6.497,H,NA,R,Y,4,0,2,2,A,-,07,21658,A,N,B,C,A,A,H,-,A,D,0,NA,NA,NA,NA,Y,NA,A,01,0,0,2,0,0,0,0,0,0,-,-,32.634281158447266,-117.04654693603516,SAN DIEGO,CHULA VISTA,-117.04657745361328,32.6342658996582
91989588,2023,2023-02-08,9645,2023-01-26,1725,018146,NA,4,2,7,3711,0,1,1,NA,2,017,I-15 N/B,TED WILLIAMS PARKWAY,500,S,N,A,-,Y,SD,NA,15,NA,M,19.441,H,NA,R,N,4,0,1,2,A,-,03,22350,NA,N,C,C,A,A,H,-,A,D,0,NA,NA,NA,NA,Y,NA,D,22,0,0,1,0,0,0,0,0,0,-,-,32.964378356933594,-117.09532928466795,SAN DIEGO,SAN DIEGO,-117.09526824951172,32.96435546875
91991002,2023,2023-02-09,9680,2023-01-30,1529,016372,NA,1,2,5,3708,0,1,1,NA,2,081,I-8 W/B,70TH ST.,349,W,N,B,C,Y,SD,NA,8,NA,NA,9.531,H,NA,L,N,3,0,1,1,A,-,03,22350,NA,N,E,I,A,B,H,-,A,D,0,NA,NA,NA,NA,Y,NA,A,01,0,1,0,0,0,0,0,0,0,-,-,32.7746696472168,-117.04688262939452,SAN DIEGO,LA MESA,-117.04681396484376,32.774757385253906
91991828,2023,2023-02-10,9680,2023-01-31,1020,019870,NA,2,1,4,3720,0,1,3,NA,2,028,SR-125 S/B,SPRING ST,1056,S,N,A,-,Y,SD,NA,125,NA,NA,13.277,H,NA,L,N,4,0,1,2,D,-,00,NA,NA,N,C,C,A,A,H,-,A,D,0,NA,NA,NA,NA,Y,NA,-,-,0,0,1,0,0,0,0,0,0,-,-,32.751121520996094,-117.01454162597656,SAN DIEGO,LEMON GROVE,-117.01453399658205,32.7511100769043
91992798,2023,2023-02-13,9650,2023-02-01,1815,018496,NA,3,2,9,3700,0,3,5,NA,2,170,BUENA CREEK ROAD,BUENA VILLAGE DRIVE,120,S,N,A,-,N,NA,NA,NA,NA,NA,NA,NA,NA,NA,Y,4,0,1,3,A,-,03,22350,NA,N,C,C,A,A,H,-,D,D,0,NA,NA,NA,NA,Y,NA,A,07,0,0,1,0,0,0,0,0,0,-,-,33.17816925048828,-117.2043914794922,SAN DIEGO,UNINCORPORATED,-117.20440673828124,33.178157806396484
91994124,2023,2023-02-14,9645,2023-01-31,1545,018146,NA,2,2,7,3711,0,1,1,NA,2,017,I-15 S/B FROM CARROL CANYON RD.,CARROL CANYON RD.,500,S,N,A,-,Y,SD,NA,15,NA,M,14.843,H,NA,L,N,4,0,1,2,A,-,03,22350,NA,N,C,C,A,A,H,-,A,A,0,NA,NA,NA,NA,Y,NA,A,01,0,0,1,0,0,0,0,0,0,-,-,32.90116882324219,-117.11685180664063,SAN DIEGO,SAN DIEGO,-117.11668395996094,32.90117263793945
91996124,2023,2023-02-16,9680,2023-02-04,2245,017996,NA,6,3,9,3700,0,1,1,NA,2,081,I-8 EASTBOUND,FLETCHER PARKWAY,2640,W,N,A,-,Y,SD,NA,8,NA,NA,10.067,H,NA,R,N,4,0,1,2,A,-,07,21658,A,F,B,C,A,A,H,-,D,D,0,NA,NA,NA,NA,Y,NA,A,07,0,0,1,0,0,0,0,0,0,-,-,32.77289962768555,-117.03839874267578,SAN DIEGO,UNINCORPORATED,-117.03839874267578,32.77288818359375
91998765,2023,2023-02-21,9650,2023-02-13,438,021844,NA,1,3,5,3712,0,1,3,NA,2,019,SR-78 W/B,WOODLAND PKWY,700,W,N,C,-,Y,SD,NA,78,NA,NA,14.028,H,NA,L,Y,4,0,1,2,A,-,03,22350,NA,N,C,C,A,B,H,-,C,D,0,NA,NA,NA,NA,Y,NA,A,01,0,0,1,0,0,0,0,0,0,-,-,33.13951873779297,-117.14476776123048,SAN DIEGO,SAN MARCOS,-117.14476776123048,33.139503479003906
91998826,2023,2023-02-21,9650,2023-02-10,1430,022403,NA,5,2,9,3700,0,3,5,NA,2,006,RANGER ROAD,E. MISSION RD.,0,NA,Y,A,-,N,NA,NA,NA,NA,NA,NA,NA,NA,NA,Y,4,0,2,2,A,-,09,21802,A,N,B,C,A,A,H,-,A,A,0,NA,NA,NA,NA,Y,NA,A,01,0,0,2,0,0,0,0,0,0,-,-,33.39046096801758,-117.1844482421875,SAN DIEGO,UNINCORPORATED,-117.18431854248048,33.39046859741211
92000084,2023,2023-02-22,9645,2023-01-30,1635,021231,NA,1,2,9,3700,0,3,5,NA,2,018,OTAY LAKES ROAD,WUESTE ROAD,7920,E,N,C,-,N,NA,NA,NA,NA,NA,NA,NA,NA,NA,Y,3,0,2,2,A,-,03,22350,NA,N,A,C,A,B,H,-,A,D,0,NA,NA,NA,NA,Y,NA,A,01,0,1,1,0,0,0,0,0,0,-,-,32.63467025756836,-117.91300964355467,SAN DIEGO,UNINCORPORATED,-116.92250061035156,32.6362419128418
92001135,2023,2023-02-23,9680,2023-02-11,1215,017928,NA,6,1,9,3700,0,3,5,NA,2,005,E OLD JULIAN HWY,CREEK HOLLOW DR,2640,N,N,A,-,N,NA,NA,NA,NA,NA,NA,NA,NA,NA,Y,4,0,1,1,A,-,03,22350,NA,N,E,I,A,A,H,-,A,D,0,NA,NA,NA,NA,Y,NA,A,01,0,0,1,0,0,0,0,0,0,-,-,33.0548210144043,-116.77940368652344,SAN DIEGO,UNINCORPORATED,-116.7791748046875,33.054534912109375
92001483,2023,2023-02-23,9645,2023-02-21,850,016173,NA,2,1,7,3711,0,1,3,NA,2,020,SR-56 W/B TO I-5 S/B,CARMEL VALLEY ROAD,1130,S,N,A,-,Y,NA,NA,NA,NA,NA,NA,NA,NA,NA,Y,3,0,1,1,A,-,08,22107,NA,N,E,I,A,A,H,-,A,D,0,NA,NA,NA,NA,Y,NA,A,01,0,1,0,0,0,0,0,0,0,-,-,32.92898178100586,-117.24107360839844,SAN DIEGO,SAN DIEGO,-117.24107360839844,32.92898178100586
92001591,2023,2023-02-23,9645,2023-02-21,1550,017499,NA,2,2,7,3711,0,1,3,NA,2,006,I-805 SOUTHBOUND,LOGAN AVE. OC,100,N,N,B,-,Y,SD,NA,805,NA,NA,11.851,H,NA,L,Y,4,0,1,2,A,-,03,22350,NA,N,C,C,A,A,H,-,A,D,0,NA,NA,NA,NA,Y,NA,A,07,0,0,1,0,0,0,0,0,0,-,-,32.69707107543945,-117.094970703125,SAN DIEGO,SAN DIEGO,-117.09497833251952,32.69707107543945
92005389,2023,2023-02-28,9645,2023-02-26,1440,022193,NA,7,2,7,3711,0,1,1,NA,2,021,SR- 15 S/B,OCEAN VIEW BLVD,1400,N,N,A,-,Y,SD,NA,15,NA,R,0.93,H,NA,L,Y,3,0,2,3,A,-,08,22107,NA,F,B,C,A,A,H,-,A,D,0,NA,NA,NA,NA,Y,NA,A,01,0,1,1,0,0,0,0,0,0,-,-,32.70624923706055,-117.12059783935548,SAN DIEGO,SAN DIEGO,-117.1205596923828,32.70624542236328
92005445,2023,2023-02-28,9645,2023-02-26,658,016766,NA,7,1,7,3711,0,1,1,NA,2,017,I-15 N/B,SR-52 E/B,200,S,N,B,-,Y,SD,NA,15,NA,R,10.541,H,NA,R,Y,3,0,1,1,A,-,08,22107,NA,N,E,I,A,A,H,-,A,D,0,NA,NA,NA,NA,Y,NA,A,01,0,1,0,0,0,0,0,0,0,-,-,32.84135818481445,-117.1204071044922,SAN DIEGO,SAN DIEGO,-117.12053680419922,32.84137725830078
92005533,2023,2023-02-28,9680,2023-02-16,1025,014949,NA,4,1,9,3700,0,3,5,NA,2,006,LAKE MORENA DRIVE,BIG POTRERO TRUCK TRAIL,528,N,N,A,-,N,NA,NA,NA,NA,NA,NA,NA,NA,NA,Y,3,0,1,1,A,-,08,22107,NA,N,E,I,A,A,H,-,A,D,0,NA,NA,NA,NA,Y,NA,A,07,0,1,0,0,0,0,0,0,0,-,-,32.66286087036133,-116.50179290771484,SAN DIEGO,UNINCORPORATED,-116.50178527832033,32.661956787109375
92006684,2023,2023-03-01,9645,2023-02-23,720,017139,NA,4,1,6,3702,0,1,1,NA,2,001,I-5 N/B,I-5 S/B TO SR-54 E/B O/C,1400,S,N,B,C,Y,SD,NA,5,NA,NA,9.077,H,NA,R,N,4,0,1,2,A,-,03,22350,NA,N,B,C,A,B,H,-,A,D,0,NA,NA,Y,NA,Y,NA,C,02,0,0,1,0,0,0,0,0,1,-,-,32.64670181274414,-117.10240173339844,SAN DIEGO,CHULA VISTA,-117.10234832763672,32.64671325683594
92007007,2022,2023-03-01,9645,2022-09-21,1116,015698,NA,3,1,7,3711,0,1,3,NA,2,006,INTERSTATE 5 N/B FROM STATE ROUTE 94 W/B,22ND STREET OVERCROSSING,378,E,N,A,-,Y,SD,NA,94,NA,NA,1.721,H,NA,L,N,1,1,0,2,A,-,11,21954,A,N,G,B,E,A,H,-,A,D,0,Y,NA,NA,NA,Y,NA,N,60,0,0,0,1,0,0,0,0,0,-,-,32.71337127685547,-117.14250183105467,SAN DIEGO,SAN DIEGO,-117.14250183105467,32.713260650634766
92007727,2023,2023-03-02,9650,2023-02-24,2300,022625,NA,5,3,9,3700,0,1,1,NA,2,022,I-15 N/B,SR-76,425,S,N,B,C,Y,SD,NA,15,NA,R,46.389,H,NA,R,Y,4,0,1,2,A,-,01,23152,A,N,C,C,A,B,H,-,D,D,0,NA,NA,NA,NA,Y,Y,A,07,0,0,1,0,0,0,0,0,0,-,-,33.329811096191406,-117.15917205810548,SAN DIEGO,UNINCORPORATED,-117.1591567993164,33.329811096191406
92007857,2023,2023-03-02,9645,2023-02-22,2138,022932,NA,3,2,6,3702,0,1,1,NA,2,001,I-5 N/B TO SR-905 E/B,SR-905 O/C,500,S,N,C,-,Y,NA,NA,NA,NA,NA,NA,NA,NA,NA,Y,3,0,1,1,A,-,03,22350,NA,N,F,C,A,B,H,-,C,D,0,NA,NA,NA,NA,Y,NA,A,01,0,1,0,0,0,0,0,0,0,-,-,32.56507110595703,-117.07073974609376,SAN DIEGO,CHULA VISTA,-122.26020050048828,38.03316116333008
92008041,2023,2023-03-02,9645,2023-02-23,828,019410,NA,4,1,7,3711,0,1,1,NA,2,030,I-15 SB (HOV),SR-56 O/C,550,S,N,B,C,Y,SD,NA,15,NA,M,19.581,H,NA,L,Y,3,0,1,1,A,-,03,22350,NA,N,E,J,A,B,H,-,A,D,0,NA,NA,NA,NA,Y,NA,-,-,0,1,0,0,0,0,0,0,0,-,-,32.965980529785156,-117.09454345703124,SAN DIEGO,SAN DIEGO,-117.09480285644533,32.96609878540039
92008090,2023,2023-03-02,9645,2023-02-24,545,017473,NA,5,3,7,3711,0,1,1,NA,2,003,I-5 S/B,IMPERIAL AVE.,500,N,N,B,-,Y,SD,NA,5,NA,R,14.762,H,NA,L,Y,3,0,1,3,A,-,03,22350,NA,N,C,C,A,B,H,-,A,D,0,NA,NA,NA,NA,Y,NA,A,01,0,1,0,0,0,0,0,0,0,-,-,32.70975112915039,-117.14781951904295,SAN DIEGO,SAN DIEGO,-117.1477508544922,32.70975112915039
92010941,2023,2023-03-06,9650,2023-02-25,1525,022586,NA,6,2,9,3700,0,3,5,NA,1,160,GOPHER CANYON RD (1300 BLOCK),FAIRVIEW DR,300,E,N,C,-,N,NA,NA,NA,NA,NA,NA,NA,NA,NA,Y,3,0,1,2,A,-,03,22350,NA,N,D,C,A,B,H,-,A,D,0,NA,NA,NA,NA,Y,NA,A,01,0,1,0,0,0,0,0,0,0,-,-,33.24980163574219,-117.22129821777344,SAN DIEGO,UNINCORPORATED,-117.22103881835938,33.24987030029297
92011983,2023,2023-03-07,9645,2023-03-06,755,016156,NA,1,1,7,3711,0,1,1,NA,2,010,I-8 W/B,I-805 S/B,300,W,N,A,-,Y,SD,NA,8,NA,NA,4.295,H,NA,L,Y,3,0,1,1,A,-,03,22350,NA,N,F,A,A,A,H,-,A,D,0,NA,NA,Y,NA,Y,NA,C,02,0,1,0,0,0,0,0,0,1,-,-,32.77159881591797,-117.13327026367188,SAN DIEGO,SAN DIEGO,-117.13326263427734,32.771575927734375
92012043,2022,2023-03-07,9680,2022-09-19,1537,017928,NA,1,2,9,3700,0,1,3,NA,1,090,STATE ROUTE 67,MUSSEY GRADE ROAD,0,NA,Y,A,-,Y,SD,NA,67,NA,R,20.878,H,NA,R,Y,1,1,2,2,A,-,09,21802,A,N,D,C,A,A,H,-,A,A,0,NA,NA,NA,NA,Y,NA,D,22,0,1,1,0,0,0,0,0,0,-,-,33.00899124145508,-116.91468811035156,SAN DIEGO,UNINCORPORATED,-116.91468811035156,33.00897979736328
92016708,2023,2023-03-13,9680,2023-03-01,1030,022893,NA,3,1,9,3700,0,1,3,NA,1,071,SR-78,SAN FELIPE RD,7920,E,N,B,C,Y,SD,NA,78,NA,NA,71.625,H,NA,R,Y,3,0,1,1,A,-,03,22350,NA,N,E,I,A,B,H,-,A,A,0,NA,NA,NA,Y,Y,NA,F,55,0,1,0,0,0,0,0,0,0,-,-,33.108360290527344,-116.45037841796876,SAN DIEGO,UNINCORPORATED,-116.45035552978516,33.108299255371094
9201689,2020,2021-02-24,3708,2020-12-06,2043,LM1291,NA,7,5,5,3708,0,0,0,NA,0,001,NORMAL AV,DALE AV,0,NA,Y,A,-,N,NA,NA,NA,NA,NA,NA,NA,NA,NA,Y,4,0,1,2,A,-,12,22450,A,N,B,D,A,A,H,-,C,D,0,NA,NA,NA,NA,Y,NA,A,01,0,0,1,0,0,0,0,0,0,-,-,NA,NA,SAN DIEGO,LA MESA,-117.02915954589844,32.7577018737793
9201690,2020,2021-03-03,3708,2020-12-19,1731,LM1275,NA,6,5,5,3708,0,0,0,NA,0,003,ALVARADO RD,RT 8,1056,W,N,A,-,N,NA,NA,NA,NA,NA,NA,NA,NA,NA,N,4,0,1,1,A,-,03,22350,NA,N,E,I,A,-,H,-,C,D,0,NA,NA,Y,NA,Y,NA,C,02,0,0,1,0,0,0,0,0,1,-,EO,NA,NA,SAN DIEGO,LA MESA,-117.0458755493164,32.77306365966797
92018983,2023,2023-03-16,9650,2023-03-15,1408,021698,NA,3,2,5,3712,0,1,3,NA,2,019,SR-78 E/B,LAS POSAS RD,1584,E,N,C,-,Y,SD,NA,78,NA,NA,11.55,H,NA,R,Y,4,0,1,3,A,-,03,22350,NA,N,C,C,A,B,H,-,A,D,0,NA,NA,NA,NA,Y,NA,A,01,0,0,1,0,0,0,0,0,0,-,-,33.14126968383789,-117.18612670898438,SAN DIEGO,SAN MARCOS,-117.18614196777344,33.141239166259766
92019546,2023,2023-03-16,9680,2023-03-06,1615,022106,NA,1,2,9,3700,0,1,3,NA,2,028,SR-125 N/B,SWEETWATER RD,315,S,N,B,-,Y,SD,NA,125,NA,NA,12.549,H,NA,R,N,3,0,1,1,A,-,03,22350,NA,N,F,A,A,A,H,-,A,D,0,NA,NA,Y,NA,Y,NA,C,02,0,1,0,0,0,0,0,0,1,-,-,32.74232864379883,-117.01660919189452,SAN DIEGO,UNINCORPORATED,-117.01657104492188,32.742347717285156
92020047,2023,2023-03-16,9650,2023-03-15,2320,022625,NA,3,3,5,3712,0,1,3,NA,2,019,SR-78 E/B,TWIN OAKS VALLEY RD,2112,W,N,B,-,Y,SD,NA,78,NA,NA,12.55,H,NA,R,Y,4,0,1,2,A,-,03,22350,NA,N,D,C,A,B,H,-,D,D,0,NA,NA,NA,NA,Y,NA,A,01,0,0,1,0,0,0,0,0,0,-,-,33.13656997680664,-117.17008209228516,SAN DIEGO,SAN MARCOS,-117.17008972167967,33.13667297363281
92020066,2023,2023-03-16,9680,2023-03-06,130,021828,NA,1,3,9,3700,0,3,5,NA,2,004,LYONS VALLEY ROAD,HONEY SPRINGS RD,3168,E,N,A,-,N,NA,NA,NA,NA,NA,NA,NA,NA,NA,N,4,0,1,1,A,-,08,22107,NA,N,E,I,A,A,H,-,D,D,0,NA,NA,NA,NA,Y,NA,D,22,0,0,1,0,0,0,0,0,0,-,-,32.70777893066406,-116.73769378662108,SAN DIEGO,UNINCORPORATED,-116.7379913330078,32.70819854736328
92020955,2023,2023-03-17,9650,2023-03-14,425,020254,NA,2,3,9,3700,0,1,1,NA,2,003,I-5 N/B,WIRE MOUNTAIN RD,682,S,N,B,-,Y,SD,NA,5,NA,R,54.656,H,NA,R,Y,4,0,1,1,A,-,08,22107,NA,N,E,8,A,A,H,-,D,D,0,NA,NA,NA,NA,Y,NA,A,01,0,0,1,0,0,0,0,0,0,-,-,33.21379089355469,-117.38935089111328,SAN DIEGO,UNINCORPORATED,-117.38922882080078,33.21384048461914
92020980,2023,2023-04-17,9645,2023-03-08,740,015698,NA,3,1,5,3709,0,1,1,NA,2,001,I-5 N/B,MILE OF CARS WAY U/C,350,S,N,A,-,Y,SD,NA,5,NA,NA,9.852,H,NA,R,Y,3,0,1,2,A,-,07,21658,A,F,B,C,A,A,H,-,A,D,0,NA,NA,Y,NA,Y,NA,A,01,0,1,0,0,0,0,0,0,1,-,-,32.65732955932617,-117.1067123413086,SAN DIEGO,NATIONAL CITY,-117.1067123413086,32.65732955932617
92021442,2022,2023-03-17,9680,2022-10-17,1511,019384,NA,1,2,9,3700,0,3,5,NA,2,001,BRADLEY AVENUE,SAMS HILL RD,255,W,N,A,-,N,NA,NA,NA,NA,NA,NA,NA,NA,NA,N,3,0,1,2,B,-,22,NA,NA,M,D,G,A,A,H,-,A,D,0,NA,Y,NA,NA,Y,NA,L,04,0,1,0,0,0,0,1,0,0,-,-,32.81901168823242,-116.95366668701172,SAN DIEGO,UNINCORPORATED,-116.95361328125,32.81911849975586
9202245,2020,2021-02-18,3711,2020-12-21,2137,SD7784,NA,1,5,7,3711,0,0,0,NA,0,832,EL CAJON BL,43RD ST,0,NA,Y,A,-,N,NA,NA,NA,NA,NA,NA,NA,NA,NA,Y,4,0,1,2,A,-,12,21453,A,M,D,C,A,A,H,-,D,A,0,NA,NA,NA,NA,Y,Y,A,01,0,0,1,0,0,0,0,0,0,-,-,NA,NA,SAN DIEGO,SAN DIEGO,-117.10191345214844,32.755218505859375
92022654,2023,2023-03-20,9645,2023-03-11,105,020968,NA,6,3,7,3711,0,1,1,NA,2,005,I-5 SOUTHBOUND,DAMON AVENUE UNDERCROSSING,200,S,N,C,-,Y,SD,NA,5,NA,R,23.956,H,NA,L,N,3,0,1,1,A,-,01,23152,A,N,E,I,A,B,H,-,C,D,0,NA,NA,NA,NA,Y,Y,A,01,0,1,0,0,0,0,0,0,0,-,-,32.81209945678711,-117.22030639648438,SAN DIEGO,SAN DIEGO,-117.22029876708984,32.812103271484375
92022919,2023,2023-03-20,9650,2023-03-13,120,021844,NA,1,3,9,3700,0,3,5,NA,1,212,STERLING VIEW DR,E MISSION ROAD,2112,S,N,A,-,N,NA,NA,NA,NA,NA,NA,NA,NA,NA,Y,3,0,1,1,A,-,08,22107,NA,N,F,A,A,A,H,-,D,D,0,NA,NA,NA,NA,Y,NA,A,01,0,1,0,0,0,0,0,0,0,-,-,33.37921142578125,-117.16802978515624,SAN DIEGO,UNINCORPORATED,-117.17152404785156,33.387264251708984
9202324,2020,2021-02-17,3711,2020-12-09,1814,SD7476,NA,3,5,7,3711,0,0,0,NA,0,111,BALBOA AV,MOUNT ALIFAN DR,129,E,N,A,-,N,NA,NA,NA,NA,NA,NA,NA,NA,NA,N,3,0,1,2,A,-,09,21804,A,N,A,B,E,A,H,-,C,D,0,Y,NA,NA,NA,Y,NA,A,01,0,1,0,0,1,0,0,0,0,-,-,NA,NA,SAN DIEGO,SAN DIEGO,-117.17572021484376,32.82023620605469
92023865,2023,2023-03-21,9650,2023-03-14,408,019766,NA,2,3,6,3710,0,1,1,NA,2,005,I-5 N/B TO OCEANSIDE BLVD,OCEANSIDE BLVD,185,N,N,B,-,Y,NA,NA,NA,NA,NA,NA,NA,NA,NA,N,4,0,1,2,A,-,11,21954,A,N,E,J,E,A,H,-,D,D,0,Y,NA,NA,NA,Y,NA,N,60,0,0,1,0,1,0,0,0,0,-,-,33.1915283203125,-117.36174774169922,SAN DIEGO,OCEANSIDE,-117.36174774169922,33.1915283203125
9202549,2020,2021-02-11,3711,2020-12-18,0929,SD6532,NA,5,5,7,3711,0,0,0,NA,0,621,QUILLAN ST,INMAN ST,50,E,N,A,-,N,NA,NA,NA,NA,NA,NA,NA,NA,NA,N,4,0,1,2,A,-,11,21954,A,M,G,B,E,A,H,-,A,D,0,Y,NA,NA,NA,Y,NA,N,60,0,0,1,0,1,0,0,0,0,-,-,NA,NA,SAN DIEGO,SAN DIEGO,-117.18158721923828,32.78981018066406