CASE_ID,ACCIDENT_YEAR,PROC_DATE,JURIS,COLLISION_DATE,COLLISION_TIME,OFFICER_ID,REPORTING_DISTRICT,DAY_OF_WEEK,CHP_SHIFT,POPULATION,CNTY_CITY_LOC,SPECIAL_COND,BEAT_TYPE,CHP_BEAT_TYPE,CITY_DIVISION_LAPD,CHP_BEAT_CLASS,BEAT_NUMBER,PRIMARY_RD,SECONDARY_RD,DISTANCE,DIRECTION,INTERSECTION,WEATHER_1,WEATHER_2,STATE_HWY_IND,CALTRANS_COUNTY,CALTRANS_DISTRICT,STATE_ROUTE,ROUTE_SUFFIX,POSTMILE_PREFIX,POSTMILE,LOCATION_TYPE,RAMP_INTERSECTION,SIDE_OF_HWY,TOW_AWAY,COLLISION_SEVERITY,NUMBER_KILLED,NUMBER_INJURED,PARTY_COUNT,PRIMARY_COLL_FACTOR,PCF_CODE_OF_VIOL,PCF_VIOL_CATEGORY,PCF_VIOLATION,PCF_VIOL_SUBSECTION,HIT_AND_RUN,TYPE_OF_COLLISION,MVIW,PED_ACTION,ROAD_SURFACE,ROAD_COND_1,ROAD_COND_2,LIGHTING,CONTROL_DEVICE,CHP_ROAD_TYPE,PEDESTRIAN_ACCIDENT,BICYCLE_ACCIDENT,MOTORCYCLE_ACCIDENT,TRUCK_ACCIDENT,NOT_PRIVATE_PROPERTY,ALCOHOL_INVOLVED,STWD_VEHTYPE_AT_FAULT,CHP_VEHTYPE_AT_FAULT,COUNT_SEVERE_INJ,COUNT_VISIBLE_INJ,COUNT_COMPLAINT_PAIN,COUNT_PED_KILLED,COUNT_PED_INJURED,COUNT_BICYCLIST_KILLED,COUNT_BICYCLIST_INJURED,COUNT_MC_KILLED,COUNT_MC_INJURED,PRIMARY_RAMP,SECONDARY_RAMP,LATITUDE,LONGITUDE,COUNTY,CITY,POINT_X,POINT_Y
92069328,2023,2023-05-15,9650,2023-05-05,1650,019490,NA,5,2,5,3712,0,1,3,NA,2,019,SR-78 E/B,SAN MARCOS BLVD,1320,W,N,B,-,Y,SD,NA,78,NA,NA,11.875,H,NA,R,N,3,0,1,2,A,-,08,22107,NA,N,B,C,A,A,H,-,A,D,0,NA,NA,Y,NA,Y,NA,D,22,0,1,0,0,0,0,0,0,1,-,-,33.139461517333984,-117.18102264404295,SAN DIEGO,SAN MARCOS,-117.1810302734375,33.13943099975586
92071385,2023,2023-05-17,9680,2023-05-07,1728,021944,NA,7,2,9,3700,0,3,5,NA,2,002,HARNESS ST,CANYON DR,110,W,N,A,-,N,NA,NA,NA,NA,NA,NA,NA,NA,NA,Y,3,0,1,2,A,-,01,23152,A,N,C,E,A,A,H,-,A,D,0,NA,NA,NA,NA,Y,Y,A,01,0,1,0,0,0,0,0,0,0,-,-,32.718509674072266,-117.00402069091795,SAN DIEGO,UNINCORPORATED,-117.00390625,32.718509674072266
9207195,2020,2021-02-19,3709,2020-12-04,1703,NC0524,NA,5,5,5,3709,0,0,0,NA,0,021,EAST PLAZA BL,E PLAZA BL 1820,0,NA,Y,A,-,N,NA,NA,NA,NA,NA,NA,NA,NA,NA,Y,4,0,1,3,A,-,09,21801,A,N,B,C,A,A,H,-,C,D,0,NA,NA,NA,NA,Y,NA,A,01,0,0,1,0,0,0,0,0,0,-,-,NA,NA,SAN DIEGO,NATIONAL CITY,NA,NA
92071971,2023,2023-05-18,9645,2023-05-09,1755,020180,NA,2,2,7,3711,0,1,3,NA,2,016,SR-52 E/B,SPRING CANYON,63,W,N,A,-,Y,SD,NA,52,NA,NA,12.389,H,NA,R,N,2,0,1,2,A,-,03,22350,NA,N,C,C,A,A,H,-,A,D,0,NA,NA,Y,NA,Y,NA,C,02,1,0,0,0,0,0,0,0,1,-,-,32.851341247558594,-117.0390167236328,SAN DIEGO,SAN DIEGO,-117.03902435302734,32.851322174072266
9207214,2020,2021-02-22,3710,2020-12-21,1235,OC1422,NA,1,5,6,3710,0,0,0,NA,0,005,NORTH COAST HWY,MONTEREY DR,700,N,N,A,-,N,NA,NA,NA,NA,NA,NA,NA,NA,NA,Y,3,0,2,2,A,-,01,23152,G,N,A,C,A,A,H,-,A,D,0,NA,NA,NA,NA,Y,Y,A,01,0,2,0,0,0,0,0,0,0,-,-,NA,NA,SAN DIEGO,OCEANSIDE,-117.3873291015625,33.209510803222656
92073098,2023,2023-05-19,9650,2023-05-12,1645,021404,NA,5,2,9,3700,0,1,3,NA,1,028,SR-76,PALA MISSION ROAD,528,W,N,A,-,Y,SD,NA,76,NA,NA,22.875,H,NA,R,Y,4,0,1,3,A,-,09,21804,A,N,D,C,A,A,H,-,A,A,0,NA,NA,NA,NA,Y,NA,A,07,0,0,1,0,0,0,0,0,0,-,-,33.36457824707031,-117.0877685546875,SAN DIEGO,UNINCORPORATED,-117.0877685546875,33.364540100097656
9207358,2020,2021-02-11,3710,2020-12-27,1930,OC1500,NA,7,5,6,3710,0,0,0,NA,0,027,VISTA WY,VALLEY GLEN DR,0,NA,Y,B,-,NA,NA,NA,NA,NA,NA,NA,NA,NA,NA,Y,4,0,2,2,A,-,12,21453,A,M,D,C,A,A,H,-,C,A,0,NA,NA,NA,NA,Y,NA,A,01,0,0,2,0,0,0,0,0,0,-,-,NA,NA,SAN DIEGO,OCEANSIDE,-117.32269287109376,33.18254852294922
92073793,2023,2023-05-22,9680,2023-05-10,907,016415,NA,3,1,5,3781,0,1,3,NA,2,015,SR-52 WESTBOUND,FANITA DR.,878,E,N,A,-,Y,SD,NA,52,NA,NA,15.292,H,NA,L,Y,3,0,1,2,A,-,03,22350,NA,N,C,C,A,A,H,-,A,D,0,NA,NA,NA,NA,Y,NA,A,08,0,1,0,0,0,0,0,0,0,-,-,32.83675003051758,-116.99772644042967,SAN DIEGO,SANTEE,-116.99772644042967,32.83680725097656
92075548,2023,2023-05-23,9680,2023-05-12,120,023255,NA,5,3,5,3705,0,1,1,NA,2,082,I-8 W/B TO GREENFIELD DR,GREENFIELD DR.,400,E,N,A,-,Y,SD,NA,8,NA,R,18.82,H,NA,L,Y,3,0,1,1,A,-,08,22107,NA,N,E,I,A,A,H,-,D,D,0,NA,NA,NA,NA,Y,NA,A,01,0,1,0,0,0,0,0,0,0,-,-,32.81298065185547,-116.91690826416016,SAN DIEGO,EL CAJON,-116.91670989990234,32.81289291381836
92075656,2023,2023-05-23,9645,2023-05-12,209,019410,NA,5,3,7,3711,0,1,1,NA,2,019,I-15 S/B,SR-56 O/C,300,S,N,B,-,Y,SD,NA,15,NA,M,19.406,H,NA,L,Y,3,0,1,1,A,-,01,23152,A,N,E,I,A,A,H,-,C,D,0,NA,NA,NA,NA,Y,Y,A,01,0,1,0,0,0,0,0,0,0,-,-,32.96384048461914,-117.09616088867188,SAN DIEGO,SAN DIEGO,-117.0962371826172,32.96387481689453
92079327,2023,2023-05-26,9645,2023-05-16,605,015698,NA,2,1,7,3711,0,1,1,NA,2,003,I-5 SB,STATE ST U/C,250,N,N,B,-,Y,SD,NA,5,NA,R,17.17,H,NA,L,Y,4,0,1,1,A,-,08,22107,NA,N,E,I,A,A,H,-,C,D,0,NA,NA,NA,NA,Y,NA,A,01,0,0,1,0,0,0,0,0,0,-,-,32.72998046875,-117.16999816894533,SAN DIEGO,SAN DIEGO,-117.1701889038086,32.729862213134766
92079574,2023,2023-05-26,9680,2023-05-16,1542,019384,NA,2,2,9,3700,0,3,5,NA,2,001,GREENFIELD DRIVE,LA CRESTA ROAD,1056,S,N,A,-,N,NA,NA,NA,NA,NA,NA,NA,NA,NA,Y,4,0,2,3,A,-,03,22350,NA,N,C,C,A,A,H,-,A,A,0,NA,NA,NA,NA,Y,NA,A,07,0,0,2,0,0,0,0,0,0,-,-,32.80488967895508,-116.9082489013672,SAN DIEGO,UNINCORPORATED,-116.90835571289063,32.80495071411133
92082308,2023,2023-05-31,9680,2023-05-18,1855,017996,NA,4,2,9,3700,0,3,5,NA,2,002,AVOCADO BOULEVARD,PUEBLA DRIVE,0,NA,Y,A,-,N,NA,NA,NA,NA,NA,NA,NA,NA,NA,N,3,0,3,2,A,-,08,22107,NA,N,A,C,A,A,H,-,A,D,0,NA,NA,NA,NA,Y,NA,A,07,0,2,1,0,0,0,0,0,0,-,-,32.76287841796875,-116.961181640625,SAN DIEGO,UNINCORPORATED,-116.96116638183594,32.7628173828125
92082669,2023,2023-05-31,9645,2023-05-19,1712,022021,NA,5,2,7,3711,0,1,1,NA,2,021,SR-15 S/B,WIGHTMAN ST,1700,S,N,A,-,Y,SD,NA,15,NA,M,4.206,H,NA,L,N,4,0,2,2,A,-,03,22350,NA,N,C,C,A,A,H,-,A,D,0,NA,NA,NA,NA,Y,NA,A,08,0,0,2,0,0,0,0,0,0,-,-,32.74357986450195,-117.11096954345705,SAN DIEGO,SAN DIEGO,-117.11095428466795,32.74357223510742
92082716,2023,2023-05-31,9680,2023-05-19,1540,017928,NA,5,2,9,3700,0,1,3,NA,1,090,SR-67,RANCHO MARIA LN,1584,N,N,A,-,Y,SD,NA,67,NA,NA,22.08,H,NA,R,Y,4,0,1,2,A,-,03,22350,NA,N,C,C,A,A,H,-,A,D,0,NA,NA,NA,NA,Y,NA,A,07,0,0,1,0,0,0,0,0,0,-,-,33.02056884765625,-116.89913177490234,SAN DIEGO,UNINCORPORATED,-116.89913177490234,33.020572662353516
92084433,2023,2023-06-02,9650,2023-05-24,805,015600,NA,3,1,9,3700,0,2,4,NA,2,061,E MISSION RD.,HAMILTON LN,1500,E,N,B,-,N,NA,NA,NA,NA,NA,NA,NA,NA,NA,Y,3,0,1,2,A,-,08,22107,NA,N,A,C,A,B,H,-,A,D,0,NA,NA,NA,NA,Y,NA,A,01,0,1,0,0,0,0,0,0,0,-,-,33.39249038696289,-117.2108917236328,SAN DIEGO,UNINCORPORATED,-117.21048736572266,33.39311599731445
92084914,2023,2023-06-02,9645,2023-05-24,2005,022512,NA,3,2,7,3711,0,1,1,NA,2,027,STATE ROUTE 15 NORTHBOUND TO INTERSTATE 8,INTERSTATE 8,1500,S,N,A,-,Y,SD,NA,15,NA,M,6.411,H,NA,R,Y,4,0,1,2,A,-,08,22107,NA,F,B,C,A,A,H,-,D,D,0,NA,NA,NA,NA,Y,NA,-,99,0,0,1,0,0,0,0,0,0,-,-,32.77434158325195,-117.11170959472656,SAN DIEGO,SAN DIEGO,-117.11188507080078,32.77437973022461
92087370,2023,2023-06-06,9645,2023-05-26,1512,022729,NA,5,2,7,3711,0,1,1,NA,2,009,I-805 SOUTHBOUND,SR-94,335,N,N,A,-,Y,SD,NA,805,NA,NA,13.583,H,NA,L,N,4,0,1,2,A,-,03,22350,NA,N,C,C,A,A,H,-,A,D,0,NA,NA,NA,NA,Y,NA,A,07,0,0,1,0,0,0,0,0,0,-,-,32.72018051147461,-117.10291290283205,SAN DIEGO,SAN DIEGO,-117.10283660888672,32.720176696777344
92088535,2023,2023-06-07,9680,2023-06-07,1120,015877,NA,3,1,9,3700,0,3,5,NA,2,003,CORDIAL RD. (8700 BLOCK),RIDGE HILL RD.,425,S,N,A,-,N,NA,NA,NA,NA,NA,NA,NA,NA,NA,N,3,0,1,2,A,-,08,22107,NA,N,B,C,A,A,H,-,A,D,0,NA,NA,NA,NA,Y,NA,-,-,0,1,0,0,0,0,0,0,0,-,-,32.83829879760742,-116.88699340820313,SAN DIEGO,UNINCORPORATED,-116.88701629638672,32.838382720947266
92090097,2023,2023-06-09,9645,2023-05-30,1442,022729,NA,2,2,7,3711,0,1,1,NA,2,005,I-5 SOUTHBOUND,I-8,2112,S,N,B,-,Y,SD,NA,5,NA,R,19.62,H,NA,L,N,3,0,1,1,A,-,08,22107,NA,N,E,I,A,A,H,-,A,D,0,NA,NA,NA,NA,Y,NA,A,07,0,1,0,0,0,0,0,0,0,-,-,32.753990173339844,-117.2004165649414,SAN DIEGO,SAN DIEGO,-117.20052337646484,32.753883361816406
92091353,2023,2023-06-12,9680,2023-04-01,1730,022554,NA,6,2,9,3700,0,2,4,NA,1,094,WILDCAT CANYON RD,LITTLE KLONDIKE RD,5280,S,N,A,-,N,NA,NA,NA,NA,NA,NA,NA,NA,NA,Y,3,0,1,2,A,-,08,22107,NA,N,D,C,A,A,H,-,A,D,0,NA,NA,Y,NA,Y,NA,A,01,0,1,0,0,0,0,0,0,1,-,-,32.986629486083984,-116.82852172851563,SAN DIEGO,UNINCORPORATED,-116.82810974121094,32.98794174194336
92091818,2023,2023-06-12,9645,2023-05-31,1800,022193,NA,3,2,7,3711,0,1,1,NA,2,003,I-5 S/B,28TH ST,600,S,N,B,-,Y,SD,NA,5,NA,R,13.071,H,NA,L,Y,4,0,1,2,A,-,03,22350,NA,N,C,C,A,A,H,-,A,D,0,NA,NA,NA,NA,Y,NA,D,22,0,0,1,0,0,0,0,0,0,-,-,32.69438934326172,-117.12857818603516,SAN DIEGO,SAN DIEGO,-117.12857818603516,32.69440841674805
92092471,2023,2023-06-13,9680,2023-06-01,1040,019936,NA,4,1,9,3700,0,1,3,NA,1,024,SR-94 (CAMPO RD),MILLAR RANCH RD,1056,W,N,B,-,Y,SD,NA,94,NA,NA,15.279,H,NA,R,Y,4,0,2,1,A,-,08,22107,NA,N,B,I,A,A,H,-,A,D,0,NA,NA,NA,NA,Y,NA,A,01,0,0,2,0,0,0,0,0,0,-,-,32.73377990722656,-116.94071197509766,SAN DIEGO,UNINCORPORATED,-116.94066619873048,32.733787536621094
92094765,2023,2023-06-15,9645,2023-06-04,1640,022729,NA,7,2,7,3711,0,1,1,NA,2,015,I-805 SOUTHBOUND,GOVERNOR DRIVE,100,N,N,A,-,Y,SD,NA,805,NA,NA,24.542,H,NA,L,N,3,0,1,2,A,-,08,22107,NA,N,D,C,A,A,H,-,A,D,0,NA,NA,NA,NA,Y,NA,D,22,0,1,0,0,0,0,0,0,0,-,-,32.8590087890625,-117.18536376953124,SAN DIEGO,SAN DIEGO,-117.18531036376952,32.859031677246094
92095737,2023,2023-06-16,9645,2023-06-06,1322,022243,NA,2,1,7,3711,0,1,1,NA,2,009,I-805 NB,ORANGE AVENUE,1350,S,N,A,-,Y,SD,NA,805,NA,NA,4.167,H,NA,R,N,3,0,2,2,A,-,08,22107,NA,N,E,9,A,A,H,-,A,D,0,NA,NA,NA,Y,Y,NA,A,01,0,1,1,0,0,0,0,0,0,-,-,32.60224151611328,-117.03611755371094,SAN DIEGO,SAN DIEGO,-117.03614807128906,32.60224151611328
92096940,2023,2023-06-19,9645,2023-06-08,1526,020265,NA,4,2,7,3711,0,1,3,NA,2,006,SR-94 W/B,EUCLID AVE. O/C,200,W,N,A,-,Y,SD,NA,94,NA,NA,5.095,H,NA,L,N,3,0,2,4,A,-,03,22350,NA,N,C,A,A,A,H,-,A,D,0,NA,NA,NA,NA,Y,NA,A,01,0,2,0,0,0,0,0,0,0,-,-,32.718101501464844,-117.08574676513672,SAN DIEGO,SAN DIEGO,-117.08573150634766,32.7180061340332
92097390,2023,2023-06-20,9650,2023-06-09,1334,019979,NA,5,1,9,3700,0,1,1,NA,2,003,I-5 S/B,HARBOR DR.,1250,N,N,B,-,Y,SD,NA,5,NA,R,56.773,H,NA,L,N,4,0,2,2,A,-,03,22350,NA,N,C,C,A,A,H,-,A,D,0,NA,NA,NA,Y,Y,NA,F,26,0,0,2,0,0,0,0,0,0,-,-,33.23815155029297,-117.41011810302734,SAN DIEGO,UNINCORPORATED,-117.41008758544922,33.238189697265625
92097696,2023,2023-06-20,9645,2023-06-09,1710,022814,NA,5,2,7,3711,0,1,1,NA,2,010,I-8 EASTBOUND,QUALCOMM WAY,55,W,N,A,-,Y,SD,NA,8,NA,NA,3.884,H,NA,R,Y,4,0,1,3,A,-,03,22350,NA,N,C,C,A,A,H,-,A,D,0,NA,NA,NA,NA,Y,NA,A,07,0,0,1,0,0,0,0,0,0,-,-,32.76969909667969,-117.14002227783205,SAN DIEGO,SAN DIEGO,-117.14004516601563,32.76975631713867
92098033,2023,2023-06-20,9650,2023-05-16,515,021876,NA,2,3,9,3700,0,1,1,NA,2,021,S/B I-15,OLD HIGHWAY 395,2640,S,N,A,-,Y,SD,NA,15,NA,R,42.769,H,NA,L,N,4,0,1,2,A,-,03,22350,NA,N,B,C,A,A,H,-,C,D,0,NA,NA,Y,NA,Y,NA,C,02,0,0,1,0,0,0,0,0,1,-,-,33.27946853637695,-117.15238189697266,SAN DIEGO,UNINCORPORATED,-117.15241241455078,33.279483795166016
92098109,2023,2023-06-20,9650,2023-06-12,628,021698,NA,1,1,9,3700,0,3,5,NA,2,211,GUEJITO RD,HASKELL RD,190,S,N,C,-,N,NA,NA,NA,NA,NA,NA,NA,NA,NA,Y,4,0,1,1,A,-,08,22107,NA,N,F,A,A,B,H,-,B,D,0,NA,NA,NA,NA,Y,NA,A,01,0,0,1,0,0,0,0,0,0,-,-,33.17771911621094,-116.97110748291016,SAN DIEGO,UNINCORPORATED,NA,NA
92099298,2023,2023-06-21,9650,2023-06-15,1145,017328,NA,4,1,9,3700,0,1,1,NA,2,001,I-5 N/B,LAS PULGAS RD.,2000,N,N,B,-,Y,SD,NA,5,NA,R,62.461,H,NA,R,N,3,0,2,2,A,-,03,22350,NA,N,C,C,A,A,H,-,A,D,0,NA,NA,NA,NA,Y,NA,A,01,0,1,1,0,0,0,0,0,0,-,-,33.30263137817383,-117.46910858154295,SAN DIEGO,UNINCORPORATED,-117.46910095214844,33.30263900756836
92099639,2023,2023-06-22,9680,2023-06-10,2330,021764,NA,6,3,9,3700,0,3,5,NA,2,002,ELKELTON PL,PARADISE VALLEY RD,68,S,N,B,C,N,NA,NA,NA,NA,NA,NA,NA,NA,NA,N,4,0,1,2,A,-,03,22350,NA,N,A,C,A,B,H,-,D,A,0,NA,NA,NA,NA,Y,NA,A,01,0,0,1,0,0,0,0,0,0,-,-,32.702430725097656,-117.01235198974608,SAN DIEGO,UNINCORPORATED,-117.01244354248048,32.70252990722656
92100826,2023,2023-06-23,9680,2023-04-04,305,021828,NA,2,3,5,3705,0,1,1,NA,2,083,I-8 WESTBOUND,LAKE JENNINGS PARK RD.,48,E,N,A,-,Y,SD,NA,8,NA,R,21.842,H,NA,L,Y,4,0,1,2,A,-,08,22107,NA,N,B,C,A,A,H,-,C,D,0,NA,NA,NA,Y,Y,NA,A,01,0,0,1,0,0,0,0,0,0,-,-,32.84477996826172,-116.88153839111328,SAN DIEGO,EL CAJON,-116.88153076171876,32.84476089477539
92102197,2023,2023-06-26,9650,2023-06-19,1838,021338,NA,1,2,6,3710,0,1,1,NA,2,005,I-5 NB,CALIFORNIA ST,55,N,N,A,-,Y,SD,NA,5,NA,R,51.862,H,NA,R,N,4,0,1,3,A,-,03,22350,NA,N,C,C,A,A,H,-,A,D,0,NA,NA,NA,NA,Y,NA,-,31,0,0,1,0,0,0,0,0,0,-,-,33.184959411621094,-117.3576889038086,SAN DIEGO,OCEANSIDE,-117.35769653320313,33.18495559692383
92102440,2023,2023-06-26,9645,2023-06-16,135,021494,NA,5,3,7,3711,0,1,3,NA,2,016,SR-52 WESTBOUND,I-15,3400,E,N,A,-,Y,SD,NA,52,NA,NA,7.975,H,NA,L,Y,4,0,1,2,A,-,03,22350,NA,F,C,C,A,B,H,-,D,D,0,NA,NA,NA,NA,Y,NA,-,99,0,0,1,0,0,0,0,0,0,-,-,32.8419303894043,-117.10997009277344,SAN DIEGO,SAN DIEGO,-117.10997009277344,32.84189987182617
9210314,2020,2021-01-14,3702,2020-10-14,1918,CV1330,NA,3,5,6,3702,0,0,0,NA,0,032,FENTON ST,LANE AV,0,NA,Y,A,-,N,NA,NA,NA,NA,NA,NA,NA,NA,NA,N,4,0,1,2,A,-,22,23123,A,N,C,C,A,A,H,-,C,A,0,NA,NA,NA,NA,Y,Y,A,01,0,0,1,0,0,0,0,0,0,-,-,NA,NA,SAN DIEGO,CHULA VISTA,-116.96185302734376,32.65235137939453
92104172,2023,2023-06-28,9680,2023-06-17,1200,023102,NA,6,1,9,3700,0,2,4,NA,1,014,WINTER GARDENS BLVD,PUEBLO AVE,30,S,N,A,-,N,NA,NA,NA,NA,NA,NA,NA,NA,NA,N,3,0,1,2,A,-,08,22107,NA,N,B,G,A,A,H,-,A,D,0,NA,Y,NA,NA,Y,NA,L,04,0,1,0,0,0,0,1,0,0,-,-,32.84468078613281,-116.93129730224608,SAN DIEGO,UNINCORPORATED,-116.9313507080078,32.84473419189453
92105240,2023,2023-06-29,9645,2023-06-18,1850,022512,NA,7,2,5,3709,0,1,1,NA,2,009,INTERSTATE 805 SOUTHBOUND,PLAZA BOULEVARD,2275,S,N,A,-,Y,SD,NA,805,NA,NA,9.854,H,NA,L,N,3,0,2,2,A,-,08,22107,NA,M,B,C,A,A,H,-,A,D,0,NA,NA,NA,NA,Y,NA,-,99,0,1,1,0,0,0,0,0,0,-,-,32.67116928100586,-117.08213806152344,SAN DIEGO,NATIONAL CITY,-117.08211517333984,32.67117691040039
9210531,2021,2021-03-09,3702,2021-01-03,2157,CV0986,NA,7,5,6,3702,0,0,0,NA,0,014,EAST L ST,E FORTUNA ST,12,W,N,A,-,N,NA,NA,NA,NA,NA,NA,NA,NA,NA,Y,3,0,2,2,A,-,01,23153,A,N,B,C,A,A,H,-,C,D,0,NA,NA,NA,Y,Y,Y,-,NA,0,2,0,0,0,0,0,0,0,-,-,NA,NA,SAN DIEGO,CHULA VISTA,-117.05434417724608,32.62553024291992
9210601,2020,2021-03-10,3711,2020-12-31,1445,SD7425,NA,4,5,7,3711,0,0,0,NA,0,124,TORREY PINES RD,EXCHANGE PL,0,NA,Y,A,-,N,NA,NA,NA,NA,NA,NA,NA,NA,NA,N,3,0,2,2,A,-,09,21802,A,N,D,C,A,A,H,-,A,D,0,NA,NA,NA,NA,Y,NA,A,01,0,2,0,0,0,0,0,0,0,-,-,NA,NA,SAN DIEGO,SAN DIEGO,-117.26865386962892,32.84600830078125
9210639,2020,2021-02-24,3702,2020-12-04,1228,CV1279,NA,5,5,6,3702,0,0,0,NA,0,032,SCRIPPS AV,ITHACA ST,131,N,N,A,-,N,NA,NA,NA,NA,NA,NA,NA,NA,NA,N,3,0,1,1,A,-,17,23109,C,N,H,I,A,A,H,-,A,D,0,NA,NA,Y,NA,Y,NA,C,02,0,1,0,0,0,0,0,0,1,-,-,NA,NA,SAN DIEGO,CHULA VISTA,-116.987060546875,32.64380645751953
92108707,2023,2023-07-03,9650,2023-07-02,1126,019594,NA,7,1,9,3700,0,3,5,NA,2,211,DEER SPRINGS RD,CHAMPAGNE BLVD,49,W,N,A,-,N,NA,NA,NA,NA,NA,NA,NA,NA,NA,N,4,0,1,2,A,-,08,22107,NA,N,B,C,A,A,H,-,A,D,0,NA,NA,Y,NA,Y,NA,C,02,0,0,1,0,0,0,0,0,1,-,-,33.19831085205078,-117.12383270263672,SAN DIEGO,UNINCORPORATED,-117.12377166748048,33.19831466674805
9210883,2020,2021-01-13,3700,2020-10-25,1007,SH0375,NA,7,5,4,3720,0,0,0,NA,0,605,MOUNT VERNON ST,MASSACHUSETTS AV,0,NA,Y,A,-,N,NA,NA,NA,NA,NA,NA,NA,NA,NA,Y,4,0,1,2,A,-,04,21703,NA,M,C,C,A,A,H,-,C,A,0,NA,NA,NA,NA,Y,NA,-,NA,0,0,1,0,0,0,0,0,0,-,-,NA,NA,SAN DIEGO,LEMON GROVE,-117.04296875,32.73160171508789
92109529,2023,2023-07-05,9650,2023-06-26,2325,020747,NA,1,3,9,3700,0,2,4,NA,1,027,VALLEY CENTER RD,VESPER RD,1056,S,N,A,-,N,NA,NA,NA,NA,NA,NA,NA,NA,NA,N,4,0,1,1,A,-,08,22107,NA,N,H,A,A,A,H,-,D,D,0,NA,NA,NA,NA,Y,NA,A,01,0,0,1,0,0,0,0,0,0,-,-,33.22821044921875,-117.01776123046876,SAN DIEGO,UNINCORPORATED,-117.01847839355467,33.22913360595703
9210987,2021,2021-03-10,3711,2021-01-06,1510,SD7862,NA,3,5,7,3711,0,0,0,NA,0,312,VOGE ST,MINUTEMAN ST,15,N,N,A,-,N,NA,NA,NA,NA,NA,NA,NA,NA,NA,N,3,0,1,2,A,-,12,22450,A,N,G,G,A,A,H,-,A,D,0,NA,Y,NA,NA,Y,NA,L,04,0,1,0,0,0,0,1,0,0,-,-,NA,NA,SAN DIEGO,SAN DIEGO,-117.11067199707033,32.803768157958984
92110614,2023,2023-07-06,9650,2023-07-05,730,015600,NA,3,1,9,3700,0,3,5,NA,2,210,GOPHER CANYON RD,LITTLE GOPHER CANYON RD,120,E,N,A,-,N,NA,NA,NA,NA,NA,NA,NA,NA,NA,N,4,0,1,1,A,-,08,22107,NA,N,E,C,A,A,H,-,A,D,0,NA,NA,NA,NA,Y,NA,D,22,0,0,1,0,0,0,0,0,0,-,-,33.25716018676758,-117.21238708496094,SAN DIEGO,UNINCORPORATED,-117.21246337890624,33.257102966308594
9211193,2021,2021-03-11,3711,2021-01-07,1346,SD1022,NA,4,5,7,3711,0,0,0,NA,0,614,EBERS ST,MUIR AV,0,NA,N,A,-,N,NA,NA,NA,NA,NA,NA,NA,NA,NA,N,3,0,1,2,D,-,00,NA,NA,M,G,B,E,A,H,-,A,D,0,Y,NA,NA,NA,Y,Y,-,-,0,1,0,0,1,0,0,0,0,-,-,NA,NA,SAN DIEGO,SAN DIEGO,-117.24192810058594,32.74821090698242
9211220,2021,2021-03-12,3711,2021-01-01,1434,SD6985,NA,5,5,7,3711,0,0,0,NA,0,723,PALM AV,NORSTAD AV,0,NA,Y,A,-,N,NA,NA,NA,NA,NA,NA,NA,NA,NA,N,4,0,3,2,A,-,12,21453,A,N,D,C,A,A,H,-,A,A,0,NA,NA,NA,NA,Y,NA,A,01,0,0,3,0,0,0,0,0,0,-,-,NA,NA,SAN DIEGO,SAN DIEGO,-117.05401611328124,32.5838623046875
92113190,2023,2023-07-10,9645,2023-06-29,822,016138,NA,4,1,7,3711,0,1,1,NA,2,017,I-15 SOUTHBOUND,RANCHO PENASQUITOS BLVD,2000,S,N,A,-,Y,SD,NA,15,NA,M,17.795,H,NA,L,Y,3,0,2,3,A,-,03,22350,NA,N,C,C,A,A,H,-,A,D,0,NA,NA,NA,NA,Y,NA,A,01,0,1,1,0,0,0,0,0,0,-,-,32.943458557128906,-117.1093978881836,SAN DIEGO,SAN DIEGO,-117.10926818847656,32.94340896606445
92113395,2023,2023-07-10,9645,2023-06-29,1750,022729,NA,4,2,7,3711,0,1,1,NA,2,007,I-5 NORTHBOUND,DEL MAR HEIGHTS,528,N,N,A,-,Y,SD,NA,5,NA,R,34.264,H,NA,R,N,3,0,1,2,A,-,03,22350,NA,N,C,C,A,A,H,-,A,D,0,NA,NA,NA,NA,Y,NA,A,01,0,1,0,0,0,0,0,0,0,-,-,32.95188903808594,-117.2438507080078,SAN DIEGO,SAN DIEGO,-117.24390411376952,32.951881408691406