CASE_ID,ACCIDENT_YEAR,PROC_DATE,JURIS,COLLISION_DATE,COLLISION_TIME,OFFICER_ID,REPORTING_DISTRICT,DAY_OF_WEEK,CHP_SHIFT,POPULATION,CNTY_CITY_LOC,SPECIAL_COND,BEAT_TYPE,CHP_BEAT_TYPE,CITY_DIVISION_LAPD,CHP_BEAT_CLASS,BEAT_NUMBER,PRIMARY_RD,SECONDARY_RD,DISTANCE,DIRECTION,INTERSECTION,WEATHER_1,WEATHER_2,STATE_HWY_IND,CALTRANS_COUNTY,CALTRANS_DISTRICT,STATE_ROUTE,ROUTE_SUFFIX,POSTMILE_PREFIX,POSTMILE,LOCATION_TYPE,RAMP_INTERSECTION,SIDE_OF_HWY,TOW_AWAY,COLLISION_SEVERITY,NUMBER_KILLED,NUMBER_INJURED,PARTY_COUNT,PRIMARY_COLL_FACTOR,PCF_CODE_OF_VIOL,PCF_VIOL_CATEGORY,PCF_VIOLATION,PCF_VIOL_SUBSECTION,HIT_AND_RUN,TYPE_OF_COLLISION,MVIW,PED_ACTION,ROAD_SURFACE,ROAD_COND_1,ROAD_COND_2,LIGHTING,CONTROL_DEVICE,CHP_ROAD_TYPE,PEDESTRIAN_ACCIDENT,BICYCLE_ACCIDENT,MOTORCYCLE_ACCIDENT,TRUCK_ACCIDENT,NOT_PRIVATE_PROPERTY,ALCOHOL_INVOLVED,STWD_VEHTYPE_AT_FAULT,CHP_VEHTYPE_AT_FAULT,COUNT_SEVERE_INJ,COUNT_VISIBLE_INJ,COUNT_COMPLAINT_PAIN,COUNT_PED_KILLED,COUNT_PED_INJURED,COUNT_BICYCLIST_KILLED,COUNT_BICYCLIST_INJURED,COUNT_MC_KILLED,COUNT_MC_INJURED,PRIMARY_RAMP,SECONDARY_RAMP,LATITUDE,LONGITUDE,COUNTY,CITY,POINT_X,POINT_Y
92165614,2023,2023-09-08,9645,2023-08-26,20,023324,NA,6,3,7,3711,0,1,1,NA,2,011,I-805 NORTHBOUND,I-8,1320,S,N,A,-,Y,SD,NA,805,NA,NA,17.379,H,NA,R,Y,3,0,4,1,A,-,01,23152,A,N,F,A,A,A,H,-,D,D,0,NA,NA,NA,NA,Y,Y,A,01,0,1,3,0,0,0,0,0,0,-,-,32.76852035522461,-117.12953948974608,SAN DIEGO,SAN DIEGO,-117.12957000732422,32.76850891113281
92165797,2023,2023-10-31,9680,2023-08-26,2255,021584,NA,6,3,9,3700,0,1,3,NA,1,090,STATE ROUTE 67,BOORTZ LANE,330,N,N,A,-,Y,SD,NA,67,NA,R,20.68,H,NA,R,Y,4,0,1,1,A,-,01,23152,A,N,E,I,A,A,H,-,D,D,0,NA,NA,NA,NA,Y,Y,D,22,0,0,1,0,0,0,0,0,0,-,-,33.00986099243164,-116.91773986816406,SAN DIEGO,UNINCORPORATED,-116.9177703857422,33.009788513183594
92166858,2023,2023-09-11,9680,2023-08-29,700,015877,NA,2,1,9,3700,0,1,1,NA,2,082,I-8 W/B,LOS COCHES RD.,1584,E,N,A,-,Y,SD,NA,8,NA,R,20.3,H,NA,L,Y,3,0,2,3,A,-,03,22350,NA,N,C,C,A,A,H,-,A,D,0,NA,NA,NA,NA,Y,NA,A,01,0,2,0,0,0,0,0,0,0,-,-,32.82902145385742,-116.90032958984376,SAN DIEGO,UNINCORPORATED,-116.9003448486328,32.82903289794922
92167195,2023,2023-09-11,9650,2023-09-04,915,019979,NA,1,1,9,3700,0,1,1,NA,2,003,I-5 S/B,SANTA MARGARITA RIVER,10,S,N,A,-,Y,SD,NA,5,NA,R,56.442,H,NA,L,N,4,0,1,1,A,-,03,22350,NA,N,E,J,A,A,H,-,A,D,0,NA,Y,NA,NA,Y,NA,-,-,0,0,1,0,0,0,1,0,0,-,-,33.23480987548828,-117.40619659423828,SAN DIEGO,UNINCORPORATED,-117.40613555908205,33.234859466552734
92167501,2023,2023-09-11,9680,2023-08-31,1450,021764,NA,4,2,9,3700,0,1,3,NA,2,016,SR-67 S/B,FLETCHER PKY,528,N,N,A,-,Y,SD,NA,67,NA,R,0.516,H,NA,L,N,4,0,3,2,A,-,03,22350,NA,N,C,C,A,A,H,-,A,D,0,NA,NA,NA,NA,Y,NA,A,01,0,0,3,0,0,0,0,0,0,-,-,32.81053161621094,-116.96212005615234,SAN DIEGO,UNINCORPORATED,-116.96209716796876,32.81052780151367
92168041,2023,2023-09-12,9680,2023-08-11,2114,023240,NA,5,2,9,3700,0,3,5,NA,2,002,SWEETWATER RD,SAINT GEORGE ST,315,N,N,A,-,N,NA,NA,NA,NA,NA,NA,NA,NA,NA,N,3,0,1,2,A,-,09,21801,A,N,F,A,A,A,H,-,C,D,0,NA,NA,Y,NA,Y,NA,A,01,0,1,0,0,0,0,0,0,1,-,-,32.71318817138672,-117.01268768310548,SAN DIEGO,UNINCORPORATED,-117.01273345947266,32.71303939819336
92169097,2023,2023-09-13,9680,2023-09-02,925,017928,NA,6,1,9,3700,0,2,4,NA,1,096,HIGHLAND VALLEY RD,EAGLES CREST RD,2112,N,N,B,-,N,NA,NA,NA,NA,NA,NA,NA,NA,NA,Y,4,0,1,1,A,-,03,22350,NA,N,E,I,A,A,H,-,A,D,0,NA,NA,Y,NA,Y,NA,C,02,0,0,1,0,0,0,0,0,1,-,-,33.04912185668945,-116.97058868408205,SAN DIEGO,UNINCORPORATED,-116.97061920166016,33.049964904785156
9216963,2020,2021-02-09,3700,2020-12-26,1916,SH3095,NA,6,5,5,3781,0,0,0,NA,0,508,MAST BL,EUCALYPTUS CT,204,W,N,A,-,N,NA,NA,NA,NA,NA,NA,NA,NA,NA,Y,4,0,2,3,A,-,03,22350,NA,M,D,C,A,A,H,-,C,D,0,NA,NA,NA,NA,Y,Y,-,99,0,0,2,0,0,0,0,0,0,-,-,NA,NA,SAN DIEGO,SANTEE,-116.96797943115234,32.85519027709961
92170124,2023,2023-09-14,9680,2023-09-04,1335,017621,NA,1,1,9,3700,0,1,3,NA,1,090,SR-67,DYE RD.,1056,N,N,A,-,Y,SD,NA,67,NA,NA,21.583,H,NA,R,Y,4,0,1,2,A,-,09,21801,A,N,D,C,A,A,H,-,A,D,0,NA,NA,NA,NA,Y,NA,A,01,0,0,1,0,0,0,0,0,0,-,-,33.01552963256836,-116.90557861328124,SAN DIEGO,UNINCORPORATED,-116.90557098388672,33.01552200317383
92171424,2023,2023-09-15,9680,2023-09-04,1705,017401,NA,1,2,9,3700,0,1,3,NA,1,052,SR-78,SR-79,0,NA,Y,A,-,Y,SD,NA,78,NA,NA,51.11,H,NA,R,Y,4,0,3,3,A,-,09,21801,A,N,D,C,A,A,H,-,A,A,0,NA,NA,NA,NA,Y,NA,A,07,0,0,3,0,0,0,0,0,0,-,-,33.10926818847656,-116.67395782470705,SAN DIEGO,UNINCORPORATED,-116.67393493652344,33.10920715332031
92175950,2023,2023-09-21,9645,2023-09-07,1355,019241,NA,4,1,6,3702,0,1,1,NA,2,009,I-805 NORTHBOUND,PALM AVENUE O/C,335,S,N,A,-,Y,SD,NA,805,NA,NA,2.823,H,NA,R,Y,4,0,2,2,A,-,03,22350,NA,N,C,C,A,A,H,-,A,D,0,NA,NA,NA,NA,Y,NA,A,01,0,0,2,0,0,0,0,0,0,-,-,32.582740783691406,-117.03704833984376,SAN DIEGO,CHULA VISTA,-117.03710174560548,32.58274841308594
9217774,2021,2021-03-10,3709,2021-01-27,1734,NC0517,NA,3,5,5,3709,0,0,0,NA,0,021,EAST 4TH ST,DREXEL  ST,0,NA,Y,A,-,N,NA,NA,NA,NA,NA,NA,NA,NA,NA,Y,3,0,2,2,A,-,09,21801,A,N,D,C,A,A,H,-,B,D,0,NA,NA,NA,NA,Y,NA,-,NA,0,1,1,0,0,0,0,0,0,-,-,NA,NA,SAN DIEGO,NATIONAL CITY,-117.0791473388672,32.68745040893555
92178583,2023,2023-09-25,9650,2023-09-22,853,020497,NA,5,1,5,3712,0,1,3,NA,2,019,SR-78 W/B,SAN MARCOS BLVD,100,E,N,B,-,Y,SD,NA,78,NA,NA,12.197,H,NA,L,N,4,0,1,2,A,-,08,22107,NA,N,C,C,A,A,H,-,A,D,0,NA,NA,Y,NA,Y,NA,C,02,0,0,1,0,0,0,0,0,1,-,-,33.13766098022461,-117.1756591796875,SAN DIEGO,SAN MARCOS,-117.17565155029295,33.13767623901367
92181177,2023,2023-09-27,9680,2023-09-16,2030,023255,NA,6,2,9,3700,0,2,4,NA,1,013,WILDCAT CANYON RD,11735 WILDCAT CANYON RD,16,S,N,A,-,N,NA,NA,NA,NA,NA,NA,NA,NA,NA,Y,3,0,1,1,A,-,08,22107,NA,N,E,I,A,A,H,-,D,D,0,NA,NA,Y,NA,Y,NA,C,02,0,1,0,0,0,0,0,0,1,-,-,32.88949966430664,-116.89131927490234,SAN DIEGO,UNINCORPORATED,-116.8759765625,32.92362976074219
92181709,2023,2023-09-27,9645,2023-09-16,1008,020623,NA,6,1,7,3711,0,1,1,NA,2,001,I-5 S/B,MAIN STREET,800,N,N,B,-,Y,SD,NA,5,NA,R,11.939,H,NA,L,N,3,0,1,3,A,-,03,22350,NA,N,E,J,A,A,H,-,A,D,0,NA,NA,NA,NA,Y,NA,A,01,0,1,0,0,0,0,0,0,0,-,-,32.685970306396484,-117.11293029785156,SAN DIEGO,SAN DIEGO,-117.11294555664063,32.68596267700195
92183933,2023,2023-10-02,9680,2023-09-18,910,021501,NA,1,1,9,3700,0,1,3,NA,1,051,SR-79,LOOKOUT ROAD,4752,S,N,A,-,Y,SD,NA,79,NA,NA,8.317,H,NA,R,Y,3,0,1,2,A,-,05,21460,A,N,A,C,A,A,H,-,A,A,0,NA,NA,NA,NA,Y,NA,A,01,0,1,0,0,0,0,0,0,0,-,-,32.948280334472656,-116.57833862304688,SAN DIEGO,UNINCORPORATED,-116.57831573486328,32.94827651977539
92186282,2023,2023-10-02,9680,2023-09-20,725,016415,NA,3,1,5,3781,0,1,3,NA,2,015,SR-52 WESTBOUND,MISSION GORGE RD U/C,904,W,N,A,-,Y,SD,NA,52,NA,NA,14.661,H,NA,L,N,3,0,1,2,A,-,03,22350,NA,N,B,C,A,A,H,-,A,D,0,NA,NA,Y,NA,Y,NA,C,02,0,1,0,0,0,0,0,0,1,-,-,32.836639404296875,-117.00850677490234,SAN DIEGO,SANTEE,-117.00851440429688,32.83664321899414
92189245,2023,2023-10-03,9645,2023-08-11,1755,022512,NA,5,2,7,3711,0,1,3,NA,2,002,STATE ROUTE 905 EASTBOUND,LA MEDIA ROAD,940,E,N,A,-,Y,NA,NA,NA,NA,NA,NA,NA,NA,NA,Y,4,0,3,3,A,-,03,22350,NA,F,C,C,A,A,H,-,A,D,0,NA,NA,NA,NA,Y,NA,-,99,0,0,3,0,0,0,0,0,0,-,-,32.56407928466797,-117.95912170410156,SAN DIEGO,SAN DIEGO,-116.96002960205078,32.56405258178711
92191238,2023,2023-10-04,9645,2023-09-26,2010,017499,NA,2,2,5,3709,0,1,1,NA,2,009,I-805 SOUTHBOUND,47TH ST. UC,1056,S,N,A,-,Y,SD,NA,805,NA,NA,10.846,H,NA,L,N,2,0,2,2,A,-,03,22350,NA,N,C,D,A,A,H,-,A,D,0,NA,NA,Y,NA,Y,NA,C,02,1,0,1,0,0,0,0,0,1,-,-,32.68415832519531,-117.08914947509766,SAN DIEGO,NATIONAL CITY,-117.08907318115234,32.68422317504883
9219199,2021,2021-03-11,3711,2021-01-21,1601,SD5342,NA,4,5,7,3711,0,0,0,NA,0,232,CHICARITA CT,CHICARITA CT 14140,0,NA,Y,B,-,N,NA,NA,NA,NA,NA,NA,NA,NA,NA,N,3,0,2,2,A,-,09,21801,A,N,A,C,A,A,H,-,A,D,0,NA,NA,NA,NA,Y,NA,A,01,0,1,1,0,0,0,0,0,0,-,-,NA,NA,SAN DIEGO,SAN DIEGO,-117.08717,32.975764
92192196,2023,2023-10-05,9650,2023-09-27,707,023426,NA,3,1,9,3700,0,1,3,NA,2,019,SR-78,VISTA VILLAGE DR,98,E,N,A,-,Y,SD,NA,78,NA,NA,6.232,H,NA,R,Y,3,0,1,1,A,-,08,22107,NA,N,F,A,A,A,H,-,A,D,0,NA,NA,Y,NA,Y,Y,-,-,0,1,0,0,0,0,0,0,1,-,-,33.19477081298828,-117.24965667724608,SAN DIEGO,UNINCORPORATED,-117.24968719482422,33.1946907043457
9219288,2020,2021-02-10,3711,2020-11-20,0938,SD6025,NA,5,5,7,3711,0,0,0,NA,0,722,DAIRYMART RD,RT 56,0,NA,Y,A,-,N,NA,NA,NA,NA,NA,NA,NA,NA,NA,N,4,0,2,2,A,-,09,21453,B,N,D,C,A,A,H,-,A,A,0,NA,NA,NA,NA,Y,NA,A,01,0,0,2,0,0,0,0,0,0,-,SF,NA,NA,SAN DIEGO,SAN DIEGO,NA,NA
92193002,2023,2023-10-06,9645,2023-09-28,915,014461,NA,4,1,7,3711,0,1,1,NA,2,019,I-15 NORTHBOUND,GEORGE COOKE EXPRESS DR. O/C,600,N,N,B,-,Y,SD,NA,15,NA,M,23.238,H,NA,R,Y,4,0,1,2,A,-,07,21658,A,F,E,I,A,A,H,-,A,D,0,NA,NA,NA,NA,Y,Y,-,99,0,0,1,0,0,0,0,0,0,-,-,33.01647186279297,-117.07917785644533,SAN DIEGO,SAN DIEGO,-117.0790786743164,33.01646041870117
9219409,2021,2021-03-17,3700,2021-01-03,2148,SH0431,NA,7,5,4,3720,0,0,0,NA,0,603,SWEETWATER RD,SHANNONBROOK CT,469,N,N,A,-,N,NA,NA,NA,NA,NA,NA,NA,NA,NA,Y,4,0,1,2,A,-,01,23153,A,N,B,C,A,A,H,-,D,D,0,NA,NA,NA,NA,Y,Y,D,22,0,0,1,0,0,0,0,0,0,-,-,NA,NA,SAN DIEGO,LEMON GROVE,-117.01497650146484,32.741539001464844
92194512,2023,2023-10-09,9645,2023-09-28,1520,021231,NA,4,2,7,3711,0,1,1,NA,2,011,I-805 S/B,I-8,300,S,N,A,-,Y,SD,NA,805,NA,NA,17.443,H,NA,L,N,3,0,1,2,A,-,03,22350,NA,N,C,C,A,A,H,-,A,D,0,NA,NA,NA,NA,Y,NA,A,07,0,1,0,0,0,0,0,0,0,-,-,32.76918029785156,-117.13027954101563,SAN DIEGO,SAN DIEGO,-117.13028717041016,32.7691764831543
92195280,2023,2023-10-10,9645,2023-09-30,845,017723,NA,6,1,6,3702,0,1,1,NA,2,009,I-805 S/BTO H ST W/B,H ST,528,S,N,B,-,Y,NA,NA,NA,NA,NA,NA,NA,NA,NA,Y,4,0,1,1,A,-,08,22107,NA,N,F,A,A,A,H,-,A,A,0,NA,NA,NA,Y,Y,NA,G,25,0,0,1,0,0,0,0,0,0,-,-,32.640560150146484,-117.05719757080078,SAN DIEGO,CHULA VISTA,NA,NA
92195504,2023,2023-10-10,9645,2023-09-30,1550,022814,NA,6,2,7,3711,0,1,1,NA,2,001,I-5 NORTHBOUND,PALM AVE,1830,N,N,A,-,Y,SD,NA,5,NA,NA,4.976,H,NA,R,Y,4,0,1,1,A,-,08,22107,NA,N,A,I,A,A,H,-,A,D,0,NA,NA,NA,NA,Y,NA,A,08,0,0,1,0,0,0,0,0,0,-,-,32.58879852294922,-117.08757781982422,SAN DIEGO,SAN DIEGO,-117.08772277832033,32.58878707885742
92197741,2023,2023-10-12,9680,2023-09-30,2230,023102,NA,6,3,9,3700,0,3,5,NA,2,001,ASHWOOD STREET,MAPLEVIEW STREET,875,N,N,A,-,N,NA,NA,NA,NA,NA,NA,NA,NA,NA,Y,3,0,1,2,A,-,09,21804,A,N,D,C,A,A,H,-,C,D,0,NA,NA,NA,Y,Y,NA,-,-,0,1,0,0,0,0,0,0,0,-,-,32.866031646728516,-116.91680145263672,SAN DIEGO,UNINCORPORATED,-116.91705322265624,32.86573791503906
92199827,2023,2023-10-16,9645,2023-09-18,1624,023210,NA,1,2,7,3711,0,1,1,NA,2,010,I-8 E/B,I-5 S/B TO ROSECRANS OFF RAMP O/C,1800,W,N,A,-,Y,SD,NA,8,NA,L,1.947,H,NA,R,Y,3,0,5,5,A,-,03,22350,NA,N,C,C,A,A,H,-,A,D,0,NA,NA,NA,NA,Y,NA,D,22,0,3,2,0,0,0,0,0,0,-,-,32.7586784362793,-117.21137237548828,SAN DIEGO,SAN DIEGO,-117.21137237548828,32.758689880371094
92200228,2023,2023-10-16,9650,2023-10-07,830,017328,NA,6,1,9,3700,0,1,3,NA,1,028,SR-76,MAGEE RD.,650,W,N,A,-,Y,SD,NA,76,NA,NA,24.518,H,NA,R,N,3,0,1,1,A,-,08,22107,NA,N,F,A,A,A,H,-,A,D,0,NA,NA,Y,NA,Y,NA,C,02,0,1,0,0,0,0,0,0,1,-,-,33.363929748535156,-117.05964660644533,SAN DIEGO,UNINCORPORATED,-117.05965423583984,33.36388397216797
92201321,2023,2023-10-17,9645,2023-10-10,546,016138,NA,2,3,7,3711,0,1,3,NA,2,016,SR-52 WESTBOUND,MAST BLVD,115,E,N,A,-,Y,SD,NA,52,NA,NA,13.315,H,NA,L,Y,4,0,2,4,A,-,03,22350,NA,N,C,C,A,A,H,-,D,D,0,NA,NA,NA,NA,Y,NA,A,01,0,0,2,0,0,0,0,0,0,-,-,32.84468078613281,-117.0260772705078,SAN DIEGO,SAN DIEGO,-117.02606201171876,32.844688415527344
92204796,2023,2023-10-20,9645,2023-10-13,1400,022021,NA,5,2,7,3711,0,1,1,NA,2,015,I-805 S/B,GOVERNOR DR,2300,N,N,A,-,Y,SD,NA,805,NA,NA,24.897,H,NA,L,Y,4,0,1,2,A,-,03,22350,NA,N,C,C,A,A,H,-,A,D,0,NA,NA,NA,NA,Y,NA,A,01,0,0,1,0,0,0,0,0,0,-,-,32.86315155029297,-117.18888854980467,SAN DIEGO,SAN DIEGO,-117.18882751464844,32.863189697265625
92206448,2023,2023-10-23,9680,2023-10-11,1404,017401,NA,3,2,9,3700,0,1,3,NA,1,052,SR-78,SR-79,5280,W,N,A,-,Y,SD,NA,78,NA,NA,50.123,H,NA,R,Y,4,0,1,2,A,-,03,22350,NA,N,B,C,A,A,H,-,A,D,0,NA,NA,NA,NA,Y,NA,A,01,0,0,1,0,0,0,0,0,0,-,-,33.105018615722656,-116.68981170654295,SAN DIEGO,UNINCORPORATED,-116.68981170654295,33.10501480102539
92206449,2023,2023-10-23,9645,2023-10-14,2330,021359,NA,6,3,7,3711,0,1,1,NA,2,019,I-15 S/B,TED WILLIAMS PKWY,127,N,N,A,-,Y,NA,NA,NA,NA,NA,NA,NA,NA,NA,Y,4,0,1,1,A,-,03,22350,NA,N,E,I,A,A,H,-,D,D,0,NA,NA,NA,NA,Y,NA,A,01,0,0,1,0,0,0,0,0,0,-,-,32.96485900878906,-117.09684753417967,SAN DIEGO,SAN DIEGO,-117.09561920166016,32.964874267578125
92206536,2023,2023-10-24,9650,2023-09-29,100,022625,NA,5,3,6,3706,0,1,1,NA,2,023,I-15 N/B,W 9TH AVE,528,S,N,A,-,Y,SD,NA,15,NA,R,29.946,H,NA,R,N,4,0,1,3,A,-,01,23152,A,N,C,C,A,A,H,-,D,D,0,NA,NA,NA,Y,Y,Y,A,01,0,0,1,0,0,0,0,0,0,-,-,33.10639953613281,-117.0934829711914,SAN DIEGO,ESCONDIDO,-117.09354400634766,33.10637283325195
92208077,2023,2023-10-25,9650,2023-10-22,1137,015446,NA,7,1,9,3700,0,3,5,NA,2,213,EAST GRADE ROAD,CRESTLINE ROAD,2640,E,N,A,-,N,NA,NA,NA,NA,NA,NA,NA,NA,NA,Y,4,0,1,1,A,-,08,22107,NA,N,E,I,A,A,H,-,A,D,0,NA,NA,Y,NA,Y,NA,C,02,0,0,1,0,0,0,0,0,1,-,-,33.30693054199219,-116.85723876953124,SAN DIEGO,UNINCORPORATED,-116.85718536376952,33.30697250366211
92208749,2023,2023-10-25,9650,2023-10-15,1138,015446,NA,7,1,9,3700,0,1,3,NA,2,065,SR-76 W/B,I-15,25,W,N,A,-,Y,SD,NA,76,NA,R,17.157,H,NA,L,Y,4,0,1,2,A,-,09,21453,B,N,C,C,A,A,H,-,A,A,0,NA,NA,NA,NA,Y,NA,A,01,0,0,1,0,0,0,0,0,0,-,-,33.32965850830078,-117.1609115600586,SAN DIEGO,UNINCORPORATED,-117.16094970703124,33.32969284057617
9220962,2021,2021-03-25,3711,2021-02-07,1836,SD7387,NA,7,5,7,3711,0,0,0,NA,0,122,MISSION BAY DR,GRAND AV,0,NA,Y,A,-,N,NA,NA,NA,NA,NA,NA,NA,NA,NA,N,4,0,2,2,D,-,00,NA,NA,N,D,C,A,A,H,-,B,A,0,NA,NA,NA,NA,Y,NA,-,-,0,0,2,0,0,0,0,0,0,-,-,NA,NA,SAN DIEGO,SAN DIEGO,-117.21520233154295,32.801849365234375
9221328,2020,2021-02-24,3700,2020-12-19,1058,SH7085,NA,6,5,5,3713,0,0,0,NA,0,312,SOUTH MELROSE DR,HACIENDA DR,36,N,N,A,-,N,NA,NA,NA,NA,NA,NA,NA,NA,NA,N,4,0,1,2,A,-,08,22107,NA,N,D,G,A,A,D,-,A,A,0,NA,Y,NA,NA,Y,NA,A,08,0,0,1,0,0,0,1,0,0,-,-,NA,NA,SAN DIEGO,VISTA,-117.2537078857422,33.19376754760742
9221912,2020,2021-03-15,3700,2020-12-13,1600,SH2558,NA,7,5,5,3712,0,0,0,NA,0,354,NORDAHL RD,RT 78,0,NA,Y,A,-,Y,SD,11,78,-,-,15.34,R,4,W,N,2,0,1,2,A,-,05,21650,1,N,D,G,A,A,H,-,A,A,0,NA,Y,NA,NA,Y,NA,L,04,1,0,0,0,0,0,1,0,0,-,WO,NA,NA,SAN DIEGO,SAN MARCOS,-117.12368011474608,33.133216857910156
92223284,2023,2023-10-31,9680,2023-10-16,1235,016102,NA,1,1,9,3700,0,1,1,NA,2,086,INTERSTATE 8 WEST (I-8W),WILLIAMS ROAD,528,E,N,A,-,Y,SD,NA,8,NA,R,62.347,H,NA,L,Y,4,0,1,1,A,-,08,22107,NA,N,E,I,A,A,H,-,A,D,0,NA,NA,NA,NA,Y,NA,A,01,0,0,1,0,0,0,0,0,0,-,-,32.702999114990234,-116.34178924560548,SAN DIEGO,UNINCORPORATED,-116.341796875,32.702972412109375
92224262,2023,2023-10-31,9680,2023-10-19,2300,020720,NA,4,3,9,3700,0,2,4,NA,1,026,JAMACHA RD,SWEETWATER RD,385,E,N,A,-,N,NA,NA,NA,NA,NA,NA,NA,NA,NA,N,4,0,1,2,A,-,09,21804,A,N,D,C,A,A,H,-,C,D,0,NA,NA,NA,NA,Y,NA,A,01,0,0,1,0,0,0,0,0,0,-,-,32.71474075317383,-117.01126861572266,SAN DIEGO,UNINCORPORATED,-117.011474609375,32.71477127075195
92224737,2023,2023-10-31,9645,2023-10-23,1723,021735,NA,1,2,7,3711,0,1,1,NA,2,010,I-8 W/B,I-805,300,E,N,A,-,Y,SD,NA,8,NA,NA,4.665,H,NA,L,Y,4,0,1,1,A,-,08,22107,NA,N,E,I,A,A,H,-,B,D,0,NA,NA,NA,NA,Y,NA,A,01,0,0,1,0,0,0,0,0,0,-,-,32.77360153198242,-117.12753295898438,SAN DIEGO,SAN DIEGO,-117.12747192382813,32.773521423339844
92225740,2023,2023-11-01,9650,2023-10-20,1420,021698,NA,5,2,9,3700,0,1,1,NA,2,003,I-5 S/B,WIRE MOUNTAIN RD,1056,N,N,A,-,Y,SD,NA,5,NA,R,54.999,H,NA,L,Y,4,0,2,2,A,-,08,22107,NA,N,C,C,A,A,H,-,A,D,0,NA,NA,NA,NA,Y,NA,A,07,0,0,2,0,0,0,0,0,0,-,-,33.21881866455078,-117.39109802246094,SAN DIEGO,UNINCORPORATED,-117.3912353515625,33.21879196166992
92226471,2023,2023-11-02,9645,2023-10-25,830,016156,NA,3,1,7,3711,0,1,1,NA,2,011,I-805 N/B,RALENE STREET O/C,739,N,N,B,-,Y,SD,NA,805,NA,NA,14.526,H,NA,R,Y,4,0,1,3,A,-,03,22350,NA,N,C,C,A,A,H,-,A,D,0,NA,NA,NA,NA,Y,NA,A,01,0,0,1,0,0,0,0,0,0,-,-,32.731201171875,-117.1100616455078,SAN DIEGO,SAN DIEGO,-117.11002349853516,32.73125076293945
9222721,2021,2021-03-24,3702,2021-01-14,2252,CV1264,NA,4,5,6,3702,0,0,0,NA,0,024,4TH AV,ORANGE AV,0,NA,Y,A,-,N,NA,NA,NA,NA,NA,NA,NA,NA,NA,Y,4,0,1,2,A,-,12,21453,A,N,D,C,A,A,H,-,C,A,0,NA,NA,NA,NA,Y,Y,A,07,0,0,1,0,0,0,0,0,0,-,-,NA,NA,SAN DIEGO,CHULA VISTA,-117.06919860839844,32.6022834777832
92229534,2023,2023-11-07,9650,2023-10-27,835,019979,NA,5,1,6,3706,0,1,3,NA,2,019,SR-78 EASTBOUND TO NORDAHL RD.,NORDAHL RD.,60,W,N,A,-,Y,NA,NA,NA,NA,NA,NA,NA,NA,NA,N,4,0,1,2,A,-,03,22350,NA,N,C,C,A,A,H,-,A,A,0,NA,NA,NA,NA,Y,NA,A,07,0,0,1,0,0,0,0,0,0,-,-,33.131961822509766,-117.12222290039063,SAN DIEGO,ESCONDIDO,-117.12222290039063,33.131961822509766
92230290,2023,2023-11-07,9650,2023-10-26,1205,017392,NA,4,1,5,3701,0,1,1,NA,2,005,I-5 S/B,CHINQUAPIN AVE,1056,S,N,A,-,Y,SD,NA,5,NA,R,48.86,H,NA,L,Y,4,0,2,4,A,-,03,22350,NA,N,C,C,A,A,H,-,A,D,0,NA,NA,NA,NA,Y,NA,D,22,0,0,2,0,0,0,0,0,0,-,-,33.146549224853516,-117.33387756347656,SAN DIEGO,CARLSBAD,-117.33389282226563,33.146549224853516
92231126,2023,2023-11-08,9680,2023-10-28,1630,017621,NA,6,2,9,3700,0,1,3,NA,1,091,SR-78,RANCHO SANTA TERESA DR.,2640,W,N,A,-,Y,SD,NA,78,NA,NA,40.804,H,NA,R,N,2,0,1,2,A,-,11,21954,A,N,G,B,D,A,H,-,A,D,0,Y,NA,NA,NA,Y,Y,N,60,1,0,0,0,1,0,0,0,0,-,-,33.073299407958984,-116.8038330078125,SAN DIEGO,UNINCORPORATED,-116.80387115478516,33.073333740234375
9223194,2020,2021-02-20,3702,2020-12-19,1850,CV1321,NA,6,5,6,3702,0,0,0,NA,0,011,BROADWAY,DAVIDSON ST,91,N,N,A,-,N,NA,NA,NA,NA,NA,NA,NA,NA,NA,Y,4,0,3,3,A,-,03,22350,NA,F,C,C,A,A,H,-,C,D,0,NA,NA,NA,NA,Y,NA,A,01,0,0,3,0,0,0,0,0,0,-,-,NA,NA,SAN DIEGO,CHULA VISTA,-117.09291076660156,32.63980484008789