CASE_ID,ACCIDENT_YEAR,PROC_DATE,JURIS,COLLISION_DATE,COLLISION_TIME,OFFICER_ID,REPORTING_DISTRICT,DAY_OF_WEEK,CHP_SHIFT,POPULATION,CNTY_CITY_LOC,SPECIAL_COND,BEAT_TYPE,CHP_BEAT_TYPE,CITY_DIVISION_LAPD,CHP_BEAT_CLASS,BEAT_NUMBER,PRIMARY_RD,SECONDARY_RD,DISTANCE,DIRECTION,INTERSECTION,WEATHER_1,WEATHER_2,STATE_HWY_IND,CALTRANS_COUNTY,CALTRANS_DISTRICT,STATE_ROUTE,ROUTE_SUFFIX,POSTMILE_PREFIX,POSTMILE,LOCATION_TYPE,RAMP_INTERSECTION,SIDE_OF_HWY,TOW_AWAY,COLLISION_SEVERITY,NUMBER_KILLED,NUMBER_INJURED,PARTY_COUNT,PRIMARY_COLL_FACTOR,PCF_CODE_OF_VIOL,PCF_VIOL_CATEGORY,PCF_VIOLATION,PCF_VIOL_SUBSECTION,HIT_AND_RUN,TYPE_OF_COLLISION,MVIW,PED_ACTION,ROAD_SURFACE,ROAD_COND_1,ROAD_COND_2,LIGHTING,CONTROL_DEVICE,CHP_ROAD_TYPE,PEDESTRIAN_ACCIDENT,BICYCLE_ACCIDENT,MOTORCYCLE_ACCIDENT,TRUCK_ACCIDENT,NOT_PRIVATE_PROPERTY,ALCOHOL_INVOLVED,STWD_VEHTYPE_AT_FAULT,CHP_VEHTYPE_AT_FAULT,COUNT_SEVERE_INJ,COUNT_VISIBLE_INJ,COUNT_COMPLAINT_PAIN,COUNT_PED_KILLED,COUNT_PED_INJURED,COUNT_BICYCLIST_KILLED,COUNT_BICYCLIST_INJURED,COUNT_MC_KILLED,COUNT_MC_INJURED,PRIMARY_RAMP,SECONDARY_RAMP,LATITUDE,LONGITUDE,COUNTY,CITY,POINT_X,POINT_Y
94400696,2024,2024-09-19,9650,2024-09-11,830,019270,NA,3,1,6,3706,0,1,1,NA,2,023,I-15 S/B,9TH AVE,792,S,N,A,-,Y,SD,NA,15,NA,R,29.94,H,NA,L,N,4,0,1,3,A,-,03,22350,NA,N,C,C,A,A,H,-,A,D,0,NA,NA,NA,NA,Y,NA,E,22,0,0,1,0,0,0,0,0,0,-,-,33.10615921020508,-117.09397888183594,SAN DIEGO,ESCONDIDO,-117.09381866455078,33.10622787475586
94402883,2024,2024-09-20,9680,2024-09-10,1825,021839,NA,2,2,9,3700,0,3,5,NA,2,004,LAWSON VALLEY RD,CAMPO LINDO ROAD,2112,W,N,A,-,N,NA,NA,NA,NA,NA,NA,NA,NA,NA,Y,2,0,2,2,A,-,01,23152,A,N,A,C,A,A,H,-,A,D,0,NA,NA,NA,NA,Y,Y,A,01,1,1,0,0,0,0,0,0,0,-,-,32.747108459472656,-116.79694366455078,SAN DIEGO,UNINCORPORATED,-116.79491424560548,32.74740982055664
9440474,2022,2022-05-18,3711,2022-04-11,1530,SD7958,NA,1,5,7,3711,0,0,0,NA,0,611,CAMINO DEL RIO S,CAMINO DEL RIO S 3700,0,NA,-,-,-,N,NA,NA,NA,NA,NA,NA,NA,NA,NA,N,4,0,1,2,A,-,03,22350,NA,N,D,G,A,-,-,-,A,A,0,NA,Y,NA,NA,Y,NA,L,04,0,0,1,0,0,0,1,0,0,-,-,NA,NA,SAN DIEGO,SAN DIEGO,-117.2048110961914,32.75529479980469
94404957,2024,2024-09-23,9645,2024-09-14,600,023617,NA,6,1,6,3702,0,3,5,NA,2,018,OTAY MESA ROAD,PASEO DE LA FUENTE,10,E,N,A,-,N,NA,NA,NA,NA,NA,NA,NA,NA,NA,Y,3,0,1,4,A,-,03,22350,NA,N,C,C,A,A,H,-,B,D,0,NA,NA,NA,NA,Y,NA,A,07,0,1,0,0,0,0,0,0,0,-,-,32.56727981567383,-116.91259002685548,SAN DIEGO,CHULA VISTA,-116.91278839111328,32.56732177734375
94406052,2024,2024-09-24,9650,2024-09-10,2045,023084,NA,2,2,9,3700,0,1,1,NA,2,022,I-15 N/B,SR-76,2000,N,N,A,-,Y,SD,NA,15,NA,R,46.879,H,NA,R,N,4,0,2,2,A,-,07,21658,A,N,B,C,A,A,H,-,C,D,0,NA,NA,NA,NA,Y,NA,D,22,0,0,2,0,0,0,0,0,0,-,-,33.336891174316406,-117.15902709960938,SAN DIEGO,UNINCORPORATED,-117.15904235839844,33.336891174316406
9440654,2022,2022-05-06,3711,2022-04-12,1230,SD7859,NA,2,5,7,3711,0,0,0,NA,0,327,ALVARADO RD,LAKE MURRAY BL,250,W,N,A,-,N,NA,NA,NA,NA,NA,NA,NA,NA,NA,N,4,0,1,2,A,-,04,21703,NA,N,C,C,A,A,H,-,A,D,0,NA,NA,NA,NA,Y,NA,A,01,0,0,1,0,0,0,0,0,0,-,-,NA,NA,SAN DIEGO,SAN DIEGO,-117.04721832275392,32.773677825927734
94407461,2024,2024-09-25,9645,2024-09-05,2500,022845,NA,4,4,7,3711,0,1,1,NA,2,019,I-15 NB,TED WILLIAMS PARKWAY,1189,N,N,A,-,Y,SD,NA,15,NA,M,19.697,H,NA,R,Y,3,0,1,1,A,-,08,22107,NA,M,E,I,A,A,H,-,C,D,0,NA,NA,NA,NA,Y,NA,D,22,0,1,0,0,0,0,0,0,0,-,-,32.96770095825195,-117.09335327148438,SAN DIEGO,SAN DIEGO,-117.09319305419922,32.967628479003906
9440781,2022,2022-06-08,3711,2022-04-05,2122,SD5652,NA,2,5,7,3711,0,0,0,NA,0,231,POWAY RD,RT 15,44,E,N,A,-,Y,SD,11,15,-,M,17.953,R,4,N,Y,4,0,1,3,A,-,08,22107,NA,N,B,C,A,A,H,-,C,A,0,NA,NA,NA,NA,Y,NA,A,01,0,0,1,0,0,0,0,0,0,-,NF,NA,NA,SAN DIEGO,SAN DIEGO,-117.10770416259766,32.94525909423828
94410907,2024,2024-09-27,9645,2024-09-13,930,021617,NA,5,1,7,3711,0,1,1,NA,2,021,INTERSTATE 15 S/B,FRIARS ROAD,220,S,N,A,-,Y,SD,NA,15,NA,R,6.761,H,NA,L,Y,4,0,1,2,A,-,03,22350,NA,N,C,C,A,A,H,-,A,D,0,NA,NA,NA,Y,Y,NA,D,22,0,0,1,0,0,0,0,0,0,-,-,32.787559509277344,-117.11428833007813,SAN DIEGO,SAN DIEGO,-117.11428833007813,32.787559509277344
94411214,2024,2024-09-27,9680,2024-09-17,1510,019555,NA,2,2,9,3700,0,3,5,NA,2,002,HELIX STREET,LA LARGA VISTA,370,E,N,A,-,N,NA,NA,NA,NA,NA,NA,NA,NA,NA,N,3,0,2,2,A,-,01,23152,A,N,B,C,A,A,H,-,A,D,0,NA,NA,NA,NA,Y,Y,A,01,0,2,0,0,0,0,0,0,0,-,-,32.72560119628906,-117.00251770019533,SAN DIEGO,UNINCORPORATED,-117.00253295898438,32.72555923461914
94412660,2024,2024-09-30,9650,2024-09-14,1818,022965,NA,6,2,9,3700,0,1,3,NA,1,028,SR-76 W/B,HORSE RANCH CREEK ROAD,235,W,N,A,-,Y,SD,NA,76,NA,R,18.093,H,NA,L,Y,3,0,1,1,A,-,01,23152,A,N,E,I,A,A,H,-,A,D,0,NA,NA,NA,NA,Y,Y,A,07,0,1,0,0,0,0,0,0,0,-,-,33.33625030517578,-117.14771270751952,SAN DIEGO,UNINCORPORATED,-117.1477508544922,33.33643341064453
94412855,2024,2024-09-30,9650,2024-09-20,615,022132,NA,5,1,6,3706,0,1,1,NA,2,023,I-15 N/B,CITRACADO PKY,355,S,N,A,-,Y,SD,NA,15,NA,R,28.693,H,NA,R,N,4,0,1,2,A,-,07,21658,A,N,B,C,A,A,H,-,A,D,0,NA,NA,Y,NA,Y,NA,A,08,0,0,1,0,0,0,0,0,1,-,-,33.09149932861328,-117.08130645751952,SAN DIEGO,ESCONDIDO,-117.08139038085938,33.09143829345703
9441367,2022,2022-05-26,3709,2022-04-14,1821,NC0532,NA,4,5,5,3709,0,0,0,NA,0,020,HIGHLAND AV,EAST 18TH ST,6,W,N,A,-,N,NA,NA,NA,NA,NA,NA,NA,NA,NA,N,4,0,1,2,A,-,08,22107,NA,N,D,C,A,A,H,-,A,A,0,NA,NA,NA,NA,Y,NA,A,01,0,0,1,0,0,0,0,0,0,-,-,NA,NA,SAN DIEGO,NATIONAL CITY,-117.09536743164063,32.66950607299805
94414130,2024,2024-10-01,9650,2024-09-26,1747,023426,NA,4,2,9,3700,0,3,5,NA,2,006,DE LUZ RD,SANDIA CREEK DR,3326,W,N,A,-,N,NA,NA,NA,NA,NA,NA,NA,NA,NA,Y,4,0,1,1,A,-,08,22107,NA,N,E,I,A,A,H,-,A,D,0,NA,NA,NA,NA,Y,NA,A,01,0,0,1,0,0,0,0,0,0,-,-,33.40105056762695,-117.26116943359376,SAN DIEGO,UNINCORPORATED,-117.26025390625,33.40113067626953
94414967,2024,2024-10-01,9650,2024-10-01,1010,019426,NA,2,1,5,3712,0,1,3,NA,2,019,SR-78 W/B,SAN MARCOS BLVD,3168,E,N,A,-,Y,SD,NA,78,NA,NA,12.683,H,NA,L,Y,3,0,1,2,A,-,03,22350,NA,N,C,C,A,A,H,-,A,D,0,NA,NA,NA,NA,Y,NA,A,01,0,1,0,0,0,0,0,0,0,-,-,33.136959075927734,-117.16751098632813,SAN DIEGO,SAN MARCOS,-117.16751098632813,33.13701629638672
94414980,2024,2024-10-01,9650,2024-09-29,1715,022992,NA,7,2,9,3700,0,3,5,NA,2,213,E GRADE ROAD,CONIFER ROAD,0,NA,Y,A,-,N,NA,NA,NA,NA,NA,NA,NA,NA,NA,Y,3,0,1,1,A,-,03,22350,NA,N,E,A,A,A,H,-,A,D,0,NA,NA,Y,NA,Y,NA,C,02,0,1,0,0,0,0,0,0,1,-,-,33.2978515625,-116.84049987792967,SAN DIEGO,UNINCORPORATED,-116.84046173095705,33.29777526855469
94415122,2024,2024-10-01,9680,2024-09-19,1735,023984,NA,4,2,9,3700,0,3,5,NA,2,004,SR-94 E/B,INDIAN SPRINGS DRIVE,239,W,N,A,-,Y,SD,NA,94,NA,NA,19.404,H,NA,R,N,3,0,1,2,A,-,08,22107,NA,F,B,C,A,A,H,-,A,A,0,NA,NA,Y,NA,Y,NA,-,99,0,1,0,0,0,0,0,0,1,-,-,32.72052001953125,-116.88095855712892,SAN DIEGO,UNINCORPORATED,-116.88093566894533,32.72053527832031
94417178,2024,2024-12-27,9645,2024-09-25,1410,023922,NA,3,2,7,3711,0,1,1,NA,2,009,I-805 NORHTBOUND FROM EAST H STREET,EAST H STREET,50,N,N,A,-,Y,SD,NA,805,NA,NA,7.179,H,NA,R,Y,2,0,1,2,A,-,03,22350,NA,N,C,C,A,A,H,-,A,D,0,NA,NA,NA,NA,Y,NA,A,01,1,0,0,0,0,0,0,0,0,-,-,32.6407585144043,-117.05545806884766,SAN DIEGO,SAN DIEGO,-117.0554656982422,32.6407585144043
94417738,2024,2024-10-03,9680,2024-09-22,1025,021501,NA,7,1,9,3700,0,3,5,NA,2,005,FARMER ROAD,WYNOLA ROAD,4224,S,N,A,-,N,NA,NA,NA,NA,NA,NA,NA,NA,NA,N,2,0,1,1,A,-,03,22350,NA,N,E,I,A,A,H,-,A,A,0,NA,NA,Y,NA,Y,NA,C,02,1,0,0,0,0,0,0,0,1,-,-,33.09226989746094,-116.60404205322266,SAN DIEGO,UNINCORPORATED,-116.60362243652344,33.09260559082031
94418192,2024,2024-10-03,9645,2024-10-01,1736,021735,NA,2,2,7,3711,0,3,5,NA,2,024,LONE QUAIL RD EB,DOVE CANYON RD,0,NA,Y,A,-,N,NA,NA,NA,NA,NA,NA,NA,NA,NA,Y,4,0,2,2,A,-,12,21453,A,N,D,C,A,A,H,-,A,A,0,NA,NA,NA,NA,Y,NA,A,01,0,0,2,0,0,0,0,0,0,-,-,33.01475143432617,-117.1121063232422,SAN DIEGO,SAN DIEGO,-117.11212158203124,33.01468276977539
9441994,2022,2022-06-02,3710,2022-04-05,1230,OC1518,NA,2,5,6,3710,0,0,0,NA,0,015,EL CAMINO REAL,MESA DR,451,S,N,A,-,N,NA,NA,NA,NA,NA,NA,NA,NA,NA,Y,3,0,2,3,A,-,04,21703,NA,N,C,C,A,A,-,-,A,D,0,NA,NA,NA,NA,Y,NA,A,01,0,1,1,0,0,0,0,0,0,-,-,NA,NA,SAN DIEGO,OCEANSIDE,-117.33341217041016,33.207393646240234
9442174,2022,2022-05-19,3711,2022-04-29,2358,SD1676,NA,5,5,7,3711,0,0,0,NA,0,521,F ST,13TH ST,0,NA,Y,A,-,N,NA,NA,NA,NA,NA,NA,NA,NA,NA,N,4,0,1,2,A,-,12,21453,A,N,D,C,A,A,H,-,C,A,0,NA,NA,NA,NA,Y,NA,A,01,0,0,1,0,0,0,0,0,0,-,-,NA,NA,SAN DIEGO,SAN DIEGO,-117.15283203125,32.71364974975586
9442437,2022,2022-05-03,3711,2022-03-31,2214,SD6996,NA,4,5,7,3711,0,0,0,NA,0,614,SUNSET CLIFFS BL,RT 8,0,NA,Y,A,-,N,NA,NA,NA,NA,NA,NA,NA,NA,NA,Y,2,0,2,1,A,-,03,22350,NA,F,E,I,A,A,H,-,C,A,0,NA,NA,NA,NA,Y,NA,A,01,2,0,0,0,0,0,0,0,0,-,SF,NA,NA,SAN DIEGO,SAN DIEGO,-117.2353057861328,32.755924224853516
94424817,2024,2024-10-09,9650,2024-09-23,815,017828,NA,1,1,9,3700,0,3,5,NA,2,170,E VISTA WAY,STRAWBERRY HILL LN,190,N,N,B,-,N,NA,NA,NA,NA,NA,NA,NA,NA,NA,Y,4,0,1,2,A,-,03,22350,NA,N,C,C,A,A,H,-,A,D,0,NA,NA,NA,NA,Y,NA,A,01,0,0,1,0,0,0,0,0,0,-,-,33.24557113647461,-117.22737884521484,SAN DIEGO,UNINCORPORATED,-117.22730255126952,33.2454948425293
94425097,2024,2024-10-09,9650,2024-09-28,1400,020673,NA,6,2,9,3700,0,1,3,NA,2,019,SR-78 EASTBOUND,CENTRE CITY PKY,670,E,N,A,-,Y,SD,NA,78,NA,R,17.411,H,NA,R,N,4,0,1,2,A,-,03,22350,NA,N,C,C,A,A,H,-,A,D,0,NA,NA,NA,NA,Y,NA,D,22,0,0,1,0,0,0,0,0,0,-,-,33.131248474121094,-117.09069061279295,SAN DIEGO,UNINCORPORATED,-117.0906982421875,33.13126754760742
94426974,2024,2024-10-10,9680,2024-09-30,1800,021764,NA,1,2,5,3708,0,1,1,NA,2,081,I-8 E/B,LA MESA BLVD,1584,W,N,A,-,Y,SD,NA,8,NA,NA,11.859,H,NA,R,N,4,0,1,2,A,-,07,21658,A,F,B,C,A,A,H,-,A,D,0,NA,NA,NA,NA,Y,NA,-,99,0,0,1,0,0,0,0,0,0,-,-,32.775299072265625,-117.00962829589844,SAN DIEGO,LA MESA,-117.00965881347656,32.775360107421875
94428387,2024,2024-10-11,9680,2024-10-02,850,023917,NA,3,1,9,3700,0,2,4,NA,1,026,JAMACHA RD,SR-125,323,W,N,A,-,N,NA,NA,NA,NA,NA,NA,NA,NA,NA,N,4,0,1,2,A,-,21,22106,NA,N,C,C,A,A,H,-,A,A,0,NA,NA,NA,NA,Y,NA,A,07,0,0,1,0,0,0,0,0,0,-,-,32.714691162109375,-117.0156478881836,SAN DIEGO,UNINCORPORATED,-117.01546478271484,32.71474075317383
94428438,2024,2024-10-11,9680,2024-10-03,713,021441,NA,4,1,4,3720,0,1,3,NA,2,027,SR-94 W/B,COLLEGE AVE,290,E,N,A,-,Y,SD,NA,94,NA,NA,7.829,H,NA,L,N,4,0,2,2,A,-,03,22350,NA,N,C,C,A,A,H,-,A,D,0,NA,NA,NA,NA,Y,NA,A,07,0,0,2,0,0,0,0,0,0,-,-,32.742618560791016,-117.0500030517578,SAN DIEGO,LEMON GROVE,-117.050048828125,32.7426643371582
94428487,2024,2024-10-11,9680,2024-10-02,930,023932,NA,3,1,9,3700,0,1,3,NA,1,024,SR-94 (CAMPO RD),JAMACHA BLVD,55,E,N,A,-,Y,SD,NA,94,NA,NA,14.36,H,NA,R,Y,4,0,1,2,A,-,08,22107,NA,N,C,C,A,A,H,-,A,A,0,NA,NA,NA,NA,Y,NA,D,22,0,0,1,0,0,0,0,0,0,-,-,32.7398681640625,-116.95111846923828,SAN DIEGO,UNINCORPORATED,-116.95118713378906,32.73972702026367
94429469,2024,2024-10-14,9645,2024-10-03,445,022988,NA,4,3,7,3711,0,1,1,NA,2,010,I-8 W/B,MISSION CITY PARKWAY OVERCROSSING,50,W,N,A,-,Y,SD,NA,8,NA,NA,4.851,H,NA,L,Y,3,0,2,2,A,-,07,21658,A,N,B,2,A,A,H,-,A,D,0,NA,NA,NA,NA,Y,NA,A,01,0,2,0,0,0,0,0,0,0,-,-,32.77497100830078,-117.1248016357422,SAN DIEGO,SAN DIEGO,-117.12483215332033,32.7750129699707
9443137,2022,2022-05-03,3709,2022-04-17,1418,NC0525,NA,7,5,5,3709,0,0,0,NA,0,024,NATIONAL CITY BL,W 22ND ST,193,N,N,A,-,N,NA,NA,NA,NA,NA,NA,NA,NA,NA,Y,4,0,1,2,A,-,01,23152,A,N,B,E,A,A,H,-,A,D,0,NA,NA,NA,NA,Y,Y,A,01,0,0,1,0,0,0,0,0,0,-,-,NA,NA,SAN DIEGO,NATIONAL CITY,-117.10248565673828,32.66423416137695
94438961,2024,2024-10-21,9645,2024-10-16,635,024081,NA,3,1,7,3711,0,1,3,NA,2,023,SR-163 SOUTHBOUND,GENESEE AVENUE,1462,N,N,A,-,Y,SD,NA,163,NA,NA,6.091,H,NA,L,Y,3,0,1,1,A,-,08,22107,NA,N,E,J,A,A,C,-,B,D,0,NA,NA,NA,NA,Y,NA,A,01,0,1,0,0,0,0,0,0,0,-,-,32.795631408691406,-117.15786743164063,SAN DIEGO,SAN DIEGO,-117.15779876708984,32.79561233520508
94439057,2024,2024-10-21,9650,2024-10-17,1602,017328,NA,4,2,9,3700,0,1,3,NA,1,028,SR-76 E/B,PALA RD,50,E,N,B,-,Y,SD,NA,76,NA,R,15.875,H,NA,R,Y,3,0,1,1,A,-,08,22107,NA,N,F,A,A,A,H,-,A,D,0,NA,NA,NA,NA,Y,NA,-,-,0,1,0,0,0,0,0,0,0,-,-,33.31917190551758,-117.17301940917967,SAN DIEGO,UNINCORPORATED,-117.17300415039063,33.31916427612305
94443090,2024,2024-10-23,9680,2024-10-11,1755,022653,NA,5,2,9,3700,0,3,5,NA,2,001,WILLOW ROAD,SR-67,280,E,N,A,-,N,NA,NA,NA,NA,NA,NA,NA,NA,NA,N,3,0,1,2,A,-,06,21755,A,N,D,C,A,A,H,-,C,D,0,NA,NA,NA,NA,Y,NA,-,-,0,1,0,0,0,0,0,0,0,-,-,32.87409973144531,-116.9235382080078,SAN DIEGO,UNINCORPORATED,-116.92354583740234,32.87394714355469
9444321,2022,2022-05-25,3708,2022-05-04,0213,LM1301,NA,3,5,5,3708,0,0,0,NA,0,001,70TH ST,TOWER ST,0,NA,Y,A,-,N,NA,NA,NA,NA,NA,NA,NA,NA,NA,N,4,0,1,2,B,-,22,NA,NA,N,C,C,A,A,H,-,C,A,0,NA,NA,NA,NA,Y,Y,A,01,0,0,1,0,0,0,0,0,0,-,-,NA,NA,SAN DIEGO,LA MESA,-117.0468292236328,32.763248443603516
9444479,2022,2022-05-25,3711,2022-04-12,1802,SD6881,NA,2,5,7,3711,0,0,0,NA,0,529,5TH AV,MAPLE ST,0,NA,Y,A,-,N,NA,NA,NA,NA,NA,NA,NA,NA,NA,N,3,0,1,2,A,-,08,22107,NA,N,D,C,A,A,H,-,A,D,0,NA,NA,NA,NA,Y,NA,A,01,0,1,0,0,0,0,0,0,0,-,-,NA,NA,SAN DIEGO,SAN DIEGO,-117.16030120849608,32.732425689697266
9444955,2022,2022-10-24,3711,2022-05-06,1935,SD7844,NA,5,5,7,3711,0,0,0,NA,0,446,LOGAN AV,LOGAN AV 4900,0,NA,N,A,-,N,NA,NA,NA,NA,NA,NA,NA,NA,NA,N,4,0,2,2,A,-,03,22350,NA,M,C,C,A,A,H,-,B,A,0,NA,NA,NA,NA,Y,NA,-,NA,0,0,2,0,0,0,0,0,0,-,-,NA,NA,SAN DIEGO,SAN DIEGO,NA,NA
94450828,2024,2024-10-30,9680,2024-09-10,800,017025,NA,2,1,7,3711,0,1,S,NA,2,904,I-8 E/B,COLLEGE AVE,2640,W,N,A,-,Y,SD,NA,8,NA,NA,7.838,H,NA,R,N,3,0,4,3,A,-,03,22350,NA,N,C,C,A,A,H,-,A,D,0,NA,NA,NA,NA,Y,NA,D,22,0,2,2,0,0,0,0,0,0,-,-,32.77914810180664,-117.07495880126952,SAN DIEGO,SAN DIEGO,-117.074951171875,32.779232025146484
94452780,2024,2024-10-31,9645,2024-10-15,1810,020992,NA,2,2,7,3711,0,1,1,NA,2,007,I-5 SOUTHBOUND,LA JOLLA VILLAGE DRIVE,1500,N,N,A,-,Y,SD,NA,5,NA,R,28.736,H,NA,L,N,4,0,1,3,A,-,03,22350,NA,N,C,C,A,A,H,-,A,D,0,NA,NA,NA,NA,Y,NA,-,-,0,0,1,0,0,0,0,0,0,-,-,32.876529693603516,-117.2290267944336,SAN DIEGO,SAN DIEGO,-117.22891998291016,32.876522064208984
94452815,2024,2024-10-31,9645,2024-10-14,1933,022021,NA,1,2,7,3711,0,3,5,NA,2,024,CAMINO SAN BERNARDO,CAMINO DEL NORTE (E/B) TO CAMINO SAN BERNARDO,35,N,N,A,-,N,NA,NA,NA,NA,NA,NA,NA,NA,NA,N,4,0,1,2,A,-,08,22107,NA,N,B,C,A,A,H,-,C,D,0,NA,NA,NA,NA,Y,NA,A,08,0,0,1,0,0,0,0,0,0,-,-,33.013641357421875,-117.10452270507813,SAN DIEGO,SAN DIEGO,-117.1042022705078,33.01411056518555
9445354,2022,2022-06-06,3709,2022-03-19,0615,NC0490,NA,6,5,5,3709,0,0,0,NA,0,021,EAST PLAZA BL,RT 805,0,NA,Y,A,-,Y,SD,11,805,-,-,10.124,R,4,N,Y,4,0,1,2,A,-,12,21453,A,F,D,C,A,A,H,-,C,A,0,NA,NA,NA,NA,Y,NA,A,01,0,0,1,0,0,0,0,0,0,-,NF,NA,NA,SAN DIEGO,NATIONAL CITY,-117.0832748413086,32.674991607666016
94454925,2024,2024-11-01,9645,2024-10-25,1705,021735,NA,5,2,9,3700,0,3,5,NA,2,024,PAINTED CANYON ROAD,CAYENNE CREEK ROAD,0,NA,Y,A,-,N,NA,NA,NA,NA,NA,NA,NA,NA,NA,N,4,0,2,2,A,-,12,22450,A,N,D,C,A,A,H,-,A,A,0,NA,NA,NA,NA,Y,NA,A,07,0,0,2,0,0,0,0,0,0,-,-,33.00440979003906,-117.10565185546876,SAN DIEGO,UNINCORPORATED,-117.1055908203125,33.00442123413086
94456667,2024,2024-11-04,9680,2024-10-23,1556,018672,NA,3,2,9,3700,0,1,3,NA,1,052,STATE ROUTE 78,STATE ROUTE 79,175,W,N,A,-,Y,SD,NA,78,NA,NA,51.073,H,NA,R,Y,4,0,2,2,A,-,09,21801,A,N,A,C,A,A,H,-,A,D,0,NA,NA,NA,NA,Y,NA,A,07,0,0,2,0,0,0,0,0,0,-,-,33.10905838012695,-116.6745376586914,SAN DIEGO,UNINCORPORATED,-116.67453002929688,33.109031677246094
94458723,2024,2024-11-05,9645,2024-11-01,1530,022506,NA,5,2,7,3711,0,1,1,NA,2,010,I-8 W/B,QUALCOMM WAY,1848,W,N,A,-,Y,SD,NA,8,NA,NA,3.541,H,NA,L,Y,4,0,1,2,D,-,00,NA,NA,N,B,C,A,A,H,-,A,D,0,NA,NA,Y,NA,Y,NA,-,-,0,0,1,0,0,0,0,0,1,-,-,32.76768112182617,-117.1453094482422,SAN DIEGO,SAN DIEGO,-117.14542388916016,32.76787567138672
94458769,2024,2024-11-05,9680,2024-10-26,2227,023086,NA,6,3,9,3700,0,2,4,NA,1,026,ROSEDALE DR,BANCROFT DR,0,NA,Y,A,-,N,NA,NA,NA,NA,NA,NA,NA,NA,NA,Y,4,0,2,2,A,-,09,21802,A,N,D,C,A,A,H,-,C,A,0,NA,NA,NA,NA,Y,NA,A,01,0,0,2,0,0,0,0,0,0,-,-,32.73617935180664,-117.00646209716795,SAN DIEGO,UNINCORPORATED,-117.0064697265625,32.736141204833984
94458867,2024,2024-11-05,9680,2024-10-26,1250,023932,NA,6,1,9,3700,0,3,5,NA,2,001,CAMPO ROAD,BROADWAY,0,NA,Y,A,-,N,NA,NA,NA,NA,NA,NA,NA,NA,NA,N,3,0,1,1,A,-,08,22107,NA,N,F,A,A,A,H,-,A,A,0,NA,NA,Y,NA,Y,NA,C,02,0,1,0,0,0,0,0,0,1,-,-,32.752418518066406,-117.01058197021484,SAN DIEGO,UNINCORPORATED,-117.01039123535156,32.7524299621582
94458952,2024,2024-11-05,9650,2024-10-10,2240,022911,NA,4,3,6,3706,0,1,1,NA,2,023,I-15 S/B,9TH AVE,863,S,N,B,-,Y,SD,NA,15,NA,R,29.938,H,NA,L,Y,4,0,1,2,A,-,08,22107,NA,F,B,C,A,A,H,-,C,D,0,NA,NA,NA,NA,Y,NA,-,99,0,0,1,0,0,0,0,0,0,-,-,33.10615158081055,-117.09391784667967,SAN DIEGO,ESCONDIDO,-117.09380340576172,33.106197357177734
94461548,2024,2024-11-07,9650,2024-10-25,1625,021532,NA,5,2,5,3712,0,1,3,NA,2,019,STATE ROUTE 78 E/B,WOODLAND PKY,100,E,N,A,-,Y,SD,NA,78,NA,NA,14.482,H,NA,R,N,4,0,1,2,A,-,03,22350,NA,N,C,C,A,A,H,-,A,D,0,NA,NA,NA,NA,Y,NA,A,01,0,0,1,0,0,0,0,0,0,-,-,33.1369514465332,-117.13762664794922,SAN DIEGO,SAN MARCOS,-117.1375732421875,33.13704299926758
94461876,2024,2024-11-07,9645,2024-10-18,1820,022512,NA,5,2,5,3709,0,1,3,NA,2,008,STATE ROUTE 54 WESTBOUND,SWEETWATER ROAD,840,E,N,A,-,Y,SD,NA,54,NA,NA,2.413,H,NA,L,N,4,0,1,2,A,-,08,22107,NA,N,B,C,A,A,H,-,D,D,0,NA,NA,NA,NA,Y,NA,-,-,0,0,1,0,0,0,0,0,0,-,-,32.661781311035156,-117.06659698486328,SAN DIEGO,NATIONAL CITY,-117.06661987304688,32.661800384521484