CASE_ID,ACCIDENT_YEAR,PROC_DATE,JURIS,COLLISION_DATE,COLLISION_TIME,OFFICER_ID,REPORTING_DISTRICT,DAY_OF_WEEK,CHP_SHIFT,POPULATION,CNTY_CITY_LOC,SPECIAL_COND,BEAT_TYPE,CHP_BEAT_TYPE,CITY_DIVISION_LAPD,CHP_BEAT_CLASS,BEAT_NUMBER,PRIMARY_RD,SECONDARY_RD,DISTANCE,DIRECTION,INTERSECTION,WEATHER_1,WEATHER_2,STATE_HWY_IND,CALTRANS_COUNTY,CALTRANS_DISTRICT,STATE_ROUTE,ROUTE_SUFFIX,POSTMILE_PREFIX,POSTMILE,LOCATION_TYPE,RAMP_INTERSECTION,SIDE_OF_HWY,TOW_AWAY,COLLISION_SEVERITY,NUMBER_KILLED,NUMBER_INJURED,PARTY_COUNT,PRIMARY_COLL_FACTOR,PCF_CODE_OF_VIOL,PCF_VIOL_CATEGORY,PCF_VIOLATION,PCF_VIOL_SUBSECTION,HIT_AND_RUN,TYPE_OF_COLLISION,MVIW,PED_ACTION,ROAD_SURFACE,ROAD_COND_1,ROAD_COND_2,LIGHTING,CONTROL_DEVICE,CHP_ROAD_TYPE,PEDESTRIAN_ACCIDENT,BICYCLE_ACCIDENT,MOTORCYCLE_ACCIDENT,TRUCK_ACCIDENT,NOT_PRIVATE_PROPERTY,ALCOHOL_INVOLVED,STWD_VEHTYPE_AT_FAULT,CHP_VEHTYPE_AT_FAULT,COUNT_SEVERE_INJ,COUNT_VISIBLE_INJ,COUNT_COMPLAINT_PAIN,COUNT_PED_KILLED,COUNT_PED_INJURED,COUNT_BICYCLIST_KILLED,COUNT_BICYCLIST_INJURED,COUNT_MC_KILLED,COUNT_MC_INJURED,PRIMARY_RAMP,SECONDARY_RAMP,LATITUDE,LONGITUDE,COUNTY,CITY,POINT_X,POINT_Y
94600008,2025,2025-03-18,9645,2025-03-01,1820,021231,NA,6,2,7,3711,0,1,3,NA,2,023,SR-163 N/B,FRIARS RD.,200,S,N,A,-,Y,SD,NA,163,NA,NA,4.325,H,NA,R,N,3,0,2,2,A,-,07,21658,A,N,B,C,A,A,H,-,D,D,0,NA,NA,NA,Y,Y,NA,F,24,0,2,0,0,0,0,0,0,0,-,-,32.77096939086914,-117.16130828857422,SAN DIEGO,SAN DIEGO,-117.16136932373048,32.77098083496094
94601683,2025,2025-03-18,9645,2025-03-07,1654,022506,NA,5,2,7,3711,0,1,1,NA,2,027,I-15 N/B,SAN DIEGO MISSION ROAD,792,S,N,A,-,Y,SD,NA,15,NA,R,6.513,H,NA,R,Y,4,0,1,2,A,-,03,22350,NA,N,C,C,A,A,H,-,A,D,0,NA,NA,NA,NA,Y,NA,A,07,0,0,1,0,0,0,0,0,0,-,-,32.78398132324219,-117.11395263671876,SAN DIEGO,SAN DIEGO,-117.11402130126952,32.783966064453125
9460216,2022,2022-06-28,3711,2022-06-11,1822,SD1501,NA,6,5,7,3711,0,0,0,NA,0,511,MAIN ST,MAIN ST 3200,0,NA,Y,A,-,N,NA,NA,NA,NA,NA,NA,NA,NA,NA,N,4,0,1,2,A,-,08,22107,NA,N,B,C,A,A,H,-,A,A,0,NA,NA,NA,NA,Y,NA,A,01,0,0,1,0,0,0,0,0,0,-,-,NA,NA,SAN DIEGO,SAN DIEGO,-117.0327606201172,32.59486770629883
94603176,2025,2025-03-18,9680,2025-03-02,2025,023436,NA,7,2,9,3700,0,1,3,NA,2,027,SR-94 WB TO MASSACHUSSETTS,MASSACHUSETTS AVE,50,E,N,B,-,N,NA,NA,NA,NA,NA,NA,NA,NA,NA,N,4,0,2,2,A,-,03,22350,NA,N,C,C,A,B,H,-,C,A,0,NA,NA,NA,NA,Y,NA,A,01,0,0,2,0,0,0,0,0,0,-,-,32.745201110839844,-117.0422134399414,SAN DIEGO,UNINCORPORATED,-117.04264831542967,32.744937896728516
9460353,2022,2022-06-28,3711,2022-06-09,2229,SD1626,NA,4,5,7,3711,0,0,0,NA,0,833,FAIRMOUNT AV,WIGHTMAN ST,0,NA,Y,A,-,N,NA,NA,NA,NA,NA,NA,NA,NA,NA,N,4,0,2,2,A,-,04,21703,NA,N,C,C,A,A,H,-,C,A,0,NA,NA,NA,NA,Y,NA,A,01,0,0,2,0,0,0,0,0,0,-,-,NA,NA,SAN DIEGO,SAN DIEGO,-117.10092926025392,32.74774169921875
9460384,2022,2022-06-29,3700,2022-06-05,1259,SH5120,NA,7,5,5,3712,0,0,0,NA,0,356,BINGHAM DR,LOS VALLECITOS BL,425,N,N,A,-,N,NA,NA,NA,NA,NA,NA,NA,NA,NA,N,4,0,1,2,A,-,09,21804,A,N,D,C,A,A,H,-,A,A,0,NA,NA,Y,NA,Y,NA,C,02,0,0,1,0,0,0,0,0,1,-,-,NA,NA,SAN DIEGO,SAN MARCOS,-117.18529510498048,33.14260482788086
94604001,2025,2025-03-18,9645,2025-03-08,1145,022193,NA,6,1,7,3711,0,1,3,NA,2,023,SR-163 S/B,ROBINSON AVE,400,S,N,A,-,Y,SD,NA,163,NA,NA,2.304,H,NA,L,N,4,0,1,2,A,-,03,22350,NA,N,C,C,A,A,H,-,A,D,0,NA,NA,NA,NA,Y,NA,A,01,0,0,1,0,0,0,0,0,0,-,-,32.74406814575195,-117.15643310546876,SAN DIEGO,SAN DIEGO,-117.15639495849608,32.74406814575195
94604446,2025,2025-03-18,9680,2025-03-03,845,024202,NA,1,1,9,3700,0,1,1,NA,2,082,I-8 W/B,LOS COCHES RD,818,E,N,B,C,Y,SD,NA,8,NA,R,20.225,H,NA,L,Y,3,0,3,3,A,-,03,22350,NA,N,C,C,A,B,H,-,A,D,0,NA,NA,NA,NA,Y,NA,A,01,0,3,0,0,0,0,0,0,0,-,-,32.82830810546875,-116.90126800537108,SAN DIEGO,UNINCORPORATED,-116.90128326416016,32.82831954956055
9460514,2022,2022-06-27,3702,2022-05-06,0716,CV1395,NA,5,5,6,3702,0,0,0,NA,0,024,MAIN ST,HILLTOP DR,0,NA,Y,A,-,N,NA,NA,NA,NA,NA,NA,NA,NA,NA,Y,4,0,2,2,D,-,00,NA,NA,N,D,C,A,A,H,-,A,A,0,NA,NA,NA,NA,Y,NA,-,-,0,0,2,0,0,0,0,0,0,-,-,NA,NA,SAN DIEGO,CHULA VISTA,-117.0515365600586,32.59470748901367
94605151,2025,2025-03-18,9680,2025-03-03,455,023332,NA,1,3,9,3700,0,1,1,NA,2,085,I-8 E/B,SR-79,8448,E,N,C,-,Y,SD,NA,8,NA,R,39.596,H,NA,R,Y,4,0,2,1,A,-,03,22350,NA,N,A,I,A,B,H,-,D,D,0,NA,NA,NA,NA,Y,NA,A,01,0,0,2,0,0,0,0,0,0,-,-,32.82246017456055,-116.59732055664063,SAN DIEGO,UNINCORPORATED,-116.59738159179688,32.822330474853516
94607368,2025,2025-03-18,9680,2025-03-04,1305,024159,NA,2,1,9,3700,0,3,5,NA,2,002,CHASE LN,CHASE AVE,0,NA,Y,A,-,N,NA,NA,NA,NA,NA,NA,NA,NA,NA,Y,3,0,1,2,A,-,09,21802,A,N,D,2,A,A,H,-,A,A,0,NA,NA,NA,NA,Y,NA,A,01,0,1,0,0,0,0,0,0,0,-,-,32.771568298339844,-116.9387664794922,SAN DIEGO,UNINCORPORATED,-116.93878936767578,32.77159118652344
9460784,2022,2022-06-21,3700,2022-05-01,0957,SH0190,NA,7,5,5,3781,0,0,0,NA,0,513,CARLTON HILLS BL,WILLOWGROVE AV,0,NA,Y,A,-,N,NA,NA,NA,NA,NA,NA,NA,NA,NA,Y,2,0,1,1,C,-,18,NA,NA,N,E,I,A,A,H,-,A,D,0,NA,NA,NA,NA,Y,NA,-,-,1,0,0,0,0,0,0,0,0,-,-,NA,NA,SAN DIEGO,SANTEE,-116.99639892578124,32.840728759765625
9460849,2022,2022-06-21,3702,2022-04-08,2356,CV1379,NA,5,5,6,3702,0,0,0,NA,0,024,4TH AV,ORANGE AV,0,NA,Y,A,-,N,NA,NA,NA,NA,NA,NA,NA,NA,NA,Y,4,0,1,2,A,-,12,21453,A,N,D,C,A,A,H,-,C,A,0,NA,NA,NA,NA,Y,NA,A,01,0,0,1,0,0,0,0,0,0,-,-,NA,NA,SAN DIEGO,CHULA VISTA,-117.06919860839844,32.6022834777832
94609040,2025,2025-03-18,9680,2025-02-17,1550,024181,NA,1,2,9,3700,0,3,5,NA,2,002,PARADISE VALLEY RD,SR 125 SOUTHBOUND,61,E,N,A,-,N,NA,NA,NA,NA,NA,NA,NA,NA,NA,N,4,0,1,2,A,-,03,22350,NA,N,C,C,A,A,H,-,A,A,0,NA,NA,NA,NA,Y,NA,A,01,0,0,1,0,0,0,0,0,0,-,-,32.70365905761719,-117.01171112060548,SAN DIEGO,UNINCORPORATED,-117.01099395751952,32.704345703125
94610987,2025,2025-03-19,9645,2025-03-19,15,020515,NA,3,3,7,3711,0,1,1,NA,2,021,SR-15 S/B,I-805,792,S,N,A,-,Y,SD,NA,15,NA,R,3.209,H,NA,L,N,4,0,1,1,A,-,08,22107,NA,N,E,I,A,A,H,-,D,D,0,NA,NA,NA,NA,Y,NA,A,08,0,0,1,0,0,0,0,0,0,-,-,32.7298583984375,-117.11212158203124,SAN DIEGO,SAN DIEGO,-117.11191558837892,32.72983169555664
94612353,2025,2025-03-20,9645,2025-03-11,1550,022021,NA,2,2,7,3711,0,1,1,NA,2,010,I-8 EB,MORENA BLVD,430,E,N,B,C,Y,SD,NA,8,NA,R,0.469,H,NA,R,Y,3,0,2,2,A,-,03,22350,NA,N,C,C,A,B,H,-,A,D,0,NA,NA,NA,NA,Y,NA,A,01,0,1,1,0,0,0,0,0,0,-,-,32.76036071777344,-117.19638061523438,SAN DIEGO,SAN DIEGO,-117.19638061523438,32.76034927368164
9461536,2022,2022-06-29,3711,2022-06-21,1730,SD7872,NA,2,5,7,3711,0,0,0,NA,0,724,PALM AV,HARRIS AV,10,W,N,A,-,N,NA,NA,NA,NA,NA,NA,NA,NA,NA,N,4,0,1,2,A,-,03,22350,NA,N,C,C,A,A,H,-,A,A,0,NA,NA,NA,NA,Y,Y,A,01,0,0,1,0,0,0,0,0,0,-,-,NA,NA,SAN DIEGO,SAN DIEGO,-117.08308410644533,32.58387756347656
94628358,2025,2025-03-27,9645,2025-03-15,25,023482,NA,6,3,7,3711,0,1,1,NA,2,005,INTERSTATE 5 S/B,OLD TOWN AVENUE,898,S,N,C,-,Y,SD,NA,5,NA,R,18.858,H,NA,L,Y,2,0,2,1,A,-,00,23153,G,F,E,I,A,B,H,-,C,D,0,NA,NA,NA,NA,Y,Y,A,01,2,0,0,0,0,0,0,0,0,-,-,32.746158599853516,-117.1908721923828,SAN DIEGO,SAN DIEGO,-117.1907958984375,32.746273040771484
9462856,2022,2022-08-16,3708,2022-06-16,1710,LM1206,NA,4,5,5,3708,0,0,0,NA,0,001,SPRING ST,PARK LN,0,NA,Y,A,-,N,NA,NA,NA,NA,NA,NA,NA,NA,NA,Y,2,0,1,2,A,-,08,22107,NA,N,D,C,A,A,H,-,A,D,0,NA,NA,Y,NA,Y,NA,A,01,1,0,0,0,0,0,0,0,1,-,-,NA,NA,SAN DIEGO,LA MESA,-122.89048004150392,38.49186706542969
94628960,2025,2025-03-27,9680,2025-03-16,1130,024143,NA,7,1,9,3700,0,1,1,NA,2,083,HARBISON CANYON RD,NOAKES ST,0,NA,Y,A,-,N,NA,NA,NA,NA,NA,NA,NA,NA,NA,N,3,0,1,1,A,-,08,22107,NA,N,F,I,A,A,H,-,A,D,0,NA,NA,Y,NA,Y,NA,-,-,0,1,0,0,0,0,0,0,1,-,-,32.823448181152344,-116.82765197753906,SAN DIEGO,UNINCORPORATED,-116.82764434814452,32.82341384887695
94631808,2025,2025-03-31,9650,2025-03-21,1450,022132,NA,5,2,9,3700,0,1,3,NA,2,025,SR-78,IDAHO AVE.,0,NA,Y,A,-,Y,SD,NA,78,NA,NA,19.868,H,NA,R,Y,4,0,1,2,A,-,09,21802,A,N,A,C,A,A,H,-,A,A,0,NA,NA,NA,NA,Y,NA,D,22,0,0,1,0,0,0,0,0,0,-,-,33.115821838378906,-117.05879974365234,SAN DIEGO,UNINCORPORATED,-117.058837890625,33.11579513549805
94632510,2025,2025-04-01,9645,2025-03-24,540,022243,NA,1,3,7,3711,0,1,1,NA,2,003,I-5 N/B TO SR75,SAMPSON STREET O/C,275,N,N,A,-,Y,SD,NA,5,NA,R,13.825,H,NA,R,Y,4,0,1,2,A,-,08,22107,NA,N,B,C,A,A,H,-,C,D,0,NA,NA,NA,NA,Y,NA,A,07,0,0,1,0,0,0,0,0,0,-,-,32.699310302734375,-117.1394271850586,SAN DIEGO,SAN DIEGO,-117.13955688476563,32.69917678833008
9463374,2022,2022-07-21,3710,2022-06-28,0918,OC1356,NA,2,5,6,3710,0,0,0,NA,0,010,MISSION AV,CAREY RD,0,NA,Y,A,-,N,NA,NA,NA,NA,NA,NA,NA,NA,NA,Y,4,0,2,2,A,-,12,21453,A,N,D,C,A,A,H,-,A,A,0,NA,NA,NA,NA,Y,NA,-,NA,0,0,2,0,0,0,0,0,0,-,-,NA,NA,SAN DIEGO,OCEANSIDE,-117.36154174804688,33.20714569091797
9463377,2022,2022-10-05,3700,2022-06-29,1319,SH0138,NA,3,5,5,3781,0,0,0,NA,0,503,KERRIGAN ST,PRINCESS SARIT,0,NA,Y,A,-,N,NA,NA,NA,NA,NA,NA,NA,NA,NA,Y,4,0,1,2,A,-,09,21804,A,N,A,C,A,A,H,-,A,D,0,NA,NA,NA,NA,Y,NA,A,01,0,0,1,0,0,0,0,0,0,-,-,NA,NA,SAN DIEGO,SANTEE,-116.97367095947266,32.869972229003906
94634128,2025,2025-04-02,9645,2025-03-24,1427,023850,NA,1,2,7,3711,0,1,1,NA,2,015,I-805 S/B,GOVERNOR DR.,100,N,N,A,-,Y,SD,NA,805,NA,NA,24.57,H,NA,L,Y,2,0,1,2,A,-,03,22350,NA,N,C,C,A,A,H,-,A,D,0,NA,NA,Y,NA,Y,NA,C,02,1,0,0,0,0,0,0,0,1,-,-,32.85942077636719,-117.18546295166016,SAN DIEGO,SAN DIEGO,-117.1855239868164,32.85939407348633
9463671,2022,2022-09-28,3702,2022-08-02,0133,CV1444,NA,2,5,6,3702,0,0,0,NA,0,024,3RD AV,ORANGE AV,0,NA,Y,A,-,N,NA,NA,NA,NA,NA,NA,NA,NA,NA,N,3,0,1,2,A,-,12,21453,A,F,G,B,B,A,H,-,C,A,0,Y,NA,NA,NA,Y,Y,A,01,0,1,0,0,1,0,0,0,0,-,-,NA,NA,SAN DIEGO,CHULA VISTA,-117.0644989013672,32.60181427001953
94636730,2025,2025-04-03,9645,2025-04-02,1400,022729,NA,3,2,7,3711,0,1,1,NA,2,019,I-15 NORTHBOUND,TED WILLIAMS PKWY,1056,N,N,A,-,Y,SD,NA,15,NA,M,19.695,H,NA,R,N,4,0,2,2,A,-,07,21658,A,N,B,C,A,A,H,-,A,D,0,NA,NA,NA,NA,Y,NA,A,01,0,0,2,0,0,0,0,0,0,-,-,32.96757125854492,-117.0931396484375,SAN DIEGO,SAN DIEGO,-117.09320831298828,32.96760177612305
94639499,2025,2025-04-07,9645,2025-03-18,1240,015676,NA,2,1,7,3711,0,1,1,NA,2,003,I-5 S/B,WASHINGTON STREET,250,N,N,A,-,Y,SD,NA,5,NA,R,18.417,H,NA,L,Y,3,0,1,1,A,-,03,22350,NA,N,F,A,A,A,H,-,A,D,0,NA,NA,NA,NA,Y,NA,D,22,0,1,0,0,0,0,0,0,0,-,-,32.74324035644531,-117.18421936035156,SAN DIEGO,SAN DIEGO,-117.18424224853516,32.74320983886719
94639609,2025,2025-04-07,9680,2025-03-22,1100,024143,NA,6,1,9,3700,0,3,5,NA,2,001,LAKE JENNINGS PARK RD,JACK OAK RD,1056,E,N,A,-,N,NA,NA,NA,NA,NA,NA,NA,NA,NA,Y,3,0,2,1,A,-,03,22350,NA,N,E,I,A,A,H,-,A,D,0,NA,NA,NA,NA,Y,NA,A,01,0,2,0,0,0,0,0,0,0,-,-,32.84798049926758,-116.88697814941406,SAN DIEGO,UNINCORPORATED,-116.8872528076172,32.84810256958008
94639724,2025,2025-04-07,9645,2025-03-30,145,023309,NA,7,3,7,3711,0,1,3,NA,1,004,SR-74 EASTBOUND,I-5 NORTHBOUND,100,W,N,A,-,Y,SD,NA,5,NA,R,14.075,H,NA,R,Y,4,0,1,1,A,-,01,23152,A,N,E,I,A,A,H,-,D,B,0,NA,NA,NA,NA,Y,Y,A,07,0,0,1,0,0,0,0,0,0,-,-,32.70151901245117,-117.14293670654295,SAN DIEGO,SAN DIEGO,-117.14293670654295,32.70152282714844
94641851,2025,2025-04-08,9680,2025-03-30,1940,023846,NA,7,2,9,3700,0,3,5,NA,2,001,JULIAN AVE,LAKEVIEW RD,10,N,N,A,-,N,NA,NA,NA,NA,NA,NA,NA,NA,NA,Y,4,0,1,2,A,-,09,21800,A,N,D,C,A,A,H,-,D,A,0,NA,NA,NA,NA,Y,NA,D,22,0,0,1,0,0,0,0,0,0,-,-,32.85712814331055,-116.90557861328124,SAN DIEGO,UNINCORPORATED,-116.90557098388672,32.857154846191406
94642546,2025,2025-04-09,9650,2025-04-04,1301,021359,NA,5,1,9,3700,0,3,5,NA,2,070,LA NORIA,LA BAJADA,1639,S,N,A,-,N,NA,NA,NA,NA,NA,NA,NA,NA,NA,Y,3,0,1,1,A,-,08,22107,NA,N,E,I,A,A,H,-,A,D,0,NA,NA,NA,NA,Y,NA,A,07,0,1,0,0,0,0,0,0,0,-,-,33.02701950073242,-117.236328125,SAN DIEGO,UNINCORPORATED,-117.2361297607422,33.02708435058594
9464410,2022,2022-09-20,3711,2022-07-28,1601,SD7233,NA,4,5,7,3711,0,0,0,NA,0,934,CARMEL COUNTRY RD,CARMEL MISSION RD,560,W,N,A,-,N,NA,NA,NA,NA,NA,NA,NA,NA,NA,Y,1,1,0,1,A,-,08,22107,NA,N,E,I,A,A,H,-,A,D,0,NA,NA,NA,NA,Y,NA,D,22,0,0,0,0,0,0,0,0,0,-,-,NA,NA,SAN DIEGO,SAN DIEGO,-117.22283935546876,32.94599914550781
94647221,2025,2025-04-14,9680,2025-04-06,810,024159,NA,7,1,9,3700,0,2,4,NA,1,025,SWEETWATER RD,SPRING VISTA WAY,78,N,N,A,-,N,NA,NA,NA,NA,NA,NA,NA,NA,NA,Y,3,0,1,2,A,-,03,22350,NA,N,C,C,A,A,H,-,A,A,0,NA,NA,NA,NA,Y,NA,A,01,0,1,0,0,0,0,0,0,0,-,-,32.7176513671875,-117.0139389038086,SAN DIEGO,UNINCORPORATED,-117.01383972167967,32.71759033203125
94650004,2025,2025-04-15,9645,2025-04-14,1700,022021,NA,1,2,7,3711,0,1,3,NA,2,020,SR-56 EB,CARMEL COUNTRY ROAD,2100,W,N,A,-,Y,SD,NA,56,NA,NA,1.395,H,NA,R,N,4,0,3,3,A,-,03,22350,NA,N,C,C,A,A,H,-,A,D,0,NA,NA,NA,NA,Y,NA,A,07,0,0,3,0,0,0,0,0,0,-,-,32.94071960449219,-117.22012329101563,SAN DIEGO,SAN DIEGO,-117.22013092041016,32.94074249267578
94650050,2025,2025-04-15,9645,2025-04-02,1540,022021,NA,3,2,7,3711,0,1,1,NA,2,003,I-5 SB,SR-163 SB,200,N,N,A,-,Y,SD,NA,5,NA,R,16.12,H,NA,L,N,3,0,1,2,A,-,03,22350,NA,N,C,C,A,A,H,-,A,D,0,NA,NA,NA,NA,Y,NA,-,-,0,1,0,0,0,0,0,0,0,-,-,32.723838806152344,-117.15628051757813,SAN DIEGO,SAN DIEGO,-117.1562957763672,32.723915100097656
94650233,2025,2025-04-15,9680,2025-04-03,342,024143,NA,4,3,9,3700,0,1,3,NA,1,024,AVOCADO BLVD,SR-94 E/B,50,S,N,B,-,N,NA,NA,NA,NA,NA,NA,NA,NA,NA,Y,4,0,1,1,A,-,08,22107,NA,N,E,I,A,B,H,-,C,D,0,NA,NA,NA,NA,Y,NA,-,-,0,0,1,0,0,0,0,0,0,-,-,32.74449920654297,-116.96443939208984,SAN DIEGO,UNINCORPORATED,NA,NA
94651405,2025,2025-04-16,9650,2025-04-02,25,021500,NA,3,3,9,3700,0,3,5,NA,2,006,OLD STAGE RD,SUNBEAM LN,80,N,N,A,-,N,NA,NA,NA,NA,NA,NA,NA,NA,NA,Y,4,0,1,2,A,-,08,22107,NA,M,B,C,A,A,H,-,D,D,0,NA,NA,NA,NA,Y,NA,A,07,0,0,1,0,0,0,0,0,0,-,-,33.37070846557617,-117.24936676025392,SAN DIEGO,UNINCORPORATED,-117.24932861328124,33.370670318603516
9465465,2022,2023-01-30,3711,2022-12-07,0215,SD1540,NA,3,5,7,3711,0,0,0,NA,0,121,MISSION BL,SAN FERNANDO PL,48,S,N,B,-,N,NA,NA,NA,NA,NA,NA,NA,NA,NA,Y,4,0,1,4,A,-,01,23152,A,N,A,E,A,A,H,-,C,D,0,NA,NA,NA,NA,Y,Y,A,01,0,0,1,0,0,0,0,0,0,-,-,NA,NA,SAN DIEGO,SAN DIEGO,-117.25100708007813,32.7675895690918
94655428,2025,2026-02-26,9680,2025-04-08,1338,023492,NA,2,1,9,3700,0,1,3,NA,1,040,SR-94 (CAMPO ROAD),SR-188,528,W,N,A,-,Y,SD,NA,94,NA,R,38.686,H,NA,R,Y,4,0,1,2,A,-,05,21460,A,N,D,I,A,A,H,-,A,D,0,NA,NA,NA,NA,Y,NA,J,48,0,0,1,0,0,0,0,0,0,-,-,32.597198486328125,-116.64689636230467,SAN DIEGO,UNINCORPORATED,-116.64689636230467,32.597206115722656
94655999,2025,2025-04-21,9680,2025-04-10,2223,023984,NA,4,3,9,3700,0,2,4,NA,1,026,WILLOW GLEN RD,BITTERBUSH LN,90,N,N,A,-,N,NA,NA,NA,NA,NA,NA,NA,NA,NA,Y,3,0,1,1,A,-,08,22107,NA,N,E,8,A,A,H,-,D,D,0,NA,NA,NA,NA,Y,NA,A,01,0,1,0,0,0,0,0,0,0,-,-,32.77981948852539,-116.8882064819336,SAN DIEGO,UNINCORPORATED,-116.88809967041016,32.77977752685547
94656405,2025,2025-04-21,9645,2025-04-15,1555,022484,NA,2,2,7,3711,0,1,1,NA,2,021,SR-15 S/B,IMPERIAL AVENUE,250,N,N,A,-,Y,SD,NA,15,NA,NA,1.553,H,NA,L,Y,3,0,1,2,A,-,07,21658,A,N,C,C,A,A,H,-,A,A,0,NA,NA,Y,NA,Y,NA,A,07,0,1,0,0,0,0,0,0,1,-,-,32.70738983154297,-117.12039947509766,SAN DIEGO,SAN DIEGO,-117.1203384399414,32.70738220214844
94660489,2025,2025-04-23,9645,2025-04-13,2030,022512,NA,7,2,6,3702,0,1,1,NA,2,009,INTERSTATE 805 SOUTHBOUND TO BONITA ROAD,BONITA ROAD,25,N,N,A,-,Y,NA,NA,NA,NA,NA,NA,NA,NA,NA,N,4,0,1,2,A,-,21,22106,NA,N,C,C,A,A,H,-,C,D,0,NA,NA,NA,NA,Y,NA,A,01,0,0,1,0,0,0,0,0,0,-,-,32.64822006225586,-117.06288146972656,SAN DIEGO,CHULA VISTA,-117.06118774414063,32.64786148071289
94660575,2025,2025-04-23,9680,2025-04-14,1835,021584,NA,1,2,9,3700,0,3,5,NA,2,009,STEFFY ROAD,KEYES ROAD,0,NA,Y,A,-,N,NA,NA,NA,NA,NA,NA,NA,NA,NA,Y,3,0,2,2,A,-,09,21802,A,N,D,C,A,A,H,-,A,A,0,NA,NA,NA,NA,Y,NA,A,01,0,1,1,0,0,0,0,0,0,-,-,33.03300857543945,-116.84925842285156,SAN DIEGO,UNINCORPORATED,-116.84925079345705,33.0329704284668
94660639,2025,2025-04-23,9680,2025-04-14,1125,020500,NA,1,1,9,3700,0,2,4,NA,1,092,RAMONA OAKS RD,ABAJO DR,420,W,N,B,-,N,NA,NA,NA,NA,NA,NA,NA,NA,NA,Y,2,0,1,1,A,-,08,22107,NA,N,E,I,A,A,H,-,A,A,0,NA,NA,NA,NA,Y,NA,A,01,1,0,0,0,0,0,0,0,0,-,-,33.00347137451172,-116.79788970947266,SAN DIEGO,UNINCORPORATED,-116.7978515625,33.0035514831543
94660642,2025,2025-04-23,9680,2025-04-16,1515,020165,NA,3,2,5,3705,0,1,1,NA,2,082,I-8 (E/B),N 1ST ST,500,E,N,B,-,Y,SD,NA,8,NA,NA,16.947,H,NA,R,Y,3,0,1,2,A,-,03,22350,NA,N,C,C,A,A,H,-,A,D,0,NA,NA,NA,NA,Y,NA,D,22,0,1,0,0,0,0,0,0,0,-,-,32.802921295166016,-116.94287872314452,SAN DIEGO,EL CAJON,-116.94287872314452,32.80295181274414
94662694,2025,2025-04-24,9645,2025-04-13,2050,023482,NA,7,2,7,3711,0,1,3,NA,2,023,SR-163 N/B,FRIARS ROAD U/C,158,S,N,A,-,Y,SD,NA,163,NA,NA,4.332,H,NA,R,N,3,0,2,2,A,-,02,22400,A,N,B,C,A,A,H,-,C,D,0,NA,NA,NA,NA,Y,Y,A,01,0,2,0,0,0,0,0,0,0,-,-,32.77103042602539,-117.16104888916016,SAN DIEGO,SAN DIEGO,-117.16134643554688,32.77108383178711
94665857,2025,2025-04-28,9645,2025-04-16,1805,021231,NA,3,2,7,3711,0,1,1,NA,2,027,I-15 N/B,FRIARS RD.,1000,N,N,B,-,Y,SD,NA,15,NA,R,7.115,H,NA,R,Y,2,0,1,1,A,-,03,22350,NA,N,F,A,A,A,H,-,A,D,0,NA,NA,Y,NA,Y,NA,C,02,1,0,0,0,0,0,0,0,1,-,-,32.79243850708008,-117.11215972900392,SAN DIEGO,SAN DIEGO,-117.11222076416016,32.792449951171875
94669051,2025,2025-04-29,9680,2025-04-17,1522,024202,NA,4,2,5,3708,0,1,1,NA,2,081,I-8 E/B TO SR-125,JACKSON DR,528,E,N,A,-,Y,SD,NA,8,NA,NA,11.939,H,NA,R,Y,3,0,1,3,A,-,03,22350,NA,F,C,C,A,A,H,-,A,D,0,NA,NA,Y,NA,Y,NA,C,02,0,1,0,0,0,0,0,0,1,-,-,32.77558135986328,-117.00826263427734,SAN DIEGO,LA MESA,-117.00837707519533,32.77581787109375
94669838,2025,2025-04-30,9650,2025-04-23,745,020673,NA,3,1,6,3706,0,1,3,NA,2,019,SR-78 WB,NORDAHL RD.,2450,E,N,B,-,Y,SD,NA,78,NA,R,15.984,H,NA,L,N,4,0,1,2,A,-,07,21658,A,N,B,C,A,A,H,-,A,D,0,NA,NA,Y,NA,Y,NA,A,01,0,0,1,0,0,0,0,0,1,-,-,33.12889099121094,-117.11383056640624,SAN DIEGO,ESCONDIDO,-117.11380767822266,33.12893295288086
9467048,2022,2023-02-03,3700,2022-12-08,1321,SH4406,NA,4,5,5,3782,0,0,0,NA,0,212,SAXONY RD,QUAIL HOLLOW DR,785,S,N,A,-,N,NA,NA,NA,NA,NA,NA,NA,NA,NA,Y,3,0,1,2,A,-,03,22350,NA,N,C,E,A,A,H,-,A,D,0,NA,NA,NA,Y,Y,NA,A,01,0,1,0,0,0,0,0,0,0,-,-,NA,NA,SAN DIEGO,ENCINITAS,-117.28595733642578,33.0732307434082