CASE_ID,ACCIDENT_YEAR,PROC_DATE,JURIS,COLLISION_DATE,COLLISION_TIME,OFFICER_ID,REPORTING_DISTRICT,DAY_OF_WEEK,CHP_SHIFT,POPULATION,CNTY_CITY_LOC,SPECIAL_COND,BEAT_TYPE,CHP_BEAT_TYPE,CITY_DIVISION_LAPD,CHP_BEAT_CLASS,BEAT_NUMBER,PRIMARY_RD,SECONDARY_RD,DISTANCE,DIRECTION,INTERSECTION,WEATHER_1,WEATHER_2,STATE_HWY_IND,CALTRANS_COUNTY,CALTRANS_DISTRICT,STATE_ROUTE,ROUTE_SUFFIX,POSTMILE_PREFIX,POSTMILE,LOCATION_TYPE,RAMP_INTERSECTION,SIDE_OF_HWY,TOW_AWAY,COLLISION_SEVERITY,NUMBER_KILLED,NUMBER_INJURED,PARTY_COUNT,PRIMARY_COLL_FACTOR,PCF_CODE_OF_VIOL,PCF_VIOL_CATEGORY,PCF_VIOLATION,PCF_VIOL_SUBSECTION,HIT_AND_RUN,TYPE_OF_COLLISION,MVIW,PED_ACTION,ROAD_SURFACE,ROAD_COND_1,ROAD_COND_2,LIGHTING,CONTROL_DEVICE,CHP_ROAD_TYPE,PEDESTRIAN_ACCIDENT,BICYCLE_ACCIDENT,MOTORCYCLE_ACCIDENT,TRUCK_ACCIDENT,NOT_PRIVATE_PROPERTY,ALCOHOL_INVOLVED,STWD_VEHTYPE_AT_FAULT,CHP_VEHTYPE_AT_FAULT,COUNT_SEVERE_INJ,COUNT_VISIBLE_INJ,COUNT_COMPLAINT_PAIN,COUNT_PED_KILLED,COUNT_PED_INJURED,COUNT_BICYCLIST_KILLED,COUNT_BICYCLIST_INJURED,COUNT_MC_KILLED,COUNT_MC_INJURED,PRIMARY_RAMP,SECONDARY_RAMP,LATITUDE,LONGITUDE,COUNTY,CITY,POINT_X,POINT_Y
94808848,2025,2025-08-19,9650,2025-08-10,1525,022924,NA,7,2,9,3700,0,2,4,NA,1,027,VALLEY CENTER RD,RINCON HILL TOP VIEW RD,10,N,N,A,-,N,NA,NA,NA,NA,NA,NA,NA,NA,NA,Y,3,0,1,2,A,-,08,22107,NA,N,C,E,A,A,H,-,A,D,0,NA,NA,NA,NA,Y,NA,A,07,0,1,0,0,0,0,0,0,0,-,-,33.25413131713867,-116.96111297607422,SAN DIEGO,UNINCORPORATED,-116.96125030517578,33.254032135009766
9480972,2022,2022-07-29,3710,2022-07-12,2211,OC1095,NA,2,5,6,3710,0,0,0,NA,0,024,MESA DR,RANCHO DEL ORO DR,0,NA,Y,A,-,N,NA,NA,NA,NA,NA,NA,NA,NA,NA,Y,3,0,3,2,A,-,09,21453,C,N,A,C,A,A,H,-,C,A,0,NA,NA,NA,NA,Y,NA,A,01,0,1,2,0,0,0,0,0,0,-,-,NA,NA,SAN DIEGO,OCEANSIDE,-117.3179168701172,33.21464538574219
94812660,2025,2025-08-21,9645,2025-08-04,929,024371,NA,1,1,7,3711,0,1,3,NA,2,008,SR-54 W/B TO I-805 N/B,EUCLID AVENUE,125,S,N,A,-,Y,NA,NA,NA,NA,NA,NA,NA,NA,NA,N,4,0,1,1,A,-,03,22350,NA,N,E,J,A,A,H,-,A,D,0,NA,NA,NA,NA,Y,NA,A,01,0,0,1,0,0,0,0,0,0,-,-,32.662559509277344,-117.07752990722656,SAN DIEGO,SAN DIEGO,-117.08493041992188,32.722740173339844
94813006,2025,2025-08-21,9680,2025-08-10,225,023523,NA,7,3,5,3781,0,1,3,NA,2,016,SR-67 S/B,RIVERFORD,1500,S,N,B,-,Y,SD,NA,67,NA,R,3.632,H,NA,L,Y,3,0,3,2,A,-,08,22107,NA,N,C,C,A,A,H,-,D,D,0,NA,NA,NA,NA,Y,Y,A,01,0,1,2,0,0,0,0,0,0,-,-,32.8521614074707,-116.9506607055664,SAN DIEGO,SANTEE,-116.95064544677734,32.85214614868164
94814281,2025,2025-08-22,9645,2025-08-12,1840,024481,NA,2,2,7,3711,0,1,1,NA,2,015,I-805 SOUTHBOUND FROM BALBOA AVENUE,BALBOA AVENUE,648,S,N,A,-,Y,NA,NA,NA,NA,NA,NA,NA,NA,NA,N,4,0,1,2,A,-,03,22350,NA,N,C,C,A,A,H,-,A,A,0,NA,NA,NA,NA,Y,NA,A,07,0,0,1,0,0,0,0,0,0,-,-,32.81993103027344,-117.1623764038086,SAN DIEGO,SAN DIEGO,-117.1615982055664,32.82001876831055
94816859,2025,2025-08-25,9645,2025-08-02,2045,024357,NA,6,2,7,3711,0,1,3,NA,2,008,STATE ROUTE 54 WESTBOUND,REO DRIVE,2787,E,N,A,-,Y,SD,NA,54,NA,NA,3.518,H,NA,L,Y,3,0,1,3,A,-,03,22350,NA,N,C,C,A,A,H,-,C,D,0,NA,NA,Y,NA,Y,NA,C,02,0,1,0,0,0,0,0,0,1,-,-,32.667640686035156,-117.04894256591795,SAN DIEGO,SAN DIEGO,-117.04895782470705,32.667667388916016
94820479,2025,2025-08-27,9645,2025-08-16,1140,023465,NA,6,1,7,3711,0,1,1,NA,2,010,INTERSTATE 8 WESTBOUND (OCEAN BEACH FREEWAY),MISSION BAY DRIVE,1600,E,N,A,-,Y,SD,NA,8,NA,L,1.671,H,NA,L,Y,4,0,3,3,A,-,03,22350,NA,N,C,C,A,A,H,-,A,D,0,NA,NA,NA,NA,Y,NA,D,22,0,0,3,0,0,0,0,0,0,-,-,32.75835037231445,-117.2161102294922,SAN DIEGO,SAN DIEGO,-117.21607971191406,32.75826644897461
94822280,2025,2025-08-28,9645,2025-08-20,1540,017499,NA,3,2,7,3711,0,1,1,NA,2,011,I-805 NORTHBOUND FROM SR-94 WESTBOUND,FEDERAL BLVD UC,20,N,N,A,-,Y,NA,NA,NA,NA,NA,NA,NA,NA,NA,N,3,0,1,2,A,-,03,22350,NA,N,B,C,A,A,H,-,A,D,0,NA,NA,NA,NA,Y,NA,A,01,0,1,0,0,0,0,0,0,0,-,-,32.720821380615234,-117.10160064697266,SAN DIEGO,SAN DIEGO,-117.10255432128906,32.720542907714844
9482445,2022,2022-11-16,3711,2022-07-13,1235,SD1501,NA,3,5,7,3711,0,0,0,NA,0,241,SCRIPPS LAKE DR,TREENA ST,0,NA,N,A,-,N,NA,NA,NA,NA,NA,NA,NA,NA,NA,Y,4,0,1,2,A,-,08,22107,NA,N,A,C,A,B,H,-,A,D,0,NA,NA,NA,NA,Y,NA,A,01,0,0,1,0,0,0,0,0,0,-,-,NA,NA,SAN DIEGO,SAN DIEGO,-117.1138153076172,32.910316467285156
94825236,2025,2025-09-01,9650,2025-08-14,2100,023524,NA,4,2,9,3700,0,3,5,NA,2,006,BROOK ROAD,SOUTH STAGE COACH LANE,0,NA,Y,A,-,Y,NA,NA,NA,NA,NA,NA,NA,NA,NA,Y,4,0,1,2,A,-,01,23152,A,N,D,C,A,A,H,-,D,A,0,NA,NA,NA,NA,Y,Y,D,22,0,0,1,0,0,0,0,0,0,-,-,33.358238220214844,-117.23036193847656,SAN DIEGO,UNINCORPORATED,-117.23040008544922,33.358238220214844
94825239,2025,2025-09-01,9650,2025-08-15,155,022992,NA,5,3,9,3700,0,3,5,NA,2,006,STAGE COACH LANE,REINEMAN ROAD,350,W,N,A,-,N,NA,NA,NA,NA,NA,NA,NA,NA,NA,Y,2,0,1,1,A,-,01,23152,A,N,E,I,A,A,H,-,D,D,0,NA,NA,NA,NA,Y,Y,D,22,1,0,0,0,0,0,0,0,0,-,-,33.352508544921875,-117.23603057861328,SAN DIEGO,UNINCORPORATED,-117.23603057861328,33.3525505065918
94826153,2025,2025-09-02,9645,2025-08-20,1515,024170,NA,3,2,7,3711,0,1,1,NA,2,009,I-805 N/B FROM SR-94 W/B,HOME AVENUE,760,S,N,A,-,Y,NA,NA,NA,NA,NA,NA,NA,NA,NA,N,4,0,1,2,A,-,08,22107,NA,N,C,C,A,A,H,-,A,D,0,NA,NA,NA,NA,Y,NA,A,01,0,0,1,0,0,0,0,0,0,-,-,32.72317886352539,-117.10208129882813,SAN DIEGO,SAN DIEGO,-117.1025161743164,32.7236213684082
94826882,2025,2025-09-02,9645,2025-08-19,705,024371,NA,2,1,5,3709,0,1,1,NA,2,001,I-5 N/B,MILE OF CARS WAY,1339,S,N,A,-,Y,SD,NA,5,NA,NA,9.796,H,NA,R,Y,4,0,1,2,A,-,03,22350,NA,N,C,C,A,A,H,-,A,D,0,NA,NA,Y,NA,Y,NA,C,02,0,0,1,0,0,0,0,0,1,-,-,32.65652847290039,-117.10646057128906,SAN DIEGO,NATIONAL CITY,-117.10639190673828,32.656551361083984
94828597,2025,2025-09-03,9645,2025-08-24,550,024529,NA,7,3,7,3711,0,1,3,NA,2,006,STATE ROUTE 94 EASTBOUND,47TH STREET,67,W,N,A,-,Y,SD,NA,94,NA,NA,4.608,H,NA,R,Y,3,0,1,1,A,-,08,22107,NA,N,E,I,A,A,H,-,A,D,0,NA,NA,NA,NA,Y,Y,D,22,0,1,0,0,0,0,0,0,0,-,-,32.71846008300781,-117.09391784667967,SAN DIEGO,SAN DIEGO,-117.0939712524414,32.718360900878906
94829657,2025,2025-09-04,9650,2025-08-23,950,022924,NA,6,1,9,3700,0,1,1,NA,2,001,I-5 SOUTHBOUND,S/B SCALES,800,S,N,B,-,Y,SD,NA,5,NA,R,66.596,H,NA,L,Y,3,0,1,1,A,-,03,22350,NA,N,F,I,A,A,H,-,A,D,0,NA,NA,Y,NA,Y,NA,C,02,0,1,0,0,0,0,0,0,1,-,-,33.34584045410156,-117.51612091064452,SAN DIEGO,UNINCORPORATED,-117.51609802246094,33.345863342285156
94830323,2025,2025-09-04,9680,2025-08-25,735,020116,NA,1,1,9,3700,0,3,5,NA,2,001,EL MONTE RD,YUCCA DR,2112,E,N,A,-,N,NA,NA,NA,NA,NA,NA,NA,NA,NA,Y,3,0,1,2,A,-,08,22107,NA,N,B,C,A,A,H,-,A,D,0,NA,NA,NA,NA,Y,NA,D,22,0,1,0,0,0,0,0,0,0,-,-,32.89229965209961,-116.8466796875,SAN DIEGO,UNINCORPORATED,-116.8466567993164,32.89232635498047
94831884,2025,2025-09-05,9680,2025-08-25,1100,023077,NA,1,1,5,3708,0,1,3,NA,2,027,SR-94 W/B TO SR-125 S/B,SPRING ST,677,S,N,A,-,Y,SD,NA,94,NA,R,10.195,H,NA,L,N,3,0,1,1,A,-,08,22107,NA,N,F,A,A,A,H,-,A,D,0,NA,NA,NA,NA,Y,NA,A,01,0,1,0,0,0,0,0,0,0,-,-,32.7529411315918,-117.01325988769533,SAN DIEGO,LA MESA,-117.01335906982422,32.753074645996094
94834505,2025,2025-09-08,9645,2025-08-26,1530,022729,NA,2,2,7,3711,0,1,3,NA,2,014,SR-52 EASTBOUND,KEAARNY VILLA ROAD,475,E,N,A,-,Y,NA,NA,NA,NA,NA,NA,NA,NA,NA,N,4,0,1,2,A,-,08,22107,NA,F,B,C,A,A,H,-,A,D,0,NA,NA,NA,NA,Y,NA,-,99,0,0,1,0,0,0,0,0,0,-,-,32.841068267822266,-117.1262435913086,SAN DIEGO,SAN DIEGO,-117.12641143798828,32.84160232543945
94834627,2025,2025-09-08,9645,2025-08-26,1530,023628,NA,2,2,7,3711,0,1,1,NA,2,010,I-8 E/B,I-15,3000,W,N,A,-,Y,SD,NA,8,NA,NA,5.043,H,NA,R,Y,4,0,2,2,A,-,03,22350,NA,N,C,C,A,A,H,-,A,D,0,NA,NA,NA,NA,Y,NA,D,22,0,0,2,0,0,0,0,0,0,-,-,32.776329040527344,-117.12197875976563,SAN DIEGO,SAN DIEGO,-117.1219482421875,32.77629089355469
9483619,2022,2022-11-17,3709,2022-08-02,0809,NC0495,NA,2,5,5,3709,0,0,0,NA,0,024,HIGHLAND AV,E. 20TH ST,0,NA,N,A,-,N,NA,NA,NA,NA,NA,NA,NA,NA,NA,Y,2,0,1,4,A,-,01,23152,A,N,C,E,A,A,H,-,C,-,0,NA,NA,NA,NA,Y,Y,D,22,1,0,0,0,0,0,0,0,0,-,-,NA,NA,SAN DIEGO,NATIONAL CITY,-117.0946807861328,32.66777801513672
94837598,2025,2025-09-09,9645,2025-09-02,1600,022765,NA,2,2,7,3711,0,1,1,NA,2,015,I-805 S/B,BALBOA AVENUE,26,S,N,A,-,Y,NA,NA,NA,NA,NA,NA,NA,NA,NA,N,3,0,3,3,A,-,03,22350,NA,N,C,C,A,A,H,-,A,D,0,NA,NA,NA,NA,Y,NA,D,22,0,3,0,0,0,0,0,0,0,-,-,32.821441650390625,-114.16240692138672,SAN DIEGO,SAN DIEGO,-117.1624755859375,32.821556091308594
94839219,2025,2025-09-10,9650,2025-09-09,1735,020254,NA,2,2,5,3701,0,1,1,NA,2,005,I-5 N/B,LAS FLORES DR,970,S,N,A,-,Y,SD,NA,5,NA,R,50.485,H,NA,R,Y,4,0,1,2,A,-,03,22350,NA,N,C,C,A,A,H,-,A,D,0,NA,NA,NA,NA,Y,NA,D,22,0,0,1,0,0,0,0,0,0,-,-,33.16823959350586,-117.34461212158205,SAN DIEGO,CARLSBAD,-117.34466552734376,33.16822052001953
9483970,2022,2022-08-01,3710,2022-06-20,1150,OC1526,NA,1,5,6,3710,0,0,0,NA,0,016,DOUGLAS DR,MISSION AV,80,N,N,A,-,N,NA,NA,NA,NA,NA,NA,NA,NA,NA,N,4,0,2,2,A,-,09,21804,A,N,B,C,A,A,H,-,A,D,0,NA,NA,NA,NA,Y,NA,A,01,0,0,2,0,0,0,0,0,0,-,-,NA,NA,SAN DIEGO,OCEANSIDE,-117.3260498046875,33.2280387878418
94840657,2025,2025-09-11,9645,2025-08-27,1308,024529,NA,3,1,7,3711,0,1,3,NA,2,022,STATE ROUTE 56 EASTBOUND,INTERSTATE 15,2360,E,N,A,-,Y,SD,NA,56,NA,NA,9.174,H,NA,R,Y,4,0,2,3,A,-,03,22350,NA,N,C,C,A,A,H,-,A,D,0,NA,NA,NA,NA,Y,NA,A,01,0,0,2,0,0,0,0,0,0,-,-,32.96168899536133,-117.10385131835938,SAN DIEGO,SAN DIEGO,-117.10384368896484,32.96167755126953
9484308,2022,2022-08-03,3705,2022-06-13,1041,EC0371,NA,1,5,5,3705,0,0,0,NA,0,002,EAST MAIN ST,SHADY LN,17,E,N,A,-,N,NA,NA,NA,NA,NA,NA,NA,NA,NA,Y,3,0,1,2,A,-,09,21801,A,N,D,C,A,A,H,-,A,D,0,NA,NA,NA,NA,Y,NA,D,22,0,1,0,0,0,0,0,0,0,-,-,NA,NA,SAN DIEGO,EL CAJON,-116.93792724609376,32.794944763183594
9484907,2022,2022-08-24,3700,2022-07-16,1815,SH3910,NA,6,5,5,3712,0,0,0,NA,0,349,SOUTH RANCHO SANTA FE RD,BOULDERIDGE RD,32,S,N,B,-,N,NA,NA,NA,NA,NA,NA,NA,NA,NA,Y,4,0,1,2,B,-,22,NA,NA,N,C,C,A,A,H,-,A,D,0,NA,NA,NA,NA,Y,NA,M,96,0,0,1,0,0,0,0,0,0,-,-,NA,NA,SAN DIEGO,SAN MARCOS,-117.22525787353516,33.109432220458984
9484930,2022,2022-08-30,3709,2022-08-05,1921,NC0547,NA,5,5,5,3709,0,0,0,NA,0,021,EAST PLAZA BL,HARBISON AV,0,NA,Y,A,-,N,NA,NA,NA,NA,NA,NA,NA,NA,NA,N,4,0,1,2,A,-,12,21453,A,M,D,C,A,A,H,-,A,A,0,NA,NA,NA,NA,Y,NA,-,99,0,0,1,0,0,0,0,0,0,-,-,NA,NA,SAN DIEGO,NATIONAL CITY,-117.07401275634766,32.68170928955078
94849414,2025,2025-09-18,9650,2025-09-08,1925,021528,NA,1,2,6,3706,0,1,1,NA,2,023,I-15 N/B,BEETHOVEN DR,134,S,N,A,-,Y,SD,NA,15,NA,M,27.245,H,NA,R,N,3,0,1,2,A,-,08,22107,NA,N,B,C,A,A,H,-,C,D,0,NA,NA,Y,NA,Y,NA,C,02,0,1,0,0,0,0,0,0,1,-,-,33.07326889038086,-117.06967163085938,SAN DIEGO,ESCONDIDO,-117.06975555419922,33.073265075683594
94850137,2025,2025-09-18,9645,2025-09-12,510,024481,NA,5,3,7,3711,0,1,1,NA,2,001,I-5 NORTHBOUND,DIVISION STREET,1500,S,N,A,-,Y,SD,NA,5,NA,R,11.397,H,NA,R,N,3,0,1,2,A,-,08,22107,NA,N,B,2,A,A,H,-,C,D,0,NA,NA,NA,NA,Y,NA,D,22,0,1,0,0,0,0,0,0,0,-,-,32.678558349609375,-117.10955810546876,SAN DIEGO,SAN DIEGO,-117.10951995849608,32.67856979370117
9485019,2022,2022-09-01,3710,2022-08-03,1211,OC1494,NA,3,5,6,3710,0,0,0,NA,0,010,KRAFT ST,LANGFORD ST,0,NA,Y,A,-,N,NA,NA,NA,NA,NA,NA,NA,NA,NA,N,4,0,2,2,A,-,12,22450,A,N,D,C,A,A,H,-,A,D,0,NA,NA,NA,NA,Y,NA,A,01,0,0,2,0,0,0,0,0,0,-,-,NA,NA,SAN DIEGO,OCEANSIDE,-117.37063598632813,33.209224700927734
94850423,2025,2025-09-18,9680,2025-09-07,1323,023255,NA,7,1,5,3708,0,1,3,NA,2,028,SR-125 NB,MARIPOSA ST,357,S,N,A,-,Y,SD,NA,125,NA,NA,14.047,H,NA,R,Y,4,0,2,3,A,-,07,21658,A,F,B,C,A,A,H,-,A,D,0,NA,NA,NA,NA,Y,NA,A,01,0,0,2,0,0,0,0,0,0,-,-,32.75880813598633,-117.00511932373048,SAN DIEGO,LA MESA,-117.00511169433594,32.7588005065918
94851225,2025,2025-09-19,9645,2025-09-09,645,022845,NA,2,1,7,3711,0,1,1,NA,2,009,I-805 N/B,MARKET STREET,481,S,N,B,-,Y,SD,NA,805,NA,NA,12.803,H,NA,R,N,3,0,2,3,A,-,07,21658,A,N,B,C,A,A,H,-,A,D,0,NA,NA,Y,NA,Y,NA,A,01,0,2,0,0,0,0,0,0,1,-,-,32.70970916748047,-117.09900665283205,SAN DIEGO,SAN DIEGO,-117.0988998413086,32.70978546142578
94854228,2025,2025-09-22,9645,2025-09-14,1730,022765,NA,7,2,7,3711,0,1,1,NA,2,021,SR-15 S/B,IMPERIAL AVENUE U/C,500,S,N,A,-,Y,SD,NA,15,NA,R,0.85,H,NA,L,Y,3,0,1,2,A,-,03,22350,NA,N,B,C,A,A,H,-,A,D,0,NA,NA,NA,NA,Y,NA,A,01,0,1,0,0,0,0,0,0,0,-,-,32.705078125,-117.12075805664063,SAN DIEGO,SAN DIEGO,-117.1207275390625,32.705078125
9485897,2022,2022-10-17,3702,2022-07-20,1141,CV1390,NA,3,5,6,3702,0,0,0,NA,0,021,BROADWAY,NAPLES ST,259,N,N,A,-,N,NA,NA,NA,NA,NA,NA,NA,NA,NA,Y,3,0,4,3,A,-,03,22350,NA,N,C,C,A,-,H,-,A,D,0,NA,NA,NA,NA,Y,NA,A,01,0,1,3,0,0,0,0,0,0,-,-,NA,NA,SAN DIEGO,CHULA VISTA,-117.08169555664063,32.610904693603516
9486236,2022,2022-09-22,3711,2022-09-01,2035,SD7697,NA,4,5,7,3711,0,0,0,NA,0,821,EL CAJON BL,ROLANDO BL,45,W,N,A,-,Y,NA,NA,NA,NA,NA,NA,NA,NA,NA,N,4,0,2,2,A,-,09,21801,A,N,A,C,A,A,H,-,C,A,0,NA,NA,NA,NA,Y,NA,A,01,0,0,2,0,0,0,0,0,0,-,-,NA,NA,SAN DIEGO,SAN DIEGO,-117.05751037597656,32.7669563293457
9486458,2022,2022-09-19,3702,2022-07-30,1955,CV1279,NA,6,5,6,3702,0,0,0,NA,0,042,OLYMPIC PKWY,EAST PALOMAR ST,1151,W,N,A,-,N,NA,NA,NA,NA,NA,NA,NA,NA,NA,Y,4,0,3,2,A,-,01,23152,A,N,C,C,A,A,H,-,B,D,0,NA,NA,NA,NA,Y,Y,A,01,0,0,3,0,0,0,0,0,0,-,-,NA,NA,SAN DIEGO,CHULA VISTA,-116.98240661621094,32.62757110595703
9486534,2022,2022-09-06,3710,2022-04-17,1345,OC1503,NA,7,5,6,3710,0,0,0,NA,0,003,SOUTH PACIFIC ST,SEAGAZE DR,275,S,N,A,-,N,NA,NA,NA,NA,NA,NA,NA,NA,NA,N,3,0,2,2,A,-,15,21201,A,N,D,G,A,A,H,-,A,D,0,NA,Y,NA,NA,Y,NA,L,04,0,1,1,0,0,0,1,0,0,-,-,NA,NA,SAN DIEGO,OCEANSIDE,-117.38170623779295,33.192352294921875
9486723,2022,2022-10-19,3702,2022-05-25,1601,CV1099,NA,3,5,6,3702,0,0,0,NA,0,013,WOODLAWN AV,H ST,0,NA,Y,A,-,N,NA,NA,NA,NA,NA,NA,NA,NA,NA,N,4,0,1,2,A,-,17,21235,G,N,H,-,A,A,H,-,A,A,0,NA,NA,NA,NA,Y,NA,M,94,0,0,1,0,0,0,0,0,0,-,-,NA,NA,SAN DIEGO,CHULA VISTA,-117.09391021728516,32.62971496582031
9486810,2022,2022-09-19,3702,2022-07-01,1301,CV1333,NA,5,5,6,3702,0,0,0,NA,0,013,H ST,3RD AV,529,E,N,A,-,N,NA,NA,NA,NA,NA,NA,NA,NA,NA,Y,4,0,1,2,A,-,08,22107,NA,N,B,E,A,A,H,-,A,D,0,NA,NA,NA,NA,Y,NA,D,22,0,0,1,0,0,0,0,0,0,-,-,NA,NA,SAN DIEGO,CHULA VISTA,-117.07560729980467,32.634857177734375
94869771,2025,2025-10-02,9645,2025-09-20,1351,024447,NA,6,1,5,3709,0,1,3,NA,2,008,STATE ROUT 54 EASTBOUND,2ND STREET,639,W,N,A,-,Y,SD,NA,54,NA,NA,1.251,H,NA,R,Y,4,0,2,3,A,-,03,22350,NA,N,C,C,A,A,H,-,A,D,0,NA,NA,NA,NA,Y,NA,A,07,0,0,2,0,0,0,0,0,0,-,-,32.656890869140625,-117.08429718017578,SAN DIEGO,NATIONAL CITY,-117.08431243896484,32.65692138671875
94870184,2025,2025-10-02,9650,2025-10-01,1640,019979,NA,3,2,6,3706,0,1,3,NA,2,019,SR-78 E/B,NORDAHL RD,890,E,N,A,-,Y,NA,NA,NA,NA,NA,NA,NA,NA,NA,N,4,0,1,2,A,-,03,22350,NA,N,C,C,A,A,H,-,A,D,0,NA,NA,NA,NA,Y,NA,A,07,0,0,1,0,0,0,0,0,0,-,-,38.59683990478515,-121.49004364013672,SAN DIEGO,ESCONDIDO,-117.11915588378906,33.131038665771484
94873999,2025,2025-10-06,9645,2025-09-13,2220,023563,NA,6,3,7,3711,0,1,1,NA,2,017,I-15 NORTHBOUND,POMERADO ROAD,1800,S,N,A,-,Y,SD,NA,15,NA,M,13.971,H,NA,R,Y,3,0,2,2,A,-,01,23152,A,N,B,2,A,A,H,-,C,D,0,NA,NA,NA,NA,Y,Y,D,22,0,1,1,0,0,0,0,0,0,-,-,32.88896179199219,-117.11300659179688,SAN DIEGO,SAN DIEGO,-117.11296081542967,32.888980865478516
94874146,2025,2025-10-06,9645,2025-09-19,25,024579,NA,5,3,7,3711,0,1,3,NA,2,023,INTERSTATE 8 EASTBOUND FROM SR-163 N/B,STATE ROUTE 163,107,E,N,A,-,Y,NA,NA,NA,NA,NA,NA,NA,NA,NA,N,2,0,4,1,A,-,01,23152,A,N,E,I,A,A,H,-,C,D,0,NA,NA,NA,NA,Y,Y,A,01,2,2,0,0,0,0,0,0,0,-,-,32.762088775634766,-117.16281127929688,SAN DIEGO,SAN DIEGO,-117.16329956054688,32.76258087158203
94876546,2025,2025-10-07,9645,2025-08-07,2210,024450,NA,4,3,7,3711,0,3,5,NA,2,024,BERNARDO CENTER DRIVE (WESTBOUND),CAYENNE RIDGE ROAD,480,E,N,A,-,N,NA,NA,NA,NA,NA,NA,NA,NA,NA,Y,3,0,2,2,A,-,05,21651,B,N,A,2,A,A,H,-,C,D,0,NA,NA,NA,NA,Y,NA,A,07,0,2,0,0,0,0,0,0,0,-,-,33.00271987915039,-117.09938049316406,SAN DIEGO,SAN DIEGO,-117.0994110107422,33.00267028808594
9487722,2022,2022-10-10,3700,2022-08-21,1100,SH0459,NA,7,5,4,3780,0,0,0,NA,0,417,KIRKHAM WY,TECH CENTER DR,696,E,N,A,-,N,NA,NA,NA,NA,NA,NA,NA,NA,NA,N,4,0,1,2,A,-,09,21804,A,N,H,A,A,A,H,-,A,A,0,NA,NA,Y,NA,Y,NA,A,01,0,0,1,0,0,0,0,0,1,-,-,NA,NA,SAN DIEGO,POWAY,-117.03433990478516,32.934608459472656
9487765,2022,2022-10-21,3700,2022-09-27,1905,SH1911,NA,2,5,5,3712,0,0,0,NA,0,361,SOUTH TWIN OAKS VALLEY RD,VILLAGE DR,0,NA,Y,A,-,N,NA,NA,NA,NA,NA,NA,NA,NA,NA,Y,3,0,3,2,A,-,12,21453,A,N,D,C,A,A,H,-,C,A,0,NA,NA,NA,NA,Y,NA,A,01,0,1,2,0,0,0,0,0,0,-,-,NA,NA,SAN DIEGO,SAN MARCOS,-117.16619110107422,33.12285232543945
9488059,2022,2022-08-19,3700,2022-06-18,1916,SH0029,NA,6,5,5,3713,0,0,0,NA,0,308,NORTH MELROSE DR,WEST VISTA WY,188,N,N,A,-,N,NA,NA,NA,NA,NA,NA,NA,NA,NA,Y,4,0,1,2,A,-,01,23152,A,N,C,C,A,A,H,-,A,D,0,NA,NA,NA,NA,Y,Y,D,22,0,0,1,0,0,0,0,0,0,-,-,NA,NA,SAN DIEGO,VISTA,-117.2548370361328,33.19594955444336
94881234,2025,2025-10-10,9680,2025-09-30,1755,022653,NA,2,2,5,3708,0,1,1,NA,2,081,I-8 E/B TO SEVERIN DR,SEVERIN DR,590,W,N,A,-,Y,NA,NA,NA,NA,NA,NA,NA,NA,NA,Y,4,0,1,2,A,-,03,22350,NA,N,C,C,A,A,H,-,B,D,0,NA,NA,NA,NA,Y,NA,A,01,0,0,1,0,0,0,0,0,0,-,-,32.77885055541992,-116.99933624267578,SAN DIEGO,LA MESA,-116.99912261962892,32.77923583984375
94882909,2025,2025-10-13,9680,2025-07-24,1300,023113,NA,4,1,9,3700,0,1,3,NA,1,051,SR-79,MASON VALLEY TRUCK TRAIL,164,W,N,A,-,Y,SD,NA,79,NA,NA,15.028,H,NA,R,N,4,0,1,1,A,-,08,22107,NA,N,F,A,A,A,H,-,A,D,0,NA,NA,Y,NA,Y,NA,C,02,0,0,1,0,0,0,0,0,1,-,-,33.01885986328125,-116.56121063232422,SAN DIEGO,UNINCORPORATED,-116.56126403808594,33.018863677978516
94883993,2025,2025-10-13,9650,2025-10-10,550,021532,NA,5,3,9,3700,0,2,4,NA,1,027,VALLEY CENTER ROAD S/B,WOODS VALLEY ROAD,50,S,N,A,-,N,NA,NA,NA,NA,NA,NA,NA,NA,NA,Y,4,0,1,1,A,-,03,22350,NA,N,E,I,A,A,H,-,D,D,0,NA,NA,NA,NA,Y,NA,A,01,0,0,1,0,0,0,0,0,0,-,-,38.59683990478515,-121.49004364013672,SAN DIEGO,UNINCORPORATED,-117.03324127197266,33.20575714111328