CASE_ID,ACCIDENT_YEAR,PROC_DATE,JURIS,COLLISION_DATE,COLLISION_TIME,OFFICER_ID,REPORTING_DISTRICT,DAY_OF_WEEK,CHP_SHIFT,POPULATION,CNTY_CITY_LOC,SPECIAL_COND,BEAT_TYPE,CHP_BEAT_TYPE,CITY_DIVISION_LAPD,CHP_BEAT_CLASS,BEAT_NUMBER,PRIMARY_RD,SECONDARY_RD,DISTANCE,DIRECTION,INTERSECTION,WEATHER_1,WEATHER_2,STATE_HWY_IND,CALTRANS_COUNTY,CALTRANS_DISTRICT,STATE_ROUTE,ROUTE_SUFFIX,POSTMILE_PREFIX,POSTMILE,LOCATION_TYPE,RAMP_INTERSECTION,SIDE_OF_HWY,TOW_AWAY,COLLISION_SEVERITY,NUMBER_KILLED,NUMBER_INJURED,PARTY_COUNT,PRIMARY_COLL_FACTOR,PCF_CODE_OF_VIOL,PCF_VIOL_CATEGORY,PCF_VIOLATION,PCF_VIOL_SUBSECTION,HIT_AND_RUN,TYPE_OF_COLLISION,MVIW,PED_ACTION,ROAD_SURFACE,ROAD_COND_1,ROAD_COND_2,LIGHTING,CONTROL_DEVICE,CHP_ROAD_TYPE,PEDESTRIAN_ACCIDENT,BICYCLE_ACCIDENT,MOTORCYCLE_ACCIDENT,TRUCK_ACCIDENT,NOT_PRIVATE_PROPERTY,ALCOHOL_INVOLVED,STWD_VEHTYPE_AT_FAULT,CHP_VEHTYPE_AT_FAULT,COUNT_SEVERE_INJ,COUNT_VISIBLE_INJ,COUNT_COMPLAINT_PAIN,COUNT_PED_KILLED,COUNT_PED_INJURED,COUNT_BICYCLIST_KILLED,COUNT_BICYCLIST_INJURED,COUNT_MC_KILLED,COUNT_MC_INJURED,PRIMARY_RAMP,SECONDARY_RAMP,LATITUDE,LONGITUDE,COUNTY,CITY,POINT_X,POINT_Y
9612288,2023,2023-10-03,3702,2023-08-06,1023,CV1350,NA,7,5,6,3702,0,0,0,NA,0,021,OXFORD ST,BROADWAY,1240,W,N,A,-,N,NA,NA,NA,NA,NA,NA,NA,NA,NA,N,3,0,1,2,A,-,08,22107,NA,N,G,B,D,A,H,-,A,D,0,Y,NA,NA,Y,Y,NA,G,25,0,1,0,0,1,0,0,0,0,-,-,NA,NA,SAN DIEGO,CHULA VISTA,-117.08386993408205,32.6057014465332
9612762,2023,2023-08-24,3708,2023-07-22,859,LM1316,NA,6,5,5,3708,0,0,0,NA,0,003,COWLES MOUNTAIN BL,EL PASO,76,N,N,A,-,N,NA,NA,NA,NA,NA,NA,NA,NA,NA,Y,3,0,1,3,A,-,03,22350,NA,N,B,C,A,A,H,-,A,D,0,NA,NA,NA,NA,Y,NA,A,01,0,1,0,0,0,0,0,0,0,-,-,NA,NA,SAN DIEGO,LA MESA,-117.03006744384766,32.7910270690918
9614424,2023,2023-10-18,3711,2023-09-15,1501,SD1669,NA,5,5,7,3711,0,0,0,NA,0,931,MIRAMAR RD,NOBLE DR,0,NA,N,B,-,N,NA,NA,NA,NA,NA,NA,NA,NA,NA,N,4,0,1,2,A,-,03,22350,NA,N,C,C,A,A,H,-,A,A,0,NA,NA,NA,NA,Y,NA,D,22,0,0,1,0,0,0,0,0,0,-,-,NA,NA,SAN DIEGO,SAN DIEGO,-117.19115447998048,32.87651443481445
9614472,2023,2023-10-17,3711,2023-09-21,810,SD7985,NA,4,5,7,3711,0,0,0,NA,0,437,CASEY ST,ALTA VIEW DR,0,NA,Y,B,-,N,NA,NA,NA,NA,NA,NA,NA,NA,NA,N,4,0,1,4,A,-,10,21950,A,N,G,B,B,A,H,-,A,D,0,Y,NA,NA,NA,Y,NA,A,07,0,0,1,0,1,0,0,0,0,-,-,NA,NA,SAN DIEGO,SAN DIEGO,-117.03485870361328,32.67860412597656
9614893,2023,2023-08-31,3700,2023-07-07,1340,SH0113,NA,5,5,5,3713,0,0,0,NA,0,310,VISTA VILLAGE DR,HACIENDA DR,210,N,N,A,-,N,NA,NA,NA,NA,NA,NA,NA,NA,NA,N,4,0,2,2,A,-,03,22350,NA,N,C,C,A,A,H,-,A,D,0,NA,NA,NA,NA,Y,NA,A,01,0,0,2,0,0,0,0,0,0,-,-,NA,NA,SAN DIEGO,VISTA,-117.25086975097656,33.19409942626953
9616327,2023,2023-10-18,3711,2023-09-22,1705,SD1642,NA,5,5,7,3711,0,0,0,NA,0,122,LAMONT ST,GARNET AV,0,NA,Y,A,-,N,NA,NA,NA,NA,NA,NA,NA,NA,NA,N,3,0,1,2,A,-,03,22350,NA,N,D,G,A,A,H,-,A,D,0,NA,Y,NA,NA,Y,NA,L,04,0,1,0,0,0,0,1,0,0,-,-,NA,NA,SAN DIEGO,SAN DIEGO,-117.23532104492188,32.801021575927734
9617236,2023,2023-12-02,3711,2023-10-05,807,SD6213,NA,4,5,7,3711,0,0,0,NA,0,445,C ST,COTTON ST,0,NA,Y,A,-,N,NA,NA,NA,NA,NA,NA,NA,NA,NA,N,3,0,2,2,A,-,09,21800,A,N,D,C,A,A,H,-,A,A,0,NA,NA,NA,NA,Y,NA,A,07,0,1,1,0,0,0,0,0,0,-,-,NA,NA,SAN DIEGO,SAN DIEGO,-117.09465026855467,32.71674728393555
9618506,2023,2023-09-06,3700,2023-07-30,350,SH0268,NA,7,5,4,3780,0,0,0,NA,0,417,SCRIPPS POWAY PKWY,GENERAL ATOMICS WY,606,E,N,A,-,N,NA,NA,NA,NA,NA,NA,NA,NA,NA,Y,4,0,1,1,A,-,08,22107,NA,N,E,I,A,A,H,-,C,D,0,NA,NA,NA,NA,Y,NA,A,01,0,0,1,0,0,0,0,0,0,-,-,NA,NA,SAN DIEGO,POWAY,-117.01869201660156,32.941070556640625
9618575,2023,2024-01-24,3711,2023-11-15,1630,SD1546,NA,3,5,7,3711,0,0,0,NA,0,123,SEA WORLD DR,PACIFIC HWY,0,NA,Y,B,C,N,NA,NA,NA,NA,NA,NA,NA,NA,NA,Y,3,0,1,2,A,-,04,21703,NA,N,C,C,A,B,B,G,C,A,0,NA,NA,NA,NA,Y,NA,A,01,0,1,0,0,0,0,0,0,0,-,-,NA,NA,SAN DIEGO,SAN DIEGO,-117.20860290527344,32.767127990722656
9618756,2023,2024-01-20,3711,2023-11-22,1352,SD1489,NA,3,5,7,3711,0,0,0,NA,0,623,FRIARS RD,AVENIDA DE LAS TIENDAS,0,NA,Y,A,-,N,NA,NA,NA,NA,NA,NA,NA,NA,NA,Y,4,0,1,2,A,-,12,21453,A,N,D,C,A,A,H,-,A,A,0,NA,NA,NA,NA,Y,NA,A,01,0,0,1,0,0,0,0,0,0,-,-,NA,NA,SAN DIEGO,SAN DIEGO,-117.16542053222656,32.7700080871582
9618760,2023,2024-01-20,3711,2023-11-20,1540,SD1936,NA,1,5,7,3711,0,0,0,NA,0,613,WEST POINT LOMA BL,LOMA RIVIERA DR,50,W,N,A,-,N,NA,NA,NA,NA,NA,NA,NA,NA,NA,N,3,0,1,2,A,-,09,21804,A,N,D,G,A,A,H,-,A,D,0,NA,Y,NA,NA,Y,NA,D,22,0,1,0,0,0,0,1,0,0,-,-,NA,NA,SAN DIEGO,SAN DIEGO,-117.22412872314452,32.75352478027344
9619110,2023,2024-02-29,3711,2023-12-07,1634,SD7285,NA,4,5,7,3711,0,0,0,NA,0,115,GENESEE AV,GENESEE AV 6000,0,NA,N,A,-,N,NA,NA,NA,NA,NA,NA,NA,NA,NA,N,4,0,1,2,A,-,04,21703,NA,N,C,C,A,A,H,-,A,D,0,NA,NA,NA,NA,Y,NA,A,01,0,0,1,0,0,0,0,0,0,-,-,NA,NA,SAN DIEGO,SAN DIEGO,-117.2051010131836,32.85655975341797
9619258,2023,2023-12-28,3700,2023-11-07,941,SH0113,NA,2,5,5,3713,0,0,0,NA,0,306,EAST BOBIER DR,S ANZA AV,0,NA,Y,A,-,N,NA,NA,NA,NA,NA,NA,NA,NA,NA,Y,4,0,2,2,D,-,00,NA,NA,N,D,C,A,A,H,-,A,A,0,NA,NA,NA,NA,Y,NA,-,-,0,0,2,0,0,0,0,0,0,-,-,NA,NA,SAN DIEGO,VISTA,-117.23422241210938,33.219268798828125
9621871,2023,2023-10-30,3710,2023-09-06,1400,OC1533,NA,3,5,6,3710,0,0,0,NA,0,011,OCEANSIDE BL,RT 5,17,S,N,A,-,Y,SD,11,5,-,R,52.35,R,4,N,N,4,0,2,2,A,-,03,22350,NA,N,C,C,A,A,H,-,A,A,0,NA,NA,NA,NA,Y,NA,D,22,0,0,2,0,0,0,0,0,0,-,-,NA,NA,SAN DIEGO,OCEANSIDE,-117.36254119873048,33.19076156616211
9622204,2023,2023-10-23,3702,2023-07-29,1829,CV1442,NA,6,5,6,3702,0,0,0,NA,0,041,EAST PALOMAR ST,SANTA ALICIA AV,0,NA,Y,A,-,N,NA,NA,NA,NA,NA,NA,NA,NA,NA,Y,3,0,2,3,A,-,10,21950,A,N,G,B,B,A,H,-,A,A,0,Y,NA,NA,NA,Y,NA,A,01,0,2,0,0,2,0,0,0,0,-,-,NA,NA,SAN DIEGO,CHULA VISTA,-116.99320220947266,32.6257209777832
9623798,2023,2024-01-06,3710,2023-11-03,1459,OC1211,NA,5,5,6,3710,0,0,0,NA,0,026,VISTA WY,ITALIA WY,0,NA,Y,A,-,N,NA,NA,NA,NA,NA,NA,NA,NA,NA,Y,4,0,3,2,A,-,07,21658,A,N,B,C,A,A,H,-,A,A,0,NA,NA,NA,NA,Y,NA,A,01,0,0,3,0,0,0,0,0,0,-,-,NA,NA,SAN DIEGO,OCEANSIDE,-117.3134307861328,33.18073272705078
9624021,2023,2023-09-25,3711,2023-08-01,2140,SD4310,NA,2,5,7,3711,0,0,0,NA,0,437,SOUTH WOODMAN ST,JAMIE AV,0,NA,Y,A,-,N,NA,NA,NA,NA,NA,NA,NA,NA,NA,Y,1,2,4,2,A,-,09,21801,A,N,D,C,A,A,H,-,C,D,0,NA,NA,NA,NA,Y,Y,A,01,0,2,2,0,0,0,0,0,0,-,-,NA,NA,SAN DIEGO,SAN DIEGO,-117.04402160644533,32.68537139892578
9624095,2023,2023-10-25,3710,2023-07-04,2300,OC1443,NA,2,5,6,3710,0,0,0,NA,0,006,SURFRIDER WY,N MYERS ST,0,NA,Y,A,-,N,NA,NA,NA,NA,NA,NA,NA,NA,NA,Y,1,1,4,2,A,-,01,23153,A,N,D,C,A,A,H,-,C,A,0,NA,NA,NA,NA,Y,Y,A,01,3,0,1,0,0,0,0,0,0,-,-,NA,NA,SAN DIEGO,OCEANSIDE,-117.38510894775392,33.197669982910156
9624183,2023,2025-07-22,3700,2023-01-01,23,NA,NA,7,5,5,3782,0,0,0,NA,0,220,ENCINITAS BL,NORTH COAST HWY 101,0,NA,Y,C,-,N,NA,NA,NA,NA,NA,NA,NA,NA,NA,N,1,1,1,3,A,-,11,21950,B,F,D,B,B,B,H,-,C,A,0,Y,NA,NA,NA,Y,Y,N,60,0,1,0,1,1,0,0,0,0,-,-,NA,NA,SAN DIEGO,ENCINITAS,-117.294201,33.048773
9624364,2023,2023-10-03,3711,2023-08-30,1315,SD5498,NA,3,5,7,3711,0,0,0,NA,0,327,MONTEZUMA RD,COLLEGE AV,286,E,N,A,-,N,NA,NA,NA,NA,NA,NA,NA,NA,NA,N,4,0,1,2,A,-,11,21954,A,N,G,B,D,A,H,-,A,D,0,Y,NA,NA,NA,Y,NA,N,60,0,0,1,0,1,0,0,0,0,-,-,NA,NA,SAN DIEGO,SAN DIEGO,-117.06888580322266,32.770721435546875
9624380,2023,2023-09-22,3711,2023-08-23,1345,SD1622,NA,3,5,7,3711,0,0,0,NA,0,524,B ST,5TH AV,0,NA,Y,A,-,N,NA,NA,NA,NA,NA,NA,NA,NA,NA,N,3,0,1,2,A,-,10,21950,A,N,G,B,B,A,H,-,A,A,0,Y,NA,NA,NA,Y,NA,-,NA,0,1,0,0,1,0,0,0,0,-,-,NA,NA,SAN DIEGO,SAN DIEGO,-117.16019439697266,32.71780014038086
9624530,2023,2023-09-08,3702,2023-08-17,1234,CV0777,NA,4,5,6,3702,0,0,0,NA,0,042,WUESTE RD,OTAY LAKES RD,1701,S,N,A,-,N,NA,NA,NA,NA,NA,NA,NA,NA,NA,Y,3,0,1,2,A,-,03,22350,NA,N,A,C,A,A,H,-,A,D,0,NA,NA,NA,NA,Y,NA,A,01,0,1,0,0,0,0,0,0,0,-,-,NA,NA,SAN DIEGO,CHULA VISTA,-116.93399810791016,32.63954544067383
9625305,2023,2023-10-02,3710,2023-09-15,1215,OC1487,NA,5,5,6,3710,0,0,0,NA,0,NA,CAMEO DR,MARVIN ST,104,W,N,B,-,N,NA,NA,NA,NA,NA,NA,NA,NA,NA,N,2,0,2,2,A,-,11,21950,B,N,A,B,D,A,H,-,A,D,0,Y,NA,NA,NA,Y,NA,N,60,1,1,0,0,1,0,0,0,0,-,-,NA,NA,SAN DIEGO,OCEANSIDE,-117.29424285888672,33.195472717285156
9625391,2023,2023-10-26,3711,2023-09-12,1745,SD1709,NA,2,5,7,3711,0,0,0,NA,0,825,MONTEZUMA AV,FAIRMOUNT,98,W,N,A,-,N,NA,NA,NA,NA,NA,NA,NA,NA,NA,Y,4,0,1,1,A,-,03,22350,NA,N,F,A,A,A,H,-,A,D,0,NA,NA,Y,NA,Y,NA,C,02,0,0,1,0,0,0,0,0,1,-,-,NA,NA,SAN DIEGO,SAN DIEGO,-117.0972900390625,32.772491455078125
9626394,2023,2023-10-27,3700,2023-08-17,1615,SH0792,NA,4,5,5,3782,0,0,0,NA,0,223,GARDEN VIEW,SHANA LN,0,NA,Y,A,-,N,NA,NA,NA,NA,NA,NA,NA,NA,NA,Y,3,0,1,1,A,-,03,22350,NA,N,E,-,A,A,D,-,A,A,0,NA,NA,Y,NA,Y,NA,C,03,0,1,0,0,0,0,0,0,1,-,-,NA,NA,SAN DIEGO,ENCINITAS,-117.25698089599608,33.05914306640625
9626609,2023,2023-12-02,3711,2023-10-06,1730,SD1727,NA,5,5,7,3711,0,0,0,NA,0,115115,GENESEE,ESPLANADE CT,0,NA,Y,A,-,N,NA,NA,NA,NA,NA,NA,NA,NA,NA,N,3,0,1,2,A,-,06,21750,NA,N,G,B,D,A,H,-,A,A,0,Y,NA,NA,NA,Y,NA,N,60,0,1,0,0,1,0,0,0,0,-,-,NA,NA,SAN DIEGO,SAN DIEGO,-117.2141571044922,32.869808197021484
9626615,2023,2023-12-12,3711,2023-10-02,2210,SD1723,NA,1,5,7,3711,0,0,0,NA,0,713,SIEMPRE VIVA RD,RT 905,0,NA,Y,A,-,Y,SD,11,905,-,R,11.227,R,4,W,Y,3,0,1,2,A,-,09,21800,A,N,D,C,A,A,H,-,C,A,0,NA,NA,NA,NA,Y,NA,A,01,0,1,0,0,0,0,0,0,0,-,WO,NA,NA,SAN DIEGO,SAN DIEGO,-116.94115447998048,32.557132720947266
9626619,2023,2023-12-02,3711,2023-10-06,2310,SD1850,NA,5,5,7,3711,0,0,0,NA,0,937,CARMEL VALLLEY RD,CARMEL VALLEY RD 15000,0,NA,-,A,-,N,NA,NA,NA,NA,NA,NA,NA,NA,NA,Y,3,0,3,1,A,-,07,21658,A,N,E,I,A,A,H,-,C,D,0,NA,NA,NA,NA,Y,NA,A,01,0,1,2,0,0,0,0,0,0,-,-,NA,NA,SAN DIEGO,SAN DIEGO,-117.20225524902344,32.951019287109375
9626772,2023,2023-10-21,3711,2023-09-30,1327,SD7719,NA,6,5,7,3711,0,0,0,NA,0,615,NIMITZ BL,LOCUST ST,1,E,N,A,-,N,NA,NA,NA,NA,NA,NA,NA,NA,NA,N,4,0,1,2,A,-,03,22350,NA,N,G,G,A,A,H,-,A,D,0,NA,Y,NA,NA,Y,NA,L,04,0,0,1,0,0,0,1,0,0,-,-,NA,NA,SAN DIEGO,SAN DIEGO,-117.22684478759766,32.729148864746094
9626931,2023,2023-12-02,3711,2023-10-04,1138,SD6946,NA,3,5,7,3711,0,0,0,NA,0,242,MIRA MESA BL,MARBURY AV,30,W,N,A,-,N,NA,NA,NA,NA,NA,NA,NA,NA,NA,Y,4,0,3,2,A,-,03,22350,NA,N,C,C,A,A,H,-,C,D,0,NA,NA,NA,NA,Y,Y,D,22,0,0,3,0,0,0,0,0,0,-,-,NA,NA,SAN DIEGO,SAN DIEGO,-117.1299285888672,32.916053771972656
9626941,2023,2023-12-04,3711,2023-10-09,2232,SD1732,NA,1,5,7,3711,0,0,0,NA,0,432,CHURCHWARD ST,CHURCHWARD ST 5235,0,NA,-,A,-,N,NA,NA,NA,NA,NA,NA,NA,NA,NA,N,4,0,1,2,A,-,08,22107,NA,N,B,C,A,A,H,-,D,D,0,NA,NA,NA,NA,Y,NA,A,01,0,0,1,0,0,0,0,0,0,-,-,NA,NA,SAN DIEGO,SAN DIEGO,NA,NA
9626953,2023,2023-12-02,3711,2023-10-03,1329,SD1621,NA,2,5,7,3711,0,0,0,NA,0,511,S 17TH ST,LOGAN AV,0,NA,Y,A,-,N,NA,NA,NA,NA,NA,NA,NA,NA,NA,N,3,0,2,2,A,-,05,21650,1,N,A,G,A,A,H,-,A,A,0,NA,Y,NA,NA,Y,NA,L,04,0,2,0,0,0,0,2,0,0,-,-,NA,NA,SAN DIEGO,SAN DIEGO,-117.14855194091795,32.704444885253906
9627026,2023,2023-11-16,3709,2023-08-25,1133,NC0554,NA,5,5,5,3709,0,0,0,NA,0,021,PALM AV,PALM AV 800,0,NA,N,A,-,N,NA,NA,NA,NA,NA,NA,NA,NA,NA,Y,4,0,1,2,A,-,21,22106,NA,N,D,C,A,A,H,-,A,D,0,NA,NA,NA,NA,Y,NA,A,01,0,0,1,0,0,0,0,0,0,-,-,NA,NA,SAN DIEGO,NATIONAL CITY,-117.1154556274414,32.58388900756836
9627050,2023,2023-10-27,3705,2023-09-12,1432,EC0444,NA,2,5,5,3705,0,0,0,NA,0,003,E MAIN,S 2ND,0,NA,Y,A,-,N,NA,NA,NA,NA,NA,NA,NA,NA,NA,N,4,0,1,2,A,-,05,21650,NA,N,D,G,A,A,H,-,A,D,0,NA,Y,NA,NA,Y,NA,L,04,0,0,1,0,0,0,1,0,0,-,-,NA,NA,SAN DIEGO,EL CAJON,-116.9373016357422,32.79500961303711
9627134,2023,2023-10-18,3711,2023-09-16,1840,SD1813,NA,6,5,7,3711,0,0,0,NA,0,723,DEL SOL BL,BEYER WAY,39,W,N,A,-,N,NA,NA,NA,NA,NA,NA,NA,NA,NA,N,3,0,2,2,A,-,12,22450,A,M,C,C,A,A,H,-,B,A,0,NA,NA,NA,NA,Y,NA,A,01,0,1,1,0,0,0,0,0,0,-,-,NA,NA,SAN DIEGO,SAN DIEGO,-117.06542205810548,32.57427215576172
9627273,2023,2023-10-26,3711,2023-09-14,1853,SD1575,NA,4,5,7,3711,0,0,0,NA,0,712,OTAY MESA RD,BEYER BL,0,NA,Y,A,-,N,NA,NA,NA,NA,NA,NA,NA,NA,NA,Y,4,0,1,2,A,-,09,21801,A,N,D,C,A,A,H,-,C,A,0,NA,NA,NA,NA,Y,NA,A,01,0,0,1,0,0,0,0,0,0,-,-,NA,NA,SAN DIEGO,SAN DIEGO,-117.040771484375,32.55824661254883
9627300,2023,2023-10-23,3711,2023-09-24,1238,SD1750,NA,7,5,7,3711,0,0,0,NA,0,627,UPAS ST,PARK BL,248,W,N,A,-,N,NA,NA,NA,NA,NA,NA,NA,NA,NA,N,4,0,1,3,A,-,04,21703,NA,N,C,C,A,A,H,-,A,A,0,NA,NA,NA,NA,Y,NA,A,01,0,0,1,0,0,0,0,0,0,-,-,NA,NA,SAN DIEGO,SAN DIEGO,-117.14832305908205,32.74113082885742
9627560,2023,2023-10-06,3700,2023-08-10,1714,SH0057,NA,4,5,4,3780,0,0,0,NA,0,414,POWAY RD,BEELER CREEK TRL,89,E,N,A,-,N,NA,NA,NA,NA,NA,NA,NA,NA,NA,Y,3,0,3,2,A,-,03,22350,NA,N,C,C,A,A,H,-,A,D,0,NA,NA,NA,NA,Y,NA,A,01,0,1,2,0,0,0,0,0,0,-,-,NA,NA,SAN DIEGO,POWAY,-117.06905364990234,32.95021057128906
9627844,2023,2023-10-19,3711,2023-09-21,2213,SD1189,NA,4,5,7,3711,0,0,0,NA,0,512,S 30TH ST,NATIONAL AV,32,N,N,A,-,N,NA,NA,NA,NA,NA,NA,NA,NA,NA,N,4,0,1,2,A,-,04,21703,NA,N,C,C,A,A,H,-,C,A,0,NA,NA,NA,NA,Y,NA,A,01,0,0,1,0,0,0,0,0,0,-,-,NA,NA,SAN DIEGO,SAN DIEGO,-117.12947845458984,32.696048736572266
9627848,2023,2023-10-19,3711,2023-10-03,624,SD1606,NA,2,5,7,3711,0,0,0,NA,0,452,DIVISION ST,AVA ST,0,NA,N,A,-,N,NA,NA,NA,NA,NA,NA,NA,NA,NA,N,4,0,1,2,A,-,09,21801,A,N,A,C,A,A,H,-,A,D,0,NA,NA,Y,NA,Y,NA,A,01,0,0,1,0,0,0,0,0,1,-,-,NA,NA,SAN DIEGO,SAN DIEGO,-117.06942749023438,32.69392013549805
9627905,2023,2023-10-25,3711,2023-10-01,2035,SD1117,NA,7,5,7,3711,0,0,0,NA,0,115,GENESEE AV,RT I-5,0,NA,Y,A,-,Y,SD,11,5,-,R,29.287,R,4,N,Y,3,0,2,2,A,-,08,22107,NA,N,B,C,A,A,H,-,C,A,0,NA,NA,NA,NA,Y,NA,A,01,0,1,1,0,0,0,0,0,0,-,-,NA,NA,SAN DIEGO,SAN DIEGO,-117.22787475585938,32.88456726074219
9627919,2023,2023-10-11,3711,2023-10-01,1644,SD1166,NA,7,5,7,3711,0,0,0,NA,0,122,OLIVER AV,CASS ST,0,NA,Y,A,-,N,NA,NA,NA,NA,NA,NA,NA,NA,NA,N,3,0,1,1,B,-,22,NA,NA,N,G,G,A,A,H,-,A,D,0,NA,Y,NA,NA,Y,Y,L,04,0,1,0,0,0,0,1,0,0,-,-,NA,NA,SAN DIEGO,SAN DIEGO,-117.25033569335938,32.79261779785156
9628396,2023,2023-11-07,3710,2023-10-03,720,OC1542,NA,2,5,6,3710,0,0,0,NA,0,021,RANCHO DEL ORO,RT 76,0,NA,Y,A,-,Y,SD,11,76,-,R,4.211,I,5,W,Y,4,0,1,2,A,-,12,21453,A,N,D,C,A,A,H,-,A,A,0,NA,NA,NA,NA,Y,NA,A,07,0,0,1,0,0,0,0,0,0,-,-,NA,NA,SAN DIEGO,OCEANSIDE,-117.31834411621094,33.22797775268555
9628467,2023,2023-11-16,3703,2023-10-08,1303,1419,1,7,5,3,3703,0,0,0,NA,0,001,3RD ST,B AV,9,NA,N,A,-,Y,SD,11,75,-,R,19.84,H,-,S,N,4,0,2,2,A,-,08,22107,NA,N,B,C,A,A,H,-,A,D,0,NA,NA,NA,NA,Y,NA,A,07,0,0,2,0,0,0,0,0,0,-,-,32.69525146484375,-117.17279052734376,SAN DIEGO,CORONADO,-117.17186737060548,32.69502258300781
9628930,2023,2023-10-20,3700,2023-07-25,2225,SH3183,NA,2,5,5,3713,0,0,0,NA,0,316,LOBELIA,SYCAMORE AV,240,E,N,A,-,N,NA,NA,NA,NA,NA,NA,NA,NA,NA,N,4,0,1,2,A,-,05,21650,1,F,D,G,A,A,H,-,C,D,0,NA,Y,NA,NA,Y,NA,-,NA,0,0,1,0,0,0,1,0,0,-,-,NA,NA,SAN DIEGO,VISTA,-117.2119598388672,33.1695442199707
9629497,2023,2023-10-25,3711,2023-09-28,1700,SD1236,NA,4,5,7,3711,0,0,0,NA,0,311,MISSION VILLAGE DR,IRVINGTON AV,62,N,N,A,-,N,NA,NA,NA,NA,NA,NA,NA,NA,NA,Y,4,0,1,4,A,-,03,22350,NA,N,C,C,A,A,H,-,A,D,0,NA,NA,NA,NA,Y,NA,A,01,0,0,1,0,0,0,0,0,0,-,-,NA,NA,SAN DIEGO,SAN DIEGO,-117.12510681152344,32.79627227783203
9630116,2023,2023-11-04,3705,2023-09-28,1857,EC0371,NA,4,5,5,3705,0,0,0,NA,0,003,N 3RD ST,EAST MAIN ST,44,N,N,A,-,N,NA,NA,NA,NA,NA,NA,NA,NA,NA,N,4,0,1,2,A,-,21,22106,NA,N,C,C,A,A,H,-,C,A,0,NA,NA,NA,NA,Y,NA,A,07,0,0,1,0,0,0,0,0,0,-,-,NA,NA,SAN DIEGO,EL CAJON,-116.92689514160156,32.803794860839844
9630175,2023,2024-02-24,3711,2023-10-21,211,SD5773,NA,6,5,7,3711,0,0,0,NA,0,445,EUCLID AV,MARKET ST,0,NA,Y,A,-,N,NA,NA,NA,NA,NA,NA,NA,NA,NA,N,4,0,2,2,A,-,12,21453,A,M,C,C,A,A,H,-,C,A,0,NA,NA,NA,NA,Y,NA,-,NA,0,0,2,0,0,0,0,0,0,-,-,NA,NA,SAN DIEGO,SAN DIEGO,-117.08502960205078,32.71046447753906
9630417,2023,2023-12-05,3711,2023-10-07,1844,SD1588,NA,6,5,7,3711,0,0,0,NA,0,832,CENTRAL AV,CENTRAL AV 4100,0,NA,N,A,-,N,NA,NA,NA,NA,NA,NA,NA,NA,NA,N,4,0,1,2,A,-,11,21950,B,N,G,B,D,A,H,-,C,D,0,Y,NA,NA,NA,Y,NA,N,60,0,0,1,0,1,0,0,0,0,-,-,NA,NA,SAN DIEGO,SAN DIEGO,-117.01004791259766,32.72900390625
9631565,2023,2023-12-12,3700,2023-07-12,1857,SH0141,NA,3,5,5,3712,0,0,0,NA,0,352,BORDEN RD,ROSE RANCH RD,5,W,N,A,-,N,NA,NA,NA,NA,NA,NA,NA,NA,NA,Y,2,0,1,1,A,-,03,22350,NA,N,E,I,A,A,H,-,A,A,0,NA,NA,Y,NA,Y,NA,C,02,1,0,0,0,0,0,0,0,1,-,-,NA,NA,SAN DIEGO,SAN MARCOS,-117.14093780517578,33.15433883666992
9631787,2023,2023-11-17,3711,2023-10-27,1420,SD1388,NA,5,5,7,3711,0,0,0,NA,0,433,AKINS AV,AKINS AV 6000,0,NA,Y,A,-,N,NA,NA,NA,NA,NA,NA,NA,NA,NA,N,3,0,1,2,A,-,09,21804,A,N,G,J,A,A,H,-,A,A,0,NA,NA,NA,NA,Y,NA,A,01,0,1,0,0,0,0,0,0,0,-,-,NA,NA,SAN DIEGO,SAN DIEGO,NA,NA
9632594,2023,2023-11-09,3703,2023-10-26,1542,1331,3,4,5,3,3703,0,0,0,NA,0,003,CORONADO CAYS BL,BAHAMA BEND,386,N,N,A,-,N,NA,NA,NA,NA,NA,NA,NA,NA,NA,N,3,0,1,2,A,-,03,22350,NA,N,H,G,A,A,H,-,A,D,0,NA,Y,NA,NA,Y,NA,L,04,0,1,0,0,0,0,1,0,0,-,-,32.623779296875,-117.13516235351563,SAN DIEGO,CORONADO,-117.136474609375,32.62380599975586
9633960,2023,2024-01-09,3700,2023-11-12,122,SH3910,NA,7,5,5,3712,0,0,0,NA,0,352,N. TWIN OAKS VALLEY RD,BUENA CREEK RD,811,N,N,A,-,N,NA,NA,NA,NA,NA,NA,NA,NA,NA,Y,3,0,1,2,A,-,08,22107,NA,N,F,I,A,A,H,-,D,D,0,NA,NA,NA,NA,Y,NA,D,22,0,1,0,0,0,0,0,0,0,-,-,NA,NA,SAN DIEGO,SAN MARCOS,-117.1549835205078,33.1848258972168
9634687,2023,2024-01-23,3708,2023-11-10,1852,IM1283,NA,5,5,5,3708,0,0,0,NA,0,003,FLETCHER PKWY,BALTIMORE DR,0,NA,Y,A,-,N,NA,NA,NA,NA,NA,NA,NA,NA,NA,Y,4,0,2,2,A,-,09,21453,C,N,D,C,A,A,H,-,C,A,0,NA,NA,NA,NA,Y,NA,A,01,0,0,2,0,0,0,0,0,0,-,-,NA,NA,SAN DIEGO,LA MESA,-117.02743530273438,32.773868560791016
9634869,2023,2023-12-08,3700,2023-10-03,1733,SH0459,NA,2,5,4,3780,0,0,0,NA,0,415,POWAY RD,CARRIAGE RD,0,NA,Y,A,-,N,NA,NA,NA,NA,NA,NA,NA,NA,NA,N,3,0,1,2,A,-,12,21453,A,N,D,C,A,A,H,-,A,A,0,NA,NA,NA,NA,Y,NA,-,NA,0,1,0,0,0,0,0,0,0,-,-,NA,NA,SAN DIEGO,POWAY,-117.05384063720705,32.95631790161133