CASE_ID,ACCIDENT_YEAR,PROC_DATE,JURIS,COLLISION_DATE,COLLISION_TIME,OFFICER_ID,REPORTING_DISTRICT,DAY_OF_WEEK,CHP_SHIFT,POPULATION,CNTY_CITY_LOC,SPECIAL_COND,BEAT_TYPE,CHP_BEAT_TYPE,CITY_DIVISION_LAPD,CHP_BEAT_CLASS,BEAT_NUMBER,PRIMARY_RD,SECONDARY_RD,DISTANCE,DIRECTION,INTERSECTION,WEATHER_1,WEATHER_2,STATE_HWY_IND,CALTRANS_COUNTY,CALTRANS_DISTRICT,STATE_ROUTE,ROUTE_SUFFIX,POSTMILE_PREFIX,POSTMILE,LOCATION_TYPE,RAMP_INTERSECTION,SIDE_OF_HWY,TOW_AWAY,COLLISION_SEVERITY,NUMBER_KILLED,NUMBER_INJURED,PARTY_COUNT,PRIMARY_COLL_FACTOR,PCF_CODE_OF_VIOL,PCF_VIOL_CATEGORY,PCF_VIOLATION,PCF_VIOL_SUBSECTION,HIT_AND_RUN,TYPE_OF_COLLISION,MVIW,PED_ACTION,ROAD_SURFACE,ROAD_COND_1,ROAD_COND_2,LIGHTING,CONTROL_DEVICE,CHP_ROAD_TYPE,PEDESTRIAN_ACCIDENT,BICYCLE_ACCIDENT,MOTORCYCLE_ACCIDENT,TRUCK_ACCIDENT,NOT_PRIVATE_PROPERTY,ALCOHOL_INVOLVED,STWD_VEHTYPE_AT_FAULT,CHP_VEHTYPE_AT_FAULT,COUNT_SEVERE_INJ,COUNT_VISIBLE_INJ,COUNT_COMPLAINT_PAIN,COUNT_PED_KILLED,COUNT_PED_INJURED,COUNT_BICYCLIST_KILLED,COUNT_BICYCLIST_INJURED,COUNT_MC_KILLED,COUNT_MC_INJURED,PRIMARY_RAMP,SECONDARY_RAMP,LATITUDE,LONGITUDE,COUNTY,CITY,POINT_X,POINT_Y
6524238,2014,2014-08-06,3711,2014-05-05,1053,5990,SDPD,1,5,7,3711,0,0,0,NA,0,124,TORREY PINES RD,TORREY PINES RD 3800,0,NA,N,A,-,N,NA,NA,NA,NA,NA,NA,NA,NA,NA,Y,3,0,1,2,A,-,12,21453,A,N,-,C,A,A,-,-,A,A,0,NA,NA,NA,NA,Y,NA,-,NA,0,1,0,0,0,0,0,0,0,-,-,32.86636,-117.24307,SAN DIEGO,SAN DIEGO,-117.24312454,32.8663697
6524313,2014,2016-03-28,9680,2014-05-28,0900,15076,NA,3,1,9,3700,0,1,3,NA,1,024,RT 94,LYONS VALLEY RD,5280,W,N,A,-,Y,SD,11,94,-,-,18.49,H,-,E,Y,3,0,2,1,A,-,08,22104,NA,N,E,I,A,A,H,-,A,D,0,NA,NA,NA,NA,Y,NA,A,07,0,1,1,0,0,0,0,0,0,-,-,32.7271,-116.89412,SAN DIEGO,UNINCORPORATED,-116.89352902,32.72604296
6524409,2014,2014-08-04,3711,2014-05-10,1420,5559,NA,6,5,7,3711,0,0,0,NA,0,937,CAMINO DEL SUR,BING CROSBY BL,0,NA,Y,A,-,N,NA,NA,NA,NA,NA,NA,NA,NA,NA,Y,4,0,2,2,A,-,12,21453,A,N,D,C,A,A,H,-,A,A,0,NA,NA,NA,NA,Y,NA,-,NA,0,0,2,0,0,0,0,0,0,-,-,NA,NA,SAN DIEGO,SAN DIEGO,-117.14803004,33.01856004
6524411,2014,2016-03-30,3710,2014-05-02,2025,OC1285,NA,5,5,6,3710,0,0,0,NA,0,035,N SANTA FE,RT 76,100,S,N,A,-,Y,SD,11,76,-,R,6.721,I,6,E,N,4,0,1,2,A,-,04,21703,NA,N,C,C,A,A,H,-,C,A,0,NA,NA,NA,NA,Y,NA,A,01,0,0,1,0,0,0,0,0,0,-,-,NA,NA,SAN DIEGO,OCEANSIDE,-117.28152196,33.24592682
6524455,2014,2014-08-07,3711,2014-05-23,0545,6594,NA,5,5,7,3711,0,0,0,NA,0,NA,BUNNELL ST,BUNNELL ST 4900,3,S,N,A,-,N,NA,NA,NA,NA,NA,NA,NA,NA,NA,N,3,0,1,2,A,-,21,22106,NA,N,G,B,F,A,H,-,C,D,0,Y,NA,NA,NA,Y,NA,-,NA,0,1,0,0,1,0,0,0,0,-,-,NA,NA,SAN DIEGO,SAN DIEGO,NA,NA
6524539,2014,2016-03-26,9645,2014-05-06,1555,19054,NA,2,2,6,3702,0,1,1,NA,2,009,RT 805,H ST,528,N,N,A,-,Y,SD,11,805,-,-,7.41,H,-,S,N,4,0,1,2,A,-,03,22350,NA,N,C,C,A,A,H,-,A,D,1,NA,NA,NA,NA,Y,NA,A,07,0,0,1,0,0,0,0,0,0,-,-,32.64294,-117.05759,SAN DIEGO,CHULA VISTA,-117.05772553,32.64354643
6524619,2014,2015-03-05,9650,2014-06-05,1950,012835,NA,4,2,6,3710,0,1,1,NA,2,005,RT 5,CALIFORNIA ST,337,S,N,A,-,Y,SD,11,5,-,R,51.79,H,-,S,Y,4,0,1,2,A,-,03,22350,NA,N,C,C,A,A,H,-,B,D,1,NA,NA,NA,NA,Y,NA,A,01,0,0,1,0,0,0,0,0,0,-,-,33.18352,-117.35663,SAN DIEGO,OCEANSIDE,-117.35721556,33.18397574
6524719,2014,2014-08-11,3710,2014-06-01,1039,0C1311,NA,7,5,6,3710,0,0,0,NA,0,006,HORNE,PIER VIEW,0,NA,Y,A,-,N,NA,NA,NA,NA,NA,NA,NA,NA,NA,Y,4,0,1,2,A,-,09,21801,A,N,D,C,A,A,H,-,A,D,0,NA,NA,Y,NA,Y,NA,A,01,0,0,1,0,0,0,0,0,1,-,-,NA,NA,SAN DIEGO,OCEANSIDE,-117.3764701,33.1990001
6524761,2014,2014-08-06,3702,2014-05-08,1330,CV1042,NA,4,5,6,3702,0,0,0,NA,0,012,BROADWAY,CURBLINE,10,W,N,A,-,N,NA,NA,NA,NA,NA,NA,NA,NA,NA,N,4,0,1,2,A,-,11,21954,A,N,G,B,F,A,H,-,A,D,0,Y,NA,NA,NA,Y,NA,N,60,0,0,1,0,1,0,0,0,0,-,-,NA,NA,SAN DIEGO,CHULA VISTA,NA,NA
6524817,2014,2014-08-06,3702,2014-05-18,0855,CV0991,NA,7,5,6,3702,0,0,0,NA,0,014,H ST,1ST AV,18,W,N,A,-,N,NA,NA,NA,NA,NA,NA,NA,NA,NA,Y,3,0,4,4,A,-,05,21650,NA,N,A,C,A,A,H,-,A,A,0,NA,NA,NA,NA,Y,NA,A,07,0,1,3,0,0,0,0,0,0,-,-,NA,NA,SAN DIEGO,CHULA VISTA,-117.06910521,32.63668423
6524978,2014,2014-08-08,3711,2014-06-09,1300,5213,NA,1,5,7,3711,0,0,0,NA,0,812,MEADE AV,OHIO ST,0,NA,Y,A,-,N,NA,NA,NA,NA,NA,NA,NA,NA,NA,Y,4,0,1,2,D,-,00,NA,NA,N,D,C,A,A,H,-,A,A,0,NA,NA,NA,NA,Y,NA,-,-,0,0,1,0,0,0,0,0,0,-,-,NA,NA,SAN DIEGO,SAN DIEGO,-117.12895006,32.75728011
6526513,2014,2014-07-18,3702,2014-04-01,0751,CV0617,NA,2,5,6,3702,0,0,0,NA,0,024,EAST NAPLES ST,PACIFIC HILL ST,49,W,N,C,-,N,NA,NA,NA,NA,NA,NA,NA,NA,NA,Y,3,0,1,1,A,-,03,22350,NA,N,E,I,A,B,H,-,A,D,0,NA,NA,NA,NA,Y,NA,A,01,0,1,0,0,0,0,0,0,0,-,-,NA,NA,SAN DIEGO,CHULA VISTA,-117.03224724,32.62398747
6526517,2014,2014-07-18,3702,2014-04-01,1240,CV0652,NA,2,5,6,3702,0,0,0,NA,0,023,EAST ORANGE AV,MELROSE AV,165,W,N,B,-,N,NA,NA,NA,NA,NA,NA,NA,NA,NA,Y,4,0,3,2,A,-,09,21804,A,N,D,C,A,A,H,-,A,D,0,NA,NA,NA,NA,Y,NA,A,07,0,0,3,0,0,0,0,0,0,-,-,NA,NA,SAN DIEGO,CHULA VISTA,-117.0393857,32.60442732
6526529,2014,2014-07-18,3702,2014-04-07,2030,CV1018,NA,1,5,6,3702,0,0,0,NA,0,031,OTAY LAKES RD,RIDGEBACK RD,0,NA,Y,A,-,N,NA,NA,NA,NA,NA,NA,NA,NA,NA,Y,3,0,3,2,A,-,09,21453,C,N,A,C,A,A,H,-,C,A,0,NA,NA,NA,NA,Y,NA,A,01,0,1,2,0,0,0,0,0,0,-,-,NA,NA,SAN DIEGO,CHULA VISTA,-117.00321004,32.64701005
6527359,2014,2014-07-17,3711,2014-04-22,1410,3773,NA,2,5,7,3711,0,0,0,NA,0,522,STATE ST,W F ST,166,S,N,A,-,N,NA,NA,NA,NA,NA,NA,NA,NA,NA,N,4,0,1,2,A,-,21,22106,NA,N,D,C,A,A,H,-,A,D,0,NA,NA,NA,NA,Y,NA,-,NA,0,0,1,0,0,0,0,0,0,-,-,NA,NA,SAN DIEGO,SAN DIEGO,-117.16651,32.71308526
6528187,2014,2015-02-06,9650,2014-06-03,1130,00001,NA,2,1,9,3700,0,1,3,NA,2,025,RT 78,OLD MILKY WAY,100,W,N,A,-,Y,SD,11,78,-,-,25,H,-,W,N,3,0,1,2,A,-,08,22107,NA,F,B,C,A,A,H,-,A,D,0,NA,NA,NA,Y,Y,NA,F,26,0,1,0,0,0,0,0,0,0,-,-,33.086,-116.99023,SAN DIEGO,UNINCORPORATED,-116.99030373,33.08599355
6528579,2014,2016-03-26,9680,2014-06-19,1245,017224,NA,4,1,9,3700,0,1,1,NA,2,083,RT 8,FLINN SPRINGS RD,2112,W,N,A,-,Y,SD,11,8,-,R,23.26,H,-,W,Y,4,0,2,3,A,-,03,22350,NA,N,C,C,A,A,H,-,A,D,1,NA,NA,NA,NA,Y,NA,A,01,0,0,2,0,0,0,0,0,0,-,-,32.85543,-116.85881,SAN DIEGO,UNINCORPORATED,-116.86056105,32.85437783
6528716,2014,2014-08-09,3710,2014-06-13,0944,OC0873,NA,5,5,6,3710,0,0,0,NA,0,030,WARING,VISTA LOMA,49,E,N,A,-,N,NA,NA,NA,NA,NA,NA,NA,NA,NA,Y,4,0,2,2,A,-,03,22350,NA,N,B,C,A,A,H,-,A,D,0,NA,NA,NA,NA,Y,NA,A,01,0,0,2,0,0,0,0,0,0,-,-,NA,NA,SAN DIEGO,OCEANSIDE,-117.29320885,33.18774274
6529136,2014,2014-09-04,3711,2014-06-17,1035,5313,NA,2,5,7,3711,0,0,0,NA,0,714,RAIL CT,EAST SAN YSIDRO BL,130,E,N,A,-,N,NA,NA,NA,NA,NA,NA,NA,NA,NA,N,3,0,1,2,A,-,11,21950,B,N,G,B,D,A,H,-,A,D,0,Y,NA,NA,NA,Y,NA,N,60,0,1,0,0,1,0,0,0,0,-,-,NA,NA,SAN DIEGO,SAN DIEGO,-117.02852054,32.54388657
6529831,2014,2014-08-29,3711,2014-06-16,1911,7149,NA,1,5,7,3711,0,0,0,NA,0,517,C ST,19TH ST,0,NA,Y,-,-,N,NA,NA,NA,NA,NA,NA,NA,NA,NA,Y,4,0,1,2,A,-,09,21802,A,N,D,C,A,-,H,-,-,A,0,NA,NA,NA,NA,Y,NA,-,NA,0,0,1,0,0,0,0,0,0,-,-,NA,NA,SAN DIEGO,SAN DIEGO,-117.14675002,32.71682004
6529959,2014,2016-03-26,3700,2014-04-17,2245,SH7477,NA,4,5,5,3781,0,0,0,NA,0,519,N MAGNOLIA AV,RT 67,10,N,N,A,-,Y,SD,11,67,-,R,2.054,R,4,S,N,4,0,1,2,A,-,12,21453,A,N,D,C,A,A,H,-,C,A,0,NA,NA,NA,NA,Y,NA,D,22,0,0,1,0,0,0,0,0,0,-,SO,NA,NA,SAN DIEGO,SANTEE,-116.96208262,32.83278533
6530538,2014,2014-08-19,9680,2014-06-11,0835,013741,NA,3,1,9,3700,0,3,5,NA,2,002,HILTON HEAD RD,WOOD PINE DR,17,N,N,A,-,N,NA,NA,NA,NA,NA,NA,NA,NA,NA,N,4,0,1,3,A,-,21,22106,NA,N,H,C,A,A,H,-,A,D,0,NA,NA,NA,NA,Y,NA,A,07,0,0,1,0,0,0,0,0,0,-,-,32.74982,-116.92441,SAN DIEGO,UNINCORPORATED,-116.92444885,32.74971966
6533056,2014,2014-08-06,3700,2014-05-26,1639,SH1706,NA,1,5,5,3782,0,0,0,NA,0,222,REGAL RD,PARK LN,11,S,N,A,-,N,NA,NA,NA,NA,NA,NA,NA,NA,NA,N,3,0,1,2,A,-,10,21952,NA,N,G,B,F,A,H,-,A,D,0,Y,NA,NA,NA,Y,NA,A,08,0,1,0,0,1,0,0,0,0,-,-,NA,NA,SAN DIEGO,ENCINITAS,-117.28148,33.04199986
6533083,2014,2016-03-26,3700,2014-04-19,1805,SH7477,NA,6,5,5,3781,0,0,0,NA,0,519,CUYAMACA ST,RT 52,0,NA,Y,A,-,Y,SD,11,52,-,-,16.299,R,4,E,Y,4,0,1,3,A,-,12,21453,A,N,D,C,A,A,H,-,A,A,0,NA,NA,NA,NA,Y,NA,A,07,0,0,1,0,0,0,0,0,0,-,EO,NA,NA,SAN DIEGO,SANTEE,-116.9813957,32.83283993
6533493,2014,2016-03-28,9680,2014-06-20,1200,017460,NA,5,1,9,3700,0,2,4,NA,1,061,RT 94,TERRA DEL SOL RD,2640,W,N,A,-,Y,SD,11,94,-,-,62.73,H,-,W,Y,4,0,1,1,A,-,-,NA,NA,N,E,I,A,A,H,-,A,A,0,NA,NA,Y,NA,Y,NA,C,02,0,0,1,0,0,0,0,0,1,-,-,32.66322,-116.32638,SAN DIEGO,UNINCORPORATED,-116.32442446,32.66403979
6536557,2014,2014-07-30,3700,2014-05-21,1750,SH0535,NA,3,5,5,3713,0,0,0,NA,0,314,CIVIC CENTER DR,PALA VISTA DR,37,S,N,A,-,N,NA,NA,NA,NA,NA,NA,NA,NA,NA,Y,4,0,1,3,A,-,03,22350,NA,N,C,C,A,A,H,-,A,A,0,NA,NA,NA,NA,Y,NA,A,01,0,0,1,0,0,0,0,0,0,-,-,NA,NA,SAN DIEGO,VISTA,-117.23683393,33.19137646
6537981,2014,2014-08-20,9650,2014-06-26,2150,019549,NA,4,2,9,3700,0,3,5,NA,2,006,GREEN CANYON RD,WINTERHAVEN RD,1000,N,N,A,-,N,NA,NA,NA,NA,NA,NA,NA,NA,NA,Y,4,0,1,1,A,-,01,23152,A,N,E,I,A,A,H,-,D,D,0,NA,NA,NA,NA,Y,Y,A,01,0,0,1,0,0,0,0,0,0,-,-,33.34818,-117.2166,SAN DIEGO,UNINCORPORATED,-117.21626625,33.34937088
6537993,2014,2016-04-08,9650,2014-06-24,1650,012835,NA,2,2,5,3701,0,1,1,NA,2,005,RT 5,PALOMAR AIRPORT RD,2070,S,N,A,-,Y,SD,11,5,-,R,46.64,H,-,N,Y,3,0,1,2,A,-,07,21658,A,N,F,A,A,A,H,-,A,D,1,NA,NA,Y,NA,Y,NA,A,01,0,1,0,0,0,0,0,0,1,-,-,33.11689,-117.31862,SAN DIEGO,CARLSBAD,-117.31893236,33.11713459
6538382,2014,2014-08-13,3700,2014-06-14,2319,SH2560,NA,6,5,5,3713,0,0,0,NA,0,308,GRAPEVINE RD,HILL DR,100,S,N,A,-,N,NA,NA,NA,NA,NA,NA,NA,NA,NA,Y,3,0,3,2,A,-,01,23152,A,N,A,C,A,A,H,-,C,D,0,NA,NA,NA,NA,Y,Y,A,01,0,1,2,0,0,0,0,0,0,-,-,NA,NA,SAN DIEGO,VISTA,-117.27390784,33.19730513
6538473,2014,2014-08-12,3711,2014-06-27,1716,7121,5D,5,5,7,3711,0,0,0,NA,0,G23,5TH AV,BROOKS ST,0,NA,Y,A,-,N,NA,NA,NA,NA,NA,NA,NA,NA,NA,Y,4,0,1,2,A,-,08,22108,NA,N,-,C,A,A,H,-,A,D,0,NA,NA,NA,NA,Y,NA,A,01,0,0,1,0,0,0,0,0,0,-,-,NA,NA,SAN DIEGO,SAN DIEGO,-117.16040009,32.74331006
6539314,2014,2014-08-09,3711,2014-06-14,2100,6989,NORTH,6,5,7,3711,0,0,0,NA,0,123,WEST MISSION BAY DR,SEA WORLD DR,150,S,N,A,-,N,NA,NA,NA,NA,NA,NA,NA,NA,NA,Y,4,0,1,4,A,-,04,21703,NA,N,C,C,A,A,H,-,D,D,0,NA,NA,NA,NA,Y,NA,A,01,0,0,1,0,0,0,0,0,0,-,-,NA,NA,SAN DIEGO,SAN DIEGO,-117.23021,32.76131
6539443,2014,2014-08-16,3711,2014-06-20,1854,5990,SDPD,5,5,7,3711,0,0,0,NA,0,124,FAY AV,FAY AV 7400,0,NA,N,A,-,N,NA,NA,NA,NA,NA,NA,NA,NA,NA,Y,4,0,2,4,A,-,08,22107,NA,N,B,C,A,A,H,-,A,A,0,NA,NA,NA,NA,Y,NA,-,NA,0,0,2,0,0,0,0,0,0,-,-,32.8897,-117.27359,SAN DIEGO,SAN DIEGO,-117.27329671,32.8388997
6539452,2014,2014-08-15,3702,2014-06-15,2200,CV1061,NA,7,5,6,3702,0,0,0,NA,0,032,OTAY LAKES RD,EASTLAKE PKWY,0,NA,Y,A,-,N,NA,NA,NA,NA,NA,NA,NA,NA,NA,Y,4,0,3,2,A,-,09,21453,C,N,D,C,A,A,H,-,C,A,0,NA,NA,NA,NA,Y,NA,A,01,0,0,3,0,0,0,0,0,0,-,-,NA,NA,SAN DIEGO,CHULA VISTA,-116.96556004,32.64826012
6540936,2014,2014-09-03,3701,2014-07-29,1817,5339,72,2,5,5,3701,0,0,0,NA,0,006,PASEO DEL NORTE,PALOMAR AIRPORT RD,1056,S,N,A,-,N,NA,NA,NA,NA,NA,NA,NA,NA,NA,N,3,0,1,2,A,-,03,22350,NA,N,D,C,A,A,H,-,A,D,0,NA,NA,Y,NA,Y,NA,C,02,0,1,0,0,0,0,0,0,1,-,-,NA,NA,SAN DIEGO,CARLSBAD,-117.31888587,33.11910264
6541757,2014,2016-05-23,9645,2014-07-08,0630,15698,NA,2,1,7,3711,0,1,1,NA,2,001,RT 5,CAMINO DE LA PLAZA,26,S,N,A,-,Y,SD,11,5,-,R,0.31,H,-,S,Y,4,0,1,2,A,-,05,21651,B,N,A,C,A,A,D,-,A,D,0,NA,NA,Y,NA,Y,NA,M,50,0,0,1,0,0,0,0,0,1,-,-,32.544,-117.03255,SAN DIEGO,SAN DIEGO,-117.0327584,32.54435256
6543167,2014,2014-08-01,3700,2014-05-03,1100,SH7709,NA,6,5,4,3780,0,0,0,NA,0,416,COMMUNITY RD,METATE LN,0,NA,Y,A,-,N,NA,NA,NA,NA,NA,NA,NA,NA,NA,N,3,0,1,1,A,-,08,22107,NA,N,E,I,A,A,H,-,A,A,0,NA,Y,NA,NA,Y,NA,L,04,0,1,0,0,0,0,1,0,0,-,-,NA,NA,SAN DIEGO,POWAY,-117.04283009,32.94902012
6544690,2014,2014-08-12,3711,2014-06-24,1735,6992,NA,2,5,7,3711,0,0,0,NA,0,529,6TH AV,JUNIPER ST,150,N,N,A,-,N,NA,NA,NA,NA,NA,NA,NA,NA,NA,Y,3,0,2,2,A,-,09,21801,A,N,D,C,A,A,H,-,A,D,0,NA,NA,NA,NA,Y,NA,-,NA,0,1,1,0,0,0,0,0,0,-,-,NA,NA,SAN DIEGO,SAN DIEGO,-117.15941999,32.72969091
6544756,2014,2016-04-09,9680,2014-06-20,0632,015578,NA,5,1,9,3700,0,1,3,NA,1,024,RT 94,VIA MERCADO,0,NA,Y,A,-,Y,SD,11,94,-,-,13.772,I,5,W,Y,3,0,2,2,A,-,12,21453,A,N,D,C,A,A,H,-,A,A,0,NA,NA,Y,NA,Y,NA,C,02,0,2,0,0,0,0,0,0,1,-,-,32.74587,-116.9579,SAN DIEGO,UNINCORPORATED,-116.95813122,32.7455317
6545386,2014,2014-07-30,3705,2014-05-19,0712,EC5258,NA,1,5,5,3705,0,0,0,NA,0,010,MONTROSE CT,MADISON AV,7,N,N,A,-,N,NA,NA,NA,NA,NA,NA,NA,NA,NA,N,3,0,1,2,A,-,05,21650,1,N,D,G,A,A,H,-,A,A,0,NA,Y,NA,NA,Y,NA,L,04,0,1,0,0,0,0,1,0,0,-,-,NA,NA,SAN DIEGO,EL CAJON,-116.9638507,32.80071916
6545770,2014,2016-03-26,9645,2014-06-24,0745,14909,NA,2,1,7,3711,0,1,1,NA,2,027,RT 15,RT 8,800,N,N,A,-,Y,SD,11,15,-,M,6.28,H,-,N,N,4,0,1,3,A,-,03,22350,NA,M,C,C,A,A,H,-,A,D,1,NA,NA,NA,Y,Y,NA,F,27,0,0,1,0,0,0,0,0,0,-,-,32.77272,-117.11255,SAN DIEGO,SAN DIEGO,-117.11243641,32.7727085
6545777,2014,2016-03-26,9645,2014-06-23,1603,18446,NA,1,2,7,3711,0,1,1,NA,2,017,RT 15,MIRA MESA BL,60,S,N,A,-,Y,SD,11,15,-,M,15.683,R,1,N,Y,4,0,1,4,A,-,03,22350,NA,N,C,C,A,A,H,-,A,A,1,NA,NA,NA,NA,Y,NA,A,07,0,0,1,0,0,0,0,0,0,TO,-,32.91441,-117.11627,SAN DIEGO,SAN DIEGO,-117.11616838,32.91343221
6545811,2014,2016-03-26,9645,2014-06-29,1635,17678,NA,7,2,5,3709,0,1,1,NA,2,009,RT 805,IMPERIAL AV,550,N,N,A,-,Y,SD,11,805,-,-,12.44,H,-,N,Y,3,0,2,2,A,-,08,22107,NA,N,B,E,A,A,H,-,A,D,1,NA,NA,NA,NA,Y,NA,A,01,0,1,1,0,0,0,0,0,0,-,-,32.70594,-117.0955,SAN DIEGO,NATIONAL CITY,-117.09545238,32.70559709
6548806,2014,2016-05-21,9680,2014-07-02,1825,016822,NA,3,2,9,3700,0,1,3,NA,1,090,RT 67,ARCHIE MOORE RD,3168,N,N,A,-,Y,SD,11,67,-,-,19.28,H,-,N,Y,4,0,2,2,C,-,18,NA,NA,N,H,A,A,A,H,-,A,D,0,NA,NA,NA,NA,Y,NA,-,-,0,0,2,0,0,0,0,0,0,-,-,33.01056,-116.9411,SAN DIEGO,UNINCORPORATED,-116.96227004,32.80329498
6549799,2014,2014-08-15,9680,2014-06-29,1145,019729,NA,7,1,9,3700,0,2,4,NA,1,095,SAN VICENTE  AV,WILDCAT CANYON RD,4224,E,N,A,-,N,NA,NA,NA,NA,NA,NA,NA,NA,NA,Y,4,0,1,2,A,-,05,21460,A,N,A,C,A,A,H,-,A,D,0,NA,NA,NA,NA,Y,NA,A,01,0,0,1,0,0,0,0,0,0,-,-,33.0099,-116.83459,SAN DIEGO,UNINCORPORATED,-116.8321106,33.00156725
6550029,2014,2016-02-06,9645,2014-06-25,1905,16864,NA,3,2,7,3711,0,1,1,NA,2,007,RT 5,VIA DE LA VALLE,2112,S,N,A,-,Y,SD,11,5,-,R,35.87,H,-,N,Y,4,0,1,2,A,-,03,22350,NA,N,C,C,A,A,H,-,A,D,1,NA,NA,NA,NA,Y,NA,A,01,0,0,1,0,0,0,0,0,0,-,-,32.58273,-117.15031,SAN DIEGO,SAN DIEGO,-117.25087009,32.9743683
6550171,2014,2014-08-25,3711,2014-06-25,1210,6093,NA,3,5,7,3711,0,0,0,NA,0,NA,DEL MAR HEIGHTS RD,CARMEL VALLEY RD,528,W,N,A,-,N,NA,NA,NA,NA,NA,NA,NA,NA,NA,Y,3,0,1,1,A,-,08,22107,NA,N,F,I,A,A,H,-,A,A,0,NA,NA,NA,NA,Y,NA,-,NA,0,1,0,0,0,0,0,0,0,-,-,NA,NA,SAN DIEGO,SAN DIEGO,-117.19364304,32.96134628
6550456,2014,2016-05-24,3711,2014-07-01,1730,5989,NA,2,5,7,3711,0,0,0,NA,0,126,GENESEE AV,RT 5,1320,W,N,A,-,Y,SD,11,5,-,R,29.336,R,4,S,N,3,0,1,1,A,-,08,22107,NA,N,E,-,A,A,H,-,A,D,0,NA,Y,NA,NA,Y,NA,L,04,0,1,0,0,0,0,1,0,0,-,-,NA,NA,SAN DIEGO,SAN DIEGO,-117.22809407,32.88525444
6550871,2014,2014-08-22,9645,2014-07-03,1305,018393,NA,4,1,9,3700,0,3,5,NA,2,018,SWEETWATER RD,QUARRY RD,800,W,N,A,-,N,NA,NA,NA,NA,NA,NA,NA,NA,NA,Y,3,0,2,2,A,-,05,21460,A,N,A,C,A,A,H,-,A,D,0,NA,NA,NA,NA,Y,NA,A,01,0,1,1,0,0,0,0,0,0,-,-,32.6846,-117.01488,SAN DIEGO,UNINCORPORATED,-117.01624946,32.6886147
6556778,2014,2014-08-14,3705,2014-06-08,2133,EC0163,NA,7,5,5,3705,0,0,0,NA,0,007,MAIN,BROADWAY,38,N,N,A,-,N,NA,NA,NA,NA,NA,NA,NA,NA,NA,N,4,0,1,2,A,-,03,22350,NA,N,C,C,A,A,H,-,C,A,0,NA,NA,NA,NA,Y,NA,A,01,0,0,1,0,0,0,0,0,0,-,-,NA,NA,SAN DIEGO,EL CAJON,-116.92199132,32.80779226
6557241,2014,2016-05-20,9645,2014-06-27,1705,019344,NA,5,2,7,3711,0,1,1,NA,2,001,RT 5,CAMINO DE LA PLAZA,2,S,N,A,-,Y,SD,11,5,-,R,0.31,H,-,S,Y,4,0,1,2,A,-,03,22350,NA,N,B,C,A,A,H,-,A,D,0,NA,NA,Y,NA,Y,NA,C,02,0,0,1,0,0,0,0,0,1,-,-,32.54407,-117.0328,SAN DIEGO,SAN DIEGO,-117.0327584,32.54435256
6557248,2014,2016-03-26,9645,2014-06-21,1310,019033,NA,6,1,7,3711,0,1,1,NA,2,017,RT 15,CARROLL CANYON RD,1034,N,N,A,-,Y,SD,11,15,-,M,15.2,H,-,S,Y,3,0,1,1,A,-,08,22107,NA,N,E,I,A,A,H,-,A,D,1,NA,NA,NA,NA,Y,NA,A,07,0,1,0,0,0,0,0,0,0,-,-,32.89516,-117.11371,SAN DIEGO,SAN DIEGO,-117.11669608,32.90636465
6558581,2014,2014-08-14,3702,2014-06-20,1544,CV1042,NA,5,5,6,3702,0,0,0,NA,0,032,BIRCH RD,MAGDALENA AV,18,E,N,A,-,N,NA,NA,NA,NA,NA,NA,NA,NA,NA,Y,4,0,2,2,A,-,12,21453,A,N,D,C,A,A,H,-,-,A,0,NA,NA,NA,NA,Y,NA,A,07,0,0,2,0,0,0,0,0,0,-,-,NA,NA,SAN DIEGO,CHULA VISTA,-116.97919369,32.61776262
6558706,2014,2016-04-09,9650,2014-06-03,1155,015758,NA,2,1,3,3783,0,1,1,NA,2,007,RT 5,VIA DE LA VALLE,915,N,N,A,-,Y,SD,11,5,-,R,36.55,H,-,S,Y,4,0,1,1,A,-,08,22107,NA,N,E,I,A,A,H,-,A,D,1,NA,NA,NA,NA,Y,NA,A,08,0,0,1,0,0,0,0,0,0,-,-,32.98247,-117.25426,SAN DIEGO,SOLANA BEACH,-117.25465753,32.98369048
6558779,2014,2014-08-26,9650,2014-07-02,2025,016490,NA,3,2,9,3700,0,3,5,NA,2,006,SANDIA CREEK RD,DE LUZ RD,1056,E,N,A,-,N,NA,NA,NA,NA,NA,NA,NA,NA,NA,Y,4,0,1,1,A,-,08,22107,NA,N,E,I,A,A,H,-,D,D,0,NA,NA,NA,NA,Y,NA,A,01,0,0,1,0,0,0,0,0,0,-,-,33.40422,-117.2492,SAN DIEGO,UNINCORPORATED,-117.25026,33.40054
6558783,2014,2016-05-25,9650,2014-07-07,1530,015276,NA,1,2,9,3700,0,1,1,NA,2,021,RT 15,OLD HIGHWAY 395,285,S,N,A,-,Y,SD,11,15,-,R,43.2,H,-,S,Y,3,0,2,2,A,-,03,22350,NA,N,C,C,A,A,H,-,A,D,1,NA,NA,NA,NA,Y,NA,A,01,0,1,1,0,0,0,0,0,0,-,-,33.20514,-117.15011,SAN DIEGO,UNINCORPORATED,-117.14989752,33.28552178
6560133,2014,2014-08-26,3711,2014-07-07,1754,4759,NA,1,5,7,3711,0,0,0,NA,0,122,INGRAHAM ST,LA PLAYA AV,61,S,N,A,-,N,NA,NA,NA,NA,NA,NA,NA,NA,NA,N,3,0,1,2,A,-,11,21954,A,N,D,B,D,A,H,-,A,D,0,Y,NA,NA,NA,Y,NA,N,60,0,1,0,0,1,0,0,0,0,-,-,NA,NA,SAN DIEGO,SAN DIEGO,-117.23743063,32.78857817