CASE_ID,ACCIDENT_YEAR,PROC_DATE,JURIS,COLLISION_DATE,COLLISION_TIME,OFFICER_ID,REPORTING_DISTRICT,DAY_OF_WEEK,CHP_SHIFT,POPULATION,CNTY_CITY_LOC,SPECIAL_COND,BEAT_TYPE,CHP_BEAT_TYPE,CITY_DIVISION_LAPD,CHP_BEAT_CLASS,BEAT_NUMBER,PRIMARY_RD,SECONDARY_RD,DISTANCE,DIRECTION,INTERSECTION,WEATHER_1,WEATHER_2,STATE_HWY_IND,CALTRANS_COUNTY,CALTRANS_DISTRICT,STATE_ROUTE,ROUTE_SUFFIX,POSTMILE_PREFIX,POSTMILE,LOCATION_TYPE,RAMP_INTERSECTION,SIDE_OF_HWY,TOW_AWAY,COLLISION_SEVERITY,NUMBER_KILLED,NUMBER_INJURED,PARTY_COUNT,PRIMARY_COLL_FACTOR,PCF_CODE_OF_VIOL,PCF_VIOL_CATEGORY,PCF_VIOLATION,PCF_VIOL_SUBSECTION,HIT_AND_RUN,TYPE_OF_COLLISION,MVIW,PED_ACTION,ROAD_SURFACE,ROAD_COND_1,ROAD_COND_2,LIGHTING,CONTROL_DEVICE,CHP_ROAD_TYPE,PEDESTRIAN_ACCIDENT,BICYCLE_ACCIDENT,MOTORCYCLE_ACCIDENT,TRUCK_ACCIDENT,NOT_PRIVATE_PROPERTY,ALCOHOL_INVOLVED,STWD_VEHTYPE_AT_FAULT,CHP_VEHTYPE_AT_FAULT,COUNT_SEVERE_INJ,COUNT_VISIBLE_INJ,COUNT_COMPLAINT_PAIN,COUNT_PED_KILLED,COUNT_PED_INJURED,COUNT_BICYCLIST_KILLED,COUNT_BICYCLIST_INJURED,COUNT_MC_KILLED,COUNT_MC_INJURED,PRIMARY_RAMP,SECONDARY_RAMP,LATITUDE,LONGITUDE,COUNTY,CITY,POINT_X,POINT_Y
6612257,2014,2014-09-17,3711,2014-08-27,1539,6213,NA,3,5,7,3711,0,0,0,NA,0,445,MARKET ST,MARKET ST  4900,30,N,N,A,-,N,NA,NA,NA,NA,NA,NA,NA,NA,NA,Y,4,0,1,2,A,-,09,21804,A,N,H,C,A,A,H,-,A,D,0,NA,NA,NA,NA,Y,NA,-,NA,0,0,1,0,0,0,0,0,0,-,-,NA,NA,SAN DIEGO,SAN DIEGO,NA,NA
6612658,2014,2014-09-30,3711,2014-09-02,0844,6891,NA,2,5,7,3711,0,0,0,NA,0,NA,BALBOA AV,GENESEE AV,1410,E,N,A,-,N,NA,NA,NA,NA,NA,NA,NA,NA,NA,N,4,0,1,1,A,-,03,22350,NA,N,H,A,A,A,H,-,A,D,0,NA,NA,NA,NA,Y,NA,-,NA,0,0,1,0,0,0,0,0,0,-,-,NA,NA,SAN DIEGO,SAN DIEGO,-117.17764265,32.82038221
6612702,2014,2014-09-30,3711,2014-09-01,1720,7149,NA,1,5,7,3711,0,0,0,NA,0,813,UNIVERSITY AV,TEXAS ST,99,E,N,A,-,N,NA,NA,NA,NA,NA,NA,NA,NA,NA,Y,4,0,2,2,A,-,04,21703,NA,N,C,C,A,A,H,-,A,A,0,NA,NA,NA,NA,Y,NA,A,01,0,0,2,0,0,0,0,0,0,-,-,NA,NA,SAN DIEGO,SAN DIEGO,-117.13864952,32.74845
6613423,2014,2014-10-27,3711,2014-09-04,1712,5335,NA,4,5,7,3711,0,0,0,NA,0,234,WEST BERNARDO DR,RANCHO BERNARDO RD,528,S,N,A,-,N,NA,NA,NA,NA,NA,NA,NA,NA,NA,N,4,0,1,2,A,-,-,NA,NA,N,D,G,A,A,H,-,A,D,0,NA,Y,NA,NA,Y,NA,L,04,0,0,1,0,0,0,1,0,0,-,-,NA,NA,SAN DIEGO,SAN DIEGO,-117.08188918,33.02251615
6613428,2014,2014-10-02,3711,2014-09-05,1327,6252,NA,5,5,7,3711,0,0,0,NA,0,611,CAMINO DEL RIO W,JEFFERSON ST,30,S,N,A,-,N,NA,NA,NA,NA,NA,NA,NA,NA,NA,N,4,0,2,2,A,-,04,21703,NA,N,C,C,A,A,H,-,A,D,0,NA,NA,NA,NA,Y,NA,A,01,0,0,2,0,0,0,0,0,0,-,-,NA,NA,SAN DIEGO,SAN DIEGO,-117.20464463,32.75620875
6614773,2014,2014-09-18,9650,2014-08-26,1340,15446,NA,2,1,9,3700,0,3,5,NA,2,006,N BRANDON RD,EAST MISSION RD,10,S,N,A,-,N,NA,NA,NA,NA,NA,NA,NA,NA,NA,N,4,0,1,2,A,-,03,22350,NA,N,C,C,A,A,H,-,A,A,0,NA,NA,NA,NA,Y,NA,A,07,0,0,1,0,0,0,0,0,0,-,-,33.38469,-117.24327,SAN DIEGO,UNINCORPORATED,-117.24325,33.3846226
6614793,2014,2016-05-24,9650,2014-08-17,0200,019308,NA,7,3,6,3706,0,1,1,NA,2,023,RT 15,CITRACADO PKWY,2640,S,N,A,-,Y,SD,11,15,-,R,28.27,H,-,S,Y,4,0,1,2,A,-,03,22350,NA,F,C,C,A,A,H,-,D,D,1,NA,NA,NA,NA,Y,NA,-,99,0,0,1,0,0,0,0,0,0,-,-,33.08633,-117.07654,SAN DIEGO,ESCONDIDO,-117.07732735,33.08724035
6614812,2014,2016-05-21,3700,2014-08-06,2300,SH5482,NA,3,5,5,3713,0,0,0,NA,0,312,RT 78,SOUTH EMERALD DR,0,NA,Y,A,-,Y,SD,11,78,-,-,4.217,R,4,E,Y,4,0,1,2,A,-,01,23152,A,N,D,C,A,A,H,-,C,A,0,NA,NA,NA,NA,Y,Y,A,07,0,0,1,0,0,0,0,0,0,EF,-,NA,NA,SAN DIEGO,VISTA,-117.28206226,33.18662821
6614816,2014,2014-09-16,3700,2014-08-14,0745,SH2439,NA,4,5,5,3713,0,0,0,NA,0,307,EAST VISTA WY,FRANCES DR,0,NA,Y,A,-,N,NA,NA,NA,NA,NA,NA,NA,NA,NA,N,4,0,1,2,A,-,09,21801,A,N,D,G,A,A,H,-,A,D,0,NA,Y,NA,NA,Y,NA,A,07,0,0,1,0,0,0,1,0,0,-,-,NA,NA,SAN DIEGO,VISTA,-117.23362002,33.21056005
6616303,2014,2014-09-19,3710,2014-08-23,1440,OC1157,NA,6,5,6,3710,0,0,0,NA,0,013,VIA LAS ROSAS,VIA SONORA,87,E,N,A,-,N,NA,NA,NA,NA,NA,NA,NA,NA,NA,N,4,0,1,2,A,-,21,22106,NA,N,D,C,A,A,H,-,A,D,0,NA,NA,NA,NA,Y,NA,A,01,0,0,1,0,0,0,0,0,0,-,-,NA,NA,SAN DIEGO,OCEANSIDE,-117.32941651,33.18688
6616764,2014,2014-09-26,3706,2014-08-12,1425,ES0318,NA,2,5,6,3706,0,0,0,NA,0,042,BROADWAY,LINCOLN AV,193,N,N,A,-,N,NA,NA,NA,NA,NA,NA,NA,NA,NA,N,3,0,1,2,A,-,09,21804,A,N,D,C,A,A,H,-,A,D,0,NA,NA,Y,NA,Y,NA,A,01,0,1,0,0,0,0,0,0,1,-,-,NA,NA,SAN DIEGO,ESCONDIDO,-117.08702672,33.13424302
6617396,2014,2014-09-15,3705,2014-08-03,1748,EC0337,NA,7,5,5,3705,0,0,0,NA,0,009,E LEXINGTON,S MOLLISON,0,NA,Y,A,-,N,NA,NA,NA,NA,NA,NA,NA,NA,NA,N,3,0,1,2,A,-,17,21451,A,N,D,C,A,A,H,-,A,A,0,NA,NA,Y,NA,Y,NA,C,02,0,1,0,0,0,0,0,0,1,-,-,NA,NA,SAN DIEGO,EL CAJON,-116.95096012,32.79263007
6617414,2014,2016-05-21,9680,2014-08-23,0240,020105,NA,6,3,4,3720,0,1,3,NA,1,023,RT 94,MASSACHUSETTS AV,214,E,N,A,-,Y,SD,11,94,-,-,8.299,R,2,E,Y,2,0,1,1,A,-,01,23152,A,N,E,I,A,A,H,-,D,D,1,NA,NA,Y,NA,Y,Y,C,02,1,0,0,0,0,0,0,0,1,-,-,32.74449,-117.04199,SAN DIEGO,LEMON GROVE,-117.04240837,32.74472417
6620404,2014,2014-09-23,9650,2014-08-30,2335,020422,NA,6,3,9,3700,0,3,5,NA,1,212,LILAC RD,OLD CASTLE RD,11616,N,N,A,-,N,NA,NA,NA,NA,NA,NA,NA,NA,NA,Y,3,0,1,1,A,-,01,23152,A,N,F,A,A,A,H,-,D,D,0,NA,NA,NA,NA,Y,Y,A,01,0,1,0,0,0,0,0,0,0,-,-,33.28107,-117.08406,SAN DIEGO,UNINCORPORATED,-117.07295,33.26367
6620407,2014,2014-09-23,9650,2014-08-23,0833,016516,NA,6,1,9,3700,0,3,5,NA,2,006,MORRO RD,FALLBROOK ST,0,NA,Y,A,-,N,NA,NA,NA,NA,NA,NA,NA,NA,NA,Y,3,0,1,2,A,-,09,21802,A,N,D,C,A,A,H,-,A,A,0,NA,NA,NA,NA,Y,NA,A,07,0,1,0,0,0,0,0,0,0,-,-,33.37649,-117.0241,SAN DIEGO,UNINCORPORATED,-117.24063001,33.37654011
6620987,2014,2015-01-08,9650,2014-09-01,0700,015295,NA,1,1,9,3700,0,2,4,NA,1,027,VALLEY CENTER RD,BANBURY DR,6864,S,N,A,-,N,NA,NA,NA,NA,NA,NA,NA,NA,NA,Y,4,0,1,1,A,-,08,22107,NA,N,E,I,A,A,H,-,A,D,0,NA,NA,NA,NA,Y,NA,A,01,0,0,1,0,0,0,0,0,0,-,-,33.18625,-117.03012,SAN DIEGO,UNINCORPORATED,-117.02997253,33.18631644
6622026,2014,2014-09-25,3706,2014-08-11,1649,ES0322,NA,1,5,6,3706,0,0,0,NA,0,055,12TH AV,REDWOOD ST,0,NA,Y,A,-,N,NA,NA,NA,NA,NA,NA,NA,NA,NA,N,3,0,1,2,A,-,12,22450,A,N,D,G,A,A,H,-,A,A,0,NA,Y,NA,NA,Y,NA,L,04,0,1,0,0,0,0,1,0,0,-,-,NA,NA,SAN DIEGO,ESCONDIDO,-117.08258004,33.10770005
6622984,2014,2016-05-24,9650,2014-09-01,1045,015027,NA,1,1,9,3700,0,1,3,NA,1,028,RT 76,SOUTH GRADE RD,3696,W,N,A,-,Y,SD,11,76,-,-,37.61,H,-,W,Y,2,0,1,2,A,-,12,22450,A,F,F,A,A,A,H,-,A,A,0,NA,NA,Y,NA,Y,NA,A,01,1,0,0,0,0,0,0,0,1,-,-,NA,NA,SAN DIEGO,UNINCORPORATED,-116.90794899,33.29751217
6625413,2014,2014-10-07,3701,2014-09-08,0407,5347,122,1,5,5,3701,0,0,0,NA,0,008,RANCHO SANTA FE RD,CAMINO DE LOS COCHES,0,NA,Y,A,-,N,NA,NA,NA,NA,NA,NA,NA,NA,NA,Y,4,0,1,1,A,-,01,23152,A,N,E,I,A,A,H,-,C,A,0,NA,NA,NA,NA,Y,Y,A,01,0,0,1,0,0,0,0,0,0,-,-,NA,NA,SAN DIEGO,CARLSBAD,-117.23951003,33.07635005
6626264,2014,2016-05-16,9680,2014-08-29,1620,18427,NA,5,2,5,3708,0,1,3,NA,2,028,RT 125,RT 8,140,N,N,A,-,Y,SD,11,125,-,R,15.47,H,-,S,Y,4,0,1,2,A,-,01,23152,A,N,C,C,A,A,H,-,A,D,1,NA,NA,NA,NA,Y,Y,D,22,0,0,1,0,0,0,0,0,0,-,-,32.77763,-117.0038,SAN DIEGO,LA MESA,-117.00439086,32.77927886
6626998,2014,2016-05-25,9645,2014-09-04,1410,017297,NA,4,2,7,3711,0,1,1,NA,2,017,RT 15,MIRA MESA BL,2542,N,N,A,-,Y,SD,11,15,-,M,16.44,H,-,N,Y,3,0,2,3,A,-,08,22107,NA,N,E,I,A,A,H,-,A,D,1,NA,NA,Y,NA,Y,NA,D,22,0,1,1,0,0,0,0,0,1,-,-,32.92474,-117.11462,SAN DIEGO,SAN DIEGO,-117.11452166,32.92436897
6627101,2014,2016-05-21,9680,2014-08-31,1020,016102,NA,7,1,9,3700,0,1,3,NA,1,040,RT 94,POTRERO VALLEY RD,6336,W,N,A,-,Y,SD,11,94,-,-,40.27,H,-,E,Y,3,0,1,1,A,-,03,22350,NA,N,E,I,A,A,H,-,A,A,0,NA,NA,NA,NA,Y,Y,A,07,0,1,0,0,0,0,0,0,0,-,-,32.60866,-116.63071,SAN DIEGO,UNINCORPORATED,-116.63118952,32.60834031
6629334,2014,2014-10-09,3711,2014-09-09,1551,6759,NA,2,5,7,3711,0,0,0,NA,0,437,HONEY DR,DOCK CT,222,N,N,-,-,N,NA,NA,NA,NA,NA,NA,NA,NA,NA,Y,3,0,1,2,A,-,08,22107,NA,N,A,C,A,A,H,-,A,D,0,NA,NA,NA,NA,Y,NA,-,NA,0,1,0,0,0,0,0,0,0,-,-,NA,NA,SAN DIEGO,SAN DIEGO,-117.04239716,32.68636488
6629871,2014,2014-09-30,3711,2014-09-12,0935,6058,NA,5,5,7,3711,0,0,0,NA,0,115,GOVERNOR DR,REGENTS RD,24,S,N,A,-,N,NA,NA,NA,NA,NA,NA,NA,NA,NA,Y,3,0,1,2,A,-,12,21453,A,N,D,C,A,A,H,-,A,A,0,NA,NA,NA,NA,Y,NA,-,NA,0,1,0,0,0,0,0,0,0,-,-,NA,NA,SAN DIEGO,SAN DIEGO,-117.21674306,32.85152974
6630029,2014,2014-11-05,3711,2014-09-10,1830,5916,NA,3,5,7,3711,0,0,0,NA,0,111,GENESEE AV,MARLESTA DR,290,S,N,A,-,N,NA,NA,NA,NA,NA,NA,NA,NA,NA,Y,4,0,3,3,A,-,03,22350,NA,N,C,C,A,A,H,-,A,D,0,NA,NA,NA,NA,Y,NA,A,01,0,0,3,0,0,0,0,0,0,-,-,NA,NA,SAN DIEGO,SAN DIEGO,-117.17481617,32.80424372
6630903,2014,2016-05-21,9645,2014-09-15,1605,16864,NA,1,2,7,3711,0,1,1,NA,2,011,RT 805,RT 8,2112,S,N,A,-,Y,SD,11,805,-,-,17.25,H,-,S,Y,4,0,2,3,A,-,07,21658,A,F,B,C,A,A,H,-,A,D,1,NA,NA,NA,NA,Y,NA,-,99,0,0,2,0,0,0,0,0,0,-,-,NA,NA,SAN DIEGO,SAN DIEGO,-117.12894949,32.76675843
6632373,2014,2016-05-24,9645,2014-09-16,1150,14804,NA,2,1,7,3711,0,1,1,NA,2,003,RT 5,1ST AV,3696,N,N,A,-,Y,SD,11,5,-,R,17.485,R,2,N,Y,4,0,1,1,A,-,08,22107,NA,N,E,I,A,A,H,-,A,D,1,NA,NA,NA,NA,Y,NA,A,01,0,0,1,0,0,0,0,0,0,-,-,32.73566,-117.17661,SAN DIEGO,SAN DIEGO,-117.1732536,32.73369332
6632621,2014,2014-09-26,3700,2014-07-12,0823,SH4791,NA,6,5,2,3704,0,0,0,NA,0,291,VIA DE LA VALLE,VALLEY AV,0,NA,Y,A,-,N,NA,NA,NA,NA,NA,NA,NA,NA,NA,Y,4,0,1,2,A,-,12,21453,A,N,D,C,A,A,H,-,A,A,0,NA,NA,NA,NA,Y,NA,A,01,0,0,1,0,0,0,0,0,0,-,-,NA,NA,SAN DIEGO,DEL MAR,-117.25691012,32.97941009
6633684,2014,2014-10-13,3700,2014-09-15,0801,SH5502,NA,1,5,5,3713,0,0,0,NA,0,306,VISTA VILLAGE DR,PALM DR,29,E,N,A,-,N,NA,NA,NA,NA,NA,NA,NA,NA,NA,N,3,0,1,2,A,-,03,22350,NA,N,C,C,A,A,H,-,A,A,0,NA,NA,NA,NA,Y,NA,D,22,0,1,0,0,0,0,0,0,0,-,-,NA,NA,SAN DIEGO,VISTA,-117.23964966,33.20395331
6636803,2014,2014-10-31,3711,2014-09-17,1930,4939,NA,3,5,7,3711,0,0,0,NA,0,828,UNIVERSITY AV,EUCLID AV,0,NA,Y,A,-,N,NA,NA,NA,NA,NA,NA,NA,NA,NA,N,4,0,1,2,A,-,03,22350,NA,N,G,B,B,A,H,-,C,A,0,Y,NA,NA,NA,Y,NA,N,60,0,0,1,0,1,0,0,0,0,-,-,NA,NA,SAN DIEGO,SAN DIEGO,-117.09229011,32.7495501
6637450,2014,2014-11-04,3706,2014-09-18,0725,ES0374,NA,4,5,6,3706,0,0,0,NA,0,052,ESCONDIDO BL,13TH AV,0,NA,Y,A,-,N,NA,NA,NA,NA,NA,NA,NA,NA,NA,N,3,0,1,2,A,-,10,21950,A,N,G,B,B,A,H,-,A,A,0,Y,NA,NA,NA,Y,NA,A,07,0,1,0,0,1,0,0,0,0,-,-,NA,NA,SAN DIEGO,ESCONDIDO,-117.07655,33.10951009
6638318,2014,2014-10-08,3711,2014-09-20,0259,6432,NA,6,5,7,3711,0,0,0,NA,0,524,A ST,11TH AV,0,NA,Y,B,-,N,NA,NA,NA,NA,NA,NA,NA,NA,NA,Y,4,0,1,2,A,-,12,21453,A,N,D,C,A,A,H,-,C,A,0,NA,NA,NA,NA,Y,NA,-,NA,0,0,1,0,0,0,0,0,0,-,-,NA,NA,SAN DIEGO,SAN DIEGO,-117.15473005,32.71886004
6640441,2014,2014-10-09,3700,2014-08-29,0933,SH7406,NA,5,5,4,3780,0,0,0,NA,0,405,POMERADO RD,VIA MONTE CLARO,133,N,N,A,-,N,NA,NA,NA,NA,NA,NA,NA,NA,NA,Y,4,0,2,2,A,-,03,22350,NA,N,C,C,A,A,H,-,A,A,0,NA,NA,NA,NA,Y,NA,A,01,0,0,2,0,0,0,0,0,0,-,-,NA,NA,SAN DIEGO,POWAY,-117.05800868,32.99376416
6644055,2014,2015-01-14,9650,2014-11-17,1635,17263,NA,1,2,5,3713,0,1,3,NA,2,017,RT 78,EMERALD AV,3168,E,N,A,-,Y,NA,NA,78,NA,NA,NA,NA,NA,NA,Y,4,0,1,2,A,-,07,21658,A,N,B,C,A,A,H,-,A,D,0,NA,NA,NA,NA,Y,NA,A,08,0,0,1,0,0,0,0,0,0,-,-,33.19234,-117.27046,SAN DIEGO,VISTA,-117.27045634,33.1923309
6644868,2014,2014-10-21,3711,2014-09-25,1712,7158,NA,4,5,7,3711,0,0,0,NA,0,524,7TH AV,E ST,0,NA,Y,A,-,N,NA,NA,NA,NA,NA,NA,NA,NA,NA,Y,4,0,1,2,A,-,12,21453,A,N,-,C,A,A,H,-,A,A,0,NA,NA,NA,NA,Y,Y,-,NA,0,0,1,0,0,0,0,0,0,-,-,NA,NA,SAN DIEGO,SAN DIEGO,-117.15834003,32.71468009
6644901,2014,2014-10-09,3711,2014-09-24,1420,6540,NA,3,5,7,3711,0,0,0,NA,0,242,CAMINO RUIZ,REAGAN,10,S,N,A,-,N,NA,NA,NA,NA,NA,NA,NA,NA,NA,N,4,0,1,3,A,-,10,21950,A,M,C,B,B,A,H,-,A,A,0,Y,NA,NA,NA,Y,NA,-,NA,0,0,1,0,1,0,0,0,0,-,-,NA,NA,SAN DIEGO,SAN DIEGO,-117.14532109,32.90815425
6645161,2014,2016-05-23,9645,2014-09-10,1503,016061,NA,3,2,7,3711,0,1,1,NA,2,001,RT 5,H ST,528,N,N,A,-,Y,SD,11,5,-,-,8.04,H,-,S,Y,3,0,2,4,A,-,03,22350,NA,N,C,D,A,A,H,-,A,D,1,NA,NA,NA,NA,Y,NA,D,22,0,1,1,0,0,0,0,0,0,-,-,NA,NA,SAN DIEGO,SAN DIEGO,-117.09726251,32.63229613
6645589,2014,2014-10-28,9680,2014-08-18,0955,016372,NA,1,1,9,3700,0,3,5,NA,2,002,ELKELTON BL,PARADISE VALLEY RD,215,E,N,A,-,N,NA,NA,NA,NA,NA,NA,NA,NA,NA,Y,4,0,1,2,A,-,03,22350,NA,N,C,C,A,A,H,-,A,D,0,NA,NA,NA,NA,Y,NA,A,01,0,0,1,0,0,0,0,0,0,-,-,32.70202,-117.01202,SAN DIEGO,UNINCORPORATED,-117.01212261,32.70223355
6645763,2014,2014-10-20,3700,2014-09-02,1358,SH2497,NA,2,5,5,3712,0,0,0,NA,0,350,WEST MISSION RD,PICO AV,0,NA,Y,A,-,N,NA,NA,NA,NA,NA,NA,NA,NA,NA,Y,3,0,3,2,A,-,12,21453,A,N,D,C,A,A,H,-,A,A,0,NA,NA,NA,NA,Y,NA,A,01,0,1,2,0,0,0,0,0,0,-,-,NA,NA,SAN DIEGO,SAN MARCOS,-117.16605003,33.14349011
6647638,2014,2016-05-21,9645,2014-09-08,1410,19033,NA,1,2,6,3702,0,1,1,NA,2,009,RT 805,E ST,480,N,N,A,-,Y,SD,11,805,-,-,7.9,H,-,N,Y,4,0,1,4,A,-,03,22350,NA,N,C,C,A,-,H,-,A,D,1,NA,NA,NA,NA,Y,NA,A,01,0,0,1,0,0,0,0,0,0,-,-,32.64908,-117.063,SAN DIEGO,CHULA VISTA,-117.06255587,32.64895243
6647853,2014,2016-05-23,9645,2014-09-24,1615,016061,NA,3,2,7,3711,0,1,1,NA,2,003,RT 5,28TH ST,528,S,N,A,-,Y,SD,11,5,-,R,13.29,H,-,S,Y,4,0,1,2,A,-,07,21658,A,M,B,C,A,A,H,-,A,D,1,NA,NA,Y,NA,Y,NA,C,02,0,0,1,0,0,0,0,0,1,-,-,NA,NA,SAN DIEGO,SAN DIEGO,-117.13230471,32.69444695
6647913,2014,2016-05-24,9645,2014-09-18,0635,17270,NA,4,1,7,3711,0,1,1,NA,2,007,RT 5,NOBEL DR,1897,S,N,A,-,Y,SD,11,5,-,R,27.8,H,-,S,Y,4,0,1,1,A,-,08,22107,NA,N,F,J,A,A,H,-,B,D,1,NA,NA,NA,NA,Y,NA,A,01,0,0,1,0,0,0,0,0,0,-,-,32.846,-117.236,SAN DIEGO,SAN DIEGO,-117.23024328,32.86295915
6648056,2014,2014-11-14,3709,2014-10-04,0821,418,NA,6,5,5,3709,0,0,0,NA,0,023,EUCLID AV,EAST 16TH ST,0,NA,Y,A,-,N,NA,NA,NA,NA,NA,NA,NA,NA,NA,Y,4,0,2,2,A,-,12,21453,A,N,D,C,A,A,H,-,A,A,0,NA,NA,NA,NA,Y,NA,A,01,0,0,2,0,0,0,0,0,0,-,-,NA,NA,SAN DIEGO,NATIONAL CITY,-117.07949013,32.67588007
6650401,2014,2014-10-20,3702,2014-09-04,1834,CV1081,NA,4,5,6,3702,0,0,0,NA,0,023,MAX AV,EAST ORANGE AV,42,N,N,A,-,N,NA,NA,NA,NA,NA,NA,NA,NA,NA,Y,4,0,1,2,A,-,01,23152,A,N,C,C,A,A,H,-,A,A,0,NA,NA,NA,Y,Y,Y,A,01,0,0,1,0,0,0,0,0,0,-,-,NA,NA,SAN DIEGO,CHULA VISTA,-117.04458364,32.60192777
6650653,2014,2016-05-20,3702,2014-08-30,2215,CV1106,NA,6,5,6,3702,0,0,0,NA,0,024,MAIN ST,RT 805,0,NA,Y,A,-,Y,SD,11,805,-,-,3.522,R,4,N,Y,4,0,2,2,D,-,00,NA,NA,N,A,C,A,A,H,-,C,A,0,NA,NA,NA,NA,Y,NA,-,-,0,0,2,0,0,0,0,0,0,-,-,NA,NA,SAN DIEGO,CHULA VISTA,-117.03616754,32.59283763
6650769,2014,2016-01-05,3702,2014-09-09,1529,CV1119,NA,2,5,6,3702,0,0,0,NA,0,031,EAST H ST,RT 805,192,W,N,A,-,N,NA,NA,NA,NA,NA,NA,NA,NA,NA,Y,3,0,1,2,A,-,03,22350,NA,N,C,C,A,A,H,-,A,A,0,NA,NA,NA,NA,Y,NA,A,01,0,1,0,0,0,0,0,0,0,-,NF,NA,NA,SAN DIEGO,CHULA VISTA,-117.05628068,32.64037329
6650797,2014,2014-10-20,3702,2014-09-17,1825,CV1118,NA,3,5,6,3702,0,0,0,NA,0,022,PALOMAR,TRANSIT CENTER DR,30,W,N,A,-,N,NA,NA,NA,NA,NA,NA,NA,NA,NA,N,3,0,1,2,A,-,05,21202,A,N,D,G,A,A,H,-,A,A,0,NA,Y,NA,NA,Y,NA,L,04,0,1,0,0,0,0,1,0,0,-,-,NA,NA,SAN DIEGO,CHULA VISTA,-117.08429128,32.60381004
6650807,2014,2014-10-23,3702,2014-09-16,1330,CV1120,NA,2,5,6,3702,0,0,0,NA,0,023,EAST J ST,HILLTOP DR,0,NA,Y,A,-,N,NA,NA,NA,NA,NA,NA,NA,NA,NA,Y,4,0,1,2,A,-,09,21801,A,N,A,C,A,A,H,-,A,A,0,NA,NA,NA,NA,Y,NA,A,01,0,0,1,0,0,0,0,0,0,-,-,NA,NA,SAN DIEGO,CHULA VISTA,-117.06227007,32.63087006
6650811,2014,2014-12-09,3702,2014-09-09,0854,CV1101,NA,2,5,6,3702,0,0,0,NA,0,023,EAST L ST,CUYAMACA ST,225,E,N,A,-,N,NA,NA,NA,NA,NA,NA,NA,NA,NA,Y,4,0,1,2,A,-,03,22350,NA,N,C,C,A,A,H,-,A,A,0,NA,NA,NA,NA,Y,NA,A,01,0,0,1,0,0,0,0,0,0,-,-,NA,NA,SAN DIEGO,CHULA VISTA,-117.0552411,32.62526987
6650824,2014,2014-10-24,3702,2014-09-08,1446,CV0984,NA,1,5,6,3702,0,0,0,NA,0,032,OTAY LAKES RD,VILLAS DR,6,N,N,A,-,N,NA,NA,NA,NA,NA,NA,NA,NA,NA,Y,4,0,4,2,A,-,09,21804,A,N,D,C,A,A,H,-,A,D,0,NA,NA,NA,NA,Y,NA,A,08,0,0,4,0,0,0,0,0,0,-,-,NA,NA,SAN DIEGO,CHULA VISTA,-117.03086641,32.66027551
6650840,2014,2014-10-23,3702,2014-09-01,1701,CV1012,NA,1,5,6,3702,0,0,0,NA,0,031,TELEGRAPH CANYON RD,OLD TELEGRAPH CANYON RD,54,E,N,A,-,N,NA,NA,NA,NA,NA,NA,NA,NA,NA,Y,4,0,1,1,A,-,01,23152,A,N,E,I,A,A,H,-,A,D,0,NA,NA,NA,NA,Y,Y,A,01,0,0,1,0,0,0,0,0,0,-,-,NA,NA,SAN DIEGO,CHULA VISTA,-117.03232021,32.62641008
6650960,2014,2014-10-10,3711,2014-09-28,1208,5197,NA,7,5,7,3711,0,0,0,NA,0,524,INDIA ST,W A ST,0,NA,Y,A,-,N,NA,NA,NA,NA,NA,NA,NA,NA,NA,Y,3,0,2,2,A,-,12,21453,A,N,F,C,A,A,H,-,A,A,0,NA,NA,NA,NA,Y,NA,A,07,0,2,0,0,0,0,0,0,0,-,-,NA,NA,SAN DIEGO,SAN DIEGO,-117.16825006,32.71883005
6651110,2014,2014-11-05,3705,2014-09-11,1717,EC0304,NA,4,5,5,3705,0,0,0,NA,0,009,E LEXINGTON,S 2ND,31,W,N,A,-,N,NA,NA,NA,NA,NA,NA,NA,NA,NA,Y,4,0,2,2,A,-,03,22350,NA,N,C,C,A,A,H,-,A,A,0,NA,NA,NA,NA,Y,NA,A,01,0,0,2,0,0,0,0,0,0,-,-,NA,NA,SAN DIEGO,EL CAJON,-116.93741051,32.79252025
6651256,2014,2014-10-29,3702,2014-08-15,1134,CV0967,NA,5,5,6,3702,0,0,0,NA,0,014,4TH AV,C ST,155,N,N,A,-,N,NA,NA,NA,NA,NA,NA,NA,NA,NA,Y,2,0,1,2,A,-,11,21954,A,N,G,B,D,A,H,-,A,D,0,Y,NA,NA,NA,Y,NA,N,60,1,0,0,0,1,0,0,0,0,-,-,NA,NA,SAN DIEGO,CHULA VISTA,-117.08799,32.65053
6651280,2014,2014-11-17,3702,2014-08-27,0857,CV0624,NA,3,5,6,3702,0,0,0,NA,0,011,C ST,4TH AV,0,NA,Y,A,-,N,NA,NA,NA,NA,NA,NA,NA,NA,NA,N,4,0,2,2,A,-,09,21453,C,N,D,C,A,A,H,-,A,A,0,NA,NA,NA,NA,Y,NA,A,08,0,0,2,0,0,0,0,0,0,-,-,NA,NA,SAN DIEGO,CHULA VISTA,-117.08799005,32.65053011
6652134,2014,2014-11-17,3700,2014-10-01,1919,SH5502,NA,3,5,5,3713,0,0,0,NA,0,311,NORTH SANTA FE AV,MAIN ST,18,E,N,A,-,N,NA,NA,NA,NA,NA,NA,NA,NA,NA,N,4,0,1,3,A,-,10,21950,A,F,G,B,B,A,H,-,C,A,0,Y,NA,NA,NA,Y,Y,A,01,0,0,1,0,1,0,0,0,0,-,-,NA,NA,SAN DIEGO,VISTA,-117.24345,33.20159
6653760,2014,2014-10-16,3710,2014-09-19,2115,OC1397,NA,5,5,6,3710,0,0,0,NA,0,015,EL CAMINIO REAL,VISTA DEL REY,62,S,N,A,-,N,NA,NA,NA,NA,NA,NA,NA,NA,NA,N,4,0,1,3,A,-,03,22350,NA,N,C,E,A,A,H,-,C,D,0,NA,NA,NA,Y,Y,NA,A,01,0,0,1,0,0,0,0,0,0,-,-,NA,NA,SAN DIEGO,OCEANSIDE,-117.33190477,33.21818657