CASE_ID,ACCIDENT_YEAR,PROC_DATE,JURIS,COLLISION_DATE,COLLISION_TIME,OFFICER_ID,REPORTING_DISTRICT,DAY_OF_WEEK,CHP_SHIFT,POPULATION,CNTY_CITY_LOC,SPECIAL_COND,BEAT_TYPE,CHP_BEAT_TYPE,CITY_DIVISION_LAPD,CHP_BEAT_CLASS,BEAT_NUMBER,PRIMARY_RD,SECONDARY_RD,DISTANCE,DIRECTION,INTERSECTION,WEATHER_1,WEATHER_2,STATE_HWY_IND,CALTRANS_COUNTY,CALTRANS_DISTRICT,STATE_ROUTE,ROUTE_SUFFIX,POSTMILE_PREFIX,POSTMILE,LOCATION_TYPE,RAMP_INTERSECTION,SIDE_OF_HWY,TOW_AWAY,COLLISION_SEVERITY,NUMBER_KILLED,NUMBER_INJURED,PARTY_COUNT,PRIMARY_COLL_FACTOR,PCF_CODE_OF_VIOL,PCF_VIOL_CATEGORY,PCF_VIOLATION,PCF_VIOL_SUBSECTION,HIT_AND_RUN,TYPE_OF_COLLISION,MVIW,PED_ACTION,ROAD_SURFACE,ROAD_COND_1,ROAD_COND_2,LIGHTING,CONTROL_DEVICE,CHP_ROAD_TYPE,PEDESTRIAN_ACCIDENT,BICYCLE_ACCIDENT,MOTORCYCLE_ACCIDENT,TRUCK_ACCIDENT,NOT_PRIVATE_PROPERTY,ALCOHOL_INVOLVED,STWD_VEHTYPE_AT_FAULT,CHP_VEHTYPE_AT_FAULT,COUNT_SEVERE_INJ,COUNT_VISIBLE_INJ,COUNT_COMPLAINT_PAIN,COUNT_PED_KILLED,COUNT_PED_INJURED,COUNT_BICYCLIST_KILLED,COUNT_BICYCLIST_INJURED,COUNT_MC_KILLED,COUNT_MC_INJURED,PRIMARY_RAMP,SECONDARY_RAMP,LATITUDE,LONGITUDE,COUNTY,CITY,POINT_X,POINT_Y
6886577,2015,2015-05-05,3711,2015-04-12,1051,7070,NA,7,5,7,3711,0,0,0,NA,0,725,DENNERY RD,WALMART DRWY,20,N,N,A,-,N,NA,NA,NA,NA,NA,NA,NA,NA,NA,N,4,0,2,2,A,-,04,21703,NA,N,C,C,A,A,H,-,A,A,0,NA,NA,NA,NA,Y,NA,D,22,0,0,2,0,0,0,0,0,0,-,-,NA,NA,SAN DIEGO,SAN DIEGO,-117.03306105,32.58123899
6886665,2015,2016-11-17,9645,2015-04-14,0815,016156,NA,2,1,7,3711,0,1,1,NA,2,003,RT 5,30TH ST,30,S,N,A,-,Y,SD,11,5,-,R,13.11,H,-,N,N,4,0,1,3,A,-,03,22350,NA,N,C,C,A,A,H,-,A,D,1,NA,NA,NA,NA,Y,NA,A,01,0,0,1,0,0,0,0,0,0,-,-,32.69443,-117.12925,SAN DIEGO,SAN DIEGO,-117.12923214,32.69457634
6886681,2015,2017-01-05,9645,2015-04-03,1515,014625,NA,5,2,7,3711,0,1,1,NA,2,017,RT 15,MIRAMAR WY,1700,N,N,A,-,Y,SD,11,15,-,M,13.64,H,-,S,Y,3,0,1,1,A,-,08,22107,NA,N,F,A,A,A,H,-,A,D,1,NA,NA,NA,NA,Y,NA,A,07,0,1,0,0,0,0,0,0,0,-,-,32.8849,-117.11147,SAN DIEGO,SAN DIEGO,-117.11093412,32.88460635
6887083,2015,2015-05-07,3711,2015-04-15,1735,7004,SOUTH,3,5,7,3711,0,0,0,NA,0,712,WEST SAN YSIDRO BL,ALVERSON RD,300,W,N,A,-,N,NA,NA,NA,NA,NA,NA,NA,NA,NA,N,3,0,1,2,A,-,05,21202,A,N,D,G,A,A,H,-,A,-,0,NA,Y,NA,NA,Y,Y,L,04,0,1,0,0,0,0,1,0,0,-,-,NA,NA,SAN DIEGO,SAN DIEGO,-117.05247305,32.55572692
6887250,2015,2016-12-20,9645,2015-04-07,2351,019393,NA,2,3,6,3702,0,1,1,NA,2,009,RT 805,BONITA RD,517,S,N,C,-,Y,SD,11,805,-,-,7.67,H,-,S,Y,3,0,2,2,A,-,03,22350,NA,N,D,C,A,B,H,-,C,D,1,NA,NA,NA,NA,Y,NA,D,22,0,2,0,0,0,0,0,0,0,-,-,32.64729,-117.06053,SAN DIEGO,CHULA VISTA,-117.05994726,32.64675999
6887467,2015,2016-12-13,9650,2015-04-09,1745,015830,NA,4,2,5,3712,0,1,3,NA,2,019,RT 78,LAS POSAS RD,80,W,N,A,-,Y,SD,11,78,-,-,11.16,H,-,E,Y,4,0,1,2,A,-,08,22107,NA,N,C,C,A,A,H,-,A,D,1,NA,NA,NA,NA,Y,NA,A,01,0,0,1,0,0,0,0,0,0,-,-,33.14407,-117.19134,SAN DIEGO,SAN MARCOS,-117.19163236,33.14429321
6887736,2015,2015-04-27,3711,2015-04-03,1945,6788,NA,5,5,7,3711,0,0,0,NA,0,311,AFTON RD,KRENZ ST,10,W,N,A,-,N,NA,NA,NA,NA,NA,NA,NA,NA,NA,N,4,0,1,2,A,-,03,22350,NA,N,A,E,A,A,H,-,C,D,0,NA,NA,NA,NA,Y,NA,-,NA,0,0,1,0,0,0,0,0,0,-,-,NA,NA,SAN DIEGO,SAN DIEGO,-117.14501,32.80253
6889310,2015,2015-04-24,3706,2015-03-27,1649,ES0439,NA,5,5,6,3706,0,0,0,NA,0,054,BEAR VALLEY PKWY,MIDWAY DR,0,NA,Y,A,-,N,NA,NA,NA,NA,NA,NA,NA,NA,NA,N,3,0,1,2,A,-,05,21650,1,N,D,G,A,A,H,-,D,A,0,NA,Y,NA,NA,Y,NA,L,04,0,1,0,0,0,0,1,0,0,-,-,NA,NA,SAN DIEGO,ESCONDIDO,-117.04553001,33.12887002
6889363,2015,2015-04-25,3706,2015-04-08,1650,ES0322,NA,3,5,6,3706,0,0,0,NA,0,043,EL NORTE PKWY,BOURBON RD,0,NA,Y,A,-,N,NA,NA,NA,NA,NA,NA,NA,NA,NA,Y,4,0,1,2,A,-,03,22350,NA,N,C,C,A,A,H,-,A,D,0,NA,NA,NA,NA,Y,NA,A,01,0,0,1,0,0,0,0,0,0,-,-,NA,NA,SAN DIEGO,ESCONDIDO,-117.10688,33.14700006
6889375,2015,2016-11-30,3706,2015-04-05,1845,ES0322,NA,7,5,6,3706,0,0,0,NA,0,044,ASH ST,WASHINGTON AV,375,S,N,A,-,Y,SD,11,78,-,T,19.16,H,-,W,Y,4,0,3,3,A,-,03,22350,NA,M,C,C,A,A,H,-,B,D,0,NA,NA,NA,NA,Y,NA,A,01,0,0,3,0,0,0,0,0,0,-,-,NA,NA,SAN DIEGO,ESCONDIDO,-117.06766879,33.13219071
6889379,2015,2015-04-25,3706,2015-04-06,0954,ES0223,NA,1,5,6,3706,0,0,0,NA,0,056,MIDWAY DR,VALLEY PKWY,367,S,N,A,-,N,NA,NA,NA,NA,NA,NA,NA,NA,NA,Y,3,0,3,2,A,-,09,21804,A,N,D,C,A,A,H,-,A,D,0,NA,NA,NA,NA,Y,NA,A,01,0,1,2,0,0,0,0,0,0,-,-,NA,NA,SAN DIEGO,ESCONDIDO,-117.05122553,33.1366333
6889803,2015,2015-05-05,3711,2015-04-18,0005,5051,NA,6,5,7,3711,0,0,0,NA,0,611,BARNETT AV,MIDWAY DR,577,W,N,A,-,N,NA,NA,NA,NA,NA,NA,NA,NA,NA,Y,3,0,1,1,C,-,18,NA,NA,N,E,I,A,A,H,-,C,D,0,NA,NA,NA,NA,Y,Y,-,-,0,1,0,0,0,0,0,0,0,-,-,NA,NA,SAN DIEGO,SAN DIEGO,-117.2005571,32.74463172
6892593,2015,2016-11-17,9645,2015-04-18,1035,018936,NA,6,1,7,3711,0,1,1,NA,2,003,RT 5,CESAR E CHAVEZ PKWY,200,S,N,A,-,Y,SD,11,5,-,R,14.028,R,1,N,N,3,0,1,2,A,-,08,22107,NA,N,F,A,A,A,H,-,A,D,1,NA,NA,Y,NA,Y,NA,C,02,0,1,0,0,0,0,0,0,1,TO,-,32.702,-117.14317,SAN DIEGO,SAN DIEGO,-117.14224702,32.70104875
6892637,2015,2016-06-06,9645,2015-04-13,1424,19496,NA,1,2,9,3700,0,3,5,NA,2,018,SWEETWATER RD,VALLEY VISTA WY,0,NA,Y,A,-,N,NA,NA,NA,NA,NA,NA,NA,NA,NA,Y,3,0,3,2,A,-,09,21804,A,N,D,C,A,A,H,-,A,D,0,NA,NA,NA,NA,Y,NA,A,01,0,3,0,0,0,0,0,0,0,-,-,32.66076,-117.04934,SAN DIEGO,UNINCORPORATED,-117.04940007,32.66084003
6893214,2015,2015-05-01,9650,2015-03-28,1650,015830,NA,6,2,9,3700,0,3,5,NA,2,210,DEER SPRINGS PL,SARVER LN,280,W,N,A,-,N,NA,NA,NA,NA,NA,NA,NA,NA,NA,Y,4,0,3,2,A,-,01,23152,A,N,A,C,A,A,H,-,A,D,0,NA,NA,NA,NA,Y,Y,A,01,0,0,3,0,0,0,0,0,0,-,-,NA,NA,SAN DIEGO,UNINCORPORATED,-117.1517142,33.19330708
6893215,2015,2015-05-01,9650,2015-03-29,2242,018296,NA,7,3,9,3700,0,3,5,NA,2,171,SUNSET DR,MELROSE WY,528,N,N,A,-,N,NA,NA,NA,NA,NA,NA,NA,NA,NA,N,3,0,1,1,A,-,01,23152,A,M,E,I,A,A,H,-,D,D,0,NA,NA,NA,NA,Y,Y,A,01,0,1,0,0,0,0,0,0,0,-,-,NA,NA,SAN DIEGO,UNINCORPORATED,-117.26882265,33.18239161
6894562,2015,2015-05-26,3711,2015-04-11,1656,7266,NA,6,5,7,3711,0,0,0,NA,0,623,FRIARS RD,FRIARS RD 7000,0,NA,Y,A,-,N,NA,NA,NA,NA,NA,NA,NA,NA,NA,Y,4,0,1,1,A,-,08,22107,NA,N,E,I,A,A,H,-,A,D,0,NA,NA,NA,NA,Y,NA,-,NA,0,0,1,0,0,0,0,0,0,-,-,NA,NA,SAN DIEGO,SAN DIEGO,-117.17015684,32.7693974
6894574,2015,2015-05-26,3711,2015-04-17,1650,5470,NA,5,5,7,3711,0,0,0,NA,0,312,COLINA DORADA,PAPAGALLO CT,28,S,N,-,-,N,NA,NA,NA,NA,NA,NA,NA,NA,NA,N,3,0,1,2,A,-,09,21801,A,N,H,A,A,-,-,-,-,D,0,NA,NA,Y,NA,Y,NA,A,01,0,1,0,0,0,0,0,0,1,-,-,NA,NA,SAN DIEGO,SAN DIEGO,-117.07799479,32.81633632
6894616,2015,2015-05-09,3711,2015-04-18,2028,6025,NA,6,5,7,3711,0,0,0,NA,0,724,DESTY ST,ELM AV,0,NA,Y,A,-,N,NA,NA,NA,NA,NA,NA,NA,NA,NA,N,3,0,2,2,A,-,17,24250,NA,N,D,C,A,A,H,-,C,D,0,NA,NA,NA,NA,Y,NA,-,NA,0,2,0,0,0,0,0,0,0,-,-,NA,NA,SAN DIEGO,SAN DIEGO,-117.07719007,32.58013003
6894638,2015,2015-06-25,3711,2015-04-11,1815,7082,NA,6,5,7,3711,0,0,0,NA,0,723,LE MAY AV,CHANUTE ST,0,NA,Y,-,-,N,NA,NA,NA,NA,NA,NA,NA,NA,NA,N,3,0,1,1,A,-,03,22350,NA,N,F,-,A,-,-,-,-,D,0,NA,NA,Y,NA,Y,NA,C,02,0,1,0,0,0,0,0,0,1,-,-,NA,NA,SAN DIEGO,SAN DIEGO,-117.0573401,32.58538004
6895840,2015,2015-05-18,3702,2015-04-02,1655,CV1087,NA,4,5,6,3702,0,0,0,NA,0,032,LAKESHORE DR,EASTSHORE TER,0,NA,Y,A,-,N,NA,NA,NA,NA,NA,NA,NA,NA,NA,Y,3,0,1,2,A,-,09,21801,A,N,D,C,A,A,H,-,A,D,0,NA,NA,Y,NA,Y,NA,A,01,0,1,0,0,0,0,0,0,1,-,-,NA,NA,SAN DIEGO,CHULA VISTA,-116.97501003000001,32.65505011
6896396,2015,2015-05-07,3701,2015-04-14,0601,5339,57,2,5,5,3701,0,0,0,NA,0,005,EL CAMINO REAL,FARADAY AV,618,S,N,A,-,N,NA,NA,NA,NA,NA,NA,NA,NA,NA,Y,4,0,2,3,A,-,03,22350,NA,M,C,C,A,A,H,-,B,A,0,NA,NA,NA,NA,Y,NA,D,22,0,0,2,0,0,0,0,0,0,-,-,33.13507,-117.2718,SAN DIEGO,CARLSBAD,-117.27212519,33.1352431
6896949,2015,2016-12-19,9680,2015-04-23,1330,018279,NA,4,1,9,3700,0,1,3,NA,1,051,RT 79,AGUANGA RANCHOS RD,6864,S,N,A,-,Y,SD,11,79,-,-,52.01,H,-,N,Y,3,0,1,1,A,-,01,23152,A,N,E,I,A,A,H,-,A,A,0,NA,NA,NA,NA,Y,Y,A,01,0,1,0,0,0,0,0,0,0,-,-,33.40501,-116.81022,SAN DIEGO,UNINCORPORATED,-116.82533103,33.41602859
6896966,2015,2016-12-13,9650,2015-04-17,1710,016026,NA,5,2,5,3712,0,1,3,NA,2,019,RT 78,NORDAHL RD,2000,W,N,A,-,Y,SD,11,78,-,-,15.11,H,-,E,Y,4,0,2,3,A,-,03,22350,NA,N,C,C,A,A,H,-,A,D,1,NA,NA,NA,NA,Y,NA,A,01,0,0,2,0,0,0,0,0,0,-,-,NA,NA,SAN DIEGO,SAN MARCOS,-117.12737941,33.13442531
6897314,2015,2016-12-20,9680,2015-04-11,1205,017996,NA,6,1,9,3700,0,3,5,NA,2,002,JAMACHA RD,RT 125,0,NA,Y,A,-,Y,SD,11,125,-,-,10.442,R,4,S,Y,4,0,3,2,D,-,00,NA,NA,N,D,C,A,A,H,-,A,A,1,NA,NA,NA,NA,Y,NA,-,-,0,0,3,0,0,0,0,0,0,-,FR,32.71474,-117.01505,SAN DIEGO,UNINCORPORATED,-117.01339486,32.71176083
6900271,2015,2015-05-11,3711,2015-03-21,1315,3815,NA,6,5,7,3711,0,0,0,NA,0,124,TORREY PINES RD,AMALFI ST,21,W,N,A,-,N,NA,NA,NA,NA,NA,NA,NA,NA,NA,N,3,0,1,1,C,-,18,NA,NA,N,F,A,A,A,A,B,A,D,0,NA,Y,NA,NA,Y,NA,-,-,0,1,0,0,0,0,1,0,0,-,-,NA,NA,SAN DIEGO,SAN DIEGO,-117.26402409,32.84841042
6902668,2015,2015-05-07,3711,2015-04-17,2345,6995,SANDI,5,5,7,3711,0,0,0,NA,0,822,EL CAJON BL,59TH ST,67,E,N,A,-,N,NA,NA,NA,NA,NA,NA,NA,NA,NA,Y,3,0,1,3,A,-,08,22107,NA,N,C,E,A,A,H,-,C,D,0,NA,NA,NA,NA,Y,NA,-,NA,0,1,0,0,0,0,0,0,0,-,-,NA,NA,SAN DIEGO,SAN DIEGO,-117.07031111,32.75980059
6903022,2015,2015-05-20,3711,2015-04-27,2330,6512,NA,1,5,7,3711,0,0,0,NA,0,234,BERNARDO CENTER DR,BERNARDO HEIGHTS PKWY,12,N,N,A,-,N,NA,NA,NA,NA,NA,NA,NA,NA,NA,N,3,0,1,1,A,-,08,22107,A,N,E,I,A,A,H,-,C,A,0,NA,NA,NA,NA,Y,Y,-,NA,0,1,0,0,0,0,0,0,0,-,-,NA,NA,SAN DIEGO,SAN DIEGO,-117.07666754,33.01517115
6903039,2015,2015-05-11,3711,2015-04-23,1445,4505,NA,4,5,7,3711,0,0,0,NA,0,931,MIRA MESA BL,SCRANTON RD,100,E,N,A,-,N,NA,NA,NA,NA,NA,NA,NA,NA,NA,N,4,0,2,2,A,-,04,21703,NA,M,C,C,A,A,H,-,A,A,0,NA,NA,NA,NA,Y,NA,A,01,0,0,2,0,0,0,0,0,0,-,-,NA,NA,SAN DIEGO,SAN DIEGO,-117.20130536,32.89273554
6904440,2015,2016-12-20,9680,2015-05-04,0735,01572,NA,1,1,9,3700,0,1,3,NA,1,017,RT 67,SCRIPPS POWAY PKWY,814,S,N,B,-,Y,SD,11,67,-,-,13.28,H,-,S,Y,4,0,2,2,C,-,18,NA,NA,N,B,C,A,A,H,-,A,D,0,NA,NA,NA,NA,Y,NA,-,-,0,0,2,0,0,0,0,0,0,-,-,32.95281,-116.96769,SAN DIEGO,UNINCORPORATED,-116.96761123,32.95282138
6907653,2015,2015-05-08,3700,2015-04-23,1442,SH0169,NA,4,5,5,3712,0,0,0,NA,0,359,SAN MARCOS  BL,KNIGHTS REALM,60,E,N,A,-,N,NA,NA,NA,NA,NA,NA,NA,NA,NA,N,4,0,1,2,A,-,03,22350,NA,N,C,C,A,A,H,-,A,A,0,NA,NA,NA,NA,Y,NA,A,01,0,0,1,0,0,0,0,0,0,-,-,NA,NA,SAN DIEGO,SAN MARCOS,-117.20466466,33.13142186
6907661,2015,2015-05-08,3700,2015-04-25,1708,SH2619,NA,6,5,5,3712,0,0,0,NA,0,351,W BORDEN RD,VIA BARQUERO,0,NA,Y,B,-,N,NA,NA,NA,NA,NA,NA,NA,NA,NA,Y,4,0,1,2,A,-,09,21804,A,N,D,C,A,B,H,-,A,D,0,NA,NA,NA,NA,Y,NA,A,01,0,0,1,0,0,0,0,0,0,-,-,NA,NA,SAN DIEGO,SAN MARCOS,-117.17972002,33.15915004
6908406,2015,2015-05-18,3700,2015-04-16,1255,SH0169,NA,4,5,5,3712,0,0,0,NA,0,357,EAST MISSION RD,BENNETT AV,28,W,N,A,-,N,NA,NA,NA,NA,NA,NA,NA,NA,NA,Y,4,0,2,3,A,-,12,21453,A,N,D,C,A,A,H,-,A,A,0,NA,NA,NA,NA,Y,NA,D,22,0,0,2,0,0,0,0,0,0,-,-,NA,NA,SAN DIEGO,SAN MARCOS,-117.12937654,33.13550242
6909162,2015,2015-05-26,3701,2015-04-28,1225,5474,37,2,5,5,3701,0,0,0,NA,0,002,CARLSBAD BL,MAPLE AV,27,S,N,A,-,N,NA,NA,NA,NA,NA,NA,NA,NA,NA,Y,3,0,1,2,A,-,03,22350,NA,N,C,C,A,A,H,-,A,D,0,NA,NA,NA,NA,Y,NA,A,01,0,1,0,0,0,0,0,0,0,-,-,33.15195,-117.34842,SAN DIEGO,CARLSBAD,-117.34867185,33.15180809
6909226,2015,2015-06-29,3711,2015-04-29,1619,7322,NA,3,5,7,3711,0,0,0,NA,0,933,VIA DE LA VALLE,VALLEY AV,66,E,N,A,-,N,NA,NA,NA,NA,NA,NA,NA,NA,NA,N,4,0,1,3,A,-,09,21801,A,N,B,C,A,A,H,-,A,A,0,NA,NA,NA,NA,Y,NA,-,-,0,0,1,0,0,0,0,0,0,-,-,NA,NA,SAN DIEGO,SAN DIEGO,-117.25669557,32.9794045
6909433,2015,2015-06-01,3706,2015-04-19,2312,ES0482,NA,7,5,6,3706,0,0,0,NA,0,042,BROADWAY,WASHINGTON AV,0,NA,Y,A,-,N,NA,NA,NA,NA,NA,NA,NA,NA,NA,N,3,0,1,2,A,-,12,21453,A,N,D,G,A,A,H,-,C,A,0,NA,Y,NA,NA,Y,NA,L,04,0,1,0,0,0,0,1,0,0,-,-,NA,NA,SAN DIEGO,ESCONDIDO,-117.0838501,33.12698003
6910705,2015,2015-05-14,3705,2015-03-27,1125,IC0279,NA,5,5,5,3705,0,0,0,NA,0,010,TAFT,MAIN ST,13,S,N,A,-,N,NA,NA,NA,NA,NA,NA,NA,NA,NA,Y,3,0,1,2,A,-,05,21650,1,N,D,G,A,A,H,-,A,A,0,NA,Y,NA,NA,Y,NA,L,04,0,1,0,0,0,0,1,0,0,-,-,NA,NA,SAN DIEGO,EL CAJON,-116.95641,32.7949144
6911054,2015,2016-06-15,9650,2015-05-01,0643,015302,NA,5,1,9,3700,0,3,5,NA,1,160,CAMINO DEL REY,GOLF CLUB DR,3168,E,N,A,-,N,NA,NA,NA,NA,NA,NA,NA,NA,NA,Y,4,0,2,2,A,-,03,22350,NA,N,C,C,A,A,H,-,A,D,0,NA,NA,NA,NA,Y,NA,D,22,0,0,2,0,0,0,0,0,0,-,-,33.16577,-117.12003,SAN DIEGO,UNINCORPORATED,NA,NA
6911930,2015,2016-12-20,9645,2015-04-27,1846,18678,NA,1,2,6,3702,0,1,1,NA,2,009,RT 805,BONITA RD,420,N,N,A,-,Y,SD,11,805,-,-,8.035,R,1,S,Y,4,0,4,3,A,-,03,22350,NA,N,C,C,A,A,H,-,A,A,1,NA,NA,NA,NA,Y,NA,A,01,0,0,4,0,0,0,0,0,0,-,-,NA,NA,SAN DIEGO,CHULA VISTA,-117.06492354,32.64968331
6912147,2015,2016-11-04,3710,2015-03-30,1840,OC1207,NA,1,5,6,3710,0,0,0,NA,0,036,RT 76,DOUGLAS DR,0,NA,Y,A,-,Y,SD,11,76,-,R,3.745,I,5,W,Y,4,0,2,2,A,-,12,21453,NA,N,A,C,A,A,H,-,A,A,0,NA,NA,Y,NA,Y,NA,A,01,0,0,2,0,0,0,0,0,1,-,-,NA,NA,SAN DIEGO,OCEANSIDE,-117.3256828,33.225875
6914558,2015,2016-12-13,9645,2015-04-24,1340,17529,NA,5,1,7,3711,0,1,1,NA,2,011,RT 805,RT 94,100,N,N,A,-,Y,SD,11,805,-,-,13.53,H,-,N,Y,4,0,1,2,A,-,03,22350,NA,N,C,C,A,A,H,-,A,D,1,NA,NA,NA,Y,Y,NA,F,26,0,0,1,0,0,0,0,0,0,-,-,32.71904,-117.10253,SAN DIEGO,SAN DIEGO,-117.10267827,32.71942195
6914939,2015,2017-01-05,9645,2015-05-02,0935,018149,NA,6,1,7,3711,0,1,1,NA,2,017,RT 15,MIRAMAR WY,5280,S,N,A,-,Y,SD,11,15,-,M,12.33,H,-,N,Y,4,0,1,2,A,-,03,22350,NA,N,C,C,A,A,H,-,A,D,1,NA,NA,NA,NA,Y,NA,A,07,0,0,1,0,0,0,0,0,0,-,-,NA,NA,SAN DIEGO,SAN DIEGO,-117.108764,32.86612485
6917942,2015,2015-05-20,3705,2015-04-14,2219,EC0163,NA,2,5,5,3705,0,0,0,NA,0,007,PEACH,1ST,0,NA,Y,A,-,N,NA,NA,NA,NA,NA,NA,NA,NA,NA,Y,4,0,3,2,A,-,09,21802,A,N,D,C,A,A,H,-,C,A,0,NA,NA,NA,NA,Y,NA,A,01,0,0,3,0,0,0,0,0,0,-,-,NA,NA,SAN DIEGO,EL CAJON,-116.94460011,32.80638011
6917997,2015,2015-05-20,3710,2015-04-22,1045,OC1236,NA,3,5,6,3710,0,0,0,NA,0,027,COLLEGE BL,THUNDER DR,19,S,N,A,-,N,NA,NA,NA,NA,NA,NA,NA,NA,NA,Y,3,0,1,1,C,-,18,NA,NA,N,E,I,A,A,H,-,A,A,0,NA,NA,NA,NA,Y,NA,-,-,0,1,0,0,0,0,0,0,0,-,-,NA,NA,SAN DIEGO,OCEANSIDE,-117.28850691,33.19931602
6918116,2015,2016-11-05,9645,2015-05-08,0820,14461,NA,5,1,7,3711,0,1,1,NA,2,019,RT 15,BERNARDO CENTER DR,1584,S,N,C,-,Y,SD,11,15,-,M,22.64,H,-,N,Y,4,0,1,2,A,-,03,22350,NA,N,B,C,A,B,H,-,A,D,1,NA,NA,NA,Y,Y,NA,A,01,0,0,1,0,0,0,0,0,0,-,-,32.94649,-117.10713,SAN DIEGO,SAN DIEGO,-117.0802371,33.00776912
6918407,2015,2016-12-19,9645,2015-05-09,1243,018344,NA,6,1,7,3711,0,1,3,NA,2,023,RT 163,FRIARS RD,400,S,N,A,-,Y,SD,11,163,-,-,4.29,R,3,N,Y,4,0,1,2,A,-,03,22350,NA,N,C,C,A,A,H,-,A,D,1,NA,NA,NA,NA,Y,NA,A,01,0,0,1,0,0,0,0,0,0,-,-,32.77043,-117.16119,SAN DIEGO,SAN DIEGO,-117.16144008,32.77070308
6918471,2015,2016-11-21,9650,2015-05-05,1140,015273,NA,2,1,5,3701,0,1,1,NA,2,005,RT 5,TAMARACK AV,200,N,N,A,-,Y,SD,11,5,-,R,49.32,H,-,S,Y,4,0,1,1,A,-,08,22107,NA,N,E,I,A,A,H,-,A,D,1,NA,NA,NA,NA,Y,NA,A,01,0,0,1,0,0,0,0,0,0,-,-,NA,NA,SAN DIEGO,CARLSBAD,-117.33688804,33.15262988
6919150,2015,2017-01-04,9650,2015-08-24,1550,15276],NA,1,2,9,3700,0,1,1,NA,2,021,RT 15,RT 76,11616,S,N,A,-,Y,SD,11,15,-,R,44.29,H,-,S,Y,4,0,1,3,A,-,01,23152,A,N,B,C,A,A,H,-,A,D,1,NA,NA,NA,Y,Y,Y,D,22,0,0,1,0,0,0,0,0,0,-,-,33.30115,-117.11521,SAN DIEGO,UNINCORPORATED,-117.15030129,33.30124146
6920733,2015,2016-11-19,9645,2015-04-25,2345,17723,NA,6,3,7,3711,0,1,3,NA,2,006,RT 94,RT 805,100,W,N,A,-,Y,SD,11,94,-,-,4.04,H,-,E,Y,4,0,1,2,A,-,03,22350,NA,F,C,C,A,A,H,-,C,D,1,NA,NA,NA,NA,Y,NA,-,99,0,0,1,0,0,0,0,0,0,-,-,32.7189,-117.1029,SAN DIEGO,SAN DIEGO,-117.10354669,32.71874065
6921381,2015,2015-06-03,3705,2015-05-01,0809,EC5258,NA,5,5,5,3705,0,0,0,NA,0,009,MAIN ST,OAKDALE AV,0,NA,Y,A,-,N,NA,NA,NA,NA,NA,NA,NA,NA,NA,Y,3,0,2,3,A,-,12,21453,A,N,D,C,A,A,H,-,A,A,0,NA,NA,NA,NA,Y,NA,A,01,0,1,1,0,0,0,0,0,0,-,-,NA,NA,SAN DIEGO,EL CAJON,-116.9285601,32.80206008
6921405,2015,2015-06-08,3711,2015-05-08,1338,7108,NA,5,5,7,3711,0,0,0,NA,0,723,TWINING AV,TWINING / DAVIS INTERSECTION,50,S,N,A,-,N,NA,NA,NA,NA,NA,NA,NA,NA,NA,N,4,0,1,2,A,-,08,22107,NA,N,G,B,E,A,H,-,A,D,0,Y,NA,NA,NA,Y,NA,A,01,0,0,1,0,1,0,0,0,0,-,-,NA,NA,SAN DIEGO,SAN DIEGO,-117.04540819,32.58004183
6921411,2015,2015-07-01,3711,2015-05-06,1500,6792,NA,3,5,7,3711,0,0,0,NA,0,446,IMPERIAL AV,S WILLIE JAMES JONES AV,0,NA,Y,B,-,N,NA,NA,NA,NA,NA,NA,NA,NA,NA,Y,4,0,2,2,A,-,12,21453,A,N,-,C,A,A,H,-,A,A,0,NA,NA,NA,NA,Y,NA,-,NA,0,0,2,0,0,0,0,0,0,-,-,NA,NA,SAN DIEGO,SAN DIEGO,-117.08828002,32.70413002
6921556,2015,2015-05-26,3711,2015-05-05,0829,7292,SAN D,2,5,7,3711,0,0,0,NA,0,234,RANCHO BERNARDO RD,MATINAL RD,90,E,N,B,-,N,NA,NA,NA,NA,NA,NA,NA,NA,NA,N,3,0,1,2,-,-,-,NA,NA,N,H,G,A,A,H,-,A,D,0,NA,Y,NA,NA,Y,NA,-,-,0,1,0,0,0,0,1,0,0,-,-,NA,NA,SAN DIEGO,SAN DIEGO,-117.09193068,33.02436351
6921563,2015,2015-05-26,3711,2015-05-08,0950,7024,NA,5,5,7,3711,0,0,0,NA,0,822,EL CAJON BL,60TH ST,0,NA,Y,B,-,N,NA,NA,NA,NA,NA,NA,NA,NA,NA,Y,3,0,1,2,A,-,03,22350,NA,N,D,C,A,A,H,-,A,D,0,NA,NA,NA,NA,Y,NA,-,NA,0,1,0,0,0,0,0,0,0,-,-,NA,NA,SAN DIEGO,SAN DIEGO,-117.06874008,32.76054001
6921575,2015,2015-05-22,3711,2015-05-05,1810,4507,NA,2,5,7,3711,0,0,0,NA,0,115,LA JOLLA VILLAGE DR,EXECUTIVE WY,90,E,N,A,-,N,NA,NA,NA,NA,NA,NA,NA,NA,NA,Y,4,0,1,2,A,-,03,22350,NA,N,C,C,A,A,H,-,A,A,0,NA,NA,NA,NA,Y,NA,-,NA,0,0,1,0,0,0,0,0,0,-,-,NA,NA,SAN DIEGO,SAN DIEGO,-117.20941378,32.87386954
6922359,2015,2016-12-19,9650,2015-05-02,1445,020422,NA,6,2,9,3700,0,1,3,NA,1,028,RT 76,VALLEY CENTER RD,3960,E,N,A,-,Y,SD,11,76,-,R,34.23,H,-,E,Y,3,0,1,1,A,-,03,22350,NA,N,F,A,A,A,H,-,A,D,0,NA,NA,Y,NA,Y,NA,C,02,0,1,0,0,0,0,0,0,1,-,-,33.29878,-117.94177,SAN DIEGO,UNINCORPORATED,-116.94228105,33.29876285
6925935,2015,2015-06-26,3711,2015-05-07,1943,5999,NA,4,5,7,3711,0,0,0,NA,0,442,43RD ST,DELTA ST,120,S,N,A,-,N,NA,NA,NA,NA,NA,NA,NA,NA,NA,NA,4,0,3,2,A,-,09,21804,A,N,D,C,A,A,H,-,C,D,0,NA,NA,NA,NA,Y,NA,-,NA,0,0,3,0,0,0,0,0,0,-,-,NA,NA,SAN DIEGO,SAN DIEGO,-117.10246694,32.68863132