CASE_ID,ACCIDENT_YEAR,PROC_DATE,JURIS,COLLISION_DATE,COLLISION_TIME,OFFICER_ID,REPORTING_DISTRICT,DAY_OF_WEEK,CHP_SHIFT,POPULATION,CNTY_CITY_LOC,SPECIAL_COND,BEAT_TYPE,CHP_BEAT_TYPE,CITY_DIVISION_LAPD,CHP_BEAT_CLASS,BEAT_NUMBER,PRIMARY_RD,SECONDARY_RD,DISTANCE,DIRECTION,INTERSECTION,WEATHER_1,WEATHER_2,STATE_HWY_IND,CALTRANS_COUNTY,CALTRANS_DISTRICT,STATE_ROUTE,ROUTE_SUFFIX,POSTMILE_PREFIX,POSTMILE,LOCATION_TYPE,RAMP_INTERSECTION,SIDE_OF_HWY,TOW_AWAY,COLLISION_SEVERITY,NUMBER_KILLED,NUMBER_INJURED,PARTY_COUNT,PRIMARY_COLL_FACTOR,PCF_CODE_OF_VIOL,PCF_VIOL_CATEGORY,PCF_VIOLATION,PCF_VIOL_SUBSECTION,HIT_AND_RUN,TYPE_OF_COLLISION,MVIW,PED_ACTION,ROAD_SURFACE,ROAD_COND_1,ROAD_COND_2,LIGHTING,CONTROL_DEVICE,CHP_ROAD_TYPE,PEDESTRIAN_ACCIDENT,BICYCLE_ACCIDENT,MOTORCYCLE_ACCIDENT,TRUCK_ACCIDENT,NOT_PRIVATE_PROPERTY,ALCOHOL_INVOLVED,STWD_VEHTYPE_AT_FAULT,CHP_VEHTYPE_AT_FAULT,COUNT_SEVERE_INJ,COUNT_VISIBLE_INJ,COUNT_COMPLAINT_PAIN,COUNT_PED_KILLED,COUNT_PED_INJURED,COUNT_BICYCLIST_KILLED,COUNT_BICYCLIST_INJURED,COUNT_MC_KILLED,COUNT_MC_INJURED,PRIMARY_RAMP,SECONDARY_RAMP,LATITUDE,LONGITUDE,COUNTY,CITY,POINT_X,POINT_Y
6928300,2015,2015-06-03,9680,2015-05-10,0235,019475,NA,7,3,9,3700,0,2,4,NA,1,021,WILLOW GLEN DR,HILLSDALE AV,2640,E,N,A,-,N,NA,NA,NA,NA,NA,NA,NA,NA,NA,N,4,0,3,1,A,-,08,22107,NA,N,E,I,A,A,H,-,D,D,0,NA,NA,NA,NA,Y,NA,I,11,0,0,3,0,0,0,0,0,0,-,-,32.76066,-116.89528,SAN DIEGO,UNINCORPORATED,-116.89530655,32.760494
6928423,2015,2015-06-10,3706,2015-05-13,1544,ES0488,NA,3,5,6,3706,0,0,0,NA,0,041,LINCOLN,ASH ST,23,W,N,A,-,N,NA,NA,NA,NA,NA,NA,NA,NA,NA,N,4,0,1,2,A,-,08,22107,NA,N,C,C,A,A,H,-,A,A,0,NA,NA,NA,NA,Y,NA,B,07,0,0,1,0,0,0,0,0,0,-,-,NA,NA,SAN DIEGO,ESCONDIDO,-117.07299535,33.13901925
6928939,2015,2016-06-06,3711,2015-05-13,2229,3792,3711,3,5,7,3711,0,0,0,NA,0,527,WEST LAUREL ST,PACIFIC HWY,2,E,N,B,-,N,NA,NA,NA,NA,NA,NA,NA,NA,NA,Y,4,0,2,3,A,-,03,22350,NA,M,C,C,A,A,H,-,C,A,0,NA,NA,NA,NA,Y,NA,A,01,0,0,2,0,0,0,0,0,0,-,-,NA,NA,SAN DIEGO,SAN DIEGO,-117.17370397,32.72951201
6929021,2015,2016-11-21,9650,2015-05-03,2020,18741,NA,7,2,5,3701,0,1,1,NA,2,005,RT 5,TAMARACK AV,1584,S,N,B,-,Y,SD,11,5,-,R,49.58,H,-,N,Y,3,0,1,2,A,-,03,22350,NA,M,C,C,A,A,H,-,C,D,1,NA,NA,Y,NA,Y,Y,C,02,0,1,0,0,0,0,0,0,1,-,-,33.14857,-117.33408,SAN DIEGO,CARLSBAD,-117.33849378,33.15618086
6929025,2015,2016-12-13,9650,2015-05-09,0530,16103,NA,6,3,9,3700,0,1,1,NA,2,022,RT 15,MISSION RD,1320,N,N,B,-,Y,SD,11,15,-,R,50.89,H,-,S,Y,4,0,2,2,A,-,08,22107,NA,N,C,C,A,A,H,-,D,D,1,NA,NA,NA,NA,Y,NA,A,01,0,0,2,0,0,0,0,0,0,-,-,33.39441,-117.17332,SAN DIEGO,UNINCORPORATED,-117.17437459,33.39178191
6931695,2015,2015-06-09,3705,2015-04-30,0727,EC0279,NA,4,5,5,3705,0,0,0,NA,0,008,S ORANGE,WASHINGTON,2,N,N,A,-,N,NA,NA,NA,NA,NA,NA,NA,NA,NA,N,4,0,2,3,A,-,10,21950,A,N,A,B,B,A,H,-,A,A,0,Y,NA,NA,NA,Y,NA,A,01,0,0,2,0,2,0,0,0,0,-,-,NA,NA,SAN DIEGO,EL CAJON,-116.96355006,32.78766548
6931860,2015,2015-06-09,3702,2015-04-27,0640,CV0986,NA,1,5,6,3702,0,0,0,NA,0,023,EAST L ST,MONSERATE AV,30,W,N,A,-,N,NA,NA,NA,NA,NA,NA,NA,NA,NA,N,4,0,1,2,A,-,03,22350,NA,N,C,C,A,A,H,-,A,A,0,NA,NA,NA,NA,Y,NA,A,07,0,0,1,0,0,0,0,0,0,-,-,NA,NA,SAN DIEGO,CHULA VISTA,-117.05202165,32.62621285
6932954,2015,2015-06-10,3700,2015-05-06,1423,SH0029,NA,3,5,5,3713,0,0,0,NA,0,310,VISTA VILLAGE DR,OLIVE AV,0,NA,Y,A,-,N,NA,NA,NA,NA,NA,NA,NA,NA,NA,Y,4,0,1,2,D,-,00,NA,NA,N,B,C,A,A,H,-,A,A,0,NA,NA,NA,NA,Y,NA,-,-,0,0,1,0,0,0,0,0,0,-,-,NA,NA,SAN DIEGO,VISTA,-117.24468008,33.20199009
6934310,2015,2015-06-10,3711,2015-05-14,1325,7263,NA,4,5,7,3711,0,0,0,NA,0,831,FAIRMOUNT AV,MEADE AV,1500,N,N,B,-,N,NA,NA,NA,NA,NA,NA,NA,NA,NA,Y,4,0,1,2,A,-,08,22107,NA,N,B,C,A,A,H,-,A,D,0,NA,NA,NA,NA,Y,NA,-,NA,0,0,1,0,0,0,0,0,0,-,-,NA,NA,SAN DIEGO,SAN DIEGO,-117.09962567,32.76059101
6934339,2015,2015-06-11,3701,2015-05-01,1729,5291,65,5,5,5,3701,0,0,0,NA,0,005,ARMADA DR,PALOMAR AIRPORT RD,745,N,N,A,-,N,NA,NA,NA,NA,NA,NA,NA,NA,NA,Y,3,0,1,1,A,-,08,22107,NA,N,E,I,A,A,H,-,A,D,0,NA,NA,NA,NA,Y,NA,A,01,0,1,0,0,0,0,0,0,0,-,-,33.12396,-117.31324,SAN DIEGO,CARLSBAD,-117.31324888,33.12405371
6935293,2015,2015-07-15,9680,2015-06-20,1230,16822,NA,6,1,9,3700,0,2,4,NA,1,096,HIGHLAND VALLEY RD,BANDY CANYON RD,8976,W,N,A,-,N,NA,NA,NA,NA,NA,NA,NA,NA,NA,N,3,0,1,1,A,-,05,21650,NA,N,E,I,A,A,H,-,A,D,0,NA,NA,Y,NA,Y,NA,C,02,0,1,0,0,0,0,0,0,1,-,-,33.06357,-117.02715,SAN DIEGO,UNINCORPORATED,-117.03090387,33.05788103
6935310,2015,2015-07-15,3711,2015-06-24,1835,7032,NA,3,5,7,3711,0,0,0,NA,0,821,70TH ST,EL CAJON BL,100,N,N,A,-,N,NA,NA,NA,NA,NA,NA,NA,NA,NA,Y,4,0,2,3,A,-,03,22350,NA,N,C,C,A,A,H,-,A,A,0,NA,NA,NA,NA,Y,NA,-,NA,0,0,2,0,0,0,0,0,0,-,-,NA,NA,SAN DIEGO,SAN DIEGO,-117.0471,32.7689739
6935378,2015,2016-11-19,9650,2015-06-24,1630,15446,NA,3,2,6,3706,0,1,1,NA,2,023,RT 15,VALLEY PKWY,1500,S,N,A,-,Y,SD,11,15,-,R,30.35,H,-,N,Y,4,0,4,3,A,-,03,22350,NA,N,C,C,A,A,H,-,A,D,1,NA,NA,NA,NA,Y,NA,D,23,0,0,4,0,0,0,0,0,0,-,-,33.1139,-117.09781,SAN DIEGO,ESCONDIDO,-117.09670484,33.1118232
6935482,2015,2015-06-02,3711,2015-05-15,0920,3661,TRAFF,5,5,7,3711,0,0,0,NA,0,116,FRANKFORT ST,MORENA BL,0,NA,Y,C,-,N,NA,NA,NA,NA,NA,NA,NA,NA,NA,Y,4,0,1,2,A,-,09,21802,A,N,D,C,A,B,H,-,A,A,0,NA,NA,NA,NA,Y,NA,D,22,0,0,1,0,0,0,0,0,0,-,-,NA,NA,SAN DIEGO,SAN DIEGO,-117.20610004,32.77468005
6935932,2015,2015-06-02,9650,2015-05-16,1415,18496,NA,6,2,9,3700,0,3,5,NA,2,070,CALZADA DEL BOSQUE,VIA DE LA VALLE,0,NA,Y,A,-,N,NA,NA,NA,NA,NA,NA,NA,NA,NA,Y,3,0,2,2,A,-,09,21801,A,N,A,C,A,A,H,-,A,A,0,NA,NA,NA,NA,Y,NA,A,01,0,1,1,0,0,0,0,0,0,-,-,33.00512,-117.20853,SAN DIEGO,UNINCORPORATED,-117.20850004,33.00501004
6936701,2015,2016-11-21,9650,2015-05-17,0425,018296,NA,7,3,5,3701,0,1,1,NA,2,005,RT 5,LA COSTA AV,1056,S,N,A,-,Y,SD,11,5,-,R,43.77,H,-,N,Y,3,0,1,1,A,-,01,23152,A,N,E,I,A,A,H,-,C,D,1,NA,NA,NA,NA,Y,Y,A,01,0,1,0,0,0,0,0,0,0,-,-,33.08101,-117.29701,SAN DIEGO,CARLSBAD,-117.29662002,33.08003354
6937158,2015,2015-06-11,3711,2015-03-28,1225,6157,NA,6,5,7,3711,0,0,0,NA,0,935,SAN DIEGUITO RD,EL CAMINIO REAL,12,E,N,A,-,N,NA,NA,NA,NA,NA,NA,NA,NA,NA,N,4,0,1,1,C,-,18,NA,NA,N,H,-,A,D,G,-,A,A,0,NA,Y,NA,NA,Y,NA,-,-,0,0,1,0,0,0,1,0,0,-,-,NA,NA,SAN DIEGO,SAN DIEGO,-117.23106859,32.97570051
6937782,2015,2015-06-05,3711,2015-03-31,2322,NA,NA,2,5,7,3711,0,0,0,NA,0,NA,PARADISE VALLEY RD,POTOMAC ST,31,E,N,A,-,N,NA,NA,NA,NA,NA,NA,NA,NA,NA,Y,4,0,1,1,A,-,08,22107,NA,F,E,I,A,A,H,-,C,D,0,NA,NA,NA,NA,Y,NA,A,01,0,0,1,0,0,0,0,0,0,-,-,32.68807,-117.04862,SAN DIEGO,SAN DIEGO,-117.04859888,32.68832566
6937828,2015,2015-09-26,9645,2015-09-14,0035,13292,NA,1,3,9,3700,0,3,5,NA,2,018,RIDGEWAY DR,EUCLID AV,68,S,N,A,-,N,NA,NA,NA,NA,NA,NA,NA,NA,NA,Y,4,0,1,2,A,-,01,23152,A,N,B,C,A,A,H,-,C,D,0,NA,NA,NA,NA,Y,Y,A,01,0,0,1,0,0,0,0,0,0,-,-,32.66713,-117.07479,SAN DIEGO,UNINCORPORATED,-117.07606947,32.66615354
6938116,2015,2015-10-10,3706,2015-08-26,2039,ES0318,NA,3,5,6,3706,0,0,0,NA,0,043,EL NORTE PKWY,SEVEN OAKS,0,NA,Y,A,-,N,NA,NA,NA,NA,NA,NA,NA,NA,NA,Y,3,0,2,2,A,-,01,23152,A,N,A,C,A,A,H,-,C,A,0,NA,NA,NA,NA,Y,Y,D,22,0,1,1,0,0,0,0,0,0,-,-,NA,NA,SAN DIEGO,ESCONDIDO,-117.10262686,33.14620975
6938177,2015,2015-10-01,3711,2015-09-20,1340,6104,NA,7,5,7,3711,0,0,0,NA,0,611,MIDWAY DR,EAST DR,240,E,N,A,-,N,NA,NA,NA,NA,NA,NA,NA,NA,NA,N,3,0,2,2,A,-,09,21804,A,N,D,C,A,A,H,-,A,D,0,NA,NA,NA,NA,Y,NA,-,NA,0,1,1,0,0,0,0,0,0,-,-,NA,NA,SAN DIEGO,SAN DIEGO,-117.20868223,32.75038219
6938189,2015,2015-10-01,3711,2015-09-19,1426,7093,NA,6,5,7,3711,0,0,0,NA,0,615,NIMITZ,EVERGREEN ST,0,NA,Y,A,-,N,NA,NA,NA,NA,NA,NA,NA,NA,NA,Y,4,0,1,2,A,-,12,21453,NA,N,A,C,A,A,H,-,A,A,0,NA,NA,NA,NA,Y,NA,-,NA,0,0,1,0,0,0,0,0,0,-,-,NA,NA,SAN DIEGO,SAN DIEGO,-117.22776003,32.72979011
6938236,2015,2015-10-01,3706,2015-09-14,1356,ES0453,NA,1,5,6,3706,0,0,0,NA,0,052,GRAND AV,ELM ST,0,NA,Y,A,-,N,NA,NA,NA,NA,NA,NA,NA,NA,NA,Y,3,0,2,2,A,-,09,21801,A,N,D,C,A,A,H,-,A,A,0,NA,NA,NA,NA,Y,NA,A,01,0,2,0,0,0,0,0,0,0,-,-,NA,NA,SAN DIEGO,ESCONDIDO,-117.07141011,33.12539009
6938542,2015,2016-11-19,9645,2015-05-09,2025,18801,NA,6,2,7,3711,0,1,1,NA,2,027,RT 15,RT 8,775,S,N,A,-,Y,SD,11,15,-,R,5.879,R,2,N,Y,4,0,1,2,A,-,06,21755,NA,N,B,C,A,A,H,-,C,D,1,NA,NA,NA,NA,Y,NA,D,22,0,0,1,0,0,0,0,0,0,TO,-,32.77657,-117.11113,SAN DIEGO,SAN DIEGO,-117.1115919,32.77526377
6938545,2015,2016-11-17,9645,2015-05-12,1345,19054,NA,2,1,7,3711,0,1,1,NA,2,021,RT 5,NATIONAL AV,165,S,N,A,-,Y,SD,11,15,-,R,0.289,R,2,S,Y,2,0,2,2,A,-,07,21658,A,N,B,C,A,A,H,-,A,D,1,NA,NA,NA,NA,Y,NA,D,22,1,1,0,0,0,0,0,0,0,FR,-,32.69524,-117.12093,SAN DIEGO,SAN DIEGO,-117.12100677,32.69681487
6938648,2015,2016-11-10,9645,2015-05-16,0125,020867,NA,6,3,7,3711,0,1,1,NA,2,003,RT 5,VINE ST,250,N,N,A,-,Y,SD,11,5,-,R,18.06,H,-,S,Y,4,0,1,1,A,-,08,22107,NA,N,E,I,A,A,H,-,C,D,1,NA,NA,NA,NA,Y,NA,A,01,0,0,1,0,0,0,0,0,0,-,-,32.7406,-117.1798,SAN DIEGO,SAN DIEGO,-117.17932081,32.74026744
6938650,2015,2016-12-01,9645,2015-05-15,0745,018936,NA,5,1,7,3711,0,1,1,NA,2,010,RT 8,MISSION CITY PKWY,250,W,N,B,C,Y,SD,11,8,-,-,4.82,H,-,W,Y,3,0,2,2,A,-,03,22350,NA,N,C,C,A,B,H,-,A,D,1,NA,NA,NA,NA,Y,NA,A,01,0,1,1,0,0,0,0,0,0,-,-,32.77371,-117.12691,SAN DIEGO,SAN DIEGO,-117.12526119,32.77471539
6938657,2015,2016-11-19,9645,2015-05-13,1730,018697,NA,3,2,7,3711,0,1,3,NA,2,008,RT 54,WORTHINGTON ST,690,E,N,B,-,Y,SD,11,54,-,-,6.17,H,-,W,Y,4,0,2,2,A,-,08,22107,NA,N,E,I,A,A,H,-,A,D,0,NA,NA,NA,NA,Y,NA,A,01,0,0,2,0,0,0,0,0,0,-,-,32.69158,-117.01728,SAN DIEGO,SAN DIEGO,-117.01510873,32.69389826
6938662,2015,2016-11-22,9645,2015-05-23,1810,019257,NA,6,2,7,3711,0,1,1,NA,2,005,RT 5,PACIFIC HWY,100,S,N,A,-,Y,SD,11,5,-,R,20.54,H,-,S,Y,4,0,1,1,A,-,08,22107,NA,N,E,I,A,A,H,-,A,D,1,NA,NA,NA,NA,Y,NA,A,07,0,0,1,0,0,0,0,0,0,-,-,32.76605,-117.20589,SAN DIEGO,SAN DIEGO,-117.20578554,32.76609152
6940812,2015,2016-11-30,9645,2015-06-15,1618,19410,NA,1,2,7,3711,0,1,3,NA,2,002,RT 905,RT 805,400,W,N,A,-,Y,SD,11,905,-,-,1.931,R,1,E,Y,3,0,2,2,A,-,03,22350,NA,N,C,C,A,A,H,-,A,D,0,NA,NA,Y,NA,Y,NA,C,02,0,1,1,0,0,0,0,0,1,-,-,32.56798,-117.04622,SAN DIEGO,SAN DIEGO,-117.04622,32.56798
6941187,2015,2016-11-18,9645,2015-06-22,0914,017990,NA,1,1,7,3711,0,1,3,NA,2,002,RT 905,CALIENTE AV,2640,W,N,A,-,Y,SD,11,905,-,R,6.22,H,-,E,Y,2,0,1,1,A,-,08,22107,NA,N,F,A,A,A,H,-,A,D,1,NA,NA,NA,NA,Y,NA,D,22,1,0,0,0,0,0,0,0,0,-,-,32.5685,-117.02258,SAN DIEGO,SAN DIEGO,-117.02265886,32.56849886
6944463,2015,2015-06-29,9650,2015-05-21,0550,13452,NA,4,3,9,3700,0,2,4,NA,2,061,EAST MISSION RD,INDUSTRIAL WY,19,W,N,B,-,N,NA,NA,NA,NA,NA,NA,NA,NA,NA,Y,3,0,1,1,A,-,08,22107,NA,N,E,I,A,A,H,-,B,D,0,NA,NA,NA,NA,Y,NA,A,01,0,1,0,0,0,0,0,0,0,-,-,33.38729,-117.23765,SAN DIEGO,UNINCORPORATED,-117.23756205,33.38748
6945544,2015,2016-12-01,9645,2015-05-22,2125,18529,NA,5,2,7,3711,0,1,1,NA,2,010,RT 8,MORENA BL,681,E,N,B,C,Y,SD,11,8,-,R,0.486,R,1,E,Y,4,0,1,1,A,-,08,22107,NA,N,E,J,A,B,H,-,C,D,1,NA,NA,NA,NA,Y,NA,A,07,0,0,1,0,0,0,0,0,0,-,-,32.7606,-117.1948,SAN DIEGO,SAN DIEGO,-117.19609092,32.76040096
6946791,2015,2015-06-29,3711,2015-05-22,2215,6902,SANDI,5,5,7,3711,0,0,0,NA,0,813,PARK BL,UNIVERSITY AV,57,S,N,A,-,N,NA,NA,NA,NA,NA,NA,NA,NA,NA,Y,4,0,1,2,A,-,03,22350,NA,N,C,C,A,A,H,-,C,A,0,NA,NA,NA,NA,Y,Y,-,NA,0,0,1,0,0,0,0,0,0,-,-,NA,NA,SAN DIEGO,SAN DIEGO,-117.14641,32.74829386
6947514,2015,2015-06-26,3711,2015-05-30,1238,7305,NA,6,5,7,3711,0,0,0,NA,0,451,COLLEGE GROVE WY,COLLEGE GROVE WY 6300,0,NA,-,B,-,N,NA,NA,NA,NA,NA,NA,NA,NA,NA,Y,4,0,4,2,A,-,09,21804,A,N,D,C,A,A,H,-,A,D,0,NA,NA,NA,NA,Y,NA,A,01,0,0,4,0,0,0,0,0,0,-,-,NA,NA,SAN DIEGO,SAN DIEGO,-117.05900699,32.73882313
6947935,2015,2015-06-29,3711,2015-05-24,1610,6361,NA,7,5,7,3711,0,0,0,NA,0,813,REDWOOD ST,28TH ST,0,NA,Y,A,-,N,NA,NA,NA,NA,NA,NA,NA,NA,NA,N,4,0,1,2,A,-,10,21950,A,N,G,B,B,A,H,-,A,D,0,Y,NA,NA,NA,Y,NA,A,01,0,0,1,0,1,0,0,0,0,-,-,NA,NA,SAN DIEGO,SAN DIEGO,-117.13361002,32.73743003
6949326,2015,2016-11-05,3711,2015-05-30,2353,8137,SANDI,6,5,7,3711,0,0,0,NA,0,234,CAMINO DEL NORTE,RT 15,0,NA,Y,A,-,Y,SD,11,15,-,M,21.717,R,4,N,Y,4,0,2,2,A,-,12,21453,A,N,D,C,A,A,H,-,C,A,0,NA,NA,NA,NA,Y,NA,A,01,0,0,2,0,0,0,0,0,0,-,NF,NA,NA,SAN DIEGO,SAN DIEGO,-117.08346491,32.99472989
6949730,2015,2015-07-13,3700,2015-05-31,1730,SH2619,NA,7,5,5,3712,0,0,0,NA,0,357,EAST MISSION RD,BENNETT AV,530,W,N,A,-,N,NA,NA,NA,NA,NA,NA,NA,NA,NA,Y,2,0,3,2,A,-,01,23152,A,N,D,C,A,A,H,-,A,D,0,NA,NA,Y,NA,Y,Y,A,01,2,0,1,0,0,0,0,0,2,-,-,NA,NA,SAN DIEGO,SAN MARCOS,-117.13056959,33.13644228
6952103,2015,2016-12-20,9645,2015-06-06,1833,19496,NA,6,2,6,3702,0,1,1,NA,2,009,RT 805,OLYMPIC PKWY,139,N,N,A,-,Y,SD,11,805,-,-,4.45,H,-,S,Y,4,0,2,2,A,-,03,22350,NA,N,C,C,A,A,H,-,A,D,1,NA,NA,NA,NA,Y,NA,A,01,0,0,2,0,0,0,0,0,0,-,-,32.60615,-117.03658,SAN DIEGO,CHULA VISTA,-117.03646056,32.60626164
6952122,2015,2016-12-20,9645,2015-06-01,2130,019497,NA,1,2,6,3702,0,1,1,NA,2,009,RT 805,EAST PALOMAR ST,150,N,N,A,-,Y,SD,11,805,-,-,5.09,H,-,N,Y,4,0,1,3,A,-,03,22350,NA,N,C,C,A,A,D,-,D,D,1,NA,NA,NA,NA,Y,NA,A,07,0,0,1,0,0,0,0,0,0,-,-,32.6151,-117.03792,SAN DIEGO,CHULA VISTA,-117.03804672,32.61531621
6952342,2015,2016-06-06,9645,2015-06-03,0810,017990,NA,3,1,9,3700,0,3,5,NA,2,018,DONOVAN STATE PRISON RD,ALTA RD,2640,W,N,A,-,N,NA,NA,NA,NA,NA,NA,NA,NA,NA,N,4,0,1,2,A,-,21,22106,NA,N,C,C,A,A,H,-,A,A,0,NA,NA,NA,Y,Y,NA,G,25,0,0,1,0,0,0,0,0,0,-,-,32.57896,-116.9284,SAN DIEGO,UNINCORPORATED,-116.92753497,32.57866334
6952425,2015,2016-12-20,9645,2015-05-28,1538,018697,NA,4,2,6,3702,0,1,1,NA,2,009,RT 805,ORANGE AV,1800,N,N,A,-,Y,SD,11,805,-,-,4.76,H,-,S,N,4,0,1,2,A,-,03,22350,NA,N,C,C,A,A,D,-,A,D,1,NA,NA,NA,NA,Y,NA,A,01,0,0,1,0,0,0,0,0,0,-,-,NA,NA,SAN DIEGO,CHULA VISTA,-117.03680573,32.61071132
6953125,2015,2015-06-16,3711,2015-05-21,1047,6418,NA,4,5,7,3711,0,0,0,NA,0,113,MORENA BL,AVATI DR,528,N,N,A,-,N,NA,NA,NA,NA,NA,NA,NA,NA,NA,N,4,0,1,2,A,-,08,22107,NA,M,G,B,E,A,H,-,A,D,0,Y,NA,NA,NA,Y,NA,-,NA,0,0,1,0,1,0,0,0,0,-,-,NA,NA,SAN DIEGO,SAN DIEGO,-117.21859268,32.81490091
6953145,2015,2015-06-17,3711,2015-05-22,2045,6493,NA,5,5,7,3711,0,0,0,NA,0,111,LINDA VISTA RD,AERO DR,16,E,N,B,C,N,NA,NA,NA,NA,NA,NA,NA,NA,NA,Y,4,0,1,3,A,-,03,22350,NA,N,D,D,A,B,H,-,B,D,0,NA,NA,NA,NA,Y,NA,-,NA,0,0,1,0,0,0,0,0,0,-,-,NA,NA,SAN DIEGO,SAN DIEGO,-117.1535,32.81118
6955447,2015,2017-01-05,9645,2015-06-08,2200,019497,NA,1,3,7,3711,0,1,1,NA,2,027,RT 15,AERO DR,80,S,N,A,-,Y,SD,11,15,-,R,8.35,H,-,N,NA,4,0,1,2,A,-,03,22350,NA,F,C,D,A,A,H,-,D,D,1,NA,NA,NA,NA,Y,NA,A,01,0,0,1,0,0,0,0,0,0,-,-,32.81099,-117.1138,SAN DIEGO,SAN DIEGO,-117.11394222,32.81020811
6955697,2015,2016-11-05,9645,2015-05-23,0825,018344,NA,6,1,7,3711,0,1,1,NA,2,019,RT 15,WEST BERNARDO DR,1056,S,N,C,-,Y,SD,11,15,-,M,25.6,H,-,S,Y,4,0,2,4,A,-,03,22350,NA,N,C,C,A,B,H,-,A,D,1,NA,NA,NA,NA,Y,NA,A,01,0,0,2,0,0,0,0,0,0,-,-,33.04679,-117.07318,SAN DIEGO,SAN DIEGO,-117.07323929,33.04988009
6955806,2015,2017-01-05,9645,2015-06-09,2344,017671,NA,2,3,7,3711,0,1,1,NA,2,021,RT 15,MARKET ST,300,S,N,A,-,Y,SD,11,15,-,-,1.67,H,-,N,Y,4,0,1,2,A,-,08,22107,NA,N,C,E,A,A,H,-,E,D,1,NA,NA,NA,NA,Y,NA,A,01,0,0,1,0,0,0,0,0,0,-,-,32.70566,-117.12015,SAN DIEGO,SAN DIEGO,-117.11980112,32.70893369
6955867,2015,2016-06-06,3711,2015-06-04,0745,7142,NA,4,5,7,3711,0,0,0,NA,0,937,CARMEL VALLEY RD,BLACK MOUNTAIN RD,534,E,N,A,-,N,NA,NA,NA,NA,NA,NA,NA,NA,NA,Y,3,0,1,1,A,-,03,22350,NA,N,E,I,A,A,H,-,A,A,0,NA,NA,NA,NA,Y,NA,-,NA,0,1,0,0,0,0,0,0,0,-,-,NA,NA,SAN DIEGO,SAN DIEGO,-117.13059634,32.98596598
6958575,2015,2016-12-19,3710,2015-06-09,1312,OC1414,NA,2,5,6,3710,0,0,0,NA,0,021,RT 76,DOUGLAS DR,855,E,N,A,-,Y,SD,11,76,-,R,3.91,H,-,W,Y,4,0,2,3,A,-,03,22350,NA,N,C,C,A,A,H,-,A,A,0,NA,NA,NA,NA,Y,NA,A,08,0,0,2,0,0,0,0,0,0,-,-,NA,NA,SAN DIEGO,OCEANSIDE,-117.32305033,33.2266267
6959249,2015,2016-12-28,9645,2015-05-26,0525,13111,NA,2,3,7,3711,0,1,1,NA,2,015,RT 805,EASTGATE MALL,362,N,N,B,-,Y,SD,11,805,-,-,26.41,H,-,N,Y,2,0,2,2,A,-,01,23152,A,F,C,C,A,A,H,-,D,D,1,NA,NA,NA,Y,Y,Y,A,01,1,1,0,0,0,0,0,0,0,-,-,NA,NA,SAN DIEGO,SAN DIEGO,-117.20139705,32.88187903
6959345,2015,2016-12-01,9645,2015-06-04,1140,17473,NA,4,1,7,3711,0,1,1,NA,2,010,RT 8 E/B,WARING RD,200,E,N,B,-,Y,SD,11,8,-,-,7.26,H,-,E,Y,4,0,2,2,A,-,07,21658,A,N,B,C,A,A,H,-,A,D,1,NA,NA,NA,NA,Y,NA,A,07,0,0,2,0,0,0,0,0,0,-,-,32.7806,-117.0876,SAN DIEGO,SAN DIEGO,-117.08476079,32.78051322
6960312,2015,2015-07-09,3706,2015-06-03,1534,ES0374,NA,3,5,6,3706,0,0,0,NA,0,042,CENTRE CITY PKWY,MISSION AV,879,S,N,A,-,N,NA,NA,NA,NA,NA,NA,NA,NA,NA,N,4,0,1,2,A,-,03,22350,NA,N,C,C,A,A,H,-,A,A,0,NA,NA,NA,NA,Y,NA,A,01,0,0,1,0,0,0,0,0,0,-,-,NA,NA,SAN DIEGO,ESCONDIDO,-117.09054636,33.12614942
6960319,2015,2016-06-15,3711,2015-06-02,1600,6776,SANDI,2,5,7,3711,0,0,0,NA,0,116,KNOXVILLE ST,MORENA BL,33,N,N,A,-,N,NA,NA,NA,NA,NA,NA,NA,NA,NA,Y,3,0,1,3,A,-,21,22106,NA,M,C,C,A,A,H,-,A,A,0,NA,NA,NA,NA,Y,NA,-,NA,0,1,0,0,0,0,0,0,0,-,-,NA,NA,SAN DIEGO,SAN DIEGO,-117.20373771,32.77333351
6961795,2015,2016-11-21,9650,2015-06-19,1500,018496,NA,5,2,5,3701,0,1,1,NA,2,005,RT 5,POINSETTIA AV,400,N,N,A,-,Y,SD,11,5,-,R,45.65,H,-,S,Y,4,0,1,3,A,-,03,22350,NA,N,C,C,A,A,H,-,A,D,1,NA,NA,NA,NA,Y,NA,D,22,0,0,1,0,0,0,0,0,0,-,-,33.10441,-117.31127,SAN DIEGO,CARLSBAD,-117.31138124,33.1043952
6962594,2015,2015-06-23,3705,2015-05-21,0730,EC0295,NA,4,5,5,3705,0,0,0,NA,0,009,JAMACHA,E WASHINGTON,70,S,N,B,-,N,NA,NA,NA,NA,NA,NA,NA,NA,NA,N,3,0,1,2,A,-,11,21955,NA,N,G,B,D,A,H,-,A,A,0,Y,NA,NA,NA,Y,NA,N,60,0,1,0,0,1,0,0,0,0,-,-,NA,NA,SAN DIEGO,EL CAJON,-116.92806873,32.78749449
6962634,2015,2015-06-23,3705,2015-05-22,1505,EC5258,NA,5,5,5,3705,0,0,0,NA,0,007,EAST MAIN ST,RT 8,285,N,N,B,-,N,NA,NA,NA,NA,NA,NA,NA,NA,NA,Y,3,0,3,2,A,-,03,22350,NA,N,C,C,A,A,H,-,A,D,0,NA,NA,NA,NA,Y,NA,A,01,0,1,2,0,0,0,0,0,0,-,WF,NA,NA,SAN DIEGO,EL CAJON,-116.92732,32.80324