CASE_ID,ACCIDENT_YEAR,PROC_DATE,JURIS,COLLISION_DATE,COLLISION_TIME,OFFICER_ID,REPORTING_DISTRICT,DAY_OF_WEEK,CHP_SHIFT,POPULATION,CNTY_CITY_LOC,SPECIAL_COND,BEAT_TYPE,CHP_BEAT_TYPE,CITY_DIVISION_LAPD,CHP_BEAT_CLASS,BEAT_NUMBER,PRIMARY_RD,SECONDARY_RD,DISTANCE,DIRECTION,INTERSECTION,WEATHER_1,WEATHER_2,STATE_HWY_IND,CALTRANS_COUNTY,CALTRANS_DISTRICT,STATE_ROUTE,ROUTE_SUFFIX,POSTMILE_PREFIX,POSTMILE,LOCATION_TYPE,RAMP_INTERSECTION,SIDE_OF_HWY,TOW_AWAY,COLLISION_SEVERITY,NUMBER_KILLED,NUMBER_INJURED,PARTY_COUNT,PRIMARY_COLL_FACTOR,PCF_CODE_OF_VIOL,PCF_VIOL_CATEGORY,PCF_VIOLATION,PCF_VIOL_SUBSECTION,HIT_AND_RUN,TYPE_OF_COLLISION,MVIW,PED_ACTION,ROAD_SURFACE,ROAD_COND_1,ROAD_COND_2,LIGHTING,CONTROL_DEVICE,CHP_ROAD_TYPE,PEDESTRIAN_ACCIDENT,BICYCLE_ACCIDENT,MOTORCYCLE_ACCIDENT,TRUCK_ACCIDENT,NOT_PRIVATE_PROPERTY,ALCOHOL_INVOLVED,STWD_VEHTYPE_AT_FAULT,CHP_VEHTYPE_AT_FAULT,COUNT_SEVERE_INJ,COUNT_VISIBLE_INJ,COUNT_COMPLAINT_PAIN,COUNT_PED_KILLED,COUNT_PED_INJURED,COUNT_BICYCLIST_KILLED,COUNT_BICYCLIST_INJURED,COUNT_MC_KILLED,COUNT_MC_INJURED,PRIMARY_RAMP,SECONDARY_RAMP,LATITUDE,LONGITUDE,COUNTY,CITY,POINT_X,POINT_Y
8098450,2016,2016-08-05,3702,2016-06-22,1120,CV1018,NA,3,5,6,3702,0,0,0,NA,0,042,EASTLAKE PKWY,OTAY LAKES RD,300,S,N,A,-,N,NA,NA,NA,NA,NA,NA,NA,NA,NA,Y,4,0,1,2,A,-,09,21801,A,N,D,C,A,A,H,-,A,D,0,NA,NA,NA,NA,Y,NA,A,01,0,0,1,0,0,0,0,0,0,-,-,NA,NA,SAN DIEGO,CHULA VISTA,-116.96525345,32.64748466
8099745,2016,2017-01-23,3710,2016-07-31,2100,OC1403,NA,7,5,6,3710,0,0,0,NA,0,024,RT 76,DOUGLAS DR,40,W,N,A,-,Y,SD,11,76,-,R,3.74,H,-,E,Y,4,0,1,2,A,-,01,23152,B,N,C,C,A,A,H,-,C,A,0,NA,NA,NA,NA,Y,Y,-,NA,0,0,1,0,0,0,0,0,0,-,-,NA,NA,SAN DIEGO,OCEANSIDE,-117.32573432,33.22564442
8100868,2016,2016-08-16,3700,2016-06-29,1726,SH7713,NA,3,5,2,3704,0,0,0,NA,0,273,VIA DE LA VALLE,JIMMY DURANTE BL,671,W,N,A,-,N,NA,NA,NA,NA,NA,NA,NA,NA,NA,N,3,0,1,2,A,-,08,22107,NA,N,B,C,A,A,H,-,A,D,0,NA,NA,Y,NA,Y,NA,A,01,0,1,0,0,0,0,0,0,1,-,-,NA,NA,SAN DIEGO,DEL MAR,-117.25902647,32.97983665
8101535,2016,2016-08-18,3711,2016-08-05,1434,7086,NA,5,5,7,3711,0,0,0,NA,0,833,FAIRMOUNT AV,LANDIS ST,204,S,N,A,-,N,NA,NA,NA,NA,NA,NA,NA,NA,NA,Y,3,0,2,6,A,-,-,NA,NA,M,B,C,A,A,H,-,A,A,0,NA,NA,NA,NA,Y,NA,-,NA,0,2,0,0,0,0,0,0,0,-,-,NA,NA,SAN DIEGO,SAN DIEGO,-117.10095202,32.7453113
8101548,2016,2016-09-01,3711,2016-08-06,0857,7336,NA,6,5,7,3711,0,0,0,NA,0,813,UNIVERSITY AV,HERMAN,6,W,N,A,-,N,NA,NA,NA,NA,NA,NA,NA,NA,NA,Y,3,0,1,2,A,-,08,22107,NA,N,F,E,A,A,H,-,A,A,0,NA,NA,NA,NA,Y,NA,-,NA,0,1,0,0,0,0,0,0,0,-,-,NA,NA,SAN DIEGO,SAN DIEGO,-117.12614945,32.74849
8101599,2016,2016-08-17,3701,2016-08-07,0348,5301,120,7,5,5,3701,0,0,0,NA,0,008,EL CAMINIO REAL,CALLE BARCELONA,440,N,N,A,-,N,NA,NA,NA,NA,NA,NA,NA,NA,NA,Y,4,0,1,1,A,-,01,23152,A,N,E,I,A,A,H,-,C,D,0,NA,NA,NA,NA,Y,Y,A,01,0,0,1,0,0,0,0,0,0,-,-,33.07441,-117.26295,SAN DIEGO,CARLSBAD,-117.26306286,33.07426052
8103391,2016,2016-09-28,3702,2016-08-06,2320,CV1091,NA,6,5,6,3702,0,0,0,NA,0,031,EAST H ST,PASEO RANCHERO,0,NA,Y,A,-,N,NA,NA,NA,NA,NA,NA,NA,NA,NA,Y,4,0,1,2,A,-,03,22350,NA,N,C,C,A,A,H,-,C,A,0,NA,NA,NA,NA,Y,NA,A,01,0,0,1,0,0,0,0,0,0,-,-,NA,NA,SAN DIEGO,CHULA VISTA,-117.01109013,32.63851007
8103802,2016,2016-09-29,3702,2016-08-18,1325,CV1060,NA,4,5,6,3702,0,0,0,NA,0,013,J ST,COLORADO AV,0,NA,Y,A,-,N,NA,NA,NA,NA,NA,NA,NA,NA,NA,N,4,0,1,2,A,-,05,21650,1,N,D,G,A,A,H,-,A,A,0,NA,Y,NA,NA,Y,NA,L,04,0,0,1,0,0,0,1,0,0,-,-,NA,NA,SAN DIEGO,CHULA VISTA,-117.09202001,32.62262004
8104070,2016,2016-10-20,3711,2016-08-11,2030,7018,NA,4,5,7,3711,0,0,0,NA,0,321,MISSION GORGE RD,ORCUTT AV,0,NA,Y,A,-,N,NA,NA,NA,NA,NA,NA,NA,NA,NA,Y,4,0,1,2,A,-,08,22100,A,N,D,C,A,A,H,-,C,D,0,NA,NA,NA,NA,Y,NA,-,NA,0,0,1,0,0,0,0,0,0,-,-,NA,NA,SAN DIEGO,SAN DIEGO,-117.09770007,32.79088007
8104684,2016,2016-10-11,3711,2016-08-11,1004,5887,SANDI,4,5,7,3711,0,0,0,NA,0,712,CALLE PRIMERA,CALLE PRIMERA 130,10,S,N,A,-,N,NA,NA,NA,NA,NA,NA,NA,NA,NA,N,3,0,1,2,A,I,-,NA,NA,N,G,B,E,A,H,-,A,D,0,Y,NA,NA,NA,Y,NA,N,60,0,1,0,0,1,0,0,0,0,-,-,NA,NA,SAN DIEGO,SAN DIEGO,NA,NA
8104757,2016,2016-08-23,3709,2016-08-05,1545,474,3709,5,5,5,3709,0,0,0,NA,0,021,L AV,EAST 8TH ST,147,S,N,A,-,N,NA,NA,NA,NA,NA,NA,NA,NA,NA,Y,4,0,1,2,A,-,09,21804,A,N,D,C,A,A,H,-,A,D,0,NA,NA,NA,NA,Y,NA,-,NA,0,0,1,0,0,0,0,0,0,-,-,NA,NA,SAN DIEGO,NATIONAL CITY,-117.09447233,32.67890454
8105184,2016,2016-08-29,3700,2016-07-08,1645,SH2076,NA,5,5,4,3780,0,0,0,NA,0,411,HILLEARY PL,COMMUNITY RD,365,E,N,A,-,N,NA,NA,NA,NA,NA,NA,NA,NA,NA,Y,4,0,1,2,A,-,09,21801,A,N,A,C,A,A,H,-,A,D,0,NA,NA,NA,NA,Y,NA,A,01,0,0,1,0,0,0,0,0,0,-,-,NA,NA,SAN DIEGO,POWAY,-117.03937415,32.96004
8107463,2016,2016-08-22,3711,2016-08-10,1151,6774,NA,3,5,7,3711,0,0,0,NA,0,NA,1ST AV,WEST C ST,46,N,N,A,-,N,NA,NA,NA,NA,NA,NA,NA,NA,NA,N,4,0,1,3,A,-,03,22350,NA,N,C,C,A,A,H,-,A,A,0,NA,NA,NA,NA,Y,NA,A,01,0,0,1,0,0,0,0,0,0,-,-,NA,NA,SAN DIEGO,SAN DIEGO,-117.1638224,32.716856
8107508,2016,2016-08-23,3711,2016-08-10,2053,7345,NA,3,5,7,3711,0,0,0,NA,0,123,EAST MISSION BAY DR,SPORTS ARENA BL,2112,N,N,B,-,N,NA,NA,NA,NA,NA,NA,NA,NA,NA,Y,4,0,1,1,A,-,03,22350,NA,N,B,I,A,A,H,-,D,D,0,NA,NA,NA,NA,Y,NA,-,-,0,0,1,0,0,0,0,0,0,-,-,NA,NA,SAN DIEGO,SAN DIEGO,-117.22903539,32.76077178
8108131,2016,2016-08-24,3700,2016-08-03,1238,SH0327,NA,3,5,5,3712,0,0,0,NA,0,357,RANCHEROS DR,VALPREDA RD,536,W,N,A,-,N,NA,NA,NA,NA,NA,NA,NA,NA,NA,N,4,0,1,2,A,-,05,21202,A,N,D,G,A,A,H,-,A,D,0,NA,Y,NA,NA,Y,NA,L,04,0,0,1,0,0,0,1,0,0,-,-,NA,NA,SAN DIEGO,SAN MARCOS,-117.15710012,33.13863599
8108865,2016,2016-11-09,3711,2016-08-22,2040,7186,SDMC,1,5,7,3711,0,0,0,NA,0,522,WEST BROADWAY,INDIA ST,60,E,N,A,-,N,NA,NA,NA,NA,NA,NA,NA,NA,NA,N,4,0,1,2,A,-,07,21658,A,N,B,C,A,A,H,-,C,D,0,NA,NA,NA,NA,Y,NA,-,NA,0,0,1,0,0,0,0,0,0,-,-,NA,NA,SAN DIEGO,SAN DIEGO,-117.16810557,32.71576
8112132,2016,2016-08-31,3711,2016-08-23,0630,6973,NA,2,5,7,3711,0,0,0,NA,0,452,SKYLINE DR,HENSON,185,W,N,A,-,N,NA,NA,NA,NA,NA,NA,NA,NA,NA,Y,4,0,1,2,A,-,03,22350,A,N,C,C,A,A,H,-,A,A,0,NA,NA,NA,NA,Y,NA,-,NA,0,0,1,0,0,0,0,0,0,-,-,NA,NA,SAN DIEGO,SAN DIEGO,-117.06187914,32.70135
8115388,2016,2016-09-02,3700,2016-08-16,1901,SH0021,NA,2,5,5,3713,0,0,0,NA,0,307,SOUTH SANTA FE AV,SERVICE PL,121,E,N,A,-,N,NA,NA,NA,NA,NA,NA,NA,NA,NA,Y,4,0,1,2,A,-,08,22107,NA,N,D,C,A,A,H,-,B,D,0,NA,NA,NA,NA,Y,NA,A,01,0,0,1,0,0,0,0,0,0,-,-,NA,NA,SAN DIEGO,VISTA,-117.22577245,33.18816314
8117047,2016,2016-11-08,3711,2016-08-21,1712,7238,NA,7,5,7,3711,0,0,0,NA,0,614,CABLE ST,VOLTAIRE ST,21,S,N,A,-,N,NA,NA,NA,NA,NA,NA,NA,NA,NA,N,3,0,1,2,A,-,00,21958,A,N,G,B,B,A,H,-,A,D,0,Y,NA,NA,NA,Y,NA,A,01,0,1,0,0,1,0,0,0,0,-,-,NA,NA,SAN DIEGO,SAN DIEGO,-117.24491834,32.75091246
8117079,2016,2016-09-08,3711,2016-08-24,1838,7044,NA,3,5,7,3711,0,0,0,NA,0,625,TAYLOR ST,JUAN ST,15,W,N,A,-,N,NA,NA,NA,NA,NA,NA,NA,NA,NA,N,4,0,2,2,A,-,04,21703,NA,N,C,C,A,A,H,-,A,A,0,NA,NA,NA,NA,Y,NA,A,01,0,0,2,0,0,0,0,0,0,-,-,NA,NA,SAN DIEGO,SAN DIEGO,-117.19862839,32.75674663
8117197,2016,2016-10-27,3710,2016-08-16,1725,OC1391,NA,2,5,6,3710,0,0,0,NA,0,027,COLLEGE BL,OCEANSIDE BL,110,S,N,A,-,N,NA,NA,NA,NA,NA,NA,NA,NA,NA,N,4,0,8,3,A,-,03,22350,NA,N,C,C,A,A,H,-,A,D,0,NA,NA,NA,NA,Y,NA,A,01,0,0,8,0,0,0,0,0,0,-,-,NA,NA,SAN DIEGO,OCEANSIDE,-117.28505705,33.206998660000004
8117713,2016,2016-09-08,3700,2016-08-04,0633,SH2505,NA,4,5,5,3712,0,0,0,NA,0,350,WEST SAN MARCOS BL,TIGER WY,0,NA,Y,A,-,N,NA,NA,NA,NA,NA,NA,NA,NA,NA,N,3,0,1,2,A,-,05,21202,A,N,B,G,A,A,H,-,A,D,0,NA,Y,NA,NA,Y,NA,L,04,0,1,0,0,0,0,1,0,0,-,-,NA,NA,SAN DIEGO,SAN MARCOS,-117.16720011,33.14041008
8118110,2016,2016-09-12,3711,2016-08-27,2144,7255,SD,6,5,7,3711,0,0,0,NA,0,613,SEA WORLD DR,SEA WORLD DR 700,0,NA,Y,A,-,N,NA,NA,NA,NA,NA,NA,NA,NA,NA,N,4,0,1,2,A,-,03,22350,NA,M,C,C,A,A,H,-,A,D,0,NA,NA,NA,NA,Y,NA,-,NA,0,0,1,0,0,0,0,0,0,-,-,NA,NA,SAN DIEGO,SAN DIEGO,-117.21676826,32.76149881
8118141,2016,2016-09-09,3711,2016-08-27,1201,6946,NA,6,5,7,3711,0,0,0,NA,0,243,MIRAMAR RD,BLACK MOUNTAIN RD,210,W,N,A,-,N,NA,NA,NA,NA,NA,NA,NA,NA,NA,N,4,0,2,2,A,-,03,22350,NA,N,C,C,A,A,H,-,A,D,0,NA,NA,NA,NA,Y,NA,A,01,0,0,2,0,0,0,0,0,0,-,-,NA,NA,SAN DIEGO,SAN DIEGO,-117.12414164,32.89376653
8119190,2016,2016-09-12,3710,2016-08-24,1515,OC1169,NA,3,5,6,3710,0,0,0,NA,0,033,MISSION AV,AVENIDA DEL GADO,0,NA,Y,A,-,N,NA,NA,NA,NA,NA,NA,NA,NA,NA,N,4,0,1,2,A,-,08,22107,NA,N,D,C,A,A,B,D,A,A,0,NA,NA,Y,NA,Y,NA,A,01,0,0,1,0,0,0,0,0,1,-,-,NA,NA,SAN DIEGO,OCEANSIDE,-117.30452005,33.22988001
8122137,2016,2016-09-15,3711,2016-08-29,2149,8861,NA,1,5,7,3711,0,0,0,NA,0,613,NIMITZ BL,NIMITZ BL 4600,0,NA,N,A,-,N,NA,NA,NA,NA,NA,NA,NA,NA,NA,N,4,0,2,2,A,-,03,22350,NA,M,C,C,A,A,H,-,C,A,0,NA,NA,NA,NA,Y,NA,-,NA,0,0,2,0,0,0,0,0,0,-,-,NA,NA,SAN DIEGO,SAN DIEGO,-117.23613381,32.75122945
8122187,2016,2016-09-19,3711,2016-09-03,1315,5813,UNIVE,6,5,7,3711,0,0,0,NA,0,115,GOVERNOR DR,GENESEE AV,0,NA,Y,A,-,N,NA,NA,NA,NA,NA,NA,NA,NA,NA,N,4,0,1,2,D,-,00,NA,NA,M,G,B,B,A,H,-,A,A,0,Y,NA,NA,NA,Y,NA,-,-,0,0,1,0,1,0,0,0,0,-,-,NA,NA,SAN DIEGO,SAN DIEGO,-117.20468,32.85461006
8122304,2016,2016-09-14,3711,2016-09-02,1846,7048,NA,5,5,7,3711,0,0,0,NA,0,122,THOMAS AV,MORRELL,0,NA,Y,A,-,N,NA,NA,NA,NA,NA,NA,NA,NA,NA,Y,3,0,2,3,A,-,12,22450,A,N,D,C,A,A,H,-,A,A,0,NA,NA,NA,NA,Y,Y,-,NA,0,2,0,0,0,0,0,0,0,-,-,NA,NA,SAN DIEGO,SAN DIEGO,-117.23261008,32.79844008
8123910,2016,2016-09-19,3703,2016-07-14,1235,1035,NA,4,5,3,3703,0,0,0,NA,0,002,10TH ST,E E AV,145,W,N,A,-,N,NA,NA,NA,NA,NA,NA,NA,NA,NA,N,2,0,1,2,A,-,00,23104,NA,N,H,J,A,A,H,-,A,D,0,NA,NA,NA,NA,Y,NA,A,07,1,0,0,0,0,0,0,0,0,-,-,NA,NA,SAN DIEGO,CORONADO,-117.18258049,32.68702705
8124904,2016,2016-09-21,3711,2016-09-08,1300,4421,NA,4,5,7,3711,0,0,0,NA,0,931,MIRA MESA BL,SCRANTON,20,W,N,A,-,N,NA,NA,NA,NA,NA,NA,NA,NA,NA,Y,4,0,2,2,A,-,03,22350,NA,N,-,C,A,A,H,-,A,A,0,NA,NA,NA,NA,Y,NA,-,NA,0,0,2,0,0,0,0,0,0,-,-,NA,NA,SAN DIEGO,SAN DIEGO,-117.20169488,32.892727550000004
8124970,2016,2016-09-21,3711,2016-09-10,1305,6759,NA,6,5,7,3711,0,0,0,NA,0,451,COLLEGE AV,COLLEGE GROVE DR,528,N,N,A,-,N,NA,NA,NA,NA,NA,NA,NA,NA,NA,Y,4,0,1,3,A,-,03,22350,NA,N,C,C,A,A,H,-,A,D,0,NA,NA,NA,NA,Y,NA,-,NA,0,0,1,0,0,0,0,0,0,-,-,NA,NA,SAN DIEGO,SAN DIEGO,-117.05526027,32.74482154
8128549,2016,2016-09-26,3706,2016-09-20,1106,322,ESCON,2,5,6,3706,0,0,0,NA,0,053,VIA RANCHO PKWY,DEL LAGO BL,0,NA,Y,B,C,N,NA,NA,NA,NA,NA,NA,NA,NA,NA,Y,3,0,2,2,A,-,09,21453,C,N,D,C,A,B,H,-,A,A,0,NA,NA,NA,NA,Y,NA,A,01,0,1,1,0,0,0,0,0,0,-,-,33.06961,-117.07129,SAN DIEGO,ESCONDIDO,-117.07108008,33.06980008
8128594,2016,2016-09-29,3701,2016-09-15,0803,5191,24,4,5,5,3701,0,0,0,NA,0,004,COLLEGE BL,TAMARACK AV,561,S,N,A,-,N,NA,NA,NA,NA,NA,NA,NA,NA,NA,Y,3,0,3,2,A,-,03,22350,NA,N,C,C,A,A,H,-,A,D,0,NA,NA,NA,NA,Y,NA,A,01,0,1,2,0,0,0,0,0,0,-,-,NA,NA,SAN DIEGO,CARLSBAD,-117.29461993,33.16943902
8128627,2016,2016-09-27,3701,2016-09-07,1445,5291,69,3,5,5,3701,0,0,0,NA,0,005,CARLSBAD BL,SOLAMAR DR,0,NA,Y,A,-,N,NA,NA,NA,NA,NA,NA,NA,NA,NA,Y,3,0,2,2,A,-,01,23152,E,N,D,C,A,A,H,-,A,A,0,NA,NA,NA,NA,Y,NA,A,07,0,1,1,0,0,0,0,0,0,-,-,33.12077,-117.32685,SAN DIEGO,CARLSBAD,-117.32710006,33.12073007
8131255,2016,2016-09-28,3711,2016-09-18,1644,5342,NA,7,5,7,3711,0,0,0,NA,0,232,SEABRIDGE LN,WINDCREST LN,250,N,N,A,-,N,NA,NA,NA,NA,NA,NA,NA,NA,NA,Y,4,0,3,2,A,-,08,22107,NA,N,C,E,A,A,H,-,A,D,0,NA,NA,NA,NA,Y,NA,A,01,0,0,3,0,0,0,0,0,0,-,-,NA,NA,SAN DIEGO,SAN DIEGO,-117.08069371,32.97522279
8131276,2016,2016-09-29,3711,2016-09-17,1611,7490,NA,6,5,7,3711,0,0,0,NA,0,521,BROADWAY,BROADWAY 1800,0,NA,Y,A,-,N,NA,NA,NA,NA,NA,NA,NA,NA,NA,Y,3,0,2,3,A,-,21,22106,NA,N,C,C,A,A,H,-,A,D,0,NA,NA,NA,NA,Y,NA,A,01,0,1,1,0,0,0,0,0,0,-,-,NA,NA,SAN DIEGO,SAN DIEGO,-117.14678138,32.71578586
8131279,2016,2016-09-28,3711,2016-09-18,1455,4617,NA,7,5,7,3711,0,0,0,NA,0,241,HIBERT ST,TREENA ST,65,N,N,A,-,N,NA,NA,NA,NA,NA,NA,NA,NA,NA,N,3,0,1,2,A,-,03,22350,NA,N,D,G,A,A,H,-,A,D,0,NA,Y,NA,NA,Y,Y,L,04,0,1,0,0,0,0,1,0,0,-,-,NA,NA,SAN DIEGO,SAN DIEGO,-117.11388438,32.91401801
8132283,2016,2016-10-04,3711,2016-09-24,1530,7412,SAN D,6,5,7,3711,0,0,0,NA,0,233,TWIN TRAILS DR,CARMEL MOUNTAIN RD,9,N,N,A,-,N,NA,NA,NA,NA,NA,NA,NA,NA,NA,Y,4,0,1,2,A,-,12,21453,A,N,D,C,A,A,H,-,A,A,0,NA,NA,NA,NA,Y,NA,D,22,0,0,1,0,0,0,0,0,0,-,-,NA,NA,SAN DIEGO,SAN DIEGO,-117.1340155,32.963504209999996
8132346,2016,2016-10-04,3711,2016-09-20,2107,7173,CENTR,2,5,7,3711,0,0,0,NA,0,524,9TH AV,1300 9TH AV,16,W,N,C,-,N,NA,NA,NA,NA,NA,NA,NA,NA,NA,Y,4,0,1,2,A,-,12,21453,A,N,D,C,A,B,H,-,C,A,0,NA,NA,NA,NA,Y,NA,A,01,0,0,1,0,0,0,0,0,0,-,-,NA,NA,SAN DIEGO,SAN DIEGO,-117.15655804,32.71885869
8132347,2016,2016-10-04,3711,2016-09-23,0811,6774,NA,5,5,7,3711,0,0,0,NA,0,315,FRIARS RD,FRAZEE RD,331,W,N,A,-,N,NA,NA,NA,NA,NA,NA,NA,NA,NA,N,4,0,1,2,A,-,05,21650,1,N,D,G,A,A,H,-,A,D,0,NA,Y,NA,NA,Y,NA,L,04,0,0,1,0,0,0,1,0,0,-,-,NA,NA,SAN DIEGO,SAN DIEGO,-117.15828591,32.7721147
8132352,2016,2016-10-04,3711,2016-09-22,1716,6741,SAN D,4,5,7,3711,0,0,0,NA,0,524,7TH AV,MARKET ST,206,N,N,A,-,N,NA,NA,NA,NA,NA,NA,NA,NA,NA,Y,3,0,1,2,A,-,08,22107,NA,N,B,C,A,A,H,-,-,A,0,NA,NA,NA,NA,Y,NA,-,NA,0,1,0,0,0,0,0,0,0,-,-,NA,NA,SAN DIEGO,SAN DIEGO,-117.15833527,32.7120743
8132360,2016,2016-10-04,3711,2016-09-23,1720,6998,NA,5,5,7,3711,0,0,0,NA,0,931,MIRA MESA BL,SCRANTON RD,0,NA,Y,A,-,N,NA,NA,NA,NA,NA,NA,NA,NA,NA,Y,4,0,1,3,A,-,12,21453,A,N,D,C,A,A,H,-,A,A,0,NA,NA,NA,NA,Y,NA,A,01,0,0,1,0,0,0,0,0,0,-,-,NA,NA,SAN DIEGO,SAN DIEGO,-117.20163001,32.89273
81336695,2020,2020-11-02,3706,2020-10-15,0615,445,Escon,4,5,6,3706,0,0,0,NA,0,054,GRAND AV,ROSE ST,165,W,N,A,-,N,NA,NA,NA,NA,NA,NA,NA,NA,NA,Y,3,0,3,2,A,-,09,21801,A,N,D,C,A,A,H,-,B,D,0,NA,NA,NA,NA,Y,NA,A,07,0,2,1,0,0,0,0,0,0,-,-,33.130859375,-117.05748748779295,SAN DIEGO,ESCONDIDO,-117.0578842163086,33.130550384521484
8134569,2016,2016-10-05,3711,2016-09-27,1705,7447,SAN D,2,5,7,3711,0,0,0,NA,0,523,5TH AV,F ST,84,N,N,B,-,N,NA,NA,NA,NA,NA,NA,NA,NA,NA,N,4,0,1,2,A,-,02,22400,A,N,H,G,A,A,H,-,A,D,0,NA,Y,NA,NA,Y,NA,A,01,0,0,1,0,0,0,1,0,0,-,-,NA,NA,SAN DIEGO,SAN DIEGO,-117.16015221,32.7138501
8134621,2016,2016-10-05,3711,2016-09-26,0651,7037,SAN D,1,5,7,3711,0,0,0,NA,0,614,SUNSET CLIFFS BL,PESCADERO,200,S,N,A,-,N,NA,NA,NA,NA,NA,NA,NA,NA,NA,Y,3,0,1,3,A,-,08,22107,NA,N,B,E,A,A,H,-,A,A,0,NA,NA,NA,NA,Y,NA,-,NA,0,1,0,0,0,0,0,0,0,-,-,NA,NA,SAN DIEGO,SAN DIEGO,-117.25381084,32.73754656
81352000,2020,2020-11-24,3706,2020-11-09,1037,318,Escon,1,5,6,3706,0,0,0,NA,0,043,EL NORTE PY,SEVEN OAKES RD,125,E,N,A,-,N,NA,NA,NA,NA,NA,NA,NA,NA,NA,Y,4,0,1,2,A,-,21,22106,NA,N,C,C,A,A,H,-,A,A,0,NA,NA,NA,NA,Y,NA,A,01,0,0,1,0,0,0,0,0,0,-,-,33.14611053466797,-117.1027603149414,SAN DIEGO,ESCONDIDO,-117.1023178100586,33.14594650268555
81352141,2020,2020-11-24,3701,2020-10-29,1711,CB5547,068,4,5,5,3701,0,0,0,NA,0,002,CARLSBAD BL,SHORE DR (N),157,S,N,A,-,N,NA,NA,NA,NA,NA,NA,NA,NA,NA,N,3,0,1,3,A,-,03,22350,NA,N,C,C,A,A,H,-,A,D,0,NA,NA,NA,NA,Y,NA,A,01,0,1,0,0,0,0,0,0,0,-,-,NA,NA,SAN DIEGO,CARLSBAD,-117.33485412597656,33.13161087036133
8135564,2016,2016-10-06,3711,2016-09-23,2034,7474,NA,5,5,7,3711,0,0,0,NA,0,122,DIAMOND ST,LAMONT ST,13,S,N,A,-,N,NA,NA,NA,NA,NA,NA,NA,NA,NA,Y,4,0,1,2,A,-,12,22450,A,M,G,B,B,A,H,-,C,D,0,Y,NA,NA,NA,Y,NA,-,NA,0,0,1,0,1,0,0,0,0,-,-,NA,NA,SAN DIEGO,SAN DIEGO,-117.2362208,32.803761
81356900,2020,2020-12-02,3701,2020-11-25,1205,CB5561,015,3,5,5,3701,0,0,0,NA,0,001,EL CAMINO REAL,SR-78 OFF RA EB,70,N,N,A,-,N,NA,NA,NA,NA,NA,NA,NA,NA,NA,N,4,0,2,3,A,-,04,21703,NA,F,C,C,A,A,H,-,A,A,0,NA,NA,NA,NA,Y,Y,A,01,0,0,2,0,0,0,0,0,0,-,-,NA,NA,SAN DIEGO,CARLSBAD,-117.32687377929688,33.181182861328125
8136201,2016,2016-10-06,3708,2016-08-25,0740,LM8263,NA,4,5,5,3708,0,0,0,NA,0,002,JACKSON DR,LA MESA BL,33,N,N,A,-,N,NA,NA,NA,NA,NA,NA,NA,NA,NA,N,4,0,1,2,A,-,21,22106,NA,N,C,C,A,A,H,-,A,A,0,NA,NA,NA,NA,Y,NA,A,01,0,0,1,0,0,0,0,0,0,-,-,NA,NA,SAN DIEGO,LA MESA,-117.00833079,32.77074925
81368992,2020,2020-12-17,3701,2020-12-14,0818,CB5484,NA,1,5,5,3701,0,0,0,NA,0,007,CARLSBAD BL,LA COSTA AV,250,N,N,A,-,N,NA,NA,NA,NA,NA,NA,NA,NA,NA,Y,4,0,1,2,A,-,09,21801,A,N,D,C,A,A,H,-,A,D,0,NA,NA,NA,NA,Y,NA,D,22,0,0,1,0,0,0,0,0,0,-,-,NA,NA,SAN DIEGO,CARLSBAD,-117.3093490600586,33.08302307128906
81374427,2020,2020-12-24,3706,2020-12-20,1208,492,Escon,7,5,6,3706,0,0,0,NA,0,042,LINCOLN AV,ASH ST,300,E,N,A,-,N,NA,NA,NA,NA,NA,NA,NA,NA,NA,N,4,0,3,2,A,-,21,22106,NA,N,C,C,A,A,H,-,A,A,0,NA,NA,NA,NA,Y,NA,A,01,0,0,3,0,0,0,0,0,0,-,-,33.139060974121094,-117.07295989990234,SAN DIEGO,ESCONDIDO,-117.07211303710938,33.13949966430664
81381423,2020,2021-01-06,3706,2020-12-23,1807,470,Escon,3,5,6,3706,0,0,0,NA,0,046,VALLEY PY,BEAR VALLEY PY,0,NA,Y,A,-,N,NA,NA,NA,NA,NA,NA,NA,NA,NA,Y,4,0,1,2,A,-,09,21453,C,N,D,C,A,A,H,-,C,A,0,NA,NA,NA,NA,Y,NA,A,01,0,0,1,0,0,0,0,0,0,-,-,33.14356994628906,-117.03854370117188,SAN DIEGO,ESCONDIDO,-117.03868103027344,33.1436882019043
8138531,2016,2016-10-13,3711,2016-09-19,1618,6390,NA,1,5,7,3711,0,0,0,NA,0,627,UNIVERSITY AV,UNIVERSITY AV 1000,0,NA,Y,A,-,N,NA,NA,NA,NA,NA,NA,NA,NA,NA,Y,3,0,1,1,A,-,08,22107,NA,N,E,I,A,A,H,-,A,D,0,NA,NA,Y,NA,Y,Y,C,02,0,1,0,0,0,0,0,0,1,-,-,NA,NA,SAN DIEGO,SAN DIEGO,-117.15528041,32.74841641
8139461,2016,2017-02-28,3700,2016-11-20,1541,SH2784,NA,7,5,2,3704,0,0,0,NA,0,291,JIMMY DURANTE BL,VIA DE LA VALLE,770,S,N,B,-,N,NA,NA,NA,NA,NA,NA,NA,NA,NA,N,2,0,1,1,D,-,00,NA,NA,N,G,J,A,A,H,-,A,D,0,NA,Y,NA,NA,Y,NA,-,-,1,0,0,0,0,0,1,0,0,-,-,NA,NA,SAN DIEGO,DEL MAR,-117.2562021,32.97742087
81394729,2021,2021-01-27,3706,2021-01-10,1049,479,ESCON,7,5,6,3706,0,0,0,NA,0,051,BEAR VALLEY PY,BEETHOVEN DR,0,NA,Y,A,-,N,NA,NA,NA,NA,NA,NA,NA,NA,NA,N,3,0,1,2,A,-,12,21453,A,N,D,C,A,A,H,-,A,A,0,NA,NA,NA,NA,Y,NA,A,01,0,1,0,0,0,0,0,0,0,-,-,33.0689582824707,-117.06111907958984,SAN DIEGO,ESCONDIDO,-117.0609893798828,33.06918716430664
8139757,2016,2016-11-23,3711,2016-09-26,1900,6877,NA,1,5,7,3711,0,0,0,NA,0,723,PALM AV,DELCARDO AV,0,NA,Y,A,-,N,NA,NA,NA,NA,NA,NA,NA,NA,NA,Y,3,0,3,2,A,-,12,21453,A,N,A,C,A,A,H,-,C,A,0,NA,NA,NA,NA,Y,NA,-,NA,0,1,2,0,0,0,0,0,0,-,-,NA,NA,SAN DIEGO,SAN DIEGO,-117.04167011,32.58372002