CASE_ID,ACCIDENT_YEAR,PROC_DATE,JURIS,COLLISION_DATE,COLLISION_TIME,OFFICER_ID,REPORTING_DISTRICT,DAY_OF_WEEK,CHP_SHIFT,POPULATION,CNTY_CITY_LOC,SPECIAL_COND,BEAT_TYPE,CHP_BEAT_TYPE,CITY_DIVISION_LAPD,CHP_BEAT_CLASS,BEAT_NUMBER,PRIMARY_RD,SECONDARY_RD,DISTANCE,DIRECTION,INTERSECTION,WEATHER_1,WEATHER_2,STATE_HWY_IND,CALTRANS_COUNTY,CALTRANS_DISTRICT,STATE_ROUTE,ROUTE_SUFFIX,POSTMILE_PREFIX,POSTMILE,LOCATION_TYPE,RAMP_INTERSECTION,SIDE_OF_HWY,TOW_AWAY,COLLISION_SEVERITY,NUMBER_KILLED,NUMBER_INJURED,PARTY_COUNT,PRIMARY_COLL_FACTOR,PCF_CODE_OF_VIOL,PCF_VIOL_CATEGORY,PCF_VIOLATION,PCF_VIOL_SUBSECTION,HIT_AND_RUN,TYPE_OF_COLLISION,MVIW,PED_ACTION,ROAD_SURFACE,ROAD_COND_1,ROAD_COND_2,LIGHTING,CONTROL_DEVICE,CHP_ROAD_TYPE,PEDESTRIAN_ACCIDENT,BICYCLE_ACCIDENT,MOTORCYCLE_ACCIDENT,TRUCK_ACCIDENT,NOT_PRIVATE_PROPERTY,ALCOHOL_INVOLVED,STWD_VEHTYPE_AT_FAULT,CHP_VEHTYPE_AT_FAULT,COUNT_SEVERE_INJ,COUNT_VISIBLE_INJ,COUNT_COMPLAINT_PAIN,COUNT_PED_KILLED,COUNT_PED_INJURED,COUNT_BICYCLIST_KILLED,COUNT_BICYCLIST_INJURED,COUNT_MC_KILLED,COUNT_MC_INJURED,PRIMARY_RAMP,SECONDARY_RAMP,LATITUDE,LONGITUDE,COUNTY,CITY,POINT_X,POINT_Y
82255502,2023,2023-12-07,3706,2023-10-31,735,488,ESCON,2,5,6,3706,0,0,0,NA,0,055,09TH AV,QUINCE ST,30,E,N,A,-,N,NA,NA,NA,NA,NA,NA,NA,NA,NA,N,2,0,1,2,A,-,10,21950,A,N,G,B,B,A,H,-,A,A,0,Y,NA,NA,NA,Y,Y,D,22,1,0,0,0,1,0,0,0,0,-,-,33.11088180541992,-117.08355712890624,SAN DIEGO,ESCONDIDO,-117.0830307006836,33.111122131347656
82260421,2023,2023-12-13,3706,2023-12-02,2320,594,ESCON,6,5,6,3706,0,0,0,NA,0,041,EL NORTE PY,FIG ST,504,E,N,A,-,N,NA,NA,NA,NA,NA,NA,NA,NA,NA,Y,2,0,1,1,A,-,01,23152,A,N,E,I,A,A,H,-,C,D,0,NA,NA,NA,NA,Y,Y,A,01,1,0,0,0,0,0,0,0,0,-,-,33.142311096191406,-117.08135223388672,SAN DIEGO,ESCONDIDO,-117.07992553710938,33.14288330078125
82260429,2023,2023-12-13,3706,2023-12-07,2138,543,ESCON,4,5,6,3706,0,0,0,NA,0,045,VALLEY PY,QUINCE ST,0,NA,Y,A,-,N,NA,NA,NA,NA,NA,NA,NA,NA,NA,N,4,0,1,2,A,-,12,21453,A,N,D,C,A,A,H,-,C,A,0,NA,NA,NA,NA,Y,NA,A,01,0,0,1,0,0,0,0,0,0,-,-,33.11927032470703,-117.08885192871094,SAN DIEGO,ESCONDIDO,-117.08882904052734,33.119224548339844
82260702,2023,2023-12-13,3701,2023-10-29,1613,CB5547,069,7,5,5,3701,0,0,0,NA,0,006,CARLSBAD BL,ISLAND WY (W),118,N,N,A,-,N,NA,NA,NA,NA,NA,NA,NA,NA,NA,N,3,0,1,1,A,-,03,22350,NA,N,H,A,A,A,H,-,A,D,0,NA,NA,Y,NA,Y,NA,C,02,0,1,0,0,0,0,0,0,1,-,-,33.11211013793945,-117.32247161865234,SAN DIEGO,CARLSBAD,-117.32281494140624,33.112003326416016
82267785,2023,2023-12-21,3706,2023-12-17,1249,512,ESCON,7,5,6,3706,0,0,0,NA,0,043,COUNTRY CLUB LN,MONTEGO AV,0,NA,Y,A,-,N,NA,NA,NA,NA,NA,NA,NA,NA,NA,N,3,0,1,1,A,-,03,22350,NA,N,H,A,A,A,A,-,A,D,0,NA,Y,NA,NA,Y,NA,L,04,0,1,0,0,0,0,1,0,0,-,-,33.15739822387695,-117.10352325439452,SAN DIEGO,ESCONDIDO,-117.1035614013672,33.157440185546875
82267931,2023,2023-12-21,3701,2023-11-03,747,CB5497,101,5,5,5,3701,0,0,0,NA,0,007,AVIARA PY,AVIARA RESORT DR,581,W,N,A,-,N,NA,NA,NA,NA,NA,NA,NA,NA,NA,N,3,0,1,1,A,-,03,22350,NA,N,H,I,A,A,H,-,A,D,0,NA,Y,NA,NA,Y,NA,M,91,0,1,0,0,0,0,1,0,0,-,-,33.10361099243164,-117.28530120849608,SAN DIEGO,CARLSBAD,-117.28703308105467,33.104366302490234
82289973,2023,2024-01-18,3701,2023-12-19,1039,CB5591,NA,2,5,5,3701,0,0,0,NA,0,004,EL CAMINO REAL,PLAZA DR,10,N,N,B,-,N,NA,NA,NA,NA,NA,NA,NA,NA,NA,N,4,0,1,2,A,-,03,22350,NA,N,C,C,A,A,H,-,A,A,0,NA,NA,Y,NA,Y,NA,A,01,0,0,1,0,0,0,0,0,1,-,-,33.17940139770508,-117.32666778564452,SAN DIEGO,CARLSBAD,-117.32666015625,33.17935562133789
82310663,2024,2024-02-12,3706,2024-02-01,2111,559,NA,4,5,6,3706,0,0,0,NA,0,044,LINCOLN AV,MIDWAY DR,0,NA,Y,B,C,N,NA,NA,NA,NA,NA,NA,NA,NA,NA,Y,4,0,1,2,A,-,12,22450,A,N,D,C,A,B,H,-,D,A,0,NA,NA,NA,NA,Y,NA,A,01,0,0,1,0,0,0,0,0,0,-,-,33.1473388671875,-117.05880737304688,SAN DIEGO,ESCONDIDO,-117.0588607788086,33.14738845825195
82332029,2024,2024-03-07,3701,2024-02-21,1530,CB5517,030,3,5,5,3701,0,0,0,NA,0,004,EL CAMINO REAL,CHESTNUT AV,15,N,N,A,-,N,NA,NA,NA,NA,NA,NA,NA,NA,NA,N,3,0,1,2,A,-,04,21703,NA,N,C,C,A,A,H,-,A,A,0,NA,NA,NA,NA,Y,NA,A,01,0,1,0,0,0,0,0,0,0,-,-,33.16416931152344,-117.31999206542967,SAN DIEGO,CARLSBAD,-117.31986236572266,33.16423034667969
82337869,2024,2024-03-14,3701,2024-03-01,1945,CB5590,NA,5,5,5,3701,0,0,0,NA,0,007,POINSETTIA LN,ALICANTE RD,0,NA,Y,B,-,N,NA,NA,NA,NA,NA,NA,NA,NA,NA,Y,3,0,2,2,A,-,12,21453,A,N,A,C,A,A,H,-,C,A,0,NA,NA,NA,NA,Y,NA,A,01,0,2,0,0,0,0,0,0,0,-,-,33.11470031738281,-117.26065063476563,SAN DIEGO,CARLSBAD,-117.2607192993164,33.11467361450195
82342373,2024,2024-03-20,3706,2024-03-15,1503,540,NA,5,5,6,3706,0,0,0,NA,0,054,ASH ST,VALLEY PY,153,S,N,A,-,N,NA,NA,NA,NA,NA,NA,NA,NA,NA,N,4,0,1,2,A,-,03,22350,NA,N,C,C,A,A,H,-,A,A,0,NA,NA,NA,NA,Y,Y,A,01,0,0,1,0,0,0,0,0,0,-,-,33.13045120239258,-117.067138671875,SAN DIEGO,ESCONDIDO,-117.06706237792967,33.1304931640625
82351053,2024,2024-04-01,3701,2024-03-06,1831,CB5590,NA,3,5,5,3701,0,0,0,NA,0,008,CALLE BARCELONA,RANCHO SANTA FE RD,140,W,N,B,-,N,NA,NA,NA,NA,NA,NA,NA,NA,NA,Y,3,0,1,4,A,-,03,22350,NA,N,C,C,A,B,H,-,B,A,0,NA,NA,NA,NA,Y,NA,A,01,0,1,0,0,0,0,0,0,0,-,-,33.076290130615234,-117.239501953125,SAN DIEGO,CARLSBAD,-117.24267578125,33.07246780395508
82361688,2024,2024-04-11,3701,2024-04-02,1600,CB5607,053,2,5,5,3701,0,0,0,NA,0,005,FARADAY AV,WHIPTAIL LOOP (E),0,NA,Y,A,-,N,NA,NA,NA,NA,NA,NA,NA,NA,NA,N,3,0,1,2,A,-,03,22350,NA,N,B,G,A,A,H,-,A,A,0,NA,Y,NA,NA,Y,NA,A,07,0,1,0,0,0,0,1,0,0,-,-,33.13922119140625,-117.24960327148438,SAN DIEGO,CARLSBAD,-117.25506591796876,33.13866424560547
82373591,2024,2024-04-24,3706,2024-04-18,839,562,NA,4,5,6,3706,0,0,0,NA,0,042,BROADWAY,MISSION AV,322,N,N,B,-,N,NA,NA,NA,NA,NA,NA,NA,NA,NA,Y,4,0,1,2,A,-,09,21804,A,N,D,C,A,A,H,-,A,D,0,NA,NA,NA,NA,Y,NA,A,01,0,0,1,0,0,0,0,0,0,-,-,33.130401611328125,-117.08522033691406,SAN DIEGO,ESCONDIDO,-117.08570861816406,33.131187438964844
82374578,2024,2024-04-25,3706,2024-04-19,545,405,NA,5,5,6,3706,0,0,0,NA,0,045,ROCK SPRINGS RD,LINCOLN AV,13,N,N,A,-,N,NA,NA,NA,NA,NA,NA,NA,NA,NA,Y,4,0,1,2,A,-,12,22450,A,F,D,C,A,A,H,-,C,D,0,NA,NA,NA,NA,Y,NA,A,01,0,0,1,0,0,0,0,0,0,-,-,33.12992858886719,-117.09906768798828,SAN DIEGO,ESCONDIDO,-117.09911346435548,33.12995147705078
82384360,2024,2024-05-08,3706,2024-04-23,1009,445,NA,2,5,6,3706,0,0,0,NA,0,044,VALLEY PY,ROSE ST,120,E,N,B,-,N,NA,NA,NA,NA,NA,NA,NA,NA,NA,Y,3,0,4,4,A,-,03,22350,NA,N,B,C,F,A,H,-,A,A,0,Y,NA,NA,NA,Y,NA,A,07,0,3,1,0,1,0,0,0,0,-,-,33.133628845214844,-117.05967712402344,SAN DIEGO,ESCONDIDO,-117.05913543701172,33.134124755859375
82384383,2024,2024-05-08,3706,2024-05-02,2020,548,NA,4,5,6,3706,0,0,0,NA,0,043,EL NORTE PY,NUTMEG ST,0,NA,Y,A,-,N,NA,NA,NA,NA,NA,NA,NA,NA,NA,N,4,0,1,2,A,-,12,21453,A,N,D,C,A,A,H,-,C,A,0,NA,NA,NA,NA,Y,NA,A,01,0,0,1,0,0,0,0,0,0,-,-,33.14717102050781,-117.10880279541016,SAN DIEGO,ESCONDIDO,-117.10875701904295,33.14719772338867
82411120,2024,2024-06-12,3701,2024-06-01,2246,CB5566,NA,6,5,5,3701,0,0,0,NA,0,008,LA COSTA AV,EL CAMINO REAL,0,NA,Y,A,-,N,NA,NA,NA,NA,NA,NA,NA,NA,NA,Y,3,0,2,2,A,-,00,23153,F,N,D,C,A,A,H,-,C,A,0,NA,NA,NA,NA,Y,NA,A,01,0,2,0,0,0,0,0,0,0,-,-,33.08538055419922,-117.26850128173828,SAN DIEGO,CARLSBAD,-117.2684326171875,33.08540344238281
82425557,2024,2024-06-28,3706,2024-06-16,1537,1894,NA,7,5,6,3706,0,0,0,NA,0,042,VALLEY PY,FIG ST,0,NA,Y,A,-,N,NA,NA,NA,NA,NA,NA,NA,NA,NA,N,4,0,1,2,A,-,12,21453,A,N,D,C,A,A,H,-,A,A,0,NA,NA,NA,NA,Y,NA,A,01,0,0,1,0,0,0,0,0,0,-,-,33.12730026245117,-117.07407379150392,SAN DIEGO,ESCONDIDO,-117.07392120361328,33.127288818359375
82428167,2024,2024-07-02,3701,2024-06-06,524,CB5434,NA,4,5,5,3701,0,0,0,NA,0,006,CARLSBAD BL,SOLAMAR DR (W),883,N,N,B,-,N,NA,NA,NA,NA,NA,NA,NA,NA,NA,Y,2,0,1,1,A,-,03,22350,NA,N,E,I,A,A,H,-,B,D,0,NA,NA,NA,NA,Y,NA,A,01,1,0,0,0,0,0,0,0,0,-,-,33.12065124511719,-117.32723999023438,SAN DIEGO,CARLSBAD,-117.32833862304688,33.12289810180664
82428175,2024,2024-07-02,3701,2024-06-13,1311,CB5499,NA,4,5,5,3701,0,0,0,NA,0,007,ALICANTE RD,PAMPLONA WY,40,S,N,A,-,N,NA,NA,NA,NA,NA,NA,NA,NA,NA,N,2,0,1,2,A,-,09,21801,A,N,A,C,A,A,H,-,A,A,0,NA,NA,Y,NA,Y,NA,A,01,1,0,0,0,0,0,0,0,1,-,-,33.09619903564453,-117.25924682617188,SAN DIEGO,CARLSBAD,-117.25920867919922,33.096038818359375
82430519,2024,2024-07-04,3706,2024-06-25,1140,441,NA,2,5,6,3706,0,0,0,NA,0,043,EL NORTE PY,MORNING VIEW DR,5,W,N,A,-,N,NA,NA,NA,NA,NA,NA,NA,NA,NA,N,3,0,1,2,A,-,10,21950,A,N,G,B,B,A,H,-,A,A,0,Y,NA,NA,NA,Y,NA,D,22,0,1,0,0,1,0,0,0,0,-,-,33.143341064453125,-117.09632873535156,SAN DIEGO,ESCONDIDO,-117.09618377685548,33.14325714111328
82431895,2024,2024-07-08,3706,2024-06-22,1124,569,NA,6,5,6,3706,0,0,0,NA,0,043,EL NORTE PY,CENTRE CITY PY,657,W,N,A,-,N,NA,NA,NA,NA,NA,NA,NA,NA,NA,Y,4,0,1,2,A,-,09,21804,A,N,D,C,A,A,H,-,A,D,0,NA,NA,NA,NA,Y,NA,A,01,0,0,1,0,0,0,0,0,0,-,-,33.1397705078125,-117.09332275390624,SAN DIEGO,ESCONDIDO,-117.09473419189452,33.140960693359375
82431896,2024,2024-07-08,3706,2024-06-29,2239,593,NA,6,5,6,3706,0,0,0,NA,0,041,EL NORTE PY,ASH ST,30,W,N,A,-,N,NA,NA,NA,NA,NA,NA,NA,NA,NA,Y,4,0,3,2,A,-,01,23152,A,N,C,C,A,A,H,-,C,A,0,NA,NA,NA,NA,Y,Y,A,01,0,0,3,0,0,0,0,0,0,-,-,33.1439094543457,-117.07801818847656,SAN DIEGO,ESCONDIDO,-117.07810974121094,33.143836975097656
82435579,2024,2024-07-11,3706,2024-06-08,1543,424,NA,6,5,6,3706,0,0,0,NA,0,042,ESCONDIDO BL,MISSION AV,0,NA,Y,A,-,N,NA,NA,NA,NA,NA,NA,NA,NA,NA,Y,4,0,2,2,B,-,22,NA,NA,N,D,C,A,A,H,-,A,A,0,NA,NA,NA,NA,Y,NA,J,48,0,0,2,0,0,0,0,0,0,-,-,33.12902069091797,-117.08934783935548,SAN DIEGO,ESCONDIDO,-117.08937072753906,33.12908935546875
82438239,2024,2024-07-15,3706,2024-07-06,856,570,NA,6,5,6,3706,0,0,0,NA,0,042,VALLEY PY,FIG ST,0,NA,Y,A,-,N,NA,NA,NA,NA,NA,NA,NA,NA,NA,Y,3,0,1,2,A,-,12,21453,A,N,D,C,A,A,H,-,A,A,0,NA,NA,NA,NA,Y,NA,A,07,0,1,0,0,0,0,0,0,0,-,-,33.12730026245117,-117.07407379150392,SAN DIEGO,ESCONDIDO,-117.07392120361328,33.127288818359375
8280475,2016,2017-01-13,3700,2016-12-12,1255,SH0029,NA,1,5,5,3713,0,0,0,NA,0,308,EMERALD DR,LEWIS ST,0,NA,Y,A,-,N,NA,NA,NA,NA,NA,NA,NA,NA,NA,Y,4,0,1,2,A,-,09,21802,A,N,D,C,A,A,H,-,A,D,0,NA,NA,NA,NA,Y,NA,A,01,0,0,1,0,0,0,0,0,0,-,-,NA,NA,SAN DIEGO,VISTA,-117.27948,33.19570009
8280789,2016,2017-02-22,3710,2016-12-13,1338,OC1433,NA,2,5,6,3710,0,0,0,NA,0,008,SOUTH COAST HWY,WEST ST,63,S,N,A,-,N,NA,NA,NA,NA,NA,NA,NA,NA,NA,Y,4,0,1,2,A,-,06,21751,NA,N,C,C,A,A,H,-,B,D,0,NA,NA,NA,NA,Y,NA,A,01,0,0,1,0,0,0,0,0,0,-,-,NA,NA,SAN DIEGO,OCEANSIDE,-117.37174177,33.18655888
8282305,2016,2017-01-31,3702,2016-12-14,0707,CV0986,NA,3,5,6,3702,0,0,0,NA,0,022,L ST,4TH AV,0,NA,Y,A,-,N,NA,NA,NA,NA,NA,NA,NA,NA,NA,Y,4,0,1,2,A,-,12,21453,A,N,D,C,A,A,H,-,A,A,0,NA,NA,NA,NA,Y,NA,D,22,0,0,1,0,0,0,0,0,0,-,-,NA,NA,SAN DIEGO,CHULA VISTA,-117.07590012,32.61945002
8282413,2017,2017-01-30,3711,2017-01-09,1216,4274,NA,1,5,7,3711,0,0,0,NA,0,313,COMPLEX DR,KEARNY VILLA WY,1190,E,N,B,-,N,NA,NA,NA,NA,NA,NA,NA,NA,NA,Y,4,0,2,2,A,-,09,21801,A,N,-,C,A,B,H,-,A,D,0,NA,NA,NA,NA,Y,NA,-,NA,0,0,2,0,0,0,0,0,0,-,-,NA,NA,SAN DIEGO,SAN DIEGO,-117.1363349,32.82999291
8282781,2017,2018-02-12,3711,2017-01-04,1828,7556,SANDI,3,5,7,3711,0,0,0,NA,0,NA,POWAY RD,RT 15,0,NA,Y,A,-,Y,SD,11,15,-,M,18.312,R,4,N,Y,4,0,1,1,A,-,08,22107,NA,N,B,I,A,A,H,-,C,D,0,NA,NA,NA,NA,Y,NA,A,07,0,0,1,0,0,0,0,0,0,-,-,NA,NA,SAN DIEGO,SAN DIEGO,-117.10438883,32.94999258
8283203,2016,2017-02-06,3702,2016-12-24,1217,CV1079,NA,6,5,6,3702,0,0,0,NA,0,021,BROADWAY,L ST,50,S,N,A,-,N,NA,NA,NA,NA,NA,NA,NA,NA,NA,N,4,0,1,2,A,-,03,22350,NA,M,C,C,A,A,H,-,A,A,0,NA,NA,NA,NA,Y,NA,-,NA,0,0,1,0,0,0,0,0,0,-,-,NA,NA,SAN DIEGO,CHULA VISTA,-117.08406872,32.61702338
8286720,2017,2017-01-25,3701,2017-01-11,1631,5497,61,3,5,5,3701,0,0,0,NA,0,005,FARADAY AV,NEWTON DR,0,NA,Y,A,-,N,NA,NA,NA,NA,NA,NA,NA,NA,NA,Y,4,0,1,2,A,-,09,21802,A,N,D,C,A,B,H,-,B,A,0,NA,NA,NA,NA,Y,NA,A,01,0,0,1,0,0,0,0,0,0,-,-,33.1381,-117.29049,SAN DIEGO,CARLSBAD,-117.29047002,33.13790006
8286900,2017,2017-01-25,3711,2017-01-09,1330,6180,NA,1,5,7,3711,0,0,0,NA,0,936,CARMEL VALLEY RD,TORREY DEL MAR DR,0,NA,Y,B,-,N,NA,NA,NA,NA,NA,NA,NA,NA,NA,Y,4,0,1,2,A,-,12,21453,A,N,-,C,A,B,H,-,A,-,0,NA,NA,NA,NA,Y,NA,A,01,0,0,1,0,0,0,0,0,0,-,-,NA,NA,SAN DIEGO,SAN DIEGO,-117.16196011,32.97065008
8288779,2017,2017-04-14,3700,2017-02-02,0829,SH0287,NA,4,5,5,3782,0,0,0,NA,0,223,NORTH EL CAMINO REAL,GARDEN VIEW,1130,N,N,A,-,N,NA,NA,NA,NA,NA,NA,NA,NA,NA,Y,3,0,1,1,A,-,08,22107,NA,N,E,I,A,A,H,-,A,D,0,NA,NA,NA,NA,Y,NA,A,01,0,1,0,0,0,0,0,0,0,-,-,NA,NA,SAN DIEGO,ENCINITAS,-117.26286445,33.06162512
8289911,2017,2017-02-02,3700,2017-01-20,0615,SH2439,NA,5,5,5,3713,0,0,0,NA,0,319,LONGHORN DR,SOUTH MELROSE DR,5,W,N,C,-,N,NA,NA,NA,NA,NA,NA,NA,NA,NA,N,4,0,1,2,A,-,10,21950,A,N,G,B,C,B,H,-,C,A,0,Y,NA,NA,NA,Y,NA,D,22,0,0,1,0,1,0,0,0,0,-,-,NA,NA,SAN DIEGO,VISTA,-117.24572545,33.16470567
8291033,2017,2018-04-27,3711,2017-01-10,1306,7329,SDPD,2,5,7,3711,0,0,0,NA,0,713,BRITANNIA BL,RT 905,4,W,N,B,-,Y,SD,11,905,-,R,8.925,R,4,E,Y,4,0,1,2,A,-,12,21453,A,N,-,C,A,A,H,-,A,A,0,NA,NA,NA,NA,Y,NA,-,NA,0,0,1,0,0,0,0,0,0,-,EO,NA,NA,SAN DIEGO,SAN DIEGO,-116.97744413,32.56411972
8292036,2017,2017-01-26,3706,2017-01-06,1427,223,ESCON,5,5,6,3706,0,0,0,NA,0,045,9TH AV,HALE AV,650,S,N,A,-,N,NA,NA,NA,NA,NA,NA,NA,NA,NA,N,3,0,1,2,A,-,03,22350,NA,N,C,C,A,A,H,-,A,D,0,NA,NA,Y,NA,Y,NA,C,02,0,1,0,0,0,0,0,0,1,-,-,33.11211,-117.10696,SAN DIEGO,ESCONDIDO,-117.10528379,33.11144706
8292766,2017,2017-07-19,3711,2017-06-27,1650,7344,NA,2,5,7,3711,0,0,0,NA,0,838,EL CAJON BL,EL CAJON BL 3400,0,NA,N,A,-,N,NA,NA,NA,NA,NA,NA,NA,NA,NA,Y,4,0,1,2,A,-,08,22107,NA,N,B,C,A,A,H,-,A,D,0,NA,NA,NA,NA,Y,NA,-,NA,0,0,1,0,0,0,0,0,0,-,-,NA,NA,SAN DIEGO,SAN DIEGO,-117.11967051,32.75531087
8293001,2016,2017-01-31,3705,2016-12-24,2055,EC0163,NA,6,5,5,3705,0,0,0,NA,0,007,PEACH,MOLLISON,851,E,N,B,-,N,NA,NA,NA,NA,NA,NA,NA,NA,NA,Y,3,0,3,2,A,-,09,21800,A,N,D,C,A,B,H,-,C,D,0,NA,NA,NA,NA,Y,NA,A,01,0,1,2,0,0,0,0,0,0,-,-,NA,NA,SAN DIEGO,EL CAJON,-116.94822033,32.80657058
8295322,2017,2017-02-07,3711,2017-01-18,1242,7475,SDSC,3,5,7,3711,0,0,0,NA,0,438,PARADISE VALLEY RD,SOUTH WOODMAN ST,15,E,N,A,-,N,NA,NA,NA,NA,NA,NA,NA,NA,NA,N,4,0,1,2,A,-,03,22350,NA,N,C,C,A,A,H,-,A,A,0,NA,NA,NA,NA,Y,NA,A,01,0,0,1,0,0,0,0,0,0,-,-,NA,NA,SAN DIEGO,SAN DIEGO,-117.04644424,32.68899381
8295349,2017,2017-02-07,3711,2017-01-24,0801,4923,NA,2,5,7,3711,0,0,0,NA,0,242,MIRA MESA BL,CAMINO SANTA FE,40,E,N,A,-,N,NA,NA,NA,NA,NA,NA,NA,NA,NA,N,4,0,1,2,A,-,03,22350,NA,N,C,C,A,B,H,-,A,A,0,NA,NA,NA,NA,Y,NA,-,NA,0,0,1,0,0,0,0,0,0,-,-,NA,NA,SAN DIEGO,SAN DIEGO,-117.1712915,32.90763606
8296820,2017,2017-02-10,3700,2017-01-04,1445,SH6530,NA,3,5,5,3713,0,0,0,NA,0,312,LONGHORN DR,SOUTH MELROSE DR,37,W,N,A,-,N,NA,NA,NA,NA,NA,NA,NA,NA,NA,N,4,0,1,2,A,-,11,21954,A,N,G,B,D,A,H,-,A,A,0,Y,NA,NA,NA,Y,NA,N,60,0,0,1,0,1,0,0,0,0,-,-,NA,NA,SAN DIEGO,VISTA,-117.24582435,33.16467798
8300559,2016,2017-02-07,3711,2016-11-29,1500,5418,3711,2,5,7,3711,0,0,0,NA,0,721,PALM AV,SATURN,150,E,N,A,-,N,NA,NA,NA,NA,NA,NA,NA,NA,NA,Y,3,0,1,2,A,-,08,22101,D,N,D,C,A,A,H,-,A,A,0,NA,NA,NA,NA,Y,NA,-,NA,0,1,0,0,0,0,0,0,0,-,-,NA,NA,SAN DIEGO,SAN DIEGO,-117.09214482,32.58374951
8300818,2017,2017-02-09,3706,2017-01-24,1650,393,ESPD,2,5,6,3706,0,0,0,NA,0,051,BEAR VALLEY PKWY,SAN PASQUAL RD,60,S,N,A,-,N,NA,NA,NA,NA,NA,NA,NA,NA,NA,N,4,0,1,2,A,-,03,22350,NA,N,C,C,A,B,H,-,A,A,0,NA,NA,NA,NA,Y,NA,D,22,0,0,1,0,0,0,0,0,0,-,-,NA,NA,SAN DIEGO,ESCONDIDO,-117.05900333,33.07363455
8301001,2017,2017-02-09,3710,2017-01-17,1837,OC1410,NA,2,5,6,3710,0,0,0,NA,0,010,MISSION AV,SAN DIEGO ST,415,W,N,A,-,N,NA,NA,NA,NA,NA,NA,NA,NA,NA,N,4,0,1,2,A,-,11,21955,NA,N,G,B,D,A,H,-,C,A,0,Y,NA,NA,NA,Y,NA,N,60,0,0,1,0,1,0,0,0,0,-,-,NA,NA,SAN DIEGO,OCEANSIDE,-117.37022987,33.20119507
8301012,2017,2017-02-16,3706,2017-01-18,0940,501,ESCON,3,5,6,3706,0,0,0,NA,0,044,VALLEY PKWY,HARDING ST,0,NA,Y,A,-,N,NA,NA,NA,NA,NA,NA,NA,NA,NA,Y,4,0,1,2,A,-,12,21453,A,N,D,C,A,A,H,-,A,A,0,NA,NA,NA,NA,Y,NA,-,-,0,0,1,0,0,0,0,0,0,-,-,NA,NA,SAN DIEGO,ESCONDIDO,-117.06357012,33.13207005
8304032,2017,2017-03-23,3711,2017-01-30,1636,7050,NA,1,5,7,3711,0,0,0,NA,0,234,PASEO DEL VERANO N,POMERADO RD,30,E,N,A,-,N,NA,NA,NA,NA,NA,NA,NA,NA,NA,Y,4,0,1,1,A,-,08,22107,NA,N,E,I,A,A,H,-,A,A,0,NA,NA,NA,NA,Y,Y,A,01,0,0,1,0,0,0,0,0,0,-,-,NA,NA,SAN DIEGO,SAN DIEGO,-117.05933404,33.02864524
8304044,2017,2017-03-22,3711,2017-01-28,0853,6532,NA,6,5,7,3711,0,0,0,NA,0,611,PACIFIC HWY,WITHERBY ST,0,NA,Y,A,-,N,NA,NA,NA,NA,NA,NA,NA,NA,NA,Y,4,0,1,2,A,-,08,22107,NA,N,C,C,A,A,H,-,A,D,0,NA,NA,NA,NA,Y,NA,A,01,0,0,1,0,0,0,0,0,0,-,-,NA,NA,SAN DIEGO,SAN DIEGO,-117.19349007,32.74457002
8304139,2017,2017-02-08,3711,2017-01-29,1652,7431,SD,7,5,7,3711,0,0,0,NA,0,315,FRIARS RD,FRIARS RD  7600,0,NA,N,A,-,N,NA,NA,NA,NA,NA,NA,NA,NA,NA,N,4,0,1,2,A,-,04,21703,NA,N,A,C,A,A,H,-,B,D,0,NA,NA,NA,NA,Y,NA,-,NA,0,0,1,0,0,0,0,0,0,-,-,NA,NA,SAN DIEGO,SAN DIEGO,-117.15739667,32.77279089
8304920,2017,2017-02-15,3711,2017-01-17,1920,7425,NA,2,5,7,3711,0,0,0,NA,0,112,GENESEE AV,MOUNT ETNA DR,10,S,N,A,-,N,NA,NA,NA,NA,NA,NA,NA,NA,NA,N,3,0,1,3,A,-,10,21950,A,N,G,B,B,A,H,-,C,A,0,Y,NA,NA,NA,Y,NA,D,22,0,1,0,0,1,0,0,0,0,-,-,NA,NA,SAN DIEGO,SAN DIEGO,-117.1830379,32.82133458
8305471,2017,2017-02-27,3711,2017-01-30,1150,7448,SD,1,5,7,3711,0,0,0,NA,0,937,CAMINO DEL SUR,PASEO DEL SUR,0,NA,Y,A,-,N,NA,NA,NA,NA,NA,NA,NA,NA,NA,Y,3,0,2,2,A,-,12,21453,A,N,D,C,A,A,H,-,A,A,0,NA,NA,NA,NA,Y,NA,-,NA,0,1,1,0,0,0,0,0,0,-,-,NA,NA,SAN DIEGO,SAN DIEGO,-117.1473201,33.01307008
8305687,2017,2017-02-16,3711,2017-02-02,1557,3827,NA,4,5,7,3711,0,0,0,NA,0,111,GENESEE AV,GENESEE CT E,0,NA,Y,B,-,N,NA,NA,NA,NA,NA,NA,NA,NA,NA,Y,3,0,3,2,A,-,09,21453,B,N,A,C,A,A,H,-,A,A,0,NA,NA,NA,NA,Y,NA,-,NA,0,2,1,0,0,0,0,0,0,-,-,NA,NA,SAN DIEGO,SAN DIEGO,-117.17935005,32.81419009