CASE_ID,ACCIDENT_YEAR,PROC_DATE,JURIS,COLLISION_DATE,COLLISION_TIME,OFFICER_ID,REPORTING_DISTRICT,DAY_OF_WEEK,CHP_SHIFT,POPULATION,CNTY_CITY_LOC,SPECIAL_COND,BEAT_TYPE,CHP_BEAT_TYPE,CITY_DIVISION_LAPD,CHP_BEAT_CLASS,BEAT_NUMBER,PRIMARY_RD,SECONDARY_RD,DISTANCE,DIRECTION,INTERSECTION,WEATHER_1,WEATHER_2,STATE_HWY_IND,CALTRANS_COUNTY,CALTRANS_DISTRICT,STATE_ROUTE,ROUTE_SUFFIX,POSTMILE_PREFIX,POSTMILE,LOCATION_TYPE,RAMP_INTERSECTION,SIDE_OF_HWY,TOW_AWAY,COLLISION_SEVERITY,NUMBER_KILLED,NUMBER_INJURED,PARTY_COUNT,PRIMARY_COLL_FACTOR,PCF_CODE_OF_VIOL,PCF_VIOL_CATEGORY,PCF_VIOLATION,PCF_VIOL_SUBSECTION,HIT_AND_RUN,TYPE_OF_COLLISION,MVIW,PED_ACTION,ROAD_SURFACE,ROAD_COND_1,ROAD_COND_2,LIGHTING,CONTROL_DEVICE,CHP_ROAD_TYPE,PEDESTRIAN_ACCIDENT,BICYCLE_ACCIDENT,MOTORCYCLE_ACCIDENT,TRUCK_ACCIDENT,NOT_PRIVATE_PROPERTY,ALCOHOL_INVOLVED,STWD_VEHTYPE_AT_FAULT,CHP_VEHTYPE_AT_FAULT,COUNT_SEVERE_INJ,COUNT_VISIBLE_INJ,COUNT_COMPLAINT_PAIN,COUNT_PED_KILLED,COUNT_PED_INJURED,COUNT_BICYCLIST_KILLED,COUNT_BICYCLIST_INJURED,COUNT_MC_KILLED,COUNT_MC_INJURED,PRIMARY_RAMP,SECONDARY_RAMP,LATITUDE,LONGITUDE,COUNTY,CITY,POINT_X,POINT_Y
8694749,2018,2018-09-18,3711,2018-08-29,0929,7486,NA,3,5,7,3711,0,0,0,NA,0,903,EAST SAN YSIDRO BL,WILLOW RD,0,NA,-,A,-,N,NA,NA,NA,NA,NA,NA,NA,NA,NA,Y,4,0,4,4,A,-,04,21703,NA,N,C,C,A,A,H,-,A,A,0,NA,NA,NA,NA,Y,NA,A,07,0,0,4,0,0,0,0,0,0,-,-,32.552059173583984,-117.04266357421876,SAN DIEGO,SAN DIEGO,-117.04232025146484,32.552059173583984
8694760,2018,2018-10-11,3711,2018-09-05,1330,7173,CENTA,3,5,7,3711,0,0,0,NA,0,517,25TH ST,BROADWAY,22,N,N,A,-,N,NA,NA,NA,NA,NA,NA,NA,NA,NA,N,4,0,2,2,A,-,03,22350,NA,N,D,E,A,A,-,-,A,D,0,NA,NA,NA,Y,Y,NA,A,01,0,0,2,0,0,0,0,0,0,-,-,NA,NA,SAN DIEGO,SAN DIEGO,-117.14028167724608,32.71588134765625
8694834,2018,2018-09-19,3711,2018-08-27,1255,6151,NA,1,5,7,3711,0,0,0,NA,0,312,WEST HILLS PKWY,CARLTON OAKS DR,0,NA,Y,A,-,N,NA,NA,NA,NA,NA,NA,NA,NA,NA,Y,3,0,1,2,A,-,12,21453,A,N,D,C,A,A,H,-,A,A,0,NA,NA,NA,NA,Y,NA,A,01,0,1,0,0,0,0,0,0,0,-,-,32.84223175048828,-117.0234375,SAN DIEGO,SAN DIEGO,-117.0234832763672,32.84217834472656
8695036,2018,2018-09-28,3711,2018-08-26,0957,7690,SD,7,5,7,3711,0,0,0,NA,0,122,MISSION AV,EMERALD CT,37,N,N,A,-,N,NA,NA,NA,NA,NA,NA,NA,NA,NA,N,3,0,3,3,A,-,10,21950,A,N,G,B,B,A,H,-,C,A,0,Y,NA,NA,NA,Y,Y,A,01,0,2,1,0,2,0,0,0,0,-,-,NA,NA,SAN DIEGO,SAN DIEGO,-117.25595092773438,32.79807662963867
8695609,2018,2018-09-24,3711,2018-08-30,1300,7341,NA,4,5,7,3711,0,0,0,NA,0,122,GRAND AV,CASS ST,0,NA,Y,A,-,N,NA,NA,NA,NA,NA,NA,NA,NA,NA,Y,4,0,1,3,A,-,06,21750,NA,N,B,C,A,A,H,-,A,A,0,NA,NA,NA,NA,Y,NA,-,NA,0,0,1,0,0,0,0,0,0,-,-,NA,NA,SAN DIEGO,SAN DIEGO,-117.25125885009766,32.795528411865234
8695655,2018,2018-09-21,3711,2018-08-29,2202,4310,NA,3,5,7,3711,0,0,0,NA,0,521,10TH AV,G ST,0,NA,Y,A,-,N,NA,NA,NA,NA,NA,NA,NA,NA,NA,Y,4,0,3,2,C,-,18,NA,NA,N,D,C,A,A,H,-,C,A,0,NA,NA,NA,NA,Y,NA,-,-,0,0,3,0,0,0,0,0,0,-,-,NA,NA,SAN DIEGO,SAN DIEGO,-117.15557861328124,32.712589263916016
8697543,2018,2018-09-26,3711,2018-09-04,2025,5672,NA,2,5,7,3711,0,0,0,NA,0,315,FRIARS RD,RT 163,0,NA,Y,B,-,N,NA,NA,NA,NA,NA,NA,NA,NA,NA,Y,3,0,1,2,A,-,17,21451,A,N,A,C,A,A,H,-,C,A,0,NA,NA,NA,NA,Y,NA,-,NA,0,1,0,0,0,0,0,0,0,-,NO,NA,NA,SAN DIEGO,SAN DIEGO,-117.1614227294922,32.771549224853516
8699078,2018,2018-09-27,3700,2018-09-09,2302,SH3742,NA,7,5,5,3712,0,0,0,NA,0,357,SOUTH TWIN OAKS VALLEY RD,E CARMEL ST,0,NA,Y,A,-,N,NA,NA,NA,NA,NA,NA,NA,NA,NA,N,3,0,1,2,A,-,08,22107,NA,N,B,C,A,A,H,-,C,A,0,NA,NA,Y,NA,Y,NA,A,01,0,1,0,0,0,0,0,0,1,-,-,NA,NA,SAN DIEGO,SAN MARCOS,-117.16385650634766,33.1355094909668
8699290,2018,2018-10-09,3711,2018-09-05,1312,6798,NA,3,5,7,3711,0,0,0,NA,0,451,FEDERAL BL,EUCLID AV,1,W,N,A,-,N,NA,NA,NA,NA,NA,NA,NA,NA,NA,N,4,0,1,2,A,-,04,21703,A,N,-,C,A,A,H,-,A,A,0,NA,NA,NA,NA,Y,NA,-,NA,0,0,1,0,0,0,0,0,0,-,-,NA,NA,SAN DIEGO,SAN DIEGO,-117.08495330810548,32.72142028808594
8699316,2018,2019-01-22,3711,2018-09-06,1610,7734,NA,4,5,7,3711,0,0,0,NA,0,523,F ST,5TH AV,8,W,N,A,-,N,NA,NA,NA,NA,NA,NA,NA,NA,NA,N,3,0,1,2,A,-,12,21453,A,N,B,C,A,A,H,-,A,A,0,NA,Y,NA,NA,Y,NA,L,04,0,1,0,0,0,0,1,0,0,-,-,NA,NA,SAN DIEGO,SAN DIEGO,-117.1601791381836,32.713619232177734
8699347,2018,2018-10-15,3711,2018-09-12,2023,7423,NA,3,5,7,3711,0,0,0,NA,0,623,HOTEL CIRCLE SOUTH,HOTEL CIRCLE,12,E,N,A,-,N,NA,NA,NA,NA,NA,NA,NA,NA,NA,N,4,0,1,2,A,-,04,21703,NA,N,C,C,A,A,H,-,C,D,0,NA,NA,NA,NA,Y,Y,A,01,0,0,1,0,0,0,0,0,0,-,-,NA,NA,SAN DIEGO,SAN DIEGO,-117.1902313232422,32.75931167602539
8699351,2018,2018-10-15,3711,2018-09-13,0600,7378,NA,4,5,7,3711,0,0,0,NA,0,821,70TH ST,EL CAJON BL,0,N,N,A,-,N,NA,NA,NA,NA,NA,NA,NA,NA,NA,N,4,0,1,2,A,-,09,21453,C,N,G,B,B,A,H,-,B,A,0,Y,NA,NA,NA,Y,NA,A,01,0,0,1,0,1,0,0,0,0,-,-,NA,NA,SAN DIEGO,SAN DIEGO,-117.0470962524414,32.768699645996094
8699681,2018,2018-09-27,3702,2018-08-27,1435,CV1079,NA,1,5,6,3702,0,0,0,NA,0,023,MARIA WY,EAST L ST,34,S,N,A,-,N,NA,NA,NA,NA,NA,NA,NA,NA,NA,Y,4,0,2,1,A,-,08,22107,NA,N,A,J,A,A,H,-,A,D,0,NA,NA,NA,NA,Y,NA,A,01,0,0,2,0,0,0,0,0,0,-,-,NA,NA,SAN DIEGO,CHULA VISTA,-117.05017852783205,32.62663269042969
8699690,2018,2018-10-02,3702,2018-08-19,1055,CV1174,NA,7,5,6,3702,0,0,0,NA,0,024,MAIN ST,3RD AV,300,W,N,A,-,N,NA,NA,NA,NA,NA,NA,NA,NA,NA,N,4,0,1,2,D,-,00,NA,NA,F,C,C,A,A,H,-,A,D,0,NA,NA,NA,NA,Y,NA,-,-,0,0,1,0,0,0,0,0,0,-,-,NA,NA,SAN DIEGO,CHULA VISTA,-117.06548309326172,32.59477615356445
8699717,2018,2018-09-27,3702,2018-08-16,1017,CV0982,NA,4,5,6,3702,0,0,0,NA,0,024,MAIN ST,HILLTOP DR,64,E,N,A,-,N,NA,NA,NA,NA,NA,NA,NA,NA,NA,Y,4,0,1,2,A,-,03,22350,NA,M,A,I,F,A,H,-,A,D,0,Y,NA,NA,NA,Y,NA,A,01,0,0,1,0,1,0,0,0,0,-,-,NA,NA,SAN DIEGO,CHULA VISTA,-117.05133056640624,32.5947151184082
8699754,2018,2018-10-02,3702,2018-08-30,1652,CV0935,NA,4,5,6,3702,0,0,0,NA,0,011,E ST,WOODLAWN AV,150,W,N,A,-,N,NA,NA,NA,NA,NA,NA,NA,NA,NA,N,4,0,1,2,A,-,04,21703,NA,N,C,C,A,A,H,-,A,D,0,NA,NA,NA,NA,Y,NA,A,01,0,0,1,0,0,0,0,0,0,-,-,NA,NA,SAN DIEGO,CHULA VISTA,-117.09803771972656,32.64006042480469
8700983,2018,2018-10-10,3709,2018-08-21,2319,NC0496,NA,2,5,5,3709,0,0,0,NA,0,023,HIGHLAND AV,HIGHLAND AV 2500,0,NA,-,A,-,N,NA,NA,NA,NA,NA,NA,NA,NA,NA,N,2,0,1,2,A,-,11,21950,B,N,G,B,D,A,H,-,C,D,0,Y,NA,NA,NA,Y,NA,N,60,1,0,0,0,1,0,0,0,0,-,-,NA,NA,SAN DIEGO,NATIONAL CITY,-117.09295481,32.6633268
8701052,2018,2018-10-24,3705,2018-08-06,1325,EC0370,NA,1,5,5,3705,0,0,0,NA,0,001,BROADWAY,BALLANTYNE,86,E,N,A,-,N,NA,NA,NA,NA,NA,NA,NA,NA,NA,N,4,0,1,2,A,-,03,22350,NA,N,C,C,A,A,H,-,A,D,0,NA,NA,NA,NA,Y,NA,A,01,0,0,1,0,0,0,0,0,0,-,-,NA,NA,SAN DIEGO,EL CAJON,-116.95786285400392,32.80767822265625
8703160,2018,2018-10-12,3708,2018-09-24,0454,LM1244,NA,1,5,5,3708,0,0,0,NA,0,001,SPRING ST,HIGH ST,0,NA,Y,A,-,N,NA,NA,NA,NA,NA,NA,NA,NA,NA,N,4,0,1,2,A,-,11,21456,B,N,G,B,B,A,H,-,C,A,0,Y,NA,NA,NA,Y,NA,N,60,0,0,1,0,1,0,0,0,0,-,-,NA,NA,SAN DIEGO,LA MESA,-117.01654815673828,32.75736999511719
8703766,2018,2018-10-03,3711,2018-09-08,2032,7023,NA,6,5,7,3711,0,0,0,NA,0,434,JAMACHA RD,CAR ST,420,W,N,A,-,N,NA,NA,NA,NA,NA,NA,NA,NA,NA,Y,4,0,1,3,A,-,03,22350,NA,N,C,C,A,A,H,-,C,D,0,NA,NA,NA,NA,Y,Y,A,01,0,0,1,0,0,0,0,0,0,-,-,NA,NA,SAN DIEGO,SAN DIEGO,-117.02860260009766,32.71646499633789
8703775,2018,2018-10-05,3711,2018-08-29,1725,7281,SANDI,3,5,7,3711,0,0,0,NA,0,526,6TH AV,ASH ST,6,S,N,A,-,N,NA,NA,NA,NA,NA,NA,NA,NA,NA,N,3,0,1,2,A,-,-,NA,NA,N,G,B,B,A,H,-,A,A,0,Y,NA,NA,NA,Y,NA,A,01,0,1,0,0,1,0,0,0,0,-,-,NA,NA,SAN DIEGO,SAN DIEGO,-117.15927886962892,32.71987533569336
8705587,2018,2018-10-23,3706,2018-09-13,1900,1846,NA,4,5,6,3706,0,0,0,NA,0,NA,FELICITA AV,JUNIPER ST,242,W,N,A,-,N,NA,NA,NA,NA,NA,NA,NA,NA,NA,N,4,0,1,2,A,-,03,22350,NA,N,C,C,A,A,H,-,B,D,0,NA,NA,NA,NA,Y,Y,A,01,0,0,1,0,0,0,0,0,0,-,-,33.10683059692383,-117.0686492919922,SAN DIEGO,ESCONDIDO,-117.0693588256836,33.10649871826172
8706171,2018,2018-10-30,3711,2018-08-23,1705,7446,NA,4,5,7,3711,0,0,0,NA,0,713,OTAY MESA RD,RT 125,10,W,N,A,-,Y,SD,11,125,-,L,1.063,R,4,S,N,4,0,1,2,A,-,12,22450,A,N,D,D,A,A,H,-,A,A,0,NA,NA,NA,NA,Y,NA,-,NA,0,0,1,0,0,0,0,0,0,-,SF,NA,NA,SAN DIEGO,SAN DIEGO,-116.95002746582033,32.56951904296875
8707312,2018,2018-10-10,3706,2018-08-21,2352,520,ESCON,2,5,6,3706,0,0,0,NA,0,045,AUTO PARK WY,CITRACADO PKWY,242,S,N,A,-,N,NA,NA,NA,NA,NA,NA,NA,NA,NA,Y,4,0,1,1,A,-,08,22107,NA,N,E,I,A,A,H,-,C,D,0,NA,NA,NA,NA,Y,NA,A,01,0,0,1,0,0,0,0,0,0,-,-,33.12820053100586,-117.12310028076172,SAN DIEGO,ESCONDIDO,-117.1230697631836,33.129886627197266
8707794,2018,2018-10-10,3711,2018-09-24,1355,5365,NA,1,5,7,3711,0,0,0,NA,0,115,LA JOLLA VILLAGE DR,LEBON DR,72,E,N,B,-,N,NA,NA,NA,NA,NA,NA,NA,NA,NA,Y,3,0,1,1,A,-,03,22350,NA,N,H,J,A,A,A,-,A,D,0,NA,NA,Y,NA,Y,NA,C,02,0,1,0,0,0,0,0,0,1,-,-,NA,NA,SAN DIEGO,SAN DIEGO,-117.22341918945313,32.870758056640625
8707798,2018,2018-10-10,3711,2018-09-25,1030,6614,NA,2,5,7,3711,0,0,0,NA,0,124,PEARL ST,EADS AV,30,N,N,A,-,N,NA,NA,NA,NA,NA,NA,NA,NA,NA,N,4,0,1,2,A,-,09,21801,A,N,B,G,A,A,H,-,A,A,0,NA,Y,NA,NA,Y,NA,D,22,0,0,1,0,0,0,1,0,0,-,-,NA,NA,SAN DIEGO,SAN DIEGO,-117.27481842041016,32.83997344970703
8707943,2018,2018-10-22,3710,2018-08-01,2338,OC1422,021,3,5,6,3710,0,0,0,NA,0,008,COLLEGE BL,RT 76,0,NA,Y,A,-,Y,SD,11,76,-,R,6.207,I,5,E,Y,4,0,1,2,A,-,04,21703,NA,N,C,C,A,A,H,-,C,D,0,NA,NA,NA,NA,Y,NA,D,22,0,0,1,0,0,0,0,0,0,-,-,NA,NA,SAN DIEGO,OCEANSIDE,-117.28978729248048,33.24363708496094
8708734,2018,2018-10-24,3711,2018-09-26,1956,7462,NA,3,5,7,3711,0,0,0,NA,0,521,10TH AV,MARKET ST,0,NA,Y,A,-,N,NA,NA,NA,NA,NA,NA,NA,NA,NA,N,4,0,1,2,A,-,09,21453,B,N,G,B,A,A,H,-,C,A,0,NA,Y,NA,NA,Y,NA,A,01,0,0,1,0,0,0,1,0,0,-,-,NA,NA,SAN DIEGO,SAN DIEGO,-117.15557861328124,32.71152114868164
8708741,2018,2018-10-24,3711,2018-10-08,1705,5672,NA,1,5,7,3711,0,0,0,NA,0,313,KEARNY VILLA RD,BALBOA AV,16,N,N,A,-,N,NA,NA,NA,NA,NA,NA,NA,NA,NA,N,4,0,1,2,A,-,07,21658,A,N,D,-,A,A,H,-,A,A,0,NA,NA,NA,NA,Y,NA,-,NA,0,0,1,0,0,0,0,0,0,-,-,NA,NA,SAN DIEGO,SAN DIEGO,-117.14430236816406,32.82175064086914
8708750,2018,2018-10-24,3711,2018-10-03,0624,7820,NA,3,5,7,3711,0,0,0,NA,0,321,FRIARS RD,RIVERDALE,303,W,N,A,-,N,NA,NA,NA,NA,NA,NA,NA,NA,NA,Y,4,0,1,2,A,-,03,22350,NA,N,D,C,A,A,H,-,C,D,0,NA,NA,NA,NA,Y,NA,-,NA,0,0,1,0,0,0,0,0,0,-,-,NA,NA,SAN DIEGO,SAN DIEGO,-117.1005630493164,32.7904052734375
8708781,2018,2018-10-25,3700,2018-09-24,1336,SH2659,NA,1,5,5,3712,0,0,0,NA,0,355,S LAS POSAS RD,GRAND AV,206,S,N,A,-,N,NA,NA,NA,NA,NA,NA,NA,NA,NA,Y,4,0,1,2,A,-,03,22350,NA,N,C,C,A,A,H,-,A,A,0,NA,NA,NA,NA,Y,NA,A,01,0,0,1,0,0,0,0,0,0,-,-,NA,NA,SAN DIEGO,SAN MARCOS,-117.19190979003906,33.14242172241211
8710640,2018,2018-10-18,3711,2018-09-28,0700,6418,NA,5,5,7,3711,0,0,0,NA,0,114,APPLETON ST,GENESEE AV,0,NA,N,B,-,N,NA,NA,NA,NA,NA,NA,NA,NA,NA,N,3,0,1,2,A,-,10,21950,A,N,G,B,B,A,H,-,B,A,0,Y,NA,NA,NA,Y,NA,D,22,0,1,0,0,1,0,0,0,0,-,-,NA,NA,SAN DIEGO,SAN DIEGO,-117.19600677490234,32.83768081665039
8712710,2018,2018-11-15,3711,2018-09-20,1200,6702,NA,4,5,7,3711,0,0,0,NA,0,437,PARADISE VALLEY RD,GILMARTIN DR,0,NA,Y,A,-,N,NA,NA,NA,NA,NA,NA,NA,NA,NA,Y,2,0,4,2,A,-,07,21658,A,N,C,C,A,A,H,-,A,D,0,NA,NA,NA,NA,Y,NA,D,22,1,0,3,0,0,0,0,0,0,-,-,NA,NA,SAN DIEGO,SAN DIEGO,-117.05354309082033,32.688480377197266
8713115,2018,2019-01-15,3705,2018-10-01,1415,EC0324,NA,1,5,5,3705,0,0,0,NA,0,002,MOLLISON,RT 8,17,N,N,A,-,Y,SD,11,8,-,-,16.605,R,4,W,Y,3,0,1,5,A,-,03,22350,NA,N,B,C,A,A,H,-,A,A,0,NA,NA,Y,Y,Y,NA,C,02,0,1,0,0,0,0,0,0,1,-,WF,NA,NA,SAN DIEGO,EL CAJON,-116.94866943359376,32.803157806396484
8713549,2018,2018-10-22,3700,2018-08-01,1215,SH2573,NA,3,5,5,3782,0,0,0,NA,0,214,LEUCADIA BL,ORPHEUS AV,2,W,N,A,-,N,NA,NA,NA,NA,NA,NA,NA,NA,NA,Y,4,0,1,2,A,-,17,21451,A,N,A,C,A,A,H,-,A,A,0,NA,NA,NA,NA,Y,NA,A,01,0,0,1,0,0,0,0,0,0,-,-,NA,NA,SAN DIEGO,ENCINITAS,-117.29370880126952,33.06510925292969
8713561,2018,2018-10-22,3700,2018-08-02,0724,SH0287,NA,4,5,2,3704,0,0,0,NA,0,295,CAMINO DEL MAR,DEL MAR HEIGHTS RD,0,NA,Y,A,-,N,NA,NA,NA,NA,NA,NA,NA,NA,NA,N,3,0,1,2,A,-,12,21453,A,N,A,C,A,A,H,-,A,A,0,NA,NA,Y,NA,Y,NA,A,07,0,1,0,0,0,0,0,0,1,-,-,NA,NA,SAN DIEGO,DEL MAR,-117.26091766357422,32.94813919067383
8713613,2018,2018-10-17,3711,2018-09-28,0400,8816,NA,5,5,7,3711,0,0,0,NA,0,124,SOLEDAD MOUNTAIN RD,RIDGECATE ROW,20,S,N,A,-,N,NA,NA,NA,NA,NA,NA,NA,NA,NA,Y,4,0,1,1,A,-,22,23123,A,N,E,I,A,A,H,-,C,A,0,NA,NA,NA,NA,Y,NA,A,01,0,0,1,0,0,0,0,0,0,-,-,NA,NA,SAN DIEGO,SAN DIEGO,-117.24501037597656,32.83064651489258
8713700,2018,2018-10-18,3711,2018-09-22,1926,5972,NA,6,5,7,3711,0,0,0,NA,0,445,47TH ST,C ST,192,S,N,A,-,N,NA,NA,NA,NA,NA,NA,NA,NA,NA,N,2,0,1,2,A,-,05,21651,B,F,A,G,A,A,H,-,B,D,0,NA,Y,NA,NA,Y,NA,L,04,1,0,0,0,0,0,1,0,0,-,-,NA,NA,SAN DIEGO,SAN DIEGO,-117.09357452392578,32.716224670410156
8713840,2018,2018-10-19,3711,2018-10-05,1310,7794,NA,5,5,7,3711,0,0,0,NA,0,721,PAM AV,PALM AV,4,S,N,A,-,N,NA,NA,NA,NA,NA,NA,NA,NA,NA,N,4,0,1,2,A,-,04,21703,NA,N,C,C,A,A,H,-,A,D,0,NA,NA,NA,NA,Y,NA,-,NA,0,0,1,0,0,0,0,0,0,-,-,NA,NA,SAN DIEGO,SAN DIEGO,-117.34217071533205,33.15530014038086
8714949,2018,2018-11-06,3710,2018-10-08,1224,OC1311,003,1,5,6,3710,0,0,0,NA,0,002,THE STRAND S,SEAGAZE DR,1205,S,N,A,-,N,NA,NA,NA,NA,NA,NA,NA,NA,NA,N,3,0,1,2,A,-,06,21750,NA,N,H,G,A,A,H,-,A,D,0,NA,Y,NA,NA,Y,NA,L,04,0,1,0,0,0,0,1,0,0,-,-,33.192691802978516,-117.38291168212892,SAN DIEGO,OCEANSIDE,-117.38053131103516,33.18994140625
8717784,2018,2018-10-17,3702,2018-09-16,1517,CV0967,NA,7,5,6,3702,0,0,0,NA,0,032,DUNCAN RANCH RD,CHAPEL HILL,100,N,N,A,-,N,NA,NA,NA,NA,NA,NA,NA,NA,NA,Y,4,0,1,2,A,-,01,23152,A,N,E,E,A,A,H,-,A,D,0,NA,NA,NA,NA,Y,Y,A,01,0,0,1,0,0,0,0,0,0,-,-,NA,NA,SAN DIEGO,CHULA VISTA,-116.95201110839844,32.663673400878906
8717788,2018,2018-10-17,3702,2018-09-20,1557,CV0777,NA,4,5,6,3702,0,0,0,NA,0,024,HERITAGE RD,ENTERTAINMENT CIRCLE,426,N,N,A,-,N,NA,NA,NA,NA,NA,NA,NA,NA,NA,N,4,0,3,2,A,-,09,21801,A,N,D,C,A,A,G,-,A,D,0,NA,NA,NA,NA,Y,NA,A,07,0,0,3,0,0,0,0,0,0,-,-,NA,NA,SAN DIEGO,CHULA VISTA,-117.0046615600586,32.59088897705078
8718091,2018,2018-10-17,3702,2018-08-28,1945,CV1159,NA,2,5,6,3702,0,0,0,NA,0,031,EAST H ST,PASEO RANCHERO,1200,W,N,A,-,N,NA,NA,NA,NA,NA,NA,NA,NA,NA,Y,4,0,2,2,A,-,03,22350,NA,N,C,C,A,A,H,-,C,D,0,NA,NA,NA,NA,Y,NA,A,01,0,0,2,0,0,0,0,0,0,-,-,NA,NA,SAN DIEGO,CHULA VISTA,-117.01457977294922,32.6370735168457
8718403,2018,2018-11-09,3708,2018-08-19,2243,LM1158,NA,7,5,5,3708,0,0,0,NA,0,003,FLETCHER PKWY,BALTIMORE DR,0,NA,Y,A,-,N,NA,NA,NA,NA,NA,NA,NA,NA,NA,Y,4,0,2,2,A,-,09,21453,C,N,A,C,A,A,H,-,C,A,0,NA,NA,NA,NA,Y,Y,A,01,0,0,2,0,0,0,0,0,0,-,-,NA,NA,SAN DIEGO,LA MESA,-117.02742767333984,32.77402877807617
8719394,2018,2018-10-18,3710,2018-09-05,1955,OC658,009,3,5,6,3710,0,0,0,NA,0,003,COAST HWY,VISTA WY,321,N,N,A,-,N,NA,NA,NA,NA,NA,NA,NA,NA,NA,N,3,0,1,2,A,-,11,21954,A,N,G,B,E,A,H,-,C,A,0,Y,NA,NA,NA,Y,NA,N,60,0,1,0,0,1,0,0,0,0,-,-,33.172088623046875,-117.35961151123048,SAN DIEGO,OCEANSIDE,-117.36016845703124,33.17279815673828
8719697,2018,2018-10-23,3705,2018-09-14,1337,EC0337,NA,5,5,5,3705,0,0,0,NA,0,002,E MAIN,ORLANDO,98,W,N,A,-,N,NA,NA,NA,NA,NA,NA,NA,NA,NA,N,4,0,1,2,A,-,08,22107,NA,N,E,A,A,A,H,-,A,D,0,NA,NA,NA,NA,Y,NA,A,01,0,0,1,0,0,0,0,0,0,-,-,NA,NA,SAN DIEGO,EL CAJON,-116.94044494628906,32.7949333190918
8719701,2018,2018-10-23,3705,2018-09-14,1317,EC0337,NA,5,5,5,3705,0,0,0,NA,0,003,E LEXINGTON,S 3RD ST,401,W,N,A,-,N,NA,NA,NA,NA,NA,NA,NA,NA,NA,Y,3,0,3,3,A,-,09,21804,A,N,D,C,A,A,H,-,A,D,0,NA,NA,NA,NA,Y,NA,A,01,0,1,2,0,0,0,0,0,0,-,-,NA,NA,SAN DIEGO,EL CAJON,-116.92822265625,32.79270935058594
8720364,2018,2018-10-26,3702,2018-09-19,1839,CV1231,NA,3,5,6,3702,0,0,0,NA,0,022,QUINTARD ST,1ST AV,500,W,N,A,-,N,NA,NA,NA,NA,NA,NA,NA,NA,NA,N,3,0,1,2,A,-,11,21954,A,N,G,B,D,A,H,-,C,D,0,Y,NA,NA,NA,Y,NA,N,60,0,1,0,0,1,0,0,0,0,-,-,NA,NA,SAN DIEGO,CHULA VISTA,-117.05842590332033,32.60517501831055
8720380,2018,2018-10-26,3702,2018-09-11,1450,CV1165,NA,2,5,6,3702,0,0,0,NA,0,014,DENNIS AV,GRETCHEN RD,500,S,N,A,-,N,NA,NA,NA,NA,NA,NA,NA,NA,NA,Y,3,0,1,2,A,-,08,22107,NA,N,B,C,A,A,H,-,A,D,0,NA,NA,NA,NA,Y,NA,A,01,0,1,0,0,0,0,0,0,0,-,-,NA,NA,SAN DIEGO,CHULA VISTA,-117.05632781982422,32.63436508178711
8721496,2018,2018-11-08,3710,2018-06-01,1844,OC1399,NA,5,5,6,3710,0,0,0,NA,0,NA,VISTA WY,EL CAMINO REAL,360,W,N,A,-,N,NA,NA,NA,NA,NA,NA,NA,NA,NA,N,3,0,2,4,A,-,03,22350,NA,N,C,C,A,A,H,-,B,D,0,NA,NA,NA,NA,Y,NA,A,01,0,1,1,0,0,0,0,0,0,-,-,33.18320846557617,-117.32698822021484,SAN DIEGO,OCEANSIDE,-117.32823944091795,33.183197021484375
8722621,2018,2018-10-30,3706,2018-10-22,1210,342,ESCON,1,5,6,3706,0,0,0,NA,0,041,COUNTRY CLUB LN,VILLAGE RD,210,N,N,A,-,N,NA,NA,NA,NA,NA,NA,NA,NA,NA,N,4,0,1,2,A,-,02,22400,A,N,C,C,A,A,H,-,A,D,0,NA,NA,NA,NA,Y,NA,A,01,0,0,1,0,0,0,0,0,0,-,-,33.159278869628906,-117.09986877441406,SAN DIEGO,ESCONDIDO,-117.09925842285156,33.15946578979492
8723285,2018,2018-11-06,3700,2018-09-10,2119,SH7288,NA,1,5,4,3780,0,0,0,NA,0,410,COMMUNITY RD,TWIN PEAKS RD,0,NA,Y,A,-,N,NA,NA,NA,NA,NA,NA,NA,NA,NA,N,4,0,1,2,A,-,12,21453,A,N,D,C,A,A,H,-,C,A,0,NA,NA,NA,NA,Y,NA,A,01,0,0,1,0,0,0,0,0,0,-,-,NA,NA,SAN DIEGO,POWAY,-117.04083251953124,32.974788665771484
8724159,2018,2018-11-29,3700,2018-11-01,1512,SH3674,NA,4,5,5,3713,0,0,0,NA,0,306,N SANTA FE,EAST BOBIER DR,325,S,N,A,-,N,NA,NA,NA,NA,NA,NA,NA,NA,NA,Y,4,0,1,3,A,-,03,22350,NA,N,C,C,A,A,-,-,A,A,0,NA,NA,NA,NA,Y,NA,A,01,0,0,1,0,0,0,0,0,0,-,-,NA,NA,SAN DIEGO,VISTA,-117.24488067626952,33.220272064208984
8726066,2018,2018-11-08,3700,2018-08-25,1457,SH1147,NA,6,5,5,3782,0,0,0,NA,0,221,RT 101,G ST,120,N,N,A,-,N,NA,NA,NA,NA,NA,NA,NA,NA,NA,N,3,0,1,2,A,-,08,22107,NA,N,B,G,A,A,H,-,A,D,0,NA,NA,NA,NA,Y,NA,A,01,0,1,0,0,0,0,0,0,0,-,-,NA,NA,SAN DIEGO,ENCINITAS,-117.29335784912108,33.04237747192383
8727078,2018,2019-01-15,3711,2018-10-13,1220,6584,SD,6,5,7,3711,0,0,0,NA,0,235,RT 78,MILE MARKER 30.5,0,NA,N,B,C,Y,SD,11,78,-,-,30.5,H,-,W,Y,4,0,1,1,A,-,03,22350,NA,N,E,I,A,B,H,-,A,D,0,NA,NA,NA,NA,Y,NA,A,01,0,0,1,0,0,0,0,0,0,-,-,NA,NA,SAN DIEGO,SAN DIEGO,-116.90995025634766,33.0862922668457