CASE_ID,ACCIDENT_YEAR,PROC_DATE,JURIS,COLLISION_DATE,COLLISION_TIME,OFFICER_ID,REPORTING_DISTRICT,DAY_OF_WEEK,CHP_SHIFT,POPULATION,CNTY_CITY_LOC,SPECIAL_COND,BEAT_TYPE,CHP_BEAT_TYPE,CITY_DIVISION_LAPD,CHP_BEAT_CLASS,BEAT_NUMBER,PRIMARY_RD,SECONDARY_RD,DISTANCE,DIRECTION,INTERSECTION,WEATHER_1,WEATHER_2,STATE_HWY_IND,CALTRANS_COUNTY,CALTRANS_DISTRICT,STATE_ROUTE,ROUTE_SUFFIX,POSTMILE_PREFIX,POSTMILE,LOCATION_TYPE,RAMP_INTERSECTION,SIDE_OF_HWY,TOW_AWAY,COLLISION_SEVERITY,NUMBER_KILLED,NUMBER_INJURED,PARTY_COUNT,PRIMARY_COLL_FACTOR,PCF_CODE_OF_VIOL,PCF_VIOL_CATEGORY,PCF_VIOLATION,PCF_VIOL_SUBSECTION,HIT_AND_RUN,TYPE_OF_COLLISION,MVIW,PED_ACTION,ROAD_SURFACE,ROAD_COND_1,ROAD_COND_2,LIGHTING,CONTROL_DEVICE,CHP_ROAD_TYPE,PEDESTRIAN_ACCIDENT,BICYCLE_ACCIDENT,MOTORCYCLE_ACCIDENT,TRUCK_ACCIDENT,NOT_PRIVATE_PROPERTY,ALCOHOL_INVOLVED,STWD_VEHTYPE_AT_FAULT,CHP_VEHTYPE_AT_FAULT,COUNT_SEVERE_INJ,COUNT_VISIBLE_INJ,COUNT_COMPLAINT_PAIN,COUNT_PED_KILLED,COUNT_PED_INJURED,COUNT_BICYCLIST_KILLED,COUNT_BICYCLIST_INJURED,COUNT_MC_KILLED,COUNT_MC_INJURED,PRIMARY_RAMP,SECONDARY_RAMP,LATITUDE,LONGITUDE,COUNTY,CITY,POINT_X,POINT_Y
90139645,2016,2016-03-18,9645,2016-03-17,0949,014461,NA,4,1,7,3711,0,1,1,NA,2,005,I-5 NORTHBOUND,OLD TOWN AVE. O/C,1380,S,N,A,-,Y,NA,NA,5,NA,NA,NA,NA,NA,N,Y,4,0,1,1,A,-,08,22107,NA,N,E,I,A,A,H,-,A,D,0,NA,NA,NA,NA,Y,NA,A,01,0,0,1,0,0,0,0,0,0,-,-,32.74573,-117.18915,SAN DIEGO,SAN DIEGO,-117.189162,32.74570421
90141950,2016,2016-03-23,9645,2016-03-15,0753,013383,NA,2,1,7,3711,0,1,1,NA,2,019,I-15 S/B,CARMEL MOUNTAIN RD.,2611,N,N,A,-,Y,NA,NA,15,NA,NA,NA,NA,NA,S,Y,4,0,2,2,A,-,03,22350,NA,N,C,C,A,A,H,-,A,D,0,NA,NA,NA,Y,Y,NA,G,25,0,0,2,0,0,0,0,0,0,-,-,32.98595,-117.08327,SAN DIEGO,SAN DIEGO,-117.0830658,32.98591671
90142416,2016,2016-03-23,9645,2016-02-16,1908,016728,NA,2,2,7,3711,0,1,1,NA,2,010,I-8 EASTBOUND FROM QUALCOMM WAY,QUALCOMM WAY O/C,279,W,N,A,-,Y,NA,NA,8,NA,NA,NA,R,NA,E,Y,1,1,0,1,A,-,01,23152,A,N,F,A,A,A,H,-,D,D,0,NA,NA,Y,NA,Y,Y,C,02,0,0,0,0,0,0,0,1,0,-,-,32.76992,-117.1386,SAN DIEGO,SAN DIEGO,-117.1386,32.76992
90145306,2016,2016-03-28,9645,2016-02-25,1752,016864,NA,4,2,7,3711,0,1,3,NA,2,012,SR-52 W/B TO REGENTS ROAD,REGENTS ROAD,900,E,N,A,-,Y,NA,NA,52,NA,NA,NA,R,NA,W,Y,4,0,1,2,A,-,03,22350,NA,N,C,C,A,A,H,-,B,D,0,NA,NA,NA,NA,Y,NA,A,01,0,0,1,0,0,0,0,0,0,-,-,32.84358,-117.21483,SAN DIEGO,SAN DIEGO,-117.21483,32.84358
9014638,2019,2020-02-06,3711,2019-12-06,0722,SD7980,NA,5,5,7,3711,0,0,0,NA,0,439,PLAZA BL,CAREFREE DR,845,W,N,A,-,N,NA,NA,NA,NA,NA,NA,NA,NA,NA,Y,4,0,1,2,A,-,08,22107,NA,N,D,C,A,A,H,-,A,D,0,NA,NA,NA,NA,Y,NA,A,01,0,0,1,0,0,0,0,0,0,-,-,NA,NA,SAN DIEGO,SAN DIEGO,-117.056396484375,32.69552993774414
90147705,2016,2016-03-30,9645,2016-03-22,1740,017025,NA,2,2,7,3711,0,1,3,NA,2,014,SR-52 E/B,SR-163 O/C,500,W,N,A,-,Y,NA,NA,52,NA,NA,NA,NA,NA,E,Y,4,0,1,3,A,-,03,22350,NA,N,C,C,A,A,H,-,A,D,0,NA,NA,NA,NA,Y,NA,A,01,0,0,1,0,0,0,0,0,0,-,-,32.84027,-117.13922,SAN DIEGO,SAN DIEGO,-117.13922239,32.84028166
90149067,2016,2016-04-01,9645,2016-03-24,0840,013756,NA,4,1,7,3711,0,1,1,NA,2,010,I-8 (E/B),MISSION CENTER PARKWAY O/C,215,E,N,A,-,Y,NA,NA,NA,NA,NA,NA,NA,NA,NA,N,4,0,2,2,A,-,03,22350,NA,N,C,C,A,A,H,-,A,D,0,NA,NA,NA,NA,Y,NA,A,01,0,0,2,0,0,0,0,0,0,-,-,32.75076,-117.15936,SAN DIEGO,SAN DIEGO,NA,NA
9014917,2019,2020-02-08,3711,2019-12-09,2059,SD5958,NA,1,5,7,3711,0,0,0,NA,0,234,RANCHO BERNARDO RD,MATINAL RD,0,NA,Y,A,-,N,NA,NA,NA,NA,NA,NA,NA,NA,NA,Y,4,0,2,2,A,-,12,21453,A,N,D,C,A,A,H,-,C,A,0,NA,NA,NA,NA,Y,NA,A,01,0,0,2,0,0,0,0,0,0,-,-,NA,NA,SAN DIEGO,SAN DIEGO,-117.09220886230467,33.024288177490234
90149208,2016,2016-04-01,9650,2016-03-20,1830,014886,NA,7,2,6,3710,0,1,1,NA,2,005,I-5 S/B,CASSIDY ST,300,N,N,A,-,Y,NA,NA,5,NA,NA,NA,NA,NA,S,Y,3,0,5,4,A,-,03,22350,NA,N,C,C,A,A,H,-,A,D,0,NA,NA,NA,NA,Y,NA,A,01,0,4,1,0,0,0,0,0,0,-,-,33.18179,-117.35535,SAN DIEGO,OCEANSIDE,-117.35538111,33.18176424
90149431,2016,2016-04-04,9650,2016-03-26,1648,019549,NA,6,2,9,3700,0,1,1,NA,2,001,I-5 N/B,SAN ONOFRE INSPECTION FACILITY,10560,N,N,A,-,Y,NA,NA,5,NA,NA,NA,NA,NA,N,Y,2,0,1,4,A,-,03,22350,NA,N,C,C,A,A,H,-,A,D,0,NA,NA,Y,NA,Y,NA,C,02,1,0,0,0,0,0,0,0,1,-,-,33.37116,-117.55386,SAN DIEGO,UNINCORPORATED,-117.55383399,33.37120765
90149910,2016,2016-04-04,9650,2016-03-24,0705,015027,NA,4,1,9,3700,0,2,4,NA,1,027,VALLEY CENTER RD,LAKE WOHLFORD RD,8448,N,N,A,-,N,NA,NA,NA,NA,NA,NA,NA,NA,NA,Y,3,0,3,2,A,-,03,22350,NA,N,C,C,A,A,H,-,A,D,0,NA,NA,NA,NA,Y,NA,D,22,0,2,1,0,0,0,0,0,0,-,-,33.18272,-117.02472,SAN DIEGO,UNINCORPORATED,-117.02427764,33.18213607
90151050,2016,2016-04-05,9645,2016-03-09,2006,019291,NA,3,2,7,3711,0,1,1,NA,2,010,I-8 E/B,WARING RD,1056,E,N,A,-,Y,NA,NA,8,NA,NA,NA,NA,NA,E,Y,3,0,1,3,A,-,07,21658,A,N,C,C,A,A,D,-,A,D,0,NA,NA,NA,NA,Y,NA,-,99,0,1,0,0,0,0,0,0,0,-,-,32.7804,-117.08359,SAN DIEGO,SAN DIEGO,-117.08359432,32.7803699
90151281,2016,2016-04-05,9645,2016-02-25,1705,019344,NA,4,2,7,3711,0,1,1,NA,2,017,I-15 S/B,SR-52 O/C,1300,N,N,A,-,Y,NA,NA,15,NA,NA,NA,NA,NA,S,Y,3,0,1,2,A,-,03,22350,NA,N,B,C,A,A,H,-,A,D,0,NA,NA,Y,NA,Y,NA,C,02,0,1,0,0,0,0,0,0,1,-,-,32.845,-117.1189,SAN DIEGO,SAN DIEGO,-117.1191117,32.845138
90151417,2016,2016-04-05,9645,2016-02-13,1250,016047,NA,6,1,7,3711,0,1,1,NA,2,011,I-805 SOUTHBOUND TO SR-94 EASTBOUND,HOME AVENUE,60,N,N,A,-,Y,NA,NA,805,NA,NA,NA,R,NA,S,Y,4,0,1,1,A,-,08,22107,NA,N,E,I,A,A,H,-,A,D,0,NA,NA,NA,NA,Y,Y,A,01,0,0,1,0,0,0,0,0,0,-,-,32.72591,-117.10374,SAN DIEGO,SAN DIEGO,-117.10374,32.72591
90152114,2016,2016-04-06,9645,2016-04-01,1210,014461,NA,5,1,7,3711,0,1,3,NA,2,023,SR-163 SOUTHBOUND,UPAS ST. EQUESTRAIN O/C,530,N,N,A,-,Y,NA,NA,163,NA,NA,NA,NA,NA,S,N,4,0,1,3,A,-,03,22350,NA,N,C,C,A,A,H,-,A,D,0,NA,NA,NA,Y,Y,NA,G,55,0,0,1,0,0,0,0,0,0,-,-,32.7423,-117.15659,SAN DIEGO,SAN DIEGO,-117.15656873,32.74229821
90152579,2016,2016-04-07,9645,2016-03-24,0805,017270,NA,4,1,3,3703,0,1,S,NA,2,901,SIXTH STREET,I AVENUE,0,NA,Y,A,-,Y,NA,NA,NA,NA,NA,NA,NA,NA,NA,Y,4,0,1,2,A,-,09,21802,A,N,D,C,A,A,H,-,A,A,0,NA,NA,NA,NA,Y,NA,A,01,0,0,1,0,0,0,0,0,0,-,-,32.6944,-117.1834,SAN DIEGO,CORONADO,-117.18322,32.69443002
90153397,2016,2016-04-08,9650,2016-03-25,1930,017328,NA,5,2,9,3700,0,2,4,NA,2,061,S. MISSION RD.,AVIATION RD.,145,N,N,A,-,N,NA,NA,NA,NA,NA,NA,NA,NA,NA,Y,4,0,1,2,A,-,01,23152,A,N,C,C,A,A,H,-,C,D,0,NA,NA,NA,NA,Y,Y,D,22,0,0,1,0,0,0,0,0,0,-,-,33.3744,-117.2537,SAN DIEGO,UNINCORPORATED,-117.25365214,33.37430723
90153811,2016,2016-04-08,9680,2016-03-25,1130,016822,NA,5,1,9,3700,0,3,5,NA,2,009,MUSSEY GRADE ROAD,DOS PICOS PARK ROAD,340,N,N,A,-,N,NA,NA,NA,NA,NA,NA,NA,NA,NA,Y,1,1,1,2,A,-,09,21804,A,N,D,C,A,A,H,-,A,D,0,NA,NA,NA,NA,Y,NA,A,01,0,1,0,0,0,0,0,0,0,-,-,33.00014,-116.92733,SAN DIEGO,UNINCORPORATED,-116.92745621,33.00011273
90154115,2016,2016-04-11,9645,2016-03-21,1714,019496,NA,1,2,7,3711,0,1,1,NA,2,001,I-5 S/B,H ST.,500,N,N,A,-,Y,NA,NA,NA,NA,NA,NA,NA,NA,NA,N,4,0,2,3,A,-,03,22350,NA,N,C,C,A,A,H,-,A,D,0,NA,NA,NA,NA,Y,NA,D,22,0,0,2,0,0,0,0,0,0,-,-,32.63302,-117.09756,SAN DIEGO,SAN DIEGO,NA,NA
90155576,2016,2016-04-12,9680,2016-03-31,0230,016694,NA,4,3,9,3700,0,3,5,NA,2,001,OLDE HIGHWAY 80,HAWLEY ROAD,1050,W,N,A,-,N,NA,NA,NA,NA,NA,NA,NA,NA,NA,Y,4,0,1,1,A,-,01,23152,A,N,E,I,A,A,H,-,D,D,0,NA,NA,NA,NA,Y,Y,A,01,0,0,1,0,0,0,0,0,0,-,-,32.85574,-116.8375,SAN DIEGO,UNINCORPORATED,-116.837518,32.855797
90155978,2016,2016-04-12,9680,2016-04-01,1633,017928,NA,5,2,9,3700,0,1,3,NA,1,090,SR-67,ARCHIE MOORE RD,3168,N,N,A,-,Y,NA,NA,67,NA,NA,NA,NA,NA,NA,Y,4,0,1,2,A,-,06,21755,NA,N,D,C,A,A,H,-,A,D,0,NA,NA,Y,NA,Y,NA,C,02,0,0,1,0,0,0,0,0,1,-,-,33.01055,-116.94211,SAN DIEGO,UNINCORPORATED,-116.94209983,33.01063209
90156050,2016,2016-04-12,9645,2016-03-15,1650,017401,NA,2,2,7,3711,0,1,1,NA,2,005,I-5 NORTHBOUND,OLD TOWN AVE. O/C`,200,S,N,A,-,Y,NA,NA,5,NA,NA,NA,NA,NA,N,Y,3,0,3,2,A,-,03,22350,NA,N,C,C,A,A,H,-,A,A,0,NA,NA,NA,NA,Y,NA,A,01,0,1,2,0,0,0,0,0,0,-,-,32.7471,-117.19101,SAN DIEGO,SAN DIEGO,-117.19121505,32.74665477
90156410,2016,2016-04-12,9650,2016-04-02,1745,016485,NA,6,2,6,3706,0,1,1,NA,2,023,SR-78 E/B,METCALF ST,570,E,N,A,-,Y,NA,NA,78,NA,NA,NA,NA,NA,E,Y,3,0,1,1,A,-,03,22350,NA,N,E,I,A,A,H,-,A,D,0,NA,NA,NA,NA,Y,NA,A,01,0,1,0,0,0,0,0,0,0,-,-,33.1277,-117.10166,SAN DIEGO,ESCONDIDO,-117.10171461,33.12788342
90156421,2016,2016-04-13,9650,2016-04-07,1035,012818,NA,4,1,6,3710,0,1,1,NA,2,005,I-5 NORTHBOUND,CASSIDY ST,2640,S,N,B,C,Y,NA,NA,5,NA,NA,NA,NA,NA,N,Y,4,0,3,4,A,-,07,21658,NA,N,B,C,A,B,H,-,A,D,0,NA,NA,NA,Y,Y,NA,D,22,0,0,3,0,0,0,0,0,0,-,-,33.17984,-117.35361,SAN DIEGO,OCEANSIDE,-117.35351681,33.17991722
90156917,2016,2016-04-13,9645,2016-03-31,1451,018428,NA,4,2,7,3711,0,1,1,NA,2,021,SR-15 N/B FROM MAIN ST.,I-5 O/C,800,N,N,A,-,Y,NA,NA,15,NA,NA,NA,R,NA,N,Y,4,0,1,1,A,-,03,22350,NA,N,F,A,A,A,H,-,A,D,0,NA,NA,Y,NA,Y,NA,C,02,0,0,1,0,0,0,0,0,1,-,-,32.69808,-117.1207,SAN DIEGO,SAN DIEGO,-117.1207,32.69808
90157638,2016,2016-04-14,9645,2016-03-04,0146,019410,NA,5,3,7,3711,0,1,1,NA,2,003,I-5 N/B TO SASSAFRASS ST.,W. OLIVE ST. (UC),850,S,N,A,-,Y,NA,NA,5,NA,NA,NA,R,NA,N,N,3,0,1,2,A,-,11,21954,A,N,G,B,E,A,H,-,C,D,0,Y,NA,NA,NA,Y,Y,N,60,0,1,0,0,1,0,0,0,0,-,-,32.73218,-117.17136,SAN DIEGO,SAN DIEGO,-117.17136,32.73218
90158718,2016,2016-04-15,9650,2016-04-08,1430,018321,NA,5,2,9,3700,0,1,3,NA,2,065,STATE ROUTE 76 (SR-76) W/B,THOROUGHBRED LN,80,E,N,B,-,Y,NA,NA,76,NA,NA,NA,NA,NA,W,Y,4,0,1,2,A,-,03,22350,NA,N,C,C,A,A,H,-,A,A,0,NA,NA,NA,NA,Y,NA,D,22,0,0,1,0,0,0,0,0,0,-,-,33.29144,-117.22485,SAN DIEGO,UNINCORPORATED,-117.22522944,33.29176139
90159064,2016,2016-04-18,9650,2016-04-04,1830,016275,NA,1,2,9,3700,0,3,5,NA,1,160,GOPHER CANYON RD,I-15 S/B,94,W,N,A,-,N,NA,NA,NA,NA,NA,NA,NA,NA,NA,Y,3,0,1,2,A,-,09,21801,A,N,D,C,A,A,H,-,A,D,0,NA,NA,NA,NA,Y,Y,A,01,0,1,0,0,0,0,0,0,0,-,-,33.1509,-117.0922,SAN DIEGO,UNINCORPORATED,-117.156549,33.252971
9016015,2020,2020-10-21,3710,2020-05-08,1915,OC1351,NA,5,5,6,3710,0,0,0,NA,0,014,RT 76,BENET RD,28,W,N,A,-,Y,SD,11,76,-,R,1.76,H,-,E,N,4,0,1,2,A,-,03,22350,NA,N,C,C,A,A,H,-,B,A,0,NA,NA,NA,NA,Y,NA,D,22,0,0,1,0,0,0,0,0,0,-,-,NA,NA,SAN DIEGO,OCEANSIDE,-117.35747528076172,33.21467590332031
90161179,2016,2016-04-19,9680,2016-04-10,0810,016181,NA,7,1,9,3700,0,1,3,NA,1,017,SR-67 S/B,SLAUGHTERHOUSE CANYON ROAD,7392,N,N,B,C,Y,NA,NA,67,NA,NA,NA,NA,NA,S,Y,4,0,1,1,A,-,03,22350,NA,N,E,I,A,B,H,-,A,B,0,NA,NA,NA,NA,Y,NA,A,01,0,0,1,0,0,0,0,0,0,-,-,32.9238,-116.94585,SAN DIEGO,UNINCORPORATED,-116.9457368,32.92372992
90163490,2016,2016-04-22,9645,2016-03-21,1535,017011,NA,1,2,7,3711,0,1,1,NA,2,015,I-15 S/B,MIRA MESA BLVD,1584,N,N,A,-,Y,NA,NA,NA,NA,NA,NA,NA,NA,NA,Y,4,0,1,2,A,-,03,22350,NA,N,C,C,A,A,H,-,A,D,0,NA,NA,NA,NA,Y,NA,A,01,0,0,1,0,0,0,0,0,0,-,-,32.89367,-117.21328,SAN DIEGO,SAN DIEGO,-117.11562189,32.92135008
90164076,2016,2016-04-25,9650,2016-04-18,1605,016275,NA,1,2,9,3700,0,1,1,NA,2,001,I-5 N/B,USBP CHECK POINT,1056,S,N,A,-,Y,NA,NA,NA,NA,NA,NA,NA,NA,NA,Y,4,0,1,2,A,-,03,22350,NA,N,C,C,A,A,H,-,A,D,0,NA,NA,NA,NA,Y,NA,A,01,0,0,1,0,0,0,0,0,0,-,-,33.21,-117.3117,SAN DIEGO,UNINCORPORATED,NA,NA
9016739,2020,2020-06-04,3708,2020-02-04,1120,LM1206,NA,2,5,5,3708,0,0,0,NA,0,003,BALTIMORE DR,LAPORT ST,0,NA,Y,A,-,N,NA,NA,NA,NA,NA,NA,NA,NA,NA,Y,3,0,1,3,A,-,03,22350,NA,N,C,E,A,A,H,-,A,D,0,NA,NA,NA,NA,Y,NA,A,01,0,1,0,0,0,0,0,0,0,-,-,NA,NA,SAN DIEGO,LA MESA,-117.03645324707033,32.78910827636719
90173870,2016,2016-05-05,9645,2016-04-28,1150,014804,NA,4,1,7,3711,0,1,1,NA,2,003,I-5 (S/B) FROM SEA WORLD DRIVE,SEA WORLD DRIVE,225,S,N,C,-,Y,NA,NA,5,NA,NA,NA,R,NA,NA,Y,4,0,1,1,A,-,08,22107,NA,N,E,I,A,B,H,-,A,D,0,NA,NA,NA,NA,Y,NA,A,07,0,0,1,0,0,0,0,0,0,-,-,32.76923,-117.20712,SAN DIEGO,SAN DIEGO,-117.20712,32.76923
90174799,2016,2016-05-09,9680,2016-04-26,1759,019270,NA,2,2,9,3700,0,2,4,NA,1,010,MILBURN AVE,ELKELTON BLVD,58,W,N,A,-,N,NA,NA,NA,NA,NA,NA,NA,NA,NA,Y,3,0,1,2,A,-,01,23152,A,M,B,E,A,A,H,-,A,D,0,NA,NA,NA,NA,Y,Y,D,22,0,1,0,0,0,0,0,0,0,-,-,32.70659,-117.01395,SAN DIEGO,UNINCORPORATED,-117.01410286,32.70654773
90178815,2015,2016-06-10,9650,2015-09-14,1404,15446,NA,1,2,6,3706,0,1,1,NA,2,023,I-15 FWY S/B FROM S. CENTRE CITY PKWY,CRANSTON DRIVE,1543,S,N,A,-,Y,NA,NA,15,NA,NA,NA,R,NA,S,Y,1,1,1,2,A,-,01,23152,E,N,G,B,F,A,H,-,A,D,0,Y,NA,NA,NA,Y,NA,A,07,0,1,0,1,0,0,0,0,0,-,-,33.08194,-117.07105,SAN DIEGO,ESCONDIDO,-117.07105,33.08194
90180697,2016,2016-05-17,9680,2016-05-02,2330,013686,NA,1,3,9,3700,0,3,5,NA,2,003,HARBISON CANYON RD,ARNOLD WAY,5808,S,N,A,-,N,NA,NA,NA,NA,NA,NA,NA,NA,NA,Y,2,0,1,1,A,-,01,23152,A,N,E,I,A,A,H,-,D,A,0,NA,NA,NA,NA,Y,Y,A,01,1,0,0,0,0,0,0,0,0,-,-,32.82844,-116.81944,SAN DIEGO,UNINCORPORATED,-116.81816723,32.82885513
90181493,2016,2016-05-17,9680,2016-05-05,0935,020249,NA,4,1,9,3700,0,1,3,NA,1,052,STATE ROUTE 78,"STATE ROUTE 79, SANTA YSABEL",10560,W,N,B,-,Y,NA,NA,78,NA,NA,NA,NA,NA,NA,Y,4,0,1,1,A,-,08,22107,NA,N,F,A,A,B,H,-,A,D,0,NA,NA,NA,NA,Y,NA,A,07,0,0,1,0,0,0,0,0,0,-,-,33.0898,-116.70602,SAN DIEGO,UNINCORPORATED,-116.70597084,33.08978948
90183061,2016,2016-05-19,9645,2016-05-02,1752,019445,NA,1,2,7,3711,0,1,1,NA,2,005,I-5 S/B,CLAIREMONT DR O/C,2500,S,N,A,-,Y,NA,NA,5,NA,NA,NA,NA,NA,S,Y,3,0,2,3,A,-,03,22350,NA,N,C,C,A,A,H,-,A,D,0,NA,NA,NA,NA,Y,NA,A,01,0,1,1,0,0,0,0,0,0,-,-,32.78249,-117.20821,SAN DIEGO,SAN DIEGO,-117.20808708,32.78246805
90183127,2016,2016-05-19,9680,2016-05-09,2255,020105,NA,1,3,9,3700,0,3,5,NA,2,003,HARBISON CANYON RD,SAINT GEORGE DR,1056,S,N,A,-,N,NA,NA,NA,NA,NA,NA,NA,NA,NA,N,3,0,1,1,A,-,08,22107,NA,N,F,I,A,A,H,-,D,D,0,NA,NA,Y,NA,Y,NA,C,02,0,1,0,0,0,0,0,0,1,-,-,32.81718,-116.83372,SAN DIEGO,UNINCORPORATED,-116.84029154,32.81335633
90183366,2016,2016-05-19,9680,2016-05-10,1430,016981,NA,2,2,5,3708,0,1,1,NA,2,081,I-8 E/B,JACKSON DRIVE,2112,W,N,A,-,Y,NA,NA,8,NA,NA,NA,NA,NA,E,Y,4,0,1,2,A,-,03,22350,NA,N,C,C,A,A,H,-,A,D,0,NA,NA,NA,NA,Y,NA,A,01,0,0,1,0,0,0,0,0,0,-,-,32.77262,-117.01655,SAN DIEGO,LA MESA,-117.01658742,32.77269223
90183480,2016,2016-05-20,9645,2016-05-07,0615,018149,NA,6,1,7,3711,0,1,1,NA,2,001,I-5 N/B TO TOCAYO AVENUE,SR-905,210,N,N,B,C,Y,NA,NA,5,NA,NA,NA,R,NA,N,Y,4,0,1,1,A,-,01,23152,A,N,F,A,A,B,H,-,B,D,0,NA,NA,NA,NA,Y,Y,A,01,0,0,1,0,0,0,0,0,0,-,-,32.56656,-117.07391,SAN DIEGO,SAN DIEGO,-117.07391,32.56656
90183941,2016,2016-05-20,9645,2016-05-18,0915,013383,NA,3,1,7,3711,0,1,1,NA,2,027,I-15 S/B,BALBOA AVE,1575,S,N,A,-,Y,NA,NA,15,NA,NA,NA,NA,NA,S,Y,3,0,2,1,A,-,03,22350,NA,N,F,A,A,A,H,-,A,D,0,NA,NA,NA,NA,Y,NA,A,07,0,1,1,0,0,0,0,0,0,-,-,32.81751,-117.11551,SAN DIEGO,SAN DIEGO,-117.11559509,32.81749361
9018458,2019,2020-02-10,3705,2019-12-14,1157,EC0279,NA,6,5,5,3705,0,0,0,NA,0,002,BROADWAY AV,1ST ST,60,S,N,B,-,N,NA,NA,NA,NA,NA,NA,NA,NA,NA,N,3,0,2,2,A,-,08,22107,NA,N,B,C,A,A,H,-,A,A,0,NA,NA,NA,NA,Y,NA,A,01,0,2,0,0,0,0,0,0,0,-,-,NA,NA,SAN DIEGO,EL CAJON,-116.94458770751952,32.807701110839844
90186259,2016,2016-05-24,9645,2016-05-08,1717,019352,NA,7,2,7,3711,0,1,1,NA,2,009,I-805 FROM 43RD ST.,43RD ST.,400,E,N,A,-,Y,NA,NA,NA,NA,NA,NA,NA,NA,NA,N,4,0,1,2,A,-,01,23152,A,N,B,I,A,A,H,-,A,D,0,NA,NA,NA,NA,Y,Y,A,01,0,0,1,0,0,0,0,0,0,-,-,32.6904,-117.98977,SAN DIEGO,SAN DIEGO,NA,NA
90186920,2016,2016-05-25,9645,2016-04-23,1805,017139,NA,6,2,6,3702,0,1,3,NA,2,031,SR-125 N/B,SR-54,3960,S,N,A,-,Y,NA,NA,NA,NA,NA,NA,NA,NA,NA,Y,2,0,1,2,A,-,03,22350,NA,N,C,C,A,A,H,-,A,D,0,NA,NA,NA,NA,Y,NA,D,22,1,0,0,0,0,0,0,0,0,-,-,32.6872,-117.0111,SAN DIEGO,CHULA VISTA,-117.01100864,32.68682334
90187043,2016,2016-05-25,9680,2016-05-13,1145,013283,NA,5,1,5,3705,0,1,1,NA,2,082,I-8 W/B,MOLLISON AVE,300,W,N,A,-,Y,NA,NA,8,NA,NA,NA,NA,NA,W,N,4,0,1,2,A,-,03,22350,NA,N,C,C,A,A,H,-,A,D,0,NA,NA,NA,NA,Y,NA,D,22,0,0,1,0,0,0,0,0,0,-,-,32.80336,-116.95431,SAN DIEGO,EL CAJON,-116.9543096,32.80314931
90187557,2016,2016-05-25,9645,2016-05-24,0730,016766,NA,2,1,7,3711,0,1,3,NA,2,023,SR-163 N/B,UNIVERSITY AVE,1320,N,N,A,-,Y,NA,NA,163,NA,NA,NA,NA,NA,N,Y,4,0,1,3,A,-,03,22350,NA,N,C,C,A,A,H,-,A,D,0,NA,NA,NA,NA,Y,NA,A,01,0,0,1,0,0,0,0,0,0,-,-,32.75843,-117.16057,SAN DIEGO,SAN DIEGO,-117.16072966,32.75825076
9018802,2020,2020-03-17,3709,2020-01-10,1741,NC0441,NA,5,5,5,3709,0,0,0,NA,0,024,NATIONAL CITY BL,33RD ST,75,N,N,A,-,N,NA,NA,NA,NA,NA,NA,NA,NA,NA,N,4,0,1,2,A,-,08,22107,NA,N,A,C,A,A,H,-,C,A,0,NA,NA,NA,NA,Y,NA,-,NA,0,0,1,0,0,0,0,0,0,-,-,NA,NA,SAN DIEGO,NATIONAL CITY,-117.09856414794922,32.654354095458984
90189519,2016,2016-05-31,9650,2016-05-18,1520,016026,NA,3,2,9,3700,0,2,4,NA,2,061,EAST ALVARADO STREET,MERCEDES ROAD,327,W,N,A,-,N,NA,NA,NA,NA,NA,NA,NA,NA,NA,Y,3,0,2,2,A,-,09,21804,A,N,D,C,A,A,H,-,A,D,0,NA,NA,NA,NA,Y,NA,A,01,0,1,1,0,0,0,0,0,0,-,-,33.38234,-117.23541,SAN DIEGO,UNINCORPORATED,-117.23520779,33.382
90190265,2016,2016-05-31,9650,2016-05-18,0825,012168,NA,3,1,9,3700,0,1,1,NA,2,021,I-15 S/B,MESA ROCK RD,200,N,N,B,-,Y,NA,NA,15,NA,NA,NA,NA,NA,S,Y,4,0,1,4,A,-,03,22350,NA,N,C,C,A,A,H,-,A,D,0,NA,NA,NA,NA,Y,NA,A,08,0,0,1,0,0,0,0,0,0,-,-,33.17534,-117.11333,SAN DIEGO,UNINCORPORATED,-117.11331088,33.17535095
90190358,2016,2016-05-31,9650,2016-05-27,1232,015503,NA,5,1,9,3700,0,1,1,NA,2,003,I-5 S/B,LAS PULGAS ROAD,9240,S,N,A,-,Y,NA,NA,5,NA,NA,NA,NA,NA,S,Y,2,0,1,2,C,-,18,NA,NA,N,E,J,A,A,C,-,A,D,0,NA,NA,Y,NA,Y,NA,-,-,1,0,0,0,0,0,0,0,1,-,-,33.27792,-117.44666,SAN DIEGO,UNINCORPORATED,-117.44673244,33.27786535
90190684,2016,2016-05-31,9650,2016-05-23,1745,016026,NA,1,2,5,3713,0,3,5,NA,2,171,SUNSET DR,MARAZON LN,110,E,N,A,-,N,NA,NA,NA,NA,NA,NA,NA,NA,NA,N,3,0,1,1,A,-,03,22350,NA,N,H,A,A,A,H,-,A,D,0,NA,NA,Y,NA,Y,NA,C,02,0,1,0,0,0,0,0,0,1,-,-,33.18283,-117.27023,SAN DIEGO,VISTA,-117.27025523,33.182823139999996
90190754,2016,2016-05-31,9645,2016-05-22,1110,016156,NA,7,1,7,3711,0,1,3,NA,2,023,SR-163 S/B,UNIVERSITY AVENUE,2112,N,N,B,-,Y,NA,NA,163,NA,NA,NA,NA,NA,S,N,4,0,1,2,A,-,07,21658,A,N,B,C,A,A,H,-,A,D,0,NA,NA,NA,NA,Y,NA,A,07,0,0,1,0,0,0,0,0,0,-,-,32.75329,-117.15836,SAN DIEGO,SAN DIEGO,-117.15814342,32.75348791