CASE_ID,ACCIDENT_YEAR,PROC_DATE,JURIS,COLLISION_DATE,COLLISION_TIME,OFFICER_ID,REPORTING_DISTRICT,DAY_OF_WEEK,CHP_SHIFT,POPULATION,CNTY_CITY_LOC,SPECIAL_COND,BEAT_TYPE,CHP_BEAT_TYPE,CITY_DIVISION_LAPD,CHP_BEAT_CLASS,BEAT_NUMBER,PRIMARY_RD,SECONDARY_RD,DISTANCE,DIRECTION,INTERSECTION,WEATHER_1,WEATHER_2,STATE_HWY_IND,CALTRANS_COUNTY,CALTRANS_DISTRICT,STATE_ROUTE,ROUTE_SUFFIX,POSTMILE_PREFIX,POSTMILE,LOCATION_TYPE,RAMP_INTERSECTION,SIDE_OF_HWY,TOW_AWAY,COLLISION_SEVERITY,NUMBER_KILLED,NUMBER_INJURED,PARTY_COUNT,PRIMARY_COLL_FACTOR,PCF_CODE_OF_VIOL,PCF_VIOL_CATEGORY,PCF_VIOLATION,PCF_VIOL_SUBSECTION,HIT_AND_RUN,TYPE_OF_COLLISION,MVIW,PED_ACTION,ROAD_SURFACE,ROAD_COND_1,ROAD_COND_2,LIGHTING,CONTROL_DEVICE,CHP_ROAD_TYPE,PEDESTRIAN_ACCIDENT,BICYCLE_ACCIDENT,MOTORCYCLE_ACCIDENT,TRUCK_ACCIDENT,NOT_PRIVATE_PROPERTY,ALCOHOL_INVOLVED,STWD_VEHTYPE_AT_FAULT,CHP_VEHTYPE_AT_FAULT,COUNT_SEVERE_INJ,COUNT_VISIBLE_INJ,COUNT_COMPLAINT_PAIN,COUNT_PED_KILLED,COUNT_PED_INJURED,COUNT_BICYCLIST_KILLED,COUNT_BICYCLIST_INJURED,COUNT_MC_KILLED,COUNT_MC_INJURED,PRIMARY_RAMP,SECONDARY_RAMP,LATITUDE,LONGITUDE,COUNTY,CITY,POINT_X,POINT_Y
90395849,2017,2017-02-17,9680,2017-02-11,2345,019490,NA,6,3,9,3700,0,1,3,NA,2,016,SR-67 N/B,WOODSIDE AVE,528,N,N,A,-,Y,NA,NA,NA,NA,NA,NA,NA,NA,NA,Y,2,0,1,1,A,-,03,22350,NA,N,E,I,A,A,H,-,C,D,0,NA,NA,NA,NA,Y,NA,A,01,1,0,0,0,0,0,0,0,0,-,-,32.84406,-116.95956,SAN DIEGO,UNINCORPORATED,-116.96048611,32.8429188
90397474,2017,2017-02-21,9680,2017-02-16,2135,017928,NA,4,2,9,3700,0,1,3,NA,1,090,SR-67,DAY ST,338,S,N,A,-,Y,NA,NA,67,NA,NA,NA,NA,NA,NA,N,3,0,1,2,A,-,14,21201,D,N,H,G,A,A,H,-,C,D,0,NA,Y,NA,NA,Y,NA,L,04,0,1,0,0,0,0,1,0,0,-,-,33.03453,-116.88159,SAN DIEGO,UNINCORPORATED,-116.88151251,33.03443144
90397616,2017,2017-02-22,9645,2017-02-07,1550,013648,NA,2,2,7,3711,0,1,1,NA,2,021,S.R. 15 SOUTHBOUND,MARKET ST U/C,200,N,N,A,-,Y,NA,NA,NA,NA,NA,NA,NA,NA,NA,Y,4,0,1,2,A,-,03,22350,NA,N,F,A,A,A,H,-,A,D,0,NA,NA,Y,NA,Y,NA,C,02,0,0,1,0,0,0,0,0,1,-,-,32.7124,-117.11875,SAN DIEGO,SAN DIEGO,NA,NA
90397842,2017,2017-02-22,9680,2017-02-14,1146,015578,NA,2,1,5,3708,0,1,3,NA,2,028,SR-125 N/B,MARIPOSA ST.,389,S,N,A,-,Y,NA,NA,125,NA,NA,NA,NA,NA,N,Y,4,0,1,1,A,-,08,22107,NA,N,E,I,A,A,H,-,A,D,0,NA,NA,NA,NA,Y,NA,A,07,0,0,1,0,0,0,0,0,0,-,-,32.75874,-117.00532,SAN DIEGO,LA MESA,-117.00529369,32.75870424
90397993,2017,2017-02-22,9645,2017-02-21,0550,016061,NA,2,3,7,3711,0,1,3,NA,2,023,SR-163 S/B,I-5,528,N,N,A,-,Y,NA,NA,163,NA,NA,NA,NA,NA,S,Y,4,0,1,3,A,-,07,21658,A,N,D,C,A,A,H,-,D,D,0,NA,NA,NA,NA,Y,Y,A,01,0,0,1,0,0,0,0,0,0,-,-,32.73363,-117.15566,SAN DIEGO,SAN DIEGO,-117.15570814,32.73360278
90397998,2017,2017-02-22,9680,2017-02-18,2132,020771,NA,6,2,5,3708,0,1,3,NA,2,028,SR-125 N/B TO I-8 E/B,GROSSMONT BLVD,263,N,N,C,-,Y,NA,NA,125,NA,NA,NA,R,NA,N,Y,4,0,1,1,A,-,08,22107,NA,N,E,I,A,B,H,-,C,D,0,NA,NA,NA,NA,Y,NA,A,01,0,0,1,0,0,0,0,0,0,-,-,32.77439,-117.00223,SAN DIEGO,LA MESA,-117.00223,32.77439
90398737,2016,2017-02-23,9680,2016-12-11,2010,019946,NA,7,2,5,3708,0,1,3,NA,1,023,SR-94 W/B,BANCROFT DRIVE,3168,W,N,A,-,Y,NA,NA,94,NA,NA,NA,NA,NA,W,Y,1,1,0,2,A,-,07,21658,A,N,B,C,A,A,H,-,D,D,0,NA,NA,NA,NA,Y,NA,A,01,0,0,0,0,0,0,0,0,0,-,-,32.754,-117.0108,SAN DIEGO,LA MESA,-117.0107945,32.75396385
90399372,2017,2017-02-23,9680,2017-02-17,1520,018152,NA,5,2,5,3705,0,1,3,NA,2,016,SR-67 S/B,I-8 W/B,570,N,N,A,-,Y,NA,NA,67,NA,NA,NA,NA,NA,S,Y,4,0,1,2,A,-,03,22350,NA,N,C,C,A,A,H,-,A,D,0,NA,NA,NA,NA,Y,NA,A,01,0,0,1,0,0,0,0,0,0,-,-,32.80463,-116.9625,SAN DIEGO,EL CAJON,-116.9624465,32.80463601
90399477,2017,2017-02-24,9650,2017-02-17,1727,016516,NA,5,2,9,3700,0,1,1,NA,2,021,I-15 N/B,NUTMEG ST,200,S,N,C,-,Y,NA,NA,15,NA,NA,NA,NA,NA,N,Y,4,0,1,1,A,-,08,22107,NA,N,E,I,A,B,H,-,D,D,0,NA,NA,NA,NA,Y,NA,A,01,0,0,1,0,0,0,0,0,0,-,-,33.16534,-117.10725,SAN DIEGO,UNINCORPORATED,-117.10716861,33.16538639
90399537,2017,2017-02-24,9680,2017-02-22,0620,015983,NA,3,1,9,3700,0,1,3,NA,1,040,SR-94,BARRETT SMITH ROAD,6336,E,N,A,-,Y,NA,NA,94,NA,NA,NA,NA,NA,NA,Y,4,0,1,1,C,-,18,NA,NA,N,E,I,A,A,H,-,A,D,0,NA,NA,NA,NA,Y,NA,-,-,0,0,1,0,0,0,0,0,0,-,-,32.59667,-116.67823,SAN DIEGO,UNINCORPORATED,-116.67819716,32.59678536
90399595,2016,2017-02-24,9645,2016-12-09,2004,019291,NA,5,2,7,3711,0,1,3,NA,2,002,SIEMPRE VIVA RD,SR-905,25,E,N,A,-,Y,NA,NA,NA,NA,NA,NA,NA,NA,NA,Y,4,0,2,2,A,-,08,22107,NA,F,B,C,A,A,H,-,A,A,0,NA,NA,NA,NA,Y,NA,-,99,0,0,2,0,0,0,0,0,0,-,-,32.55582,-116.93933,SAN DIEGO,SAN DIEGO,-116.93993038,32.55544481
90399727,2017,2017-02-24,9680,2017-02-17,1140,015081,NA,5,1,9,3700,0,3,5,NA,2,005,BOULDER CREEK ROAD,ENGINEERS ROAD,7920,S,N,B,-,N,NA,NA,NA,NA,NA,NA,NA,NA,NA,Y,3,0,2,1,A,-,03,22350,NA,N,E,I,A,A,H,-,A,D,0,NA,NA,NA,NA,Y,NA,A,01,0,2,0,0,0,0,0,0,0,-,-,33.00218,-116.63841,SAN DIEGO,UNINCORPORATED,-116.63763305,33.00308359
90399937,2017,2017-02-27,9650,2017-02-17,1845,017056,NA,5,2,9,3700,0,3,5,NA,2,006,W. AVIATION RD.,S. MAIN AVE.,0,NA,Y,B,C,N,NA,NA,NA,NA,NA,NA,NA,NA,NA,Y,4,0,1,2,A,-,09,21802,A,F,D,C,A,B,H,-,C,A,0,NA,NA,NA,NA,Y,NA,A,01,0,0,1,0,0,0,0,0,0,-,-,33.37362,-117.25128,SAN DIEGO,UNINCORPORATED,-117.25148011,33.37392008
90400069,2017,2017-04-18,9650,2017-02-13,0236,018496,NA,1,3,9,3700,0,1,1,NA,2,003,I-5 S/B,COCKLEBURR ROAD,4488,N,N,A,-,Y,NA,NA,5,NA,NA,NA,NA,NA,S,Y,2,0,4,2,A,-,01,23152,A,N,A,C,A,A,H,-,D,D,0,NA,NA,NA,NA,Y,Y,A,01,1,1,2,0,0,0,0,0,0,-,-,33.26377,-117.43116,SAN DIEGO,UNINCORPORATED,-117.43119527,33.26374205
90400203,2017,2017-02-27,9650,2017-02-21,1240,015273,NA,2,1,9,3700,0,2,4,NA,2,061,S. MISSION ROAD (4500 BLOCK),LA CANADA RD,0,NA,Y,A,-,N,NA,NA,NA,NA,NA,NA,NA,NA,NA,Y,3,0,3,3,A,-,09,21801,A,N,D,C,A,A,H,-,A,D,0,NA,NA,NA,NA,Y,NA,A,07,0,1,2,0,0,0,0,0,0,-,-,33.30853,-117.22792,SAN DIEGO,UNINCORPORATED,-117.22797008,33.30850003
90401255,2017,2017-02-28,9645,2017-02-18,2055,020479,NA,6,2,7,3711,0,1,1,NA,2,010,I-8 E/B,SR-163,50,W,N,B,-,Y,NA,NA,NA,NA,NA,NA,NA,NA,NA,Y,4,0,1,2,A,-,03,22350,NA,N,C,C,A,B,H,-,D,D,0,NA,NA,NA,NA,Y,NA,D,22,0,0,1,0,0,0,0,0,0,-,-,32.77154,-117.16129,SAN DIEGO,SAN DIEGO,-117.16367121,32.76240297
90404119,2017,2017-03-02,9645,2017-03-01,0835,014692,NA,3,1,7,3711,0,1,3,NA,2,012,STATE ROUTE 52 W/B,REGENTS ROAD U/C,2112,E,N,A,-,Y,NA,NA,52,NA,NA,NA,NA,NA,W,Y,4,0,1,2,A,-,07,21658,A,N,B,C,A,A,H,-,A,D,0,NA,NA,Y,NA,Y,NA,A,01,0,0,1,0,0,0,0,0,1,-,-,32.8451,-117.2107,SAN DIEGO,SAN DIEGO,-117.21075446,32.84522462
9040567,2020,2020-02-24,3711,2020-01-19,1618,SD5600,NA,7,5,7,3711,0,0,0,NA,0,241,CARROLL CANYON RD,BUSINESSPARK AV,0,NA,Y,C,-,N,NA,NA,NA,NA,NA,NA,NA,NA,NA,Y,2,0,1,3,A,-,12,21453,A,N,D,C,A,B,H,-,A,A,0,NA,NA,NA,NA,Y,NA,A,07,1,0,0,0,0,0,0,0,0,-,-,NA,NA,SAN DIEGO,SAN DIEGO,-117.1116180419922,32.90361022949219
90407513,2017,2017-03-07,9645,2017-01-29,1558,018095,NA,7,2,7,3711,0,1,3,NA,2,002,SR-905 E/B,LA MEDIA RD. O/C,1425,E,N,A,-,Y,NA,NA,905,NA,NA,NA,NA,NA,E,Y,4,0,2,2,A,-,03,22350,NA,N,C,C,A,A,H,-,A,D,0,NA,NA,NA,NA,Y,NA,A,08,0,0,2,0,0,0,0,0,0,-,-,32.5643,-116.96062,SAN DIEGO,SAN DIEGO,-116.96062235,32.56404944
90409987,2017,2017-03-10,9680,2017-03-01,1750,016278,NA,3,2,9,3700,0,1,3,NA,2,016,SR-67,LAKESIDE VIEW ESTATES (10880 HWY 67),0,NA,Y,A,-,Y,NA,NA,67,NA,NA,NA,NA,NA,NA,Y,2,0,1,2,A,-,06,21755,NA,N,D,C,A,A,H,-,D,A,0,NA,NA,Y,NA,Y,NA,C,02,1,0,0,0,0,0,0,0,1,-,-,32.8759,-116.92511,SAN DIEGO,UNINCORPORATED,-116.92488384,32.87595404
90410844,2017,2017-03-13,9680,2017-03-04,2027,021501,NA,6,2,5,3708,0,1,1,NA,2,081,I-8 E/B TO JACKSON DRIVE,JACKSON DR,608,W,N,A,-,Y,NA,NA,8,NA,NA,NA,R,NA,E,Y,3,0,1,1,A,-,01,23152,A,N,E,I,A,A,H,-,C,A,0,NA,NA,NA,NA,Y,Y,D,22,0,1,0,0,0,0,0,0,0,-,-,32.77389,-117.01296,SAN DIEGO,LA MESA,-117.01296,32.77389
90410983,2017,2017-03-13,9680,2017-03-11,1215,017928,NA,6,1,9,3700,0,1,3,NA,1,051,SR-79,SUNRISE HWY,4224,S,N,A,-,Y,NA,NA,79,NA,NA,NA,NA,NA,NA,Y,3,0,1,2,A,-,05,21460,A,N,B,C,A,A,H,-,A,D,0,NA,NA,Y,NA,Y,NA,C,02,0,1,0,0,0,0,0,0,1,-,-,33.00165,-116.5653,SAN DIEGO,UNINCORPORATED,-116.56535165,33.00172751
90411340,2017,2017-03-13,9680,2017-03-09,1510,016278,NA,4,2,5,3705,0,1,3,NA,2,016,SR-67 S/B,BROADWAY ST,1056,N,N,A,-,Y,NA,NA,67,NA,NA,NA,NA,NA,S,Y,3,0,3,4,A,-,03,22350,NA,N,C,C,A,A,H,-,A,D,0,NA,NA,NA,NA,Y,NA,A,07,0,1,2,0,0,0,0,0,0,-,-,32.81177,-116.96172,SAN DIEGO,EL CAJON,-116.96195634,32.81177978
90411848,2017,2017-03-14,9645,2017-03-07,0837,018149,NA,2,1,7,3711,0,1,1,NA,2,005,I-5 N/B,I-8,1476,N,N,A,-,Y,NA,NA,5,NA,NA,NA,NA,NA,N,Y,2,0,1,2,A,-,07,21658,A,N,B,C,A,A,H,-,A,D,0,NA,NA,Y,NA,Y,NA,C,02,1,0,0,0,0,0,0,0,1,-,-,32.76177,-117.20447,SAN DIEGO,SAN DIEGO,-117.20440331,32.76178685
90412206,2017,2017-03-14,9645,2017-03-03,0016,016138,NA,5,3,7,3711,0,1,1,NA,2,019,I-15 NORTHBOUND,CARMEL MOUNTAIN RD. O/C,2100,S,N,A,-,Y,NA,NA,15,NA,NA,NA,NA,NA,N,Y,4,0,1,1,A,-,08,22107,NA,N,E,I,A,A,H,-,D,D,0,NA,NA,NA,NA,Y,NA,A,01,0,0,1,0,0,0,0,0,0,-,-,32.97258,-117.08989,SAN DIEGO,SAN DIEGO,-117.09010003,32.97271191
90412649,2017,2017-03-15,9645,2017-03-03,0730,017139,NA,5,1,5,3709,0,1,1,NA,2,009,I-805 S/B,PLAZA BLVD U/C,528,N,N,A,-,Y,NA,NA,805,NA,NA,NA,NA,NA,S,Y,3,0,1,2,A,-,08,22107,NA,M,B,C,A,A,H,-,A,D,0,NA,NA,NA,Y,Y,NA,A,01,0,1,0,0,0,0,0,0,0,-,-,32.68289,-117.08795,SAN DIEGO,NATIONAL CITY,-117.08803432,32.68282384
90412825,2017,2017-03-15,9645,2017-03-04,1104,020265,NA,6,1,7,3711,0,1,1,NA,2,010,I-8 W/B,I-805 FRWY.,100,E,N,A,-,Y,NA,NA,8,NA,NA,NA,NA,NA,W,Y,4,0,2,2,A,-,08,22107,NA,N,B,C,A,A,H,-,A,D,0,NA,NA,NA,NA,Y,NA,A,01,0,0,2,0,0,0,0,0,0,-,-,32.7721,-117.13142,SAN DIEGO,SAN DIEGO,-117.13140332,32.7720267
90413337,2017,2017-03-16,9650,2017-03-06,0940,016485,NA,1,1,6,3706,0,1,1,NA,2,023,I-15 S/B,DEL LAGO BLVD,1167,N,N,A,-,Y,NA,NA,15,NA,NA,NA,NA,NA,S,Y,4,0,1,2,A,-,07,21658,A,N,D,C,A,A,H,-,A,D,0,NA,NA,NA,NA,Y,NA,D,22,0,0,1,0,0,0,0,0,0,-,-,33.07658,-117.0707,SAN DIEGO,ESCONDIDO,-117.07085706,33.076544319999996
90413500,2017,2017-03-16,9680,2017-03-13,0530,016102,NA,1,3,9,3700,0,3,5,NA,2,006,LA POSTA ROAD (3100 BLOCK),OLD HIGHWAY 80,1584,S,N,A,-,N,NA,NA,NA,NA,NA,NA,NA,NA,NA,Y,3,0,1,1,A,-,03,22350,NA,N,E,I,A,A,H,-,D,A,0,NA,NA,NA,NA,Y,NA,A,01,0,1,0,0,0,0,0,0,0,-,-,32.72151,-116.4277,SAN DIEGO,UNINCORPORATED,-116.42845883,32.72113676
9041409,2019,2020-02-10,3702,2019-11-15,1820,CV1160,NA,5,5,6,3702,0,0,0,NA,0,011,C ST,N 5TH AV,0,NA,Y,A,-,N,NA,NA,NA,NA,NA,NA,NA,NA,NA,Y,3,0,2,2,A,-,09,21801,A,N,A,C,A,A,H,-,C,A,0,NA,NA,NA,NA,Y,NA,A,07,0,1,1,0,0,0,0,0,0,-,-,NA,NA,SAN DIEGO,CHULA VISTA,-117.09207916259766,32.64939880371094
9041417,2019,2020-02-10,3702,2019-11-13,1503,CV1225,NA,3,5,6,3702,0,0,0,NA,0,013,4TH AV,J ST,0,NA,Y,A,-,N,NA,NA,NA,NA,NA,NA,NA,NA,NA,Y,4,0,2,2,A,-,12,21453,A,N,D,C,A,A,H,-,A,A,0,NA,NA,NA,NA,Y,NA,A,07,0,0,2,0,0,0,0,0,0,-,-,NA,NA,SAN DIEGO,CHULA VISTA,-117.07858276367188,32.6263313293457
90415283,2017,2017-03-20,9680,2017-03-12,1245,020116,NA,7,1,9,3700,0,3,5,NA,2,003,OLDE HIGHWAY 80,PECAN PARK LN,0,NA,Y,A,-,N,NA,NA,NA,NA,NA,NA,NA,NA,NA,Y,3,0,2,2,A,-,09,21804,A,N,A,C,A,A,H,-,A,A,0,NA,NA,NA,NA,Y,NA,A,01,0,1,1,0,0,0,0,0,0,-,-,32.84346,-116.8803,SAN DIEGO,UNINCORPORATED,-116.880426,32.843574
90416290,2017,2017-03-21,9645,2017-03-17,1453,019054,NA,5,2,7,3711,0,1,3,NA,2,023,SR-163 S/B,6TH AVENUE U/C,1056,N,N,A,-,Y,NA,NA,163,NA,NA,NA,NA,NA,S,Y,4,0,1,2,A,-,03,22350,NA,N,C,C,A,A,H,-,A,D,0,NA,NA,NA,NA,Y,NA,A,01,0,0,1,0,0,0,0,0,0,-,-,32.75808,-117.1609,SAN DIEGO,SAN DIEGO,-117.16086125,32.7581238
90416328,2017,2017-03-21,9680,2017-03-16,2350,019936,NA,4,3,9,3700,0,2,4,NA,1,026,JAMACHA RD,SWEETWATER RD,0,NA,Y,A,-,N,NA,NA,NA,NA,NA,NA,NA,NA,NA,Y,4,0,1,2,A,-,12,21453,A,N,D,C,A,A,H,-,C,A,0,NA,NA,NA,NA,Y,NA,A,01,0,0,1,0,0,0,0,0,0,-,-,32.71454,-117.0121,SAN DIEGO,UNINCORPORATED,-117.01272009,32.71476009
90416672,2017,2017-03-22,9650,2017-03-09,0225,016103,NA,4,3,9,3700,0,1,1,NA,2,003,I-5 S/B,HARBOR DR,1056,N,N,A,-,Y,NA,NA,5,NA,NA,NA,NA,NA,S,Y,3,0,2,1,A,-,08,22107,NA,N,E,I,A,A,H,-,C,D,0,NA,NA,NA,NA,Y,NA,A,08,0,1,1,0,0,0,0,0,0,-,-,33.21372,-117.38945,SAN DIEGO,UNINCORPORATED,-117.38948687,33.21369622
90417531,2017,2017-03-22,9645,2017-03-15,1820,017524,NA,3,2,7,3711,0,1,1,NA,2,015,I-805 S/B,CLAIREMONT MESA BLVD.,1584,N,N,A,-,Y,NA,NA,805,NA,NA,NA,NA,NA,S,Y,4,0,1,3,A,-,07,21658,A,N,B,C,A,A,H,-,A,D,0,NA,NA,NA,Y,Y,NA,A,07,0,0,1,0,0,0,0,0,0,-,-,32.84281,-117.17553,SAN DIEGO,SAN DIEGO,-117.17546171,32.84284634
90417581,2017,2017-03-22,9650,2017-03-17,0830,013570,NA,5,1,5,3712,0,1,3,NA,2,019,SR-78 E/B,WOODLAND PKY,1000,E,N,A,-,Y,NA,NA,78,NA,NA,NA,NA,NA,E,Y,4,0,2,2,A,-,03,22350,NA,N,C,C,A,A,H,-,A,D,0,NA,NA,NA,NA,Y,NA,A,01,0,0,2,0,0,0,0,0,0,-,-,33.13752,-117.13896,SAN DIEGO,SAN MARCOS,-117.13891455,33.13762481
90420642,2017,2017-03-27,9645,2017-03-20,1520,019352,NA,1,2,7,3711,0,1,1,NA,2,010,I-8 E/B,TAYLOR ST.,1584,W,N,A,-,Y,NA,NA,8,NA,NA,NA,NA,NA,E,N,4,0,1,3,A,-,03,22350,NA,N,C,C,A,A,H,-,A,D,0,NA,NA,NA,NA,Y,NA,A,07,0,0,1,0,0,0,0,0,0,-,-,32.76038,-117.19282,SAN DIEGO,SAN DIEGO,-117.19282171,32.76036891
90422764,2017,2017-03-28,9650,2017-03-21,1735,015295,NA,2,2,9,3700,0,3,5,NA,2,170,SOUTH SANTA FE AVENUE,PALMYRA DRIVE,573,E,N,A,-,N,NA,NA,NA,NA,NA,NA,NA,NA,NA,Y,4,0,1,2,A,-,09,21804,A,N,D,C,A,A,H,-,A,D,0,NA,NA,NA,NA,Y,NA,A,01,0,0,1,0,0,0,0,0,0,-,-,33.1693,-117.20652,SAN DIEGO,UNINCORPORATED,-117.20644902,33.16934554
9042282,2020,2020-03-17,3711,2020-01-10,1850,SD7555,NA,5,5,7,3711,0,0,0,NA,0,935,VIA DE LA VALLE,VIA DEL CANON,0,NA,Y,A,-,N,NA,NA,NA,NA,NA,NA,NA,NA,NA,Y,4,0,2,2,A,-,02,22526,A,N,D,C,A,A,H,-,C,D,0,NA,NA,NA,NA,Y,NA,A,01,0,0,2,0,0,0,0,0,0,-,-,NA,NA,SAN DIEGO,SAN DIEGO,-117.23375701904295,32.981590270996094
90424374,2017,2017-05-09,9645,2017-03-21,1435,016864,NA,2,2,7,3711,0,1,1,NA,2,007,I-5 N/B,VIA DE LA VALLE,4224,S,N,B,-,Y,NA,NA,5,NA,NA,NA,NA,NA,N,N,4,0,1,2,A,-,03,22350,NA,N,C,C,A,A,H,-,A,D,0,NA,NA,NA,NA,Y,NA,-,99,0,0,1,0,0,0,0,0,0,-,-,32.96771,-117.24819,SAN DIEGO,SAN DIEGO,-117.24833299,32.96765561
90425916,2017,2017-04-03,9645,2017-03-30,1129,015270,NA,4,1,7,3711,0,1,1,NA,2,007,I-5 NORTHBOUND,VIA DE LA VALLE,3168,S,N,A,-,Y,NA,NA,5,NA,NA,NA,NA,NA,N,Y,4,0,1,2,A,-,03,22350,NA,N,C,C,A,A,H,-,A,D,0,NA,NA,NA,NA,Y,NA,A,01,0,0,1,0,0,0,0,0,0,-,-,32.9711,-117.24948,SAN DIEGO,SAN DIEGO,-117.2496225,32.9710458
90431584,2017,2017-04-11,9645,2017-03-22,2018,020066,NA,3,2,7,3711,0,1,1,NA,2,010,I-8 W/B,WARING ROAD,400,E,N,C,-,Y,NA,NA,8,NA,NA,NA,NA,NA,W,Y,4,0,1,3,A,-,03,22350,NA,N,D,C,A,B,H,-,A,D,0,NA,NA,NA,NA,Y,NA,A,01,0,0,1,0,0,0,0,0,0,-,-,32.78103,-117.08476,SAN DIEGO,SAN DIEGO,-117.08475889,32.78104677
90433682,2017,2017-04-13,9680,2017-04-06,0942,015578,NA,4,1,5,3708,0,1,1,NA,2,081,I-8 WESTBOUND,GROSSMONT CENTER DR.,168,W,N,A,-,Y,NA,NA,8,NA,NA,NA,NA,NA,W,Y,4,0,1,1,A,-,08,22107,NA,N,E,I,A,A,H,-,A,D,0,NA,NA,NA,NA,Y,NA,A,01,0,0,1,0,0,0,0,0,0,-,-,32.77701,-117.00532,SAN DIEGO,LA MESA,-117.0053533,32.77710731
90434023,2017,2017-04-13,9645,2017-03-28,1450,018095,NA,2,2,7,3711,0,1,1,NA,2,030,I-15 N/B,CAMINO DEL NORTE U/C,2112,N,N,A,-,Y,NA,NA,15,NA,NA,NA,NA,NA,N,Y,3,0,1,2,A,-,03,22350,NA,N,C,C,A,A,C,H,A,D,0,NA,NA,Y,NA,Y,NA,D,22,0,1,0,0,0,0,0,0,1,-,-,33.0033,-117.0811,SAN DIEGO,SAN DIEGO,-117.08120554,33.00333331
90435087,2017,2017-04-17,9650,2017-04-05,2154,020343,NA,3,2,5,3713,0,1,3,NA,2,015,SR-78 E/B,EMERALD DR,2370,W,N,A,-,Y,NA,NA,78,NA,NA,NA,NA,NA,E,Y,3,0,2,2,A,-,08,22107,NA,F,B,C,A,A,H,-,C,D,0,NA,NA,NA,NA,Y,Y,A,01,0,1,1,0,0,0,0,0,0,-,-,33.18455,-117.28622,SAN DIEGO,VISTA,-117.28621631,33.18454089
9043606,2020,2020-02-24,3700,2020-01-30,1556,SH7085,NA,4,5,5,3713,0,0,0,NA,0,319,SOUTH MELROSE DR,GREEN OAK RD,46,N,N,A,-,N,NA,NA,NA,NA,NA,NA,NA,NA,NA,Y,3,0,1,2,A,-,04,21703,NA,N,C,C,A,A,H,-,A,A,0,NA,NA,NA,NA,Y,NA,A,01,0,1,0,0,0,0,0,0,0,-,-,NA,NA,SAN DIEGO,VISTA,-117.24179840087892,33.1552734375
90436188,2017,2017-04-17,9680,2017-04-09,1600,020249,NA,7,2,9,3700,0,1,3,NA,1,071,STATE ROUTE 78,YAQUI PASS ROAD,7920,W,N,A,-,Y,NA,NA,78,NA,NA,NA,NA,NA,NA,Y,3,0,3,1,A,-,08,22107,NA,N,E,J,A,A,H,-,A,D,0,NA,NA,NA,NA,Y,NA,A,07,0,3,0,0,0,0,0,0,0,-,-,33.13104,-116.40487,SAN DIEGO,UNINCORPORATED,-116.40487429,33.13107742
90436816,2017,2017-04-18,9650,2017-04-09,1320,015295,NA,7,1,9,3700,0,1,1,NA,2,021,INTERSTATE 15 SOUTHBOUND,CAMINO DEL REY,528,S,N,A,-,Y,NA,NA,15,NA,NA,NA,NA,NA,S,Y,3,0,1,3,C,-,18,NA,NA,N,C,C,A,A,H,-,A,D,0,NA,NA,NA,NA,Y,NA,-,-,0,1,0,0,0,0,0,0,0,-,-,33.26493,-117.15866,SAN DIEGO,UNINCORPORATED,-117.15878025,33.26493932
90438616,2017,2017-04-20,9645,2017-04-14,1545,019344,NA,5,2,7,3711,0,1,3,NA,2,023,SR-163 S/B,"GENESEE AVE., U/C",1000,S,N,A,-,Y,NA,NA,163,NA,NA,NA,NA,NA,S,Y,4,0,2,2,A,-,03,22350,NA,N,C,C,A,A,H,-,A,D,0,NA,NA,NA,NA,Y,NA,A,07,0,0,2,0,0,0,0,0,0,-,-,32.7856,-117.1616,SAN DIEGO,SAN DIEGO,-117.16146854,32.78554713
90438967,2017,2017-04-20,9645,2017-04-11,1755,021600,NA,2,2,7,3711,0,1,1,NA,2,013,I-805 S/B,MURRAY RIDGE RD,1320,N,N,A,-,Y,NA,NA,NA,NA,NA,NA,NA,NA,NA,Y,4,0,1,3,A,-,03,22350,NA,N,C,C,A,A,H,-,A,D,0,NA,NA,NA,NA,Y,NA,A,08,0,0,1,0,0,0,0,0,0,-,-,32.78293,-117.14549,SAN DIEGO,SAN DIEGO,-117.14808697,32.78816702
90440432,2017,2017-04-24,9645,2017-04-07,1205,017473,NA,5,1,7,3711,0,1,3,NA,2,022,I-15 S/B FROM SR-56 E/B,TED WILLIAMS PKWY.,1795,S,N,A,-,Y,NA,NA,15,NA,NA,NA,R,NA,S,Y,2,0,1,1,A,-,03,22350,NA,N,E,I,A,A,H,-,A,D,0,NA,NA,Y,NA,Y,NA,C,02,1,0,0,0,0,0,0,0,1,-,-,32.95827,-117.10027,SAN DIEGO,SAN DIEGO,-117.10027,32.95827
90440500,2017,2017-04-24,9645,2017-04-10,0745,017139,NA,1,1,7,3711,0,1,1,NA,2,003,28TH ST. TO I-5 N/B,28TH ST O/C,30,S,N,A,-,Y,NA,NA,NA,NA,NA,NA,NA,NA,NA,Y,4,0,1,1,A,-,08,22107,NA,N,E,I,A,A,H,-,A,D,0,NA,NA,Y,NA,Y,NA,C,02,0,0,1,0,0,0,0,0,1,-,-,32.6952,-117.13358,SAN DIEGO,SAN DIEGO,-117.1336309,32.74837782
90441130,2017,2017-04-25,9650,2017-04-23,0455,017056,NA,7,3,5,3782,0,1,1,NA,2,007,I-5 S/B,BIRMINGHAM DR,3168,S,N,A,-,Y,NA,NA,5,NA,NA,NA,NA,NA,S,Y,4,0,1,1,A,-,08,22107,NA,N,E,I,A,A,H,-,C,D,0,NA,NA,NA,NA,Y,NA,A,01,0,0,1,0,0,0,0,0,0,-,-,33.01788,-117.27221,SAN DIEGO,ENCINITAS,-117.2722924,33.0178354