CASE_ID,ACCIDENT_YEAR,PROC_DATE,JURIS,COLLISION_DATE,COLLISION_TIME,OFFICER_ID,REPORTING_DISTRICT,DAY_OF_WEEK,CHP_SHIFT,POPULATION,CNTY_CITY_LOC,SPECIAL_COND,BEAT_TYPE,CHP_BEAT_TYPE,CITY_DIVISION_LAPD,CHP_BEAT_CLASS,BEAT_NUMBER,PRIMARY_RD,SECONDARY_RD,DISTANCE,DIRECTION,INTERSECTION,WEATHER_1,WEATHER_2,STATE_HWY_IND,CALTRANS_COUNTY,CALTRANS_DISTRICT,STATE_ROUTE,ROUTE_SUFFIX,POSTMILE_PREFIX,POSTMILE,LOCATION_TYPE,RAMP_INTERSECTION,SIDE_OF_HWY,TOW_AWAY,COLLISION_SEVERITY,NUMBER_KILLED,NUMBER_INJURED,PARTY_COUNT,PRIMARY_COLL_FACTOR,PCF_CODE_OF_VIOL,PCF_VIOL_CATEGORY,PCF_VIOLATION,PCF_VIOL_SUBSECTION,HIT_AND_RUN,TYPE_OF_COLLISION,MVIW,PED_ACTION,ROAD_SURFACE,ROAD_COND_1,ROAD_COND_2,LIGHTING,CONTROL_DEVICE,CHP_ROAD_TYPE,PEDESTRIAN_ACCIDENT,BICYCLE_ACCIDENT,MOTORCYCLE_ACCIDENT,TRUCK_ACCIDENT,NOT_PRIVATE_PROPERTY,ALCOHOL_INVOLVED,STWD_VEHTYPE_AT_FAULT,CHP_VEHTYPE_AT_FAULT,COUNT_SEVERE_INJ,COUNT_VISIBLE_INJ,COUNT_COMPLAINT_PAIN,COUNT_PED_KILLED,COUNT_PED_INJURED,COUNT_BICYCLIST_KILLED,COUNT_BICYCLIST_INJURED,COUNT_MC_KILLED,COUNT_MC_INJURED,PRIMARY_RAMP,SECONDARY_RAMP,LATITUDE,LONGITUDE,COUNTY,CITY,POINT_X,POINT_Y
90441610,2017,2017-04-25,9680,2017-04-18,1325,021584,NA,2,1,5,3705,0,1,1,NA,2,082,INTERSTATE 8 WESTBOUND,BALLANTYNE STREET,168,E,N,A,-,Y,NA,NA,8,NA,NA,NA,NA,NA,W,Y,4,0,3,3,A,-,08,22107,NA,N,E,I,A,A,H,-,A,A,0,NA,NA,NA,NA,Y,NA,A,01,0,0,3,0,0,0,0,0,0,-,-,32.80326,-116.95748,SAN DIEGO,EL CAJON,-116.95747931,32.80312519
90443219,2017,2017-04-27,9645,2017-04-17,1505,017499,NA,1,2,5,3709,0,1,3,NA,2,008,SR-54 EASTBOUND,NATIONAL CITY BLVD O/C,30,W,N,A,-,Y,NA,NA,54,NA,NA,NA,NA,NA,E,Y,4,0,1,1,A,-,08,22107,NA,N,E,I,A,A,H,-,A,D,0,NA,NA,NA,NA,Y,NA,A,01,0,0,1,0,0,0,0,0,0,-,-,32.6518,-117.09757,SAN DIEGO,NATIONAL CITY,-117.09759567,32.65190078
90445695,2017,2017-05-01,9650,2017-04-14,1035,016275,NA,5,1,9,3700,0,1,1,NA,2,022,I-15 N/B,RAINBOW VALLEY RD,7392,S,N,A,-,Y,NA,NA,15,NA,NA,NA,NA,NA,N,Y,4,0,2,2,A,-,03,22350,NA,N,B,C,A,A,H,-,A,D,0,NA,NA,NA,NA,Y,NA,A,07,0,0,2,0,0,0,0,0,0,-,-,33.4116,-117.16091,SAN DIEGO,UNINCORPORATED,-117.16095322,33.41163122
90446862,2017,2017-05-02,9680,2017-04-23,0130,020738,NA,7,3,9,3700,0,3,5,NA,2,002,DEHESA ROAD,HARBISON CANYON ROAD,0,NA,Y,A,-,N,NA,NA,NA,NA,NA,NA,NA,NA,NA,Y,3,0,1,1,A,-,03,22350,NA,N,E,I,A,A,H,-,C,A,0,NA,NA,NA,NA,Y,NA,A,01,0,1,0,0,0,0,0,0,0,-,-,32.79012,-116.84556,SAN DIEGO,UNINCORPORATED,-116.84553012,32.79006009
90446871,2017,2017-05-02,9680,2017-04-23,1715,019910,NA,7,2,9,3700,0,2,4,NA,1,013,WILDCAT CANYON RD,MUTH VALLEY RD,2640,S,N,A,-,N,NA,NA,NA,NA,NA,NA,NA,NA,NA,Y,3,0,3,2,A,-,05,21460,A,N,A,C,A,A,H,-,A,D,0,NA,NA,NA,NA,Y,NA,A,01,0,1,2,0,0,0,0,0,0,-,-,32.89124,-116.89123,SAN DIEGO,UNINCORPORATED,-116.89106143,32.89250417
90447719,2017,2017-05-02,9645,2017-04-23,1620,019352,NA,7,2,7,3711,0,1,1,NA,2,007,I-5 S/B,GENESEE AVE.,2640,N,N,A,-,Y,NA,NA,5,NA,NA,NA,NA,NA,S,Y,3,0,1,1,A,-,03,22350,NA,N,F,I,A,A,H,-,A,D,0,NA,NA,Y,NA,Y,NA,C,02,0,1,0,0,0,0,0,0,1,-,-,32.89531,-117.22656,SAN DIEGO,SAN DIEGO,-117.22663929,32.89534148
90448290,2017,2017-05-03,9645,2017-04-22,1235,017498,NA,6,1,7,3711,0,1,1,NA,2,010,I-8 WESTBOUND,MORENA BLVD UNDER CROSS,1584,E,N,A,-,Y,NA,NA,8,NA,NA,NA,NA,NA,W,Y,4,0,1,3,A,-,03,22350,NA,N,C,C,A,A,H,-,A,D,0,NA,NA,NA,NA,Y,NA,A,07,0,0,1,0,0,0,0,0,0,-,-,32.76048,-117.19216,SAN DIEGO,SAN DIEGO,-117.19216246,32.76046491
90449244,2017,2017-05-04,9645,2017-04-16,1800,020541,NA,7,2,7,3711,0,1,1,NA,2,009,I-805 N/B,BEYER BLVD O/C,1600,N,N,A,-,Y,NA,NA,805,NA,NA,NA,NA,NA,N,Y,3,0,1,1,A,-,08,22107,NA,N,F,A,A,A,H,-,A,D,0,NA,NA,Y,NA,Y,NA,C,03,0,1,0,0,0,0,0,0,1,-,-,32.56175,-117.04186,SAN DIEGO,SAN DIEGO,-117.04189903,32.56175914
90449666,2017,2017-05-05,9645,2017-04-25,0308,015698,NA,2,3,7,3711,0,1,1,NA,2,009,I-805 N/B FROM SR-905 W/B,SR-905,500,N,N,B,-,Y,NA,NA,NA,NA,NA,NA,NA,NA,NA,Y,3,0,1,1,A,-,03,22350,NA,N,F,A,A,A,H,-,D,D,0,NA,NA,NA,NA,Y,NA,A,01,0,1,0,0,0,0,0,0,0,-,-,32.56921,-117.03712,SAN DIEGO,SAN DIEGO,-117.04037,32.56838
90450375,2017,2017-05-08,9650,2017-05-05,1515,015830,NA,5,2,5,3712,0,1,3,NA,2,019,SR-78 E/B,RANCHO SANTA FE RD,450,E,N,A,-,Y,NA,NA,78,NA,NA,NA,NA,NA,E,Y,4,0,1,3,A,-,03,22350,NA,N,C,C,A,A,H,-,A,D,0,NA,NA,NA,NA,Y,NA,A,01,0,0,1,0,0,0,0,0,0,-,-,33.14908,-117.19704,SAN DIEGO,SAN MARCOS,-117.19710614,33.14900247
90450526,2017,2017-05-08,9650,2017-04-30,0620,016275,NA,7,1,5,3713,0,1,3,NA,2,017,SR-78 W/B,MELROSE DR,1584,W,N,A,-,Y,NA,NA,78,NA,NA,NA,NA,NA,W,Y,4,0,1,1,A,-,08,22107,NA,N,E,I,A,A,H,-,B,D,0,NA,NA,NA,NA,Y,NA,A,07,0,0,1,0,0,0,0,0,0,-,-,33.19418,-117.26047,SAN DIEGO,VISTA,-117.26046589,33.19430575
9045058,2019,2020-02-19,3706,2019-12-06,0757,501,ESCON,5,5,6,3706,0,0,0,NA,0,055,TULIP ST,9TH AV,0,NA,Y,A,-,N,NA,NA,NA,NA,NA,NA,NA,NA,NA,N,3,0,2,2,A,-,12,21453,A,N,D,C,A,A,H,-,A,A,0,NA,NA,NA,NA,Y,NA,-,-,0,1,1,0,0,0,0,0,0,-,-,33.10900115966797,-117.08699798583984,SAN DIEGO,ESCONDIDO,-117.08715057373048,33.10906982421875
90450824,2017,2017-05-08,9680,2017-04-28,1027,015008,NA,5,1,9,3700,0,1,3,NA,2,016,SR-67 S/B,BRADLEY AVE,1120,N,N,A,-,Y,NA,NA,67,NA,NA,NA,NA,NA,S,Y,4,0,1,2,A,-,03,22350,NA,N,C,C,A,A,H,-,A,D,0,NA,NA,NA,NA,Y,NA,A,01,0,0,1,0,0,0,0,0,0,-,-,32.82235,-116.9611,SAN DIEGO,UNINCORPORATED,-116.96111462,32.8223465
90451274,2017,2017-05-08,9650,2017-05-07,0712,014615,NA,7,1,9,3700,0,1,1,NA,2,003,I-5 N/B,HARBOR DRIVE,5280,N,N,B,C,Y,NA,NA,NA,NA,NA,NA,NA,NA,NA,Y,3,0,1,2,A,-,03,22350,NA,N,E,I,E,B,H,-,A,D,0,Y,NA,NA,NA,Y,NA,A,01,0,1,0,0,1,0,0,0,0,-,-,NA,NA,SAN DIEGO,UNINCORPORATED,-117.38997,33.21562
90451290,2017,2017-05-08,9680,2017-04-28,1657,021501,NA,5,2,9,3700,0,2,4,NA,1,026,JAMACHA BLVD,SWEETWATER RD,557,E,N,A,-,N,NA,NA,NA,NA,NA,NA,NA,NA,NA,Y,3,0,1,2,A,-,09,21801,A,N,D,C,A,A,H,-,A,A,0,NA,NA,NA,NA,Y,NA,D,22,0,1,0,0,0,0,0,0,0,-,-,32.70652,-117.009,SAN DIEGO,UNINCORPORATED,-117.00906364,32.70631373
90451897,2017,2017-05-09,9645,2017-04-27,1639,017667,NA,4,2,7,3711,0,1,3,NA,2,023,SR-163 S/B FROM KEARNY VILLA RD.,KEARNY VILLA RD.,60,S,N,A,-,Y,NA,NA,163,NA,NA,NA,R,NA,S,Y,4,0,1,5,A,-,03,22350,NA,N,B,C,A,A,H,-,A,D,0,NA,NA,NA,NA,Y,NA,A,01,0,0,1,0,0,0,0,0,0,-,-,32.85643,-117.11903,SAN DIEGO,SAN DIEGO,-117.11903,32.85643
90453038,2017,2017-05-10,9680,2017-05-02,2010,019822,NA,2,2,9,3700,0,2,4,NA,1,025,SWEETWATER ROAD,JAMACHA BLVD,626,N,N,A,-,N,NA,NA,NA,NA,NA,NA,NA,NA,NA,Y,4,0,1,2,A,-,09,21804,A,N,D,C,A,A,H,-,C,D,0,NA,NA,NA,NA,Y,NA,A,01,0,0,1,0,0,0,0,0,0,-,-,32.70734,-117.0111,SAN DIEGO,UNINCORPORATED,-117.01084451,32.70677577
90455665,2017,2017-05-15,9645,2017-05-03,1420,018250,NA,3,2,7,3711,0,1,1,NA,2,011,I-805 N/B,TULIP STREET O/C,80,S,N,A,-,Y,NA,NA,805,NA,NA,NA,NA,NA,N,Y,4,0,2,2,A,-,03,22350,NA,N,C,C,A,A,H,-,A,D,0,NA,NA,NA,NA,Y,NA,A,08,0,0,2,0,0,0,0,0,0,-,-,32.72993,-117.10762,SAN DIEGO,SAN DIEGO,-117.10760916,32.72995076
90455910,2017,2017-05-15,9650,2017-05-07,2135,019191,NA,7,2,9,3700,0,1,1,NA,2,022,I-15 N/B,SR-76,2000,N,N,B,-,Y,NA,NA,15,NA,NA,NA,NA,NA,N,Y,2,0,1,1,A,-,01,23152,A,N,E,I,A,B,H,-,D,D,0,NA,NA,NA,NA,Y,Y,A,01,1,0,0,0,0,0,0,0,0,-,-,33.3378,-117.1592,SAN DIEGO,UNINCORPORATED,-117.15902966,33.33779713
90455954,2017,2017-05-15,9650,2017-05-13,2100,018321,NA,6,2,9,3700,0,1,3,NA,1,028,SR-76 E/B,PANKEY RD,0,NA,Y,A,-,Y,NA,NA,76,NA,NA,NA,NA,NA,E,Y,4,0,1,2,A,-,09,21802,A,N,D,C,A,A,H,-,D,D,0,NA,NA,NA,NA,Y,NA,D,22,0,0,1,0,0,0,0,0,0,-,-,33.3358,-117.15147,SAN DIEGO,UNINCORPORATED,-117.1515012,33.33588546
90456169,2017,2017-05-15,9650,2017-03-26,1525,015758,NA,7,2,6,3706,0,1,1,NA,2,023,I-15 N/B,SR-78,612,S,N,A,-,Y,NA,NA,15,NA,NA,NA,NA,NA,N,Y,4,0,1,1,A,-,03,22350,NA,N,E,I,A,A,H,-,A,D,0,NA,NA,NA,NA,Y,NA,A,01,0,0,1,0,0,0,0,0,0,-,-,33.12549,-117.10357,SAN DIEGO,ESCONDIDO,-117.10415871,33.12527414
90457234,2017,2017-05-16,9680,2017-05-08,2155,017621,NA,1,2,9,3700,0,3,5,NA,2,009,MUSSEY GRADE RD,DOS PICOS PARK RD,0,NA,Y,A,-,N,NA,NA,NA,NA,NA,NA,NA,NA,NA,Y,4,0,1,2,A,-,12,22450,A,N,D,C,A,A,H,-,D,A,0,NA,NA,NA,NA,Y,NA,A,01,0,0,1,0,0,0,0,0,0,-,-,33.99966,-116.9285,SAN DIEGO,UNINCORPORATED,-116.92842002,32.99967009
90457608,2016,2017-05-17,9645,2016-12-28,1959,015001,NA,3,2,7,3711,0,1,1,NA,2,019,I-15 N/B OFF TO CARMEL MTN RD,CARMEL MTN RD,10,S,N,A,-,Y,NA,NA,15,NA,NA,NA,R,NA,N,N,4,0,1,2,A,-,21,22106,NA,N,C,C,A,A,H,-,C,A,0,NA,NA,NA,NA,Y,NA,A,01,0,0,1,0,0,0,0,0,0,-,-,32.97859,-117.08533,SAN DIEGO,SAN DIEGO,-117.08533,32.97859
90458011,2017,2017-05-17,9650,2017-05-05,1039,016936,NA,5,1,9,3700,0,1,3,NA,1,028,SR-76,I-15 NORTHBOUND FROM SR-76,78,W,N,B,-,Y,NA,NA,76,NA,NA,NA,NA,NA,NA,Y,4,0,2,2,A,-,08,22107,NA,F,D,C,A,A,H,-,A,A,0,NA,NA,NA,NA,Y,NA,A,01,0,0,2,0,0,0,0,0,0,-,-,33.33218,-117.15804,SAN DIEGO,UNINCORPORATED,-117.15812865,33.33227513
90458749,2017,2017-05-18,9680,2017-05-12,0340,013686,NA,5,3,9,3700,0,2,4,NA,1,013,LAKE JENNINGS PARK RD,I-8 W/B,2,N,N,B,-,Y,NA,NA,NA,NA,NA,NA,NA,NA,NA,Y,2,0,1,1,A,-,01,23152,A,N,E,I,A,A,H,-,C,D,0,NA,NA,NA,NA,Y,Y,A,07,1,0,0,0,0,0,0,0,0,-,-,32.84477,-116.88174,SAN DIEGO,UNINCORPORATED,-116.88180415,32.84479864
90459948,2017,2017-05-22,9650,2017-05-08,1305,016275,NA,1,1,9,3700,0,3,5,NA,2,006,DE LUZ RD,SANDIA CREEK RD,1056,S,N,A,-,N,NA,NA,NA,NA,NA,NA,NA,NA,NA,Y,4,0,1,2,A,-,03,22350,NA,N,A,C,A,A,H,-,A,D,0,NA,NA,NA,NA,Y,NA,D,22,0,0,1,0,0,0,0,0,0,-,-,33.39794,-117.25119,SAN DIEGO,UNINCORPORATED,-117.25085829,33.39848951
90460680,2017,2017-05-22,9645,2017-05-10,0655,015494,NA,3,1,7,3711,0,1,1,NA,2,011,I-805 N/B,RALENE ST,150,N,N,B,-,Y,NA,NA,805,NA,NA,NA,NA,NA,N,Y,4,0,1,3,A,-,03,22350,NA,N,C,C,A,A,H,-,A,D,0,NA,NA,NA,NA,Y,NA,A,01,0,0,1,0,0,0,0,0,0,-,-,32.7303,-117.10856,SAN DIEGO,SAN DIEGO,-117.10847234,32.73044645
90461554,2017,2017-05-23,9645,2017-05-11,1915,017529,NA,4,2,7,3711,0,1,1,NA,2,027,I-15 SOUTHBOUND FROM FRIARS RD,FRIARS RD,1500,S,N,A,-,Y,NA,NA,15,NA,NA,NA,R,NA,S,Y,3,0,1,1,A,-,08,22107,NA,N,E,I,A,A,H,-,A,D,0,NA,NA,NA,NA,Y,NA,A,01,0,1,0,0,0,0,0,0,0,-,-,32.7819,-117.11379,SAN DIEGO,SAN DIEGO,-117.11379,32.7819
90462153,2017,2017-05-23,9680,2017-05-16,1510,018801,NA,2,2,5,3708,0,1,1,NA,2,081,I-8 E/B,FLETCHER PARKWAY O/C,2112,W,N,B,-,Y,NA,NA,8,NA,NA,NA,NA,NA,E,Y,4,0,1,2,A,-,03,22350,NA,N,C,C,A,A,H,-,A,D,0,NA,NA,NA,NA,Y,NA,A,01,0,0,1,0,0,0,0,0,0,-,-,32.77315,-117.03691,SAN DIEGO,LA MESA,-117.03693875,32.77326317
90462429,2017,2017-05-24,9645,2017-04-29,1100,014922,NA,6,1,7,3711,0,1,1,NA,2,011,I-805 SOUTHBOUND,SR-15 SOUTHBOUND,65,S,N,A,-,Y,NA,NA,805,NA,NA,NA,NA,NA,S,Y,2,0,1,1,A,-,01,23152,A,N,E,I,A,A,H,-,A,D,0,NA,NA,NA,NA,Y,Y,A,01,1,0,0,0,0,0,0,0,0,-,-,32.73216,-117.11177,SAN DIEGO,SAN DIEGO,-117.11184319,32.73207188
9046323,2020,2020-02-26,3702,2020-01-21,0555,CV1018,NA,2,5,6,3702,0,0,0,NA,0,032,EASTLAKE PKWY,FENTON ST,6,N,N,C,-,N,NA,NA,NA,NA,NA,NA,NA,NA,NA,Y,3,0,1,2,A,-,03,22350,NA,N,C,C,A,B,H,-,C,A,0,NA,NA,NA,NA,Y,NA,A,08,0,1,0,0,0,0,0,0,0,-,-,NA,NA,SAN DIEGO,CHULA VISTA,-116.96642303466795,32.650814056396484
90465554,2017,2017-05-26,9645,2017-05-17,0915,014461,NA,3,1,7,3711,0,1,1,NA,2,015,I-805 NORTHBOUND,GOVERNOR DR.,1600,S,N,A,-,Y,NA,NA,805,NA,NA,NA,NA,NA,N,Y,3,0,1,1,A,-,07,21658,A,N,F,A,A,A,H,-,A,D,0,NA,NA,Y,NA,Y,NA,C,02,0,1,0,0,0,0,0,0,1,-,-,32.85414,-117.18264,SAN DIEGO,SAN DIEGO,-117.18222535,32.85438557
90465602,2017,2017-05-26,9645,2017-05-25,1435,018393,NA,4,2,7,3711,0,1,1,NA,2,009,I-805 S/B,GREENWOOD RAILROAD O/C,50,S,N,B,-,Y,NA,NA,805,NA,NA,NA,NA,NA,S,N,4,0,1,2,A,-,03,22350,NA,N,C,C,A,A,H,-,A,D,0,NA,NA,NA,NA,Y,NA,A,07,0,0,1,0,0,0,0,0,0,-,-,32.70472,-117.0955,SAN DIEGO,SAN DIEGO,-117.09537219,32.70476957
90465689,2017,2017-05-26,9680,2017-05-19,1455,020105,NA,5,2,9,3700,0,3,5,NA,2,002,LAMAR ST,CENTRAL AVE,0,NA,Y,A,-,N,NA,NA,NA,NA,NA,NA,NA,NA,NA,Y,3,0,1,1,A,-,12,22450,A,N,E,I,A,A,H,-,A,A,0,NA,NA,NA,NA,Y,NA,A,01,0,1,0,0,0,0,0,0,0,-,-,32.73864,-117.01032,SAN DIEGO,UNINCORPORATED,-117.01023011,32.73868005
90465710,2017,2017-05-26,9680,2017-05-20,1730,020116,NA,6,2,4,3720,0,1,3,NA,1,023,SR-94 E/B TO LEMON GROVE AVENUE,LEMON GROVE AVE,10,W,N,A,-,Y,NA,NA,94,NA,NA,NA,R,NA,E,N,4,0,1,2,A,-,21,22106,NA,N,C,C,A,A,D,-,A,A,0,NA,NA,NA,NA,Y,NA,D,22,0,0,1,0,0,0,0,0,0,-,-,32.74543,-117.03124,SAN DIEGO,LEMON GROVE,-117.03124,32.74543
90465972,2017,2017-05-29,9650,2017-05-23,1645,015803,NA,2,2,5,3712,0,1,3,NA,2,017,SR-78 E/B,RANCHO SANTA FE AVE,3696,W,N,A,-,Y,NA,NA,NA,NA,NA,NA,NA,NA,NA,Y,3,0,1,2,A,-,03,22350,NA,N,C,C,A,A,H,-,A,D,0,NA,NA,Y,NA,Y,NA,C,02,0,1,0,0,0,0,0,0,1,-,-,33.91771,-117.12144,SAN DIEGO,SAN MARCOS,-117.20670314,33.15739212
90467499,2017,2017-05-30,9680,2017-05-17,1335,015008,NA,3,1,9,3700,0,1,3,NA,2,015,SR-52 E/B TO MAGNOLIA AVENUE,MAGNOLIA AVE,2,W,N,A,-,Y,NA,NA,NA,NA,NA,NA,NA,NA,NA,N,3,0,1,2,A,-,05,21650,NA,N,A,G,A,A,H,-,A,D,0,NA,Y,NA,NA,Y,NA,L,04,0,1,0,0,0,0,1,0,0,-,-,32.83217,-116.96396,SAN DIEGO,UNINCORPORATED,-116.96912236,32.83245564
90468313,2017,2017-05-31,9645,2017-05-19,2320,021600,NA,5,3,7,3711,0,1,1,NA,2,010,I-8 EB,COLLEGE AVE,1056,W,N,A,-,Y,NA,NA,8,NA,NA,NA,NA,NA,E,Y,4,0,4,3,A,-,03,22350,NA,N,C,C,A,A,H,-,D,D,0,NA,NA,NA,NA,Y,NA,A,01,0,0,4,0,0,0,0,0,0,-,-,32.77896,-117.07349,SAN DIEGO,SAN DIEGO,-117.07348595,32.77916635
90469001,2017,2017-06-01,9680,2017-05-24,2308,013686,NA,3,3,9,3700,0,1,1,NA,2,082,I-8 E/B,LOS COCHES RD.,2112,W,N,A,-,Y,NA,NA,8,NA,NA,NA,NA,NA,E,Y,3,0,1,1,A,-,08,22107,NA,N,E,I,A,A,H,-,D,D,0,NA,NA,NA,NA,Y,NA,A,01,0,1,0,0,0,0,0,0,0,-,-,32.82306,-116.90774,SAN DIEGO,UNINCORPORATED,-116.90774968,32.82307141
90469698,2017,2017-06-02,9645,2017-02-12,1411,015001,NA,7,2,9,3700,0,3,5,NA,2,024,HUNTERS RIDGE RD N/B,HUNTERS RIDGE PL,10,S,N,A,-,N,NA,NA,NA,NA,NA,NA,NA,NA,NA,N,4,0,1,2,A,-,11,21954,A,N,G,B,E,A,H,-,A,A,0,Y,NA,NA,NA,Y,NA,N,60,0,0,1,0,1,0,0,0,0,-,-,33.03809,-117.11351,SAN DIEGO,UNINCORPORATED,-117.11353239,33.03807697
90470479,2017,2017-06-05,9650,2017-06-03,1110,016487,NA,6,1,9,3700,0,3,5,NA,2,006,OLD HWY 395,VIA ALTA MIRA,1056,N,N,A,-,N,NA,NA,NA,NA,NA,NA,NA,NA,NA,Y,3,0,1,2,A,-,09,21804,A,N,F,A,A,A,H,-,A,D,0,NA,NA,Y,NA,Y,NA,A,07,0,1,0,0,0,0,0,0,1,-,-,33.33451,-117.16062,SAN DIEGO,UNINCORPORATED,-117.16097477,33.33359242
90470646,2017,2017-06-05,9645,2017-05-18,1725,021651,NA,4,2,7,3711,0,1,1,NA,2,010,I-8 E/B,SPORTS ARENA BLVD U/C,500,E,N,A,-,Y,NA,NA,8,NA,NA,NA,NA,NA,E,Y,4,0,1,2,A,-,03,22350,NA,N,C,C,A,A,H,-,A,D,0,NA,NA,NA,NA,Y,NA,A,01,0,0,1,0,0,0,0,0,0,-,-,32.75778,-117.21729,SAN DIEGO,SAN DIEGO,-117.21726752,32.75768021
90471755,2017,2017-06-06,9645,2017-05-07,1815,017678,NA,7,2,7,3711,0,1,3,NA,2,006,SR-94 E/B,EUCLID AVE. O/C,100,W,N,B,C,Y,NA,NA,94,NA,NA,NA,NA,NA,E,Y,3,0,1,1,A,-,03,22350,NA,N,E,I,A,B,H,-,A,D,0,NA,NA,NA,NA,Y,NA,A,01,0,1,0,0,0,0,0,0,0,-,-,32.71778,-117.08724,SAN DIEGO,SAN DIEGO,-117.0872398,32.71771345
90472411,2017,2017-06-07,9680,2017-05-27,0905,021501,NA,6,1,9,3700,0,1,3,NA,1,052,SR-78,WYNOLA RD,10560,E,N,A,-,Y,NA,NA,78,NA,NA,NA,NA,NA,NA,Y,2,0,1,1,C,-,18,NA,NA,N,H,H,A,A,H,-,A,D,0,NA,NA,Y,NA,Y,NA,-,-,1,0,0,0,0,0,0,0,1,-,-,33.08331,-116.57215,SAN DIEGO,UNINCORPORATED,-116.57209968,33.08334433
90474039,2017,2017-06-08,9680,2017-05-28,1905,020105,NA,7,2,9,3700,0,3,5,NA,2,002,BROADWAY,FAIRWAY AVE,700,W,N,A,-,N,NA,NA,NA,NA,NA,NA,NA,NA,NA,N,4,0,1,2,A,-,05,21460,NA,N,D,C,A,A,H,-,A,D,0,NA,NA,NA,NA,Y,NA,A,01,0,0,1,0,0,0,0,0,0,-,-,32.74971,-117.01446,SAN DIEGO,UNINCORPORATED,-117.01420812,32.74989921
9047704,2020,2020-06-09,3711,2020-02-12,0131,6366,NA,3,5,7,3711,0,0,0,NA,0,447,POLK AV,39TH ST,39,W,N,A,-,N,NA,NA,NA,NA,NA,NA,NA,NA,NA,Y,3,0,1,3,A,-,08,22107,NA,M,A,E,A,A,H,-,C,D,0,NA,NA,NA,NA,Y,NA,A,01,0,1,0,0,0,0,0,0,0,-,-,NA,NA,SAN DIEGO,SAN DIEGO,-117.11075592041016,32.75149917602539
90477091,2017,2017-06-13,9680,2017-06-03,1314,016181,NA,6,1,9,3700,0,1,3,NA,1,017,SR-67 N/B,LAKESIDE AVENUE,395,S,N,A,-,Y,NA,NA,67,NA,NA,NA,NA,NA,N,Y,4,0,1,2,A,-,03,22350,NA,N,C,C,A,A,H,-,A,A,0,NA,NA,NA,NA,Y,NA,A,01,0,0,1,0,0,0,0,0,0,-,-,32.87054,-116.92341,SAN DIEGO,UNINCORPORATED,-116.92343286,32.87053462
9047712,2020,2020-06-10,3711,2020-02-08,1315,7953,NA,6,5,7,3711,0,0,0,NA,0,115,GENESEE AV,UNIVERSITY TOWNE CENTRE,0,NA,-,A,-,N,NA,NA,NA,NA,NA,NA,NA,NA,NA,N,4,0,1,2,A,-,07,21658,A,N,B,C,A,A,D,-,A,A,0,NA,NA,Y,NA,Y,NA,A,01,0,0,1,0,0,0,0,0,1,-,-,NA,NA,SAN DIEGO,SAN DIEGO,-117.21399688720705,32.86994171142578
90477373,2017,2017-06-14,9650,2017-06-01,0905,017994,NA,4,1,9,3700,0,3,5,NA,1,212,LILAC RD,OLD CASTLE RD,2640,N,N,B,C,N,NA,NA,NA,NA,NA,NA,NA,NA,NA,Y,4,0,2,2,A,-,03,22350,NA,N,A,C,A,B,H,-,A,D,0,NA,NA,NA,NA,Y,NA,A,01,0,0,2,0,0,0,0,0,0,-,-,33.260980000000004,-117.07299,SAN DIEGO,UNINCORPORATED,-117.07305189,33.26156642
90478122,2017,2017-06-14,9650,2017-06-12,0705,015738,NA,1,1,9,3700,0,1,1,NA,2,021,I-15 S/B,MESA ROCK RD.,5808,S,N,A,-,Y,NA,NA,15,NA,NA,NA,NA,NA,S,Y,2,0,1,3,A,-,03,22350,NA,N,C,C,A,A,H,-,A,D,0,NA,NA,Y,NA,Y,NA,C,02,1,0,0,0,0,0,0,0,1,-,-,33.16814,-117.10915,SAN DIEGO,UNINCORPORATED,-117.10912152,33.16815593
90479369,2017,2017-06-15,9680,2017-06-08,1250,015070,NA,4,1,9,3700,0,1,3,NA,1,030,SR-79,OLD HWY 80,10560,N,N,A,-,Y,NA,NA,79,NA,NA,NA,NA,NA,NA,Y,3,0,1,2,A,-,05,21460,A,N,B,C,A,A,H,-,A,D,0,NA,NA,Y,NA,Y,NA,C,02,0,1,0,0,0,0,0,0,1,-,-,32.88053,-116.58455,SAN DIEGO,UNINCORPORATED,-116.58454802,32.88052491
90480843,2017,2017-06-19,9650,2017-06-16,1515,020673,NA,5,2,9,3700,0,1,1,NA,2,022,I-15 NORTHBOUND,RAINBOW VALLEY BLVD,150,S,N,A,-,Y,NA,NA,15,NA,NA,NA,NA,NA,N,Y,4,0,3,2,A,-,04,21703,NA,N,C,C,A,A,H,-,A,D,0,NA,NA,NA,NA,Y,NA,A,07,0,0,3,0,0,0,0,0,0,-,-,33.40589,-117.16528,SAN DIEGO,UNINCORPORATED,-117.16527886,33.40588903
90484031,2017,2017-06-22,9650,2017-06-21,1523,015531,NA,3,2,5,3782,0,1,1,NA,2,005,I-5 S/B,LA COSTA AVE,1056,N,N,B,-,Y,NA,NA,NA,NA,NA,NA,NA,NA,NA,Y,4,0,1,3,A,-,01,23152,A,N,C,C,A,A,H,-,A,D,0,NA,NA,NA,NA,Y,Y,A,01,0,0,1,0,0,0,0,0,0,-,-,33.57379,-117.17559,SAN DIEGO,ENCINITAS,-117.29988278,33.08676567