CASE_ID,ACCIDENT_YEAR,PROC_DATE,JURIS,COLLISION_DATE,COLLISION_TIME,OFFICER_ID,REPORTING_DISTRICT,DAY_OF_WEEK,CHP_SHIFT,POPULATION,CNTY_CITY_LOC,SPECIAL_COND,BEAT_TYPE,CHP_BEAT_TYPE,CITY_DIVISION_LAPD,CHP_BEAT_CLASS,BEAT_NUMBER,PRIMARY_RD,SECONDARY_RD,DISTANCE,DIRECTION,INTERSECTION,WEATHER_1,WEATHER_2,STATE_HWY_IND,CALTRANS_COUNTY,CALTRANS_DISTRICT,STATE_ROUTE,ROUTE_SUFFIX,POSTMILE_PREFIX,POSTMILE,LOCATION_TYPE,RAMP_INTERSECTION,SIDE_OF_HWY,TOW_AWAY,COLLISION_SEVERITY,NUMBER_KILLED,NUMBER_INJURED,PARTY_COUNT,PRIMARY_COLL_FACTOR,PCF_CODE_OF_VIOL,PCF_VIOL_CATEGORY,PCF_VIOLATION,PCF_VIOL_SUBSECTION,HIT_AND_RUN,TYPE_OF_COLLISION,MVIW,PED_ACTION,ROAD_SURFACE,ROAD_COND_1,ROAD_COND_2,LIGHTING,CONTROL_DEVICE,CHP_ROAD_TYPE,PEDESTRIAN_ACCIDENT,BICYCLE_ACCIDENT,MOTORCYCLE_ACCIDENT,TRUCK_ACCIDENT,NOT_PRIVATE_PROPERTY,ALCOHOL_INVOLVED,STWD_VEHTYPE_AT_FAULT,CHP_VEHTYPE_AT_FAULT,COUNT_SEVERE_INJ,COUNT_VISIBLE_INJ,COUNT_COMPLAINT_PAIN,COUNT_PED_KILLED,COUNT_PED_INJURED,COUNT_BICYCLIST_KILLED,COUNT_BICYCLIST_INJURED,COUNT_MC_KILLED,COUNT_MC_INJURED,PRIMARY_RAMP,SECONDARY_RAMP,LATITUDE,LONGITUDE,COUNTY,CITY,POINT_X,POINT_Y
90920535,2019,2019-02-06,9650,2019-02-04,1038,015446,NA,1,1,6,3706,0,1,1,NA,2,023,I-15 NORTHBOUND,SR-78,50,S,N,B,-,Y,NA,NA,15,NA,NA,NA,NA,NA,N,Y,3,0,2,2,A,-,01,23152,A,N,A,C,A,B,H,-,A,D,0,NA,NA,NA,NA,Y,Y,D,22,0,2,0,0,0,0,0,0,0,-,-,33.126548767089844,-117.10459136962892,SAN DIEGO,ESCONDIDO,-117.1045379638672,33.12656021118164
9092065,2020,2020-07-30,3710,2020-04-09,1448,OC1185,NA,4,5,6,3710,0,0,0,NA,0,013,EL CAMINO REAL,OCEANSIDE BL,0,NA,Y,B,-,N,NA,NA,NA,NA,NA,NA,NA,NA,NA,Y,3,0,1,3,A,-,12,21453,A,N,D,D,A,A,H,-,A,A,0,NA,NA,NA,NA,Y,NA,A,01,0,1,0,0,0,0,0,0,0,-,-,NA,NA,SAN DIEGO,OCEANSIDE,-117.33242034912108,33.201820373535156
90921367,2018,2019-02-07,9650,2018-11-19,1640,015868,NA,1,2,9,3700,0,1,1,NA,2,022,I-15 N/B,STEWART CANYON RD,1720,S,N,B,-,Y,NA,NA,15,NA,NA,NA,NA,NA,N,Y,1,1,0,2,A,-,03,22350,NA,N,F,A,A,A,H,-,A,D,0,NA,NA,Y,Y,Y,NA,C,02,0,0,0,0,0,0,0,1,0,-,-,33.361019134521484,-117.15946197509766,SAN DIEGO,UNINCORPORATED,-117.15941619873048,33.36103057861328
90922022,2019,2019-02-08,9680,2019-01-29,1330,013686,NA,2,1,9,3700,0,1,3,NA,2,016,SR-67 N/B,MAPLEVIEW ST,150,S,N,A,-,Y,NA,NA,67,NA,NA,NA,NA,NA,N,Y,4,0,1,2,A,-,03,22350,NA,N,C,C,A,A,H,-,A,A,0,NA,NA,NA,NA,Y,NA,A,01,0,0,1,0,0,0,0,0,0,-,-,32.86248016357422,-116.92299652099608,SAN DIEGO,UNINCORPORATED,-116.92296600341795,32.862464904785156
90922387,2018,2019-10-02,9650,2018-11-07,0505,020343,NA,3,3,9,3700,0,1,1,NA,2,022,I-15 N/B,RAINBOW GLEN RD,1297,S,N,A,-,Y,NA,NA,15,NA,NA,NA,NA,NA,N,Y,1,1,0,3,A,-,08,22107,NA,N,F,A,A,A,H,-,D,D,0,NA,NA,Y,NA,Y,NA,C,02,0,0,0,0,0,0,0,1,0,-,-,33.404510498046875,-117.16647338867188,SAN DIEGO,UNINCORPORATED,-117.16646575927734,33.404502868652344
9092252,2020,2020-07-07,3709,2020-03-01,1857,NC0515,NA,7,5,5,3709,0,0,0,NA,0,021,EAST PLAZA BL,HARBISON AV,0,NA,Y,A,-,N,NA,NA,NA,NA,NA,NA,NA,NA,NA,N,4,0,1,2,A,-,10,21950,A,N,G,B,B,A,H,-,C,A,0,Y,NA,NA,NA,Y,NA,A,01,0,0,1,0,1,0,0,0,0,-,-,NA,NA,SAN DIEGO,NATIONAL CITY,-117.07401275634766,32.68170928955078
90923253,2018,2019-02-11,9645,2018-09-25,0750,015331,NA,2,1,7,3711,0,1,3,NA,2,023,STATE ROUTE-163 SOUTHBOUND,FRIARS ROAD,150,N,N,B,-,Y,NA,NA,163,NA,NA,NA,NA,NA,S,Y,1,1,0,3,A,-,03,22350,NA,N,C,C,A,A,D,H,A,D,0,NA,NA,Y,NA,Y,NA,C,02,0,0,0,0,0,0,0,1,0,-,-,32.77157974243164,-117.16145324707033,SAN DIEGO,SAN DIEGO,-117.16145324707033,32.77157974243164
90924058,2019,2019-02-11,9680,2019-01-31,1810,016981,NA,4,2,9,3700,0,1,1,NA,2,084,I-8 W/B,TAVERN ROAD,763,E,N,B,C,Y,NA,NA,8,NA,NA,NA,NA,NA,W,Y,4,0,1,1,A,-,03,22350,NA,N,F,I,A,B,H,-,D,D,0,NA,NA,NA,NA,Y,NA,A,01,0,0,1,0,0,0,0,0,0,-,-,32.84080123901367,-116.77726745605467,SAN DIEGO,UNINCORPORATED,-116.77725219726563,32.84053421020508
90926077,2019,2019-02-13,9645,2019-02-03,1007,017473,NA,7,1,7,3711,0,1,1,NA,2,019,I-15 N/B,BERNARDO CENTER DR.,300,N,N,B,-,Y,NA,NA,15,NA,NA,NA,NA,NA,N,Y,3,0,1,1,A,-,08,22107,NA,N,F,A,A,B,H,-,A,D,0,NA,NA,NA,NA,Y,NA,A,01,0,1,0,0,0,0,0,0,0,-,-,33.01285171508789,-117.07940673828124,SAN DIEGO,SAN DIEGO,-117.07967376708984,33.012874603271484
90926668,2019,2019-02-14,9645,2019-02-04,0655,014669,NA,1,1,7,3711,0,1,1,NA,2,030,I-15 S/B (HOV),MIRAMAR WAY,249,N,N,C,-,Y,NA,NA,15,NA,NA,NA,NA,NA,S,Y,4,0,1,1,A,-,03,22350,NA,N,E,I,A,B,H,-,C,D,0,NA,NA,NA,NA,Y,NA,A,01,0,0,1,0,0,0,0,0,0,-,-,32.88127899169922,-117.10903930664063,SAN DIEGO,SAN DIEGO,-117.10922241210938,32.88119888305664
90926824,2019,2019-02-14,9645,2019-02-04,1120,018987,NA,1,1,7,3711,0,1,1,NA,2,009,I-805 NORTHBOUND,MARKET ST,528,S,N,B,-,Y,NA,NA,805,NA,NA,NA,NA,NA,N,N,4,0,1,2,A,-,07,21658,A,N,B,C,A,A,H,-,A,D,0,NA,NA,NA,NA,Y,NA,A,07,0,0,1,0,0,0,0,0,0,-,-,32.709991455078125,-117.09908294677734,SAN DIEGO,SAN DIEGO,-117.09909057617188,32.70998001098633
90927676,2019,2019-02-15,9645,2019-02-04,1830,016061,NA,1,2,7,3711,0,1,3,NA,2,014,I-15 S/B FROM SR-52 E/B,SR-52,528,S,N,B,C,Y,NA,NA,15,NA,NA,NA,R,NA,S,Y,4,0,1,2,A,-,03,22350,NA,N,C,C,A,B,H,-,C,D,0,NA,NA,NA,NA,Y,NA,A,01,0,0,1,0,0,0,0,0,0,-,-,32.82872009277344,-117.11813354492188,SAN DIEGO,SAN DIEGO,-117.11813354492188,32.82872009277344
90928841,2019,2019-02-19,9680,2019-02-06,0513,022183,NA,3,3,9,3700,0,1,1,NA,2,085,I-8 WB,CORTE MADERA RD,5808,W,N,B,E,Y,NA,NA,8,NA,NA,NA,NA,NA,W,Y,4,0,1,1,A,-,03,22350,NA,N,E,I,A,C,H,-,D,D,0,NA,NA,NA,NA,Y,NA,D,22,0,0,1,0,0,0,0,0,0,-,-,32.823299407958984,-116.558349609375,SAN DIEGO,UNINCORPORATED,-116.558349609375,32.8232307434082
90931049,2019,2019-02-21,9645,2019-02-11,0525,019054,NA,1,3,7,3711,0,1,3,NA,2,002,SR-905 E/B,SIEMPRE VIVA RD. O/C,978,E,N,A,-,Y,NA,NA,NA,NA,NA,NA,NA,NA,NA,Y,3,0,2,2,A,-,07,21658,A,N,B,C,A,A,H,-,E,D,0,NA,NA,NA,NA,Y,NA,A,01,0,1,1,0,0,0,0,0,0,-,-,32.552791595458984,-117.93897247314452,SAN DIEGO,SAN DIEGO,-116.9399185180664,32.55527877807617
90931129,2019,2019-02-21,9645,2019-02-11,1620,016864,NA,1,2,7,3711,0,1,3,NA,2,014,SR-52 E/B,SR-163,300,W,N,A,-,Y,NA,NA,52,NA,NA,NA,NA,NA,E,Y,3,0,1,3,A,-,03,22350,NA,N,C,C,A,A,H,-,A,D,0,NA,NA,NA,NA,Y,NA,A,07,0,1,0,0,0,0,0,0,0,-,-,32.84074020385742,-117.13529205322266,SAN DIEGO,SAN DIEGO,-117.1352996826172,32.840843200683594
90931146,2019,2019-02-21,9645,2019-02-11,1105,017498,NA,1,1,7,3711,0,1,1,NA,2,011,I-805 SOUTHBOUND,SR-94 UNDER CROSS,792,N,N,A,-,Y,NA,NA,805,NA,NA,NA,NA,NA,S,Y,4,0,1,1,A,-,08,22107,NA,N,E,I,A,A,H,-,A,D,0,NA,NA,NA,NA,Y,NA,A,01,0,0,1,0,0,0,0,0,0,-,-,32.726009368896484,-117.10372924804688,SAN DIEGO,SAN DIEGO,-117.1037139892578,32.726016998291016
90931395,2019,2019-02-21,9645,2019-02-12,0840,014669,NA,2,1,7,3711,0,1,1,NA,2,017,I-15 N/B,SCRIPPS POWAY PARKWAY,2112,S,N,A,-,Y,NA,NA,15,NA,NA,NA,NA,NA,N,Y,4,0,2,4,A,-,03,22350,NA,N,C,C,A,A,H,-,A,D,0,NA,NA,NA,NA,Y,NA,A,01,0,0,2,0,0,0,0,0,0,-,-,32.9303092956543,-117.11296081542967,SAN DIEGO,SAN DIEGO,-117.1129913330078,32.93031692504883
9093449,2020,2020-06-29,3710,2020-03-06,1625,OC0835,NA,5,5,6,3710,0,0,0,NA,0,025,EL CAMINO REAL,MESA DR,513,S,N,A,-,N,NA,NA,NA,NA,NA,NA,NA,NA,NA,Y,4,0,1,1,A,-,03,22350,NA,N,E,I,A,A,H,-,A,A,0,NA,NA,NA,NA,Y,NA,A,01,0,0,1,0,0,0,0,0,0,-,-,NA,NA,SAN DIEGO,OCEANSIDE,-117.33354949951172,33.20722579956055
90939719,2019,2019-03-05,9645,2019-02-22,1305,014461,NA,5,1,9,3700,0,3,5,NA,2,024,CAMINO SAN BERNARDO 16500 BLOCK,DOVE CANYON,262,E,N,A,-,N,NA,NA,NA,NA,NA,NA,NA,NA,NA,Y,3,0,1,1,A,-,08,22107,NA,N,E,I,A,A,H,-,A,D,0,NA,NA,NA,NA,Y,NA,A,01,0,1,0,0,0,0,0,0,0,-,-,33.01047134399414,-117.1105728149414,SAN DIEGO,UNINCORPORATED,-117.11073303222656,33.0103645324707
90943244,2019,2019-03-11,9645,2019-01-25,1830,020844,NA,5,2,7,3711,0,1,3,NA,2,023,SR-163 S/B,GENESEE AVE,3300,S,N,A,-,Y,NA,NA,163,NA,NA,NA,NA,NA,S,Y,4,0,1,1,A,-,08,22107,NA,N,F,A,A,A,H,-,C,D,0,NA,NA,Y,NA,Y,NA,C,02,0,0,1,0,0,0,0,0,1,-,-,32.7818489074707,-117.16274261474608,SAN DIEGO,SAN DIEGO,-117.16278839111328,32.781864166259766
90944578,2019,2019-03-12,9650,2019-03-06,1600,019822,NA,3,2,5,3713,0,1,3,NA,2,017,SR-78 E/B,RANCHO SANTA FE RD,110,W,N,B,C,Y,NA,NA,NA,NA,NA,NA,NA,NA,NA,Y,3,0,3,6,A,-,03,22350,NA,N,C,C,A,B,H,-,A,D,0,NA,NA,NA,NA,Y,NA,A,07,0,1,2,0,0,0,0,0,0,-,-,33.151039123535156,-117.19911193847656,SAN DIEGO,VISTA,-117.19861602783205,33.150306701660156
90947280,2019,2019-03-15,9650,2019-02-25,1550,015830,NA,1,2,5,3701,0,2,S,NA,2,901,TAMARACK AVE,ADAMS ST,256,E,N,A,-,N,NA,NA,NA,NA,NA,NA,NA,NA,NA,Y,3,0,1,1,A,-,08,22107,NA,N,E,I,A,A,H,-,A,D,0,NA,NA,NA,NA,Y,NA,J,49,0,1,0,0,0,0,0,0,0,-,-,33.15372848510742,-117.33319091796876,SAN DIEGO,CARLSBAD,-117.33325958251952,33.15358352661133
90948837,2019,2019-03-19,9650,2019-03-18,0840,013636,NA,1,1,9,3700,0,3,5,NA,2,070,RAMBLA DE LAS FLORES,LINEA DEL CIELO,0,NA,Y,A,-,N,NA,NA,NA,NA,NA,NA,NA,NA,NA,Y,4,0,1,2,A,-,09,21802,A,N,D,C,A,A,H,-,A,A,0,NA,NA,NA,NA,Y,NA,A,01,0,0,1,0,0,0,0,0,0,-,-,33.006591796875,-117.21894073486328,SAN DIEGO,UNINCORPORATED,-117.21894073486328,33.006649017333984
90949326,2019,2019-03-19,9650,2019-03-19,0955,013636,NA,2,1,5,3701,0,1,1,NA,2,005,I-5 S/B,LAS FLORES DR,100,S,N,B,-,Y,NA,NA,5,NA,NA,NA,NA,NA,S,Y,4,0,2,2,A,-,03,22350,NA,N,C,C,A,A,H,-,A,D,0,NA,NA,NA,NA,Y,NA,A,01,0,0,2,0,0,0,0,0,0,-,-,33.170440673828125,-117.34661865234376,SAN DIEGO,CARLSBAD,-117.3465576171875,33.17048645019531
90950061,2019,2019-03-20,9680,2019-03-09,1610,021584,NA,6,2,9,3700,0,3,5,NA,2,005,MESA GRANDE ROAD,ANGEL MOUNTAIN RD,528,E,N,B,-,N,NA,NA,NA,NA,NA,NA,NA,NA,NA,Y,3,0,1,1,A,-,01,23152,A,N,F,A,A,A,H,-,A,D,0,NA,NA,NA,NA,Y,Y,A,01,0,1,0,0,0,0,0,0,0,-,-,33.19266128540039,-116.77822875976563,SAN DIEGO,UNINCORPORATED,-116.77986907958984,33.19076156616211
90951489,2019,2019-03-22,9680,2019-03-12,1137,015578,NA,2,1,9,3700,0,1,3,NA,2,028,SR-125 SOUTHBOUND TO JAMACHA RD.,JAMACHA RD.,17,N,N,A,-,Y,NA,NA,125,NA,NA,NA,R,NA,S,N,4,0,1,2,A,-,10,21950,A,N,G,B,B,A,H,-,A,A,0,Y,NA,NA,NA,Y,NA,D,22,0,0,1,0,1,0,0,0,0,-,-,32.714881896972656,-117.0150909423828,SAN DIEGO,UNINCORPORATED,-117.0150909423828,32.714881896972656
90952255,2019,2019-03-25,9645,2019-02-10,1740,018250,NA,7,2,7,3711,0,1,1,NA,2,009,I-805 N/B TO SR-94 E/B,SR-94,200,S,N,B,C,Y,NA,NA,805,NA,NA,NA,R,NA,N,Y,3,0,1,1,A,-,08,22107,NA,N,E,I,A,B,H,-,D,D,0,NA,NA,NA,NA,Y,NA,A,01,0,1,0,0,0,0,0,0,0,-,-,32.71411895751953,-117.10179138183594,SAN DIEGO,SAN DIEGO,-117.10179138183594,32.71411895751953
90953879,2018,2019-03-26,9645,2018-08-27,2030,015790,NA,1,2,7,3711,0,1,3,NA,2,023,SR-163 (NB),WASHINGTON STREET (O/C),35,S,N,A,-,Y,NA,NA,NA,NA,NA,NA,NA,NA,NA,Y,4,0,1,1,A,-,01,23152,A,N,E,I,A,A,H,-,D,D,0,NA,NA,NA,NA,Y,Y,A,01,0,0,1,0,0,0,0,0,0,-,-,33.02185821533203,-117.27313995361328,SAN DIEGO,SAN DIEGO,-117.15540313720705,32.75023651123047
90955970,2019,2019-03-28,9650,2019-03-26,0855,013636,NA,2,1,5,3782,0,1,1,NA,2,007,I-5 N/B,SANTA FE DR,200,N,N,A,-,Y,NA,NA,5,NA,NA,NA,NA,NA,N,Y,4,0,1,4,A,-,03,22350,NA,N,C,C,A,A,H,-,A,D,0,NA,NA,NA,NA,Y,NA,A,01,0,0,1,0,0,0,0,0,0,-,-,33.037349700927734,-117.28212738037108,SAN DIEGO,ENCINITAS,-117.28206634521484,33.037391662597656
9095615,2020,2020-11-18,3711,2020-04-20,2036,SD7604,NA,1,5,7,3711,0,0,0,NA,0,324,NAVAJO RD,RT 125,0,W,N,B,-,Y,SD,11,125,-,-,19.928,R,4,S,Y,4,0,1,2,A,-,05,21651,A,M,B,C,A,A,H,-,C,D,0,NA,NA,NA,NA,Y,NA,-,NA,0,0,1,0,0,0,0,0,0,-,SF,NA,NA,SAN DIEGO,SAN DIEGO,-117.005615234375,32.80525588989258
90957532,2019,2019-03-29,9645,2019-03-20,0830,017498,NA,3,1,7,3711,0,1,1,NA,2,010,I-8 WESTBOUND,I-805 OVER CROSS,500,W,N,B,-,Y,NA,NA,8,NA,NA,NA,NA,NA,W,Y,3,0,2,2,A,-,03,22350,NA,N,C,C,A,A,H,-,A,D,0,NA,NA,NA,NA,Y,NA,A,01,0,1,1,0,0,0,0,0,0,-,-,32.77096176147461,-117.13591003417967,SAN DIEGO,SAN DIEGO,-117.13591003417967,32.770965576171875
9095928,2020,2020-06-16,3702,2020-03-15,1502,CV0606,NA,7,5,6,3702,0,0,0,NA,0,022,3RD AV,QUINTARD ST,0,NA,Y,B,-,N,NA,NA,NA,NA,NA,NA,NA,NA,NA,Y,3,0,4,4,A,-,09,21801,A,N,D,C,A,A,H,-,A,A,0,NA,NA,NA,NA,Y,NA,A,01,0,2,2,0,0,0,0,0,0,-,-,NA,NA,SAN DIEGO,CHULA VISTA,-117.06504058837892,32.60332107543945
90960955,2019,2019-04-04,9645,2019-03-25,1735,017953,NA,1,2,7,3711,0,1,1,NA,2,019,I-15 N/B,TED WILLIAMS PKWY,1131,N,N,A,-,Y,NA,NA,15,NA,NA,NA,NA,NA,N,N,4,0,1,2,A,-,03,22350,NA,N,C,C,A,A,H,-,A,D,0,NA,NA,NA,NA,Y,NA,A,01,0,0,1,0,0,0,0,0,0,-,-,32.96746063232422,-117.09339141845705,SAN DIEGO,SAN DIEGO,-117.09340667724608,32.96746826171875
90961110,2019,2019-04-11,9645,2019-03-25,1353,018428,NA,1,1,9,3700,0,3,5,NA,2,024,ALVA RD. N/B,ROSEDUST GLEN,227,S,N,A,-,N,NA,NA,NA,NA,NA,NA,NA,NA,NA,Y,4,0,1,1,A,-,03,22350,NA,N,E,I,A,A,H,-,A,D,0,NA,NA,NA,NA,Y,NA,A,08,0,0,1,0,0,0,0,0,0,-,-,33.031700134277344,-117.10896301269533,SAN DIEGO,UNINCORPORATED,-117.10910034179688,33.03173065185547
9096115,2020,2020-08-03,3708,2020-04-24,1608,LM1259,NA,5,5,5,3708,0,0,0,NA,0,003,BALTIMORE DR,EL CAJON BL,9,S,N,A,-,N,NA,NA,NA,NA,NA,NA,NA,NA,NA,Y,3,0,6,3,A,-,12,21453,A,N,D,C,A,A,H,-,A,A,0,NA,NA,Y,NA,Y,NA,A,01,0,3,3,0,0,0,0,0,2,-,-,NA,NA,SAN DIEGO,LA MESA,-117.02503967285156,32.769775390625
90961226,2019,2019-04-04,9645,2019-03-26,1845,020180,NA,2,2,7,3711,0,1,1,NA,2,021,SR-15 S/B,I-805 N/B,150,E,N,A,-,Y,NA,NA,15,NA,NA,NA,NA,NA,S,Y,3,0,1,1,A,-,03,22350,NA,N,F,A,A,A,H,-,B,D,0,NA,NA,Y,NA,Y,NA,C,02,0,1,0,0,0,0,0,0,1,-,-,32.73781967163086,-117.11383056640624,SAN DIEGO,SAN DIEGO,-117.1137924194336,32.73782730102539
90961418,2019,2019-04-04,9645,2019-03-26,0645,015331,NA,2,1,7,3711,0,1,3,NA,2,016,SR-52 WESTBOUND,MAST BLVD.,7392,W,N,B,-,Y,NA,NA,52,NA,NA,NA,NA,NA,W,Y,3,0,1,2,A,-,07,21658,A,N,B,C,A,A,H,-,D,D,0,NA,NA,Y,NA,Y,NA,A,01,0,1,0,0,0,0,0,0,1,-,-,32.852840423583984,-117.04750823974608,SAN DIEGO,SAN DIEGO,-117.04750061035156,32.852882385253906
90961425,2019,2019-04-04,9645,2019-03-25,1535,015790,NA,1,2,7,3711,0,1,1,NA,2,021,SR-15 (NB),OCEAN VIEW BLVD (O/C),280,S,N,A,-,Y,NA,NA,NA,NA,NA,NA,NA,NA,NA,Y,3,0,1,2,A,-,06,21755,NA,N,C,C,A,A,H,-,A,D,0,NA,NA,Y,NA,Y,NA,C,02,0,1,0,0,0,0,0,0,1,-,-,33.02185821533203,-117.27313995361328,SAN DIEGO,SAN DIEGO,-117.120849609375,32.700462341308594
90962579,2019,2019-04-08,9650,2019-04-04,0232,019308,NA,4,3,9,3700,0,1,1,NA,2,022,I-15 N/B,RAINBOW GLEN RD,50,N,N,A,-,Y,NA,NA,15,NA,NA,NA,NA,NA,N,Y,4,0,1,2,A,-,03,22350,NA,N,C,C,A,A,H,-,E,D,0,NA,NA,NA,NA,Y,NA,A,07,0,0,1,0,0,0,0,0,0,-,-,33.40739059448242,-117.16407012939452,SAN DIEGO,UNINCORPORATED,-117.1640396118164,33.407371520996094
90963092,2019,2019-04-08,9680,2019-03-26,0050,019384,NA,2,3,9,3700,0,1,1,NA,2,083,I-8 EASTBOUND,DUNBAR LANE,3480,W,N,A,-,Y,NA,NA,8,NA,NA,NA,NA,NA,E,Y,3,0,1,2,A,-,03,22350,NA,N,C,C,A,A,H,-,D,D,0,NA,NA,NA,Y,Y,NA,A,01,0,1,0,0,0,0,0,0,0,-,-,32.85615921020508,-116.83113098144533,SAN DIEGO,UNINCORPORATED,-116.83113098144533,32.856163024902344
90963420,2019,2019-04-08,9645,2019-03-28,1248,018393,NA,4,1,7,3711,0,1,1,NA,2,003,I-5 S/B,6TH AVE O/C,500,S,N,A,-,Y,NA,NA,5,NA,NA,NA,NA,NA,S,N,4,0,1,2,A,-,03,22350,NA,N,C,C,A,A,H,-,A,D,0,NA,NA,NA,NA,Y,NA,D,22,0,0,1,0,0,0,0,0,0,-,-,32.72332000732422,-117.1582489013672,SAN DIEGO,SAN DIEGO,-117.15827941894533,32.72339630126953
90963831,2019,2019-04-09,9645,2019-03-24,0050,021768,NA,7,3,7,3711,0,1,1,NA,2,013,I-805 N/B,I-8 W/B,50,N,N,A,-,Y,NA,NA,805,NA,NA,NA,NA,NA,N,Y,3,0,1,2,A,-,01,23152,A,N,E,I,A,A,H,-,C,D,0,NA,NA,NA,NA,Y,Y,A,07,0,1,0,0,0,0,0,0,0,-,-,32.77214813232422,-117.1321029663086,SAN DIEGO,SAN DIEGO,-117.13200378417967,32.7722282409668
90964293,2019,2019-04-09,9645,2019-04-01,0605,020474,NA,1,1,7,3711,0,1,1,NA,2,010,I-8 E/B,PRESIDIO PARKWAY,347,E,N,A,-,Y,NA,NA,8,NA,NA,NA,NA,NA,E,N,4,0,2,2,A,-,03,22350,NA,N,C,C,A,A,H,-,A,D,0,NA,NA,NA,NA,Y,NA,A,07,0,0,2,0,0,0,0,0,0,-,-,32.75952911376953,-117.18657684326172,SAN DIEGO,SAN DIEGO,-117.18658447265624,32.75948715209961
9096434,2020,2020-07-28,3700,2020-04-18,2108,SH5261,NA,6,5,4,3720,0,0,0,NA,0,606,CYPRESS AV,MOUNT VERNON ST,0,NA,Y,A,-,N,NA,NA,NA,NA,NA,NA,NA,NA,NA,Y,4,0,1,2,A,-,08,22100,A,N,B,C,A,A,H,-,C,A,0,NA,NA,NA,NA,Y,Y,A,07,0,0,1,0,0,0,0,0,0,-,-,NA,NA,SAN DIEGO,LEMON GROVE,-117.03053283691406,32.73183059692383
90965464,2019,2019-04-10,9645,2019-04-03,1429,016864,NA,3,2,7,3711,0,1,1,NA,2,015,I-805 N/B,BALBOA AVENUE,2640,S,N,B,-,Y,NA,NA,805,NA,NA,NA,NA,NA,N,Y,3,0,1,1,C,-,18,NA,NA,N,E,J,A,A,B,-,A,D,0,NA,NA,Y,NA,Y,NA,-,-,0,1,0,0,0,0,0,0,1,-,-,32.81517028808594,-117.15850067138672,SAN DIEGO,SAN DIEGO,-117.15847778320313,32.815185546875
90965643,2019,2019-04-11,9680,2019-03-30,1052,016181,NA,6,1,9,3700,0,2,4,NA,1,013,WILDCAT CANYON RD,MUTH VALLEY RD,2640,S,N,A,-,N,NA,NA,NA,NA,NA,NA,NA,NA,NA,N,3,0,1,2,A,-,03,22350,NA,N,F,A,A,A,H,-,A,A,0,NA,NA,Y,NA,Y,NA,C,02,0,1,0,0,0,0,0,0,1,-,-,32.89223098754883,-116.89105224609376,SAN DIEGO,UNINCORPORATED,-116.89105987548828,32.89250564575195
90968680,2019,2019-04-16,9645,2019-04-06,2107,020992,NA,6,2,7,3711,0,1,1,NA,2,010,I-8 WESTBOUND,FAIRMOUNT AVE,450,E,N,A,-,Y,NA,NA,NA,NA,NA,NA,NA,NA,NA,Y,4,0,1,2,A,-,03,22350,NA,N,E,J,A,A,H,-,D,D,0,NA,NA,NA,NA,Y,NA,A,07,0,0,1,0,0,0,0,0,0,-,-,NA,NA,SAN DIEGO,SAN DIEGO,-117.10115051269533,32.77920913696289
90969311,2019,2019-04-17,9645,2019-04-08,1550,021601,NA,1,2,7,3711,0,1,1,NA,2,010,I-8 E/B,FAIRMOUNT AVE,60,W,N,A,-,Y,NA,NA,8,NA,NA,NA,NA,NA,E,N,4,0,1,2,A,-,03,22350,NA,N,C,C,A,A,H,-,A,D,0,NA,NA,NA,NA,Y,NA,A,01,0,0,1,0,0,0,0,0,0,-,-,32.77907180786133,-117.10114288330078,SAN DIEGO,SAN DIEGO,-117.10113525390624,32.77901840209961
90969813,2019,2019-04-17,9645,2019-04-10,1745,017953,NA,3,2,7,3711,0,1,1,NA,2,011,I-805 S/B,ADAMS AVENUE O/C,740,N,N,A,-,Y,NA,NA,805,NA,NA,NA,NA,NA,S,N,3,0,1,2,A,-,07,21658,A,N,B,C,A,A,H,-,A,D,0,NA,NA,Y,NA,Y,NA,A,01,0,1,0,0,0,0,0,0,1,-,-,32.76517868041992,-117.12822723388672,SAN DIEGO,SAN DIEGO,-117.12824249267578,32.765174865722656